<!--
  Keyword configuration file HVPS settings
  
  GMN20230316: No idea if any of this is used for IDEX.
 -->

<hydraDef>
  <!-- Polarity: POS(0) "anion"  or NEG(1) "cation"  -->
  <keyword str="DEFAULT_HVPS_POLARITY" value="NEG"/>

  <!-- Default HVPS setpoint register values -->

  <keyword str="DEFAULT_HVPS_DETECTOR_OUTPUT"   value="2300"/>  <!-- 2500V -->
  <keyword str="DEFAULT_HVPS_SENSOR_OUTPUT"     value="3200"/>  <!-- 3400V -->
  <keyword str="DEFAULT_HVPS_TARGET_OUTPUT"     value="2506"/>  <!-- 2500V -->
  <keyword str="DEFAULT_HVPS_REJECTION_OUTPUT"  value="2689"/>  <!-- 2685V -->

  <keyword str="HVPS_CHART_UPDATE"    value="1000"/>      <!-- 1 second -->
  <keyword str="HVPS_CHART_INTERVAL"  value="120000"/>    <!-- 2 minutes -->

  <keyword str="HVPS_CHART_INTERVAL"  value="3072"/>

  <!-- Derived voltages from setpoint register values -->

  <euPoly name="DET_SEN_eu">
    <coeff index="0" value="200"/>
    <coeff index="1" value="1"/>
  </euPoly>
  <typeFloat name="DET_SEN_eu_type" size="32" eu="DET_SEN_eu"/>

  <!--
    Latest email from Chris Belting regarding SUDA (Wednesday, February 10, 2021):
      The updated equation for the Target and Reflectron HV outputs is:
      y = (0.9898775*x) +  57.4435
      Where y is the DAC input in DN, and x is the desired HV output.
    -->

  <euPoly name="TAR_REJ_eu">
    <coeff index="0" value="57.4435"/>
    <coeff index="1" value="0.9898775"/>
  </euPoly>
  <typeFloat name="TAR_REJ_eu_type" size="32" eu="TAR_REJ_eu"/>

  <itemDerived name="DetectSetptV"   type="DET_SEN_eu_type" fact1="IDX_HVDETECTSETPT" fact2="0" opcode="+"/>
  <itemDerived name="SensorSetptV"   type="DET_SEN_eu_type" fact1="IDX_HVSENSORSETPT" fact2="0" opcode="+"/>
  <itemDerived name="TargetSetptV"   type="TAR_REJ_eu_type" fact1="IDX_HVTARGETSETPT" fact2="0" opcode="+"/>
  <itemDerived name="RejectnSetptV"  type="TAR_REJ_eu_type" fact1="IDX_HVRJCTNSETPT" fact2="0" opcode="+"/>

  <itemDerived name="DetectMaxV"     type="DET_SEN_eu_type" fact1="IDX_HVDETECTMAX"   fact2="0" opcode="+"/>
  <itemDerived name="SensorMaxV"     type="DET_SEN_eu_type" fact1="IDX_HVSENSORMAX"   fact2="0" opcode="+"/>
  <itemDerived name="TargetMaxV"     type="TAR_REJ_eu_type" fact1="IDX_HVTARGETMAX"   fact2="0" opcode="+"/>
  <itemDerived name="RejectnMaxV"    type="TAR_REJ_eu_type" fact1="IDX_HVRJCTNMAX"   fact2="0" opcode="+"/>

  <itemDerived name="DetectLastV"    type="DET_SEN_eu_type" fact1="IDX_HVDETECTLAST"  fact2="0" opcode="+"/>
  <itemDerived name="SensorLastV"    type="DET_SEN_eu_type" fact1="IDX_HVSENSORLAST"  fact2="0" opcode="+"/>
  <itemDerived name="TargetLastV"    type="TAR_REJ_eu_type" fact1="IDX_HVTARGETLAST"  fact2="0" opcode="+"/>
  <itemDerived name="RejectnLastV"   type="TAR_REJ_eu_type" fact1="IDX_HVRJCTNLAST"  fact2="0" opcode="+"/>
</hydraDef>
