<!-- CDA-specific file to correlate value of types (from cda_types.xml) to text -->

<hydraDef>

    <!-- File starts with definitions specific to CDA -->

    <dictionary name="articulationStateDictionary">
        <pair key="1" str="ON"/>
        <pair key="0" str="OFF"/>
    </dictionary>

    <dictionary name="qpRamIdDictionary">
        <pair key="1" str="4k-8k"/>
        <pair key="0" str="0-4k"/>
    </dictionary>

    <dictionary name="ramIdDictionary">
        <pair key="1" str="32k-55k"/>
        <pair key="0" str="0-32k"/>
    </dictionary>

    <dictionary name="cpuSpeedDictionary">
        <pair key="1" str="6MHz"/>
        <pair key="0" str="3MHz"/>
    </dictionary>

    <dictionary name="cpuResetStatusDictionary">
        <pair key="1" str="Reset"/>
        <pair key="0" str=""/>
    </dictionary>

    <dictionary name="sleepIdDictionary">
        <pair key="1" str="Active High"/>
        <pair key="0" str="Sleep"/>
    </dictionary>

    <dictionary name="watchDogExpiredDictionary">
        <pair key="1" str="Expired"/>
        <pair key="0" str=""/>
    </dictionary>

    <dictionary name="errorDictionary">
        <pair key="1" str="Error"/>
        <pair key="0" str=""/>
    </dictionary>

    <dictionary name="okErrorDictionary">
        <pair key="1" str="Error"/>
        <pair key="0" str="OK"/>
    </dictionary>

    <dictionary name="interuptDictionary">
        <pair key="1" str=""/>
        <pair key="0" str="Interupt"/>
    </dictionary>

    <dictionary name="ampRangeDictionary">
        <pair key="1" str="High"/>
        <pair key="0" str="Low"/>
    </dictionary>

    <dictionary name="onOffDictionary">
        <pair key="1" str="ON"/>
        <pair key="0" str="OFF"/>
    </dictionary>

    <dictionary name="cruiseModeDictionary">
        <pair key="1" str="RPC"/>
        <pair key="0" str="NC"/>
    </dictionary>

    <dictionary name="hkCruiseModeDictionary">
        <pair key="1" str="HKIC"/>
        <pair key="0" str="HK"/>
    </dictionary>

    <dictionary name="amCurrentSettingDictionary">
        <pair key="0" str="150mA"/>
        <pair key="1" str="200mA"/>
        <pair key="2" str="250mA"/>
        <pair key="3" str="300mA"/>
    </dictionary>

    <dictionary name="amDirectionDictionary">
        <pair key="1" str="Left"/>
        <pair key="0" str="Right"/>
    </dictionary>

    <dictionary name="amDeactivationDictionary">
      <pair key="0" str="E"/>
      <pair key="1" str="D"/>
    </dictionary>

</hydraDef>
