<!--
    File: cda_tlm.xml
            Purpose: Defines CDA telemetry packets including HK, MRO, SCIENCE, SCIENCE2,
            SCIENCE3, SCI2HK, and HKHIST. This is where the other tlm packets are included.
-->

<hydraDef>
    <!-- Reference frame for CCSDS tlm headers -->
    <frameDef name="CCSDSPriHeader">
        <description text="ccsds Primary Telemetry Header"/>
        <field>
            <itemDef name="ver" type="dn3" value="0"/>
            <itemDef name="type" type="dn1" value="0"/>
            <itemDef name="secHdrFlg" type="dn1" value="1"/>
            <itemDef name="apid" type="dn11"/>
            <itemDef name="segFlg" type="dn2" value="3"/>
            <itemDef name="sourceSeqCnt" type="dn14"/>
            <itemDef name="pktLength" type="dn16"/>
        </field>
    </frameDef>

    <frameDef name="CCSDSSecHeader">
        <description text="ccsds Secondary Telemetry Header"/>
        <field>
            <itemDef name="sec" type="dn32"/>
            <itemDef name="subSec" type="dn16"/>
        </field>
    </frameDef>

    <!-- CDA-Defined Packets -->

    <!-- Many packets organized in their own files, so include them -->
    <include>Config\cda_scipkts.xml</include>
    <include>Config\cda_hk.xml</include>
    
    <!-- ====================================== -->
    <!-- MRO Packet (APID 0x020)                -->
    <!-- ====================================== -->

    <frameDef name="CDA_mro_frame"><description text="Memory Readout Packet tlm contents"/>

        <field>

        </field>

    </frameDef>

    <frameDef name="CDA_mro" id="0x020"><description text="Memory Readout Packet"/>

        <field>
            <frameCopy name="CCSDSPriHeader" suffix="_mroPkt"/>

            <frameCopy name="CCSDSSecHeader" suffix="_mroPkt"/>

            <item name="CDA_mro_frame"/>

        </field>

    </frameDef>

</hydraDef>
