<!--
File:    cda_cmd.xml
Purpose: Defines CDA commands.
-->

<hydraDef>
    <!-- ====================================== -->
    <!-- CDA HV commands                        -->
    <!-- ====================================== -->

    <command name="cda_cmd_79HV_OFF">
        <description text="Turn off all high voltages"/>
        <discussion text="This command will be used to turn OFF all high voltages"/>
        <ancillaryDataSet>
            <ancillaryData name="routing" value="NORMAL"></ancillaryData>
        </ancillaryDataSet>
        <field>
            <opcode value="0x50" type="dn8"/>
            <itemDef name="cmd_79HV_OFF" type="dn16"/>
        </field>
    </command>
    <alias name="79HV_OFF" command="cda_cmd_79HV_OFF"/>

    <command name="cda_cmd_79HV_CAT">
        <description text="Set the high voltage for the Chemical Analyzer Target"/>
        <discussion>
            This command will be used to set the different voltages to the
            Chemical Analyzer Target, up to 1400 volts. Nominal voltage level
            is 1000 volts.
        </discussion>
        <constraints>
            The full operation can only be performed in a vacuum once the
            pressure is below 10 Torr for 24 hours.  All converters will have,
            however, a low voltage step (about 100 volts), allowing to check
            their proper function during other tests.  In addition, CDA will
            have a HV safety connector, which will limit the high voltage to 100
            volts during tests.
        </constraints>
        <ancillaryDataSet>
            <ancillaryData name="routing" value="NORMAL"></ancillaryData>
            <ancillaryData name="restrict" value="1"></ancillaryData>
        </ancillaryDataSet>
        <field>
            <opcode value="0x51" type="dn8"/>
            <itemDef name="cmd_79HV_CAT" type="dn16"/>
            <argument id="HV_Step_Data" type="dn8" max="63"></argument>
        </field>
    </command>
    <alias name="79HV_CAT" command="cda_cmd_79HV_CAT"/>

    <command name="cda_cmd_79HV_ION_GRID">
        <description text="Set the high voltage for the Ion Grid"/>
        <discussion>
            This command will be used to set the different voltages
            to the Ion Grid, up to 400 volts. Nominal voltage level is 350 volts.
        </discussion>
        <constraints>
            The full operation can only be performed in a vacuum once the
            pressure is below 10 Torr for 24 hours.  All converters will have,
            however, a low voltage step (about 100 volts), allowing to check
            their proper function during other tests.  In addition, CDA will
            have a HV safety connector, which will limit the high voltage to 100
            volts during tests.
        </constraints>
         <ancillaryDataSet>
             <ancillaryData name="routing" value="NORMAL"></ancillaryData>
             <ancillaryData name="restrict" value="1"></ancillaryData>
         </ancillaryDataSet>
         <field>
             <opcode value="0x52" type="dn8"/>
             <itemDef name="cmd_79HV_ION_GRID" type="dn16"/>
             <argument id="HV_Step_Data" type="dn8"></argument>
         </field>
    </command>
    <alias name="79HV_ION_GRID" command="cda_cmd_79HV_ION_GRID"/>

    <command name="cda_cmd_79HV_MULTIPLIER">
        <description text="Set the high voltage for the Electron Multiplier"/>
        <discussion>
            This command will be used to set the different voltages
            to the Electron Multiplier, up to 4000 volts. Nominal voltage
            level is 2500 volts.
        </discussion>
        <constraints>
            The full operation can only be performed in a vacuum once the
            pressure is below 10 Torr for 24 hours.  All converters will have,
            however, a low voltage step (about 100 volts), allowing to check
            their proper function during other tests.  In addition, CDA will
            have a HV safety connector, which will limit the high voltage to 100
            volts during tests.
        </constraints>
        <ancillaryDataSet>
            <ancillaryData name="routing" value="NORMAL"></ancillaryData>
            <ancillaryData name="restrict" value="1"></ancillaryData>
        </ancillaryDataSet>
        <field>
            <opcode value="0x53" type="dn8"/>
            <itemDef name="cmd_79HV_MULTIPLIER" type="dn16" value="53"/>
            <argument id="HV_Step_Data" type="dn8" max="255"></argument>
        </field>
    </command>
    <alias name="79HV_MULTIPLIER" command="cda_cmd_79HV_MULTIPLIER"/>

    <!-- ====================================== -->
    <!-- CDA mode commands                      -->
    <!-- ====================================== -->

    <command name="cda_cmd_79DATA_FORMAT">
        <description text="Select the transmission format for Telemetry Data and set Parameters"/>
        <discussion>
            This command will be used to set any internal parameters with
            telemetry modes, data processing (thresholds of classification
            scheme) and read out repeat cycles.
        </discussion>
        <ancillaryDataSet>
            <ancillaryData name="routing" value="NORMAL"></ancillaryData>
        </ancillaryDataSet>
        <field>
            <opcode value="0x11" type="dn8"/>
            <itemDef name="cmd_79DATA_FORMAT" type="dn16"/>
            <argument id="formatid" type="dn4"></argument>
            <argument id="HRD_mode" type="dn2"></argument>
            <argument id="sci_mode" type="dn2"></argument>
            <argument id="sci_frameformat1" type="dn16"></argument>
            <argument id="sci_frameformat2" type="dn16"></argument>
            <argument id="parameter1" type="dn8"></argument>
            <argument id="value1" type="dn8"></argument>
            <argument id="parameter2" type="dn8"></argument>
            <argument id="value2" type="dn8"></argument>
        </field>
    </command>
    <alias name="79DATA_FORMAT" command="cda_cmd_79DATA_FORMAT"/>

    <command name="cda_cmd_79CPU_SPEED">
        <description text="Set the Microprocessor Speed"/>
        <discussion>
            This command will be used to set the CPU speed into the
            low or the high state
        </discussion>
        <ancillaryDataSet>
            <ancillaryData name="routing" value="NORMAL"></ancillaryData>
        </ancillaryDataSet>
        <field>
            <opcode value="0x12" type="dn8"/>
            <itemDef name="cmd_79CPU_SPEED" type="dn16"/>
            <argument id="State" type="dn1"></argument>
        </field>
    </command>
    <alias name="79CPU_SPEED" command="cda_cmd_79CPU_SPEED"/>

    <command name="cda_cmd_79RAM_QP">
        <description text="Set the RAM area for the QP measuring channel"/>
        <discussion>
            This command will be used to set the QP RAM to the low
            or the high area.
        </discussion>
        <ancillaryDataSet>
            <ancillaryData name="routing" value="NORMAL"></ancillaryData>
        </ancillaryDataSet>
        <field>
            <opcode value="0x13" type="dn8"/>
            <itemDef name="cmd_79RAM_QP" type="dn16"/>
            <argument id="State" type="dn1"></argument>
        </field>
    </command>
    <alias name="79RAM_QP" command="cda_cmd_79RAM_QP"/>

    <!--
    <par num="1" name="State" type="enum">
        <translation length="1" startword="1" msb="7"/>
        <enumerated>
            <enum>LOW 00</enum>
            <enum>HIGH 01</enum>
        </enumerated>
    </par>
    -->

    <command name="cda_cmd_79EVENT_DEFINE">
        <description text="Set the Event Definition"/>
        <discussion>
            A measurement cycle is started (reference time for all other
            signals) by the threshold exceeding of the signals QT, QC, QA,
            QI and QMA. This command will select all or defined measuring
            channels to initiate a measurement cycle. If ALL_OFF is sent,
            then no event definitions will be set, and a measurement cycle
            can not be started.
        </discussion>
        <ancillaryDataSet>
            <ancillaryData name="routing" value="NORMAL"></ancillaryData>
        </ancillaryDataSet>
        <field>
            <opcode value="0x14" type="dn8"/>
            <itemDef name="cmd_79EVENT_DEFINE" type="dn16"/>
            <argument id="Define" type="dn5"></argument>
        </field>
        <!--
        <par num="1" name="Define" type="enum">
            <translation length="5" startword="1" msb="4"/>
            <enumerated>
                <enum>ALL_OFF 00 </enum>
                <enum>QT 01  </enum>
                <enum>QC 02  </enum>
                <enum>QA 04  </enum>
                <enum>QI 08  </enum>
                <enum>QMA 10  </enum>
                <enum>ALL_ON 0F  </enum>
            </enumerated>
        </par>
        -->
    </command>
    <alias name="79EVENT_DEFINE" command="cda_cmd_79EVENT_DEFINE"/>

    <command name="cda_cmd_79THRES_QT">
        <description text="Set the threshold for the Impact Target channel"/>
        <discussion>
            This command will be used to set the threshold for the Impact
            Target channel to 16 different levels.
        </discussion>
        <ancillaryDataSet>
            <ancillaryData name="routing" value="NORMAL"></ancillaryData>
        </ancillaryDataSet>
        <field>
            <opcode value="0x15" type="dn8"/>
            <itemDef name="cmd_79THRES_QT" type="dn16"/>
            <argument id="Define" type="dn4"></argument>
        </field>
    </command>
    <alias name="79THRES_QT" command="cda_cmd_79THRES_QT"/>

    <command name="cda_cmd_79THRES_QC">
        <description text="Set the threshold for the Chemical Analyzer Target channel"/>
        <discussion>
            This command will be used to set the threshold for the Chemical
            Analyzer Target channel to 16 different levels.
        </discussion>
        <ancillaryDataSet>
            <ancillaryData name="routing" value="NORMAL"></ancillaryData>
        </ancillaryDataSet>
        <field>
            <opcode value="0x16" type="dn8"/>
            <itemDef name="cmd_79THRES_QC" type="dn16"/>
            <argument id="Define" type="dn4"></argument>
        </field>
    </command>
    <alias name="79THRES_QC" command="cda_cmd_79THRES_QC"/>

    <command name="cda_cmd_79THRES_QA">
        <description text="Set the threshold for the Chemical Analyzer Accelerator Grid channel"/>
        <discussion>
            This command will be used to set the threshold for the Chemical
            Analyzer Accelerator Grid channel to 16 different levels.
        </discussion>
        <ancillaryDataSet>
            <ancillaryData name="routing" value="NORMAL"></ancillaryData>
        </ancillaryDataSet>
        <field>
            <opcode value="0x17" type="dn8"/>
            <itemDef name="cmd_79THRES_QA" type="dn16"/>
            <argument id="Define" type="dn4"></argument>
        </field>
    </command>
    <alias name="79THRES_QA" command="cda_cmd_79THRES_QA"/>

    <command name="cda_cmd_79THRES_QI">
        <description text="Set the threshold for the Ion Grid channel"/>
        <discussion>
            This command will be used to set the threshold for the Ion Grid
            channel to 16 different levels.
        </discussion>
        <ancillaryDataSet>
            <ancillaryData name="routing" value="NORMAL"></ancillaryData>
        </ancillaryDataSet>
        <field>
            <opcode value="0x18" type="dn8"/>
            <itemDef name="cmd_79THRES_QI" type="dn16"/>
            <argument id="Define" type="dn4"></argument>
        </field>
    </command>
    <alias name="79THRES_QI" command="cda_cmd_79THRES_QI"/>

    <command name="cda_cmd_79THRES_QMA">
        <description text="Set the threshold for the Multiplier Anode channel"/>
        <discussion>
            This command will be used to set the threshold for the Multiplier
            Anode channel to 16 different levels.
        </discussion>
        <ancillaryDataSet>
            <ancillaryData name="routing" value="NORMAL"></ancillaryData>
        </ancillaryDataSet>
        <field>
            <opcode value="0x19" type="dn8"/>
            <itemDef name="cmd_79THRES_QMA" type="dn16"/>
            <argument id="Define" type="dn4"></argument>
        </field>
    </command>
    <alias name="79THRES_QMA" command="cda_cmd_79THRES_QMA"/>

    <command name="cda_cmd_79DA_TEST_PULSE">
        <description text="Initiate a test pulse for Cosmic Dust Analyzer"/>
        <discussion>
            This command selects and initiates a pre-defined test pulse and
            configuration/amplitude level for the dynode amplifier test pulse
            to checkout the Dust Analyzer part.
        </discussion>
        <ancillaryDataSet>
            <ancillaryData name="routing" value="NORMAL"></ancillaryData>
        </ancillaryDataSet>
        <field>
            <opcode value="0x44" type="dn8"/>
            <itemDef name="cmd_79DA_TEST_PULSE" type="dn16"/>
            <argument id="TP TYPE" type="dn4">
                <description text="Selects different test pulse shapes"/>
            </argument>
            <argument id="MP Testpulse" type="dn16">
                <description text="This command selects and initiates a pre-defined test pulse and
                configuration/amplitude level for the dynode amplifier test pulse
                to checkout the Dust Analyzer part"/>
            </argument>
        </field>
    </command>
    <alias name="79DA_TEST_PULSE" command="cda_cmd_79DA_TEST_PULSE"/>

    <command name="cda_cmd_79FAULT_MASK">
        <description text="Enable/Disable Fault Interrupt"/>
        <discussion>
            This command will be used to avoid any malfunction on the different
            lines.
        </discussion>
        <ancillaryDataSet>
            <ancillaryData name="routing" value="NORMAL"></ancillaryData>
            <ancillaryData name="restrict" value="2"></ancillaryData>
        </ancillaryDataSet>
        <field>
            <opcode value="0x1A" type="dn8"/>
            <itemDef name="cmd_79FAULT_MASK" type="dn16"/>
            <argument id="TGO" type="cmdEnable">
                <description text="Enable/Disable the CPU watch dog line"/>
            </argument>
            <argument id="BIU_STDINT" type="cmdEnable">
                <description text="Enable/Disable the BIU standard interrupt"/>
            </argument>
            <argument id="BIU_HPINT" type="cmdEnable">
                <description text="Enable/Disable the high priority interrupt"/>
            </argument>
            <argument id="WP_VILTN" type="cmdEnable">
                <description text="Enable/Disable the BIU write protection violation"/>
            </argument>
            <argument id="WP_EXPIRD" type="cmdEnable">
                <description text="Enable/Disable the watch dog expired"/>
            </argument>
        </field>
    </command>
    <alias name="79FAULT_MASK" command="cda_cmd_79FAULT_MASK"/>

    <command name="cda_cmd_79SCI_BUS">
        <description text="Enable/Disable Science Data Bus"/>
        <discussion>
            This command will be used if there is a dramatic failure on the DA
            science data bus.  The DA science data bus will be switched off,
            while the HRD data can still be transmitted.
        </discussion>
        <ancillaryDataSet>
            <ancillaryData name="routing" value="NORMAL"></ancillaryData>
            <ancillaryData name="restrict" value="2"></ancillaryData>
        </ancillaryDataSet>
        <field>
            <opcode value="0x1B" type="dn8"/>
            <itemDef name="cmd_79SCI_BUS" type="dn16"/>
            <argument id="State" type="cmdEnable">
            </argument>
        </field>
    </command>
    <alias name="79SCI_BUS" command="cda_cmd_79SCI_BUS"/>

    <!-- ====================================== -->
    <!-- CDA ALF commands                       -->
    <!-- ====================================== -->

    <command name="cda_cmd_79ALF">
        <description text="Forward an ALF Data Block to the CDA"/>
        <discussion>
            When commanded CDS will forward all CDA ALF blocks to the the CDA
            instrument.  ALF blocks will be forwarded to the CDA nominal BIU
            command subaddress at the rate of 5 ALF blocks per RTI.
        </discussion>
        <constraints>
            Memory load data stored in the SSR must be in ALF format.
        </constraints>
        <ancillaryDataSet>
            <ancillaryData name="routing" value="NORMAL"></ancillaryData>
        </ancillaryDataSet>
        <field>
            <opcode value="0x20" type="dn8"/>
            <itemDef name="cmd_79ALF" type="dn16"/>
        </field>
        <!--
        <translation length="8" startword="1" msb="15" value="20"/>
        <par num="1" name="Sequence_Number" type="hex" minint="19169" maxint="21626">
            <translation length="16" startword="2" msb="15"/>
            <description text="    This number indicates the order and the location of the
                ALF block in the SSR memory load partition.  Sequence Number
                0 indicates that the ALF block is the first ALF block in the
                memory load partition, Sequence Number 1 indicates that the ALF
                block is the second ALF block in the partition, and so forth.
                The range of Sequence Numbers assigned to CDA ALF memory blocks
                is 19,169 to 21,626.
            </purpose>
        </par>
        <par num="2" name="Sement_Number" type="hex">
            <translation length="16" startword="3" msb="15"/>
            <description text="    This is a monotonically increasing pointer to  the location of
                the ALF block in CDA memory.  The relative address of the first
                data word in the ALF block can be defined as 16*Segment Number.
                Note:  Segment Number has a different meaning in skip and
                terminator ALF blocks.
            </purpose>
        </par>
        <par num="3" name="Data0" type="hex">
            <translation length="16" startword="5" msb="15"/>
        </par>
        <par num="4" name="Data1" type="hex">
            <translation length="16" startword="6" msb="15"/>
        </par>
        <par num="5" name="Data2" type="hex">
            <translation length="16" startword="7" msb="15"/>
        </par>
        <par num="6" name="Data3" type="hex">
            <translation length="16" startword="8" msb="15"/>
        </par>
        <par num="7" name="Data4" type="hex">
            <translation length="16" startword="9" msb="15"/>
        </par>
        <par num="8" name="Data5" type="hex">
            <translation length="16" startword="10" msb="15"/>
        </par>
        <par num="9" name="Data6" type="hex">
            <translation length="16" startword="11" msb="15"/>
        </par>
        <par num="10" name="Data7" type="hex">
            <translation length="16" startword="12" msb="15"/>
        </par>
        <par num="11" name="Data8" type="hex">
            <translation length="16" startword="13" msb="15"/>
        </par>
        <par num="12" name="Data9" type="hex">
            <translation length="16" startword="14" msb="15"/>
        </par>
        <par num="13" name="Data10" type="hex">
            <translation length="16" startword="15" msb="15"/>
        </par>
        <par num="14" name="Data11" type="hex">
            <translation length="16" startword="16" msb="15"/>
        </par>
        <par num="15" name="Data12" type="hex">
            <translation length="16" startword="17" msb="15"/>
        </par>
        <par num="16" name="Data13" type="hex">
            <translation length="16" startword="18" msb="15"/>
        </par>
        <par num="17" name="Data14" type="hex">
            <translation length="16" startword="19" msb="15"/>
        </par>
        <par num="18" name="Data15" type="hex">
            <translation length="16" startword="20" msb="15"/>
        </par>
        <par num="19" name="Even_Word_Checksum" type="hex">
            <translation length="16" startword="21" msb="15"/>
            <description text="    An end-around carry checksum computed over words 1,
                3, 5, 7, etc. of the ALF command.  Starting seed for
                the checksum is 55AA hexadecimal.
            </purpose>
        </par>
        <par num="20" name="Odd_Word_Checksum" type="hex">
            <translation length="16" startword="22" msb="15"/>
            <description text="    An end-around carry checksum computed over words 2,
                4, 6, 8, etc. of the ALF command.  Starting seed for
                the checksum is 55AA hexadecimal.
            </purpose>
        </par>
        -->
    </command>
    <alias name="79ALF" command="cda_cmd_79ALF"/>

    <command name="cda_cmd_79ALF_END">
        <description text="Forward an ALF Terminator (End) Block to the CDA"/>
        <discussion>
            The ALF terminator block is the last ALF block of a memory
            load.
        </discussion>
        <constraints>
            Memory load data stored in the SSR must be in ALF format.
        </constraints>
        <ancillaryDataSet>
            <ancillaryData name="routing" value="NORMAL"></ancillaryData>
        </ancillaryDataSet>
        <field>
            <opcode value="0x23" type="dn8"/>
            <itemDef name="cmd_79ALF_END" type="dn16"/>
        </field>
        <!--
        <translation length="8" startword="1" msb="15" value="23"/>
        <par num="1" name="Sequence_Number" type="hex" minint="19169" maxint="21626">
            <translation length="16" startword="2" msb="15"/>
            <description text="    This number indicates the order and the location of the
                ALF block in the SSR memory load partition.  Sequence Number
                0 indicates that the ALF block is the first ALF block in the
                memory load partition, Sequence Number 1 indicates that the ALF
                block is the second ALF block in the partition, and so forth.
                The ALF terminator block will have the highest Sequence Number
                of all CDA ALF blocks.  The range of Sequence Numbers assigned
                to CDA ALF memory blocks is 19,169 to 21,626.
            </purpose>
        </par>
        <par num="2" name="Sement_Number" type="hex">
            <translation length="16" startword="3" msb="15"/>
            <description text="    The Segment number of the ALF Terminator Block will be equal to
                the total number of ALF blocks contained in the memory load.
                This includes the number of ALF load blocks, the number of ALF
                skip blocks and the ALF terminator block itself.  It does not
                include the number of blocks skipped in the SSR.
            </purpose>
        </par>
        <par num="3" name="Even_Word_Checksum" type="hex">
            <translation length="16" startword="21" msb="15"/>
            <description text="    An end-around carry checksum computed over words 1, 3, 5, 7, etc.
                of the ALF command.  Starting seed for the checksum is 55AA
                hexadecimal.
            </purpose>
        </par>
        <par num="4" name="Odd_Word_Checksum" type="hex">
            <translation length="16" startword="22" msb="15"/>
            <description text="    An end-around carry checksum computed over words 2, 4, 6, 8, etc.
                of the ALF command.  Starting seed for the checksum is 55AA
                hexadecimal.
            </purpose>
        </par>
        -->
    </command>
    <alias name="79ALF_END" command="cda_cmd_79ALF_END"/>

    <command name="cda_cmd_79ALF_SKIP">
        <description text="Forward an ALF Skip Block to the CDA"/>
        <discussion>
            If an ALF skip block has been included in the CDA ALF formatted
            memory load in order that the memory load skip over "bad" SSR memory,
            the skip ALF will be forwarded by the CDS with the rest of the memory
            load to the CDA.  CDA software processing the incoming ALF blocks
            must discard the skip block but use its segment number to verify that
            the next arriving ALF data block is in sequence.
        </discussion>
        <ancillaryDataSet>
            <ancillaryData name="routing" value="NORMAL"></ancillaryData>
        </ancillaryDataSet>
        <field>
            <opcode value="0x25" type="dn8"/>
            <itemDef name="cmd_79ALF_SKIP" type="dn16"/>
        </field>
        <!--
        <translation length="8" startword="1" msb="15" value="25"/>
        <par num="1" name="Sequence_Number" type="hex" minint="19169" maxint="21626">
            <translation length="16" startword="2" msb="15"/>
            <description text="    This number indicates the order and the location of the
                ALF block in the SSR memory load partition.  Sequence Number
                0 indicates that the ALF block is the first ALF block in the
                memory load partition, Sequence Number 1 indicates that the ALF
                block is the second ALF block in the partition, and so forth.
                The ALF terminator block will have the highest Sequence Number
                of all CDA ALF blocks.  The range of Sequence Numbers assigned
                to CDA ALF memory blocks is 19,169 to 21,626.
            </purpose>
        </par>
        <par num="2" name="Sement_Number" type="hex">
            <translation length="16" startword="3" msb="15"/>
            <description text="    The Segment number of the ALF Terminator Block will be equal to
                the total number of ALF blocks contained in the memory load.
                This includes the number of ALF load blocks, the number of ALF
                skip blocks and the ALF terminator block itself.  It does not
                include the number of blocks skipped in the SSR.
            </purpose>
        </par>
        <par num="3" name="Even_Word_Checksum" type="hex">
            <translation length="16" startword="21" msb="15"/>
            <description text="    An end-around carry checksum computed over words 1, 3, 5, 7, etc.
                of the ALF command.  Starting seed for the checksum is 55AA
                hexadecimal.
            </purpose>
        </par>
        <par num="4" name="Odd_Word_Checksum" type="hex">
            <translation length="16" startword="22" msb="15"/>
            <description text="    An end-around carry checksum computed over words 2, 4, 6, 8, etc.
                of the ALF command.  Starting seed for the checksum is 55AA
                hexadecimal.
            </purpose>
        </par>
        -->
    </command>
    <alias name="79ALF_SKIP" command="cda_cmd_79ALF_SKIP"/>

    <command name="cda_cmd_79PROG_EXEC">
        <description text="Execute the Program"/>
        <discussion>
            This command will start the loaded program.
        </discussion>
        <ancillaryDataSet>
            <ancillaryData name="routing" value="NORMAL"></ancillaryData>
            <ancillaryData name="restrict" value="2"></ancillaryData>
        </ancillaryDataSet>
        <field>
            <opcode value="0x33" type="dn8"/>
            <itemDef name="cmd_79PROG_EXEC" type="dn16"/>
        </field>
    </command>
    <alias name="79PROG_EXEC" command="cda_cmd_79PROG_EXEC"/>

    <!-- ====================================== -->
    <!-- CDA Articulation commands              -->
    <!-- ====================================== -->

    <command name="cda_cmd_79AM_MOTOR_PWR">
        <description text="Turns on or off the Articulation Mechanism Stepper Motor Electronics"/>
        <discussion>
            This command will be used to turn ON or OFF the Stepper Motor Electronics
            for the Articulation Mechanism.
        </discussion>
        <ancillaryDataSet>
            <ancillaryData name="routing" value="NORMAL"></ancillaryData>
            <ancillaryData name="restrict" value="2"></ancillaryData>
        </ancillaryDataSet>
        <field>
            <opcode value="0x61" type="dn8"/>
            <itemDef name="cmd_79AM_MOTOR_PWR" type="dn16"/>
            <argument id="State" type="cmdMotorState"/>
        </field>
    </command>
    <alias name="79AM_MOTOR_PWR" command="cda_cmd_79AM_MOTOR_PWR"/>

    <command name="cda_cmd_79AM_MODE">
        <description text="Set the Articulation Mechanism Mode"/>
        <discussion>
            This command will define the mode for the Articulation Mechanism.
        </discussion>
        <ancillaryDataSet>
            <ancillaryData name="routing" value="NORMAL"></ancillaryData>
            <ancillaryData name="restrict" value="2"></ancillaryData>
        </ancillaryDataSet>
        <field>
            <opcode value="0x62" type="dn8"/>
            <itemDef name="cmd_79AM_MODE" type="dn16"/>
            <argument id="Sequence_ID" type="dn8">
                <description text="Number of words in command not including the first word.
                    Note: The maximum command size in a direct packet is 121 words
                    so Word Count will be limited to a maximum of 120 words."/>
            </argument>
            <argument id="Exec_Confirmation" type="dn8"/>
            <argument id="Execution_Time1" type="dn8"/>
            <argument id="Execution_Time2" type="dn16"/>
            <argument id="Execution_Time3" type="dn16"/>
            <argument id="Direction_state" type="cmdMotorDirection"/>
            <argument id="Switch_monitor" type="cmdMotorSwitchMonitor"/>
            <argument id="Motor_Current" type="dn2"/>
            <argument id="Motor_status" type="cmdEnable"/>
            <argument id="Motor_Reset" type="cmdMotorReset"/>
            <argument id="Motor_Speed" type="dn3"/>
            <argument id="Angle" type="dn12"/>
        </field>
    </command>
    <alias name="79AM_MODE" command="cda_cmd_79AM_MODE"/>

    <command name="cda_cmd_79AM_TURN_ABS">
        <description text="Turn CDA articulation platform to an absolute position"/>
        <discussion>
            This command will be used to turn the instrument to an
            absolute defined position. If the turn is commanded to 0
            degrees (i.e. loo tens of a degree from the -10 reference
            point), the CDA instrument reaches its launch position (down
            towards the main engine). A specified position of 180 degrees
            (i.e. position-absolute=190) reflects the pointing towards
            the HGA. If the parameter auto-turn-on is set, then the
            command automatically switches on the articulation electronics
            (AM-PWR) before starting with the articulation. The motor
            electronics might be switched off by setting the bit "auto-turn-off'
            after reaching the defined position. This scenario safes commands
            in the sequence and the AM-PWR commands are not necessary any more.
            The absolute specification of the requested articulation position
            allows to track the articulation position of CDA by just looking
            at this command. The 79AM-MODE command uses relative turn angles
            and the history of turn commands has to be known in order to
            reconstruct the current CDA pointing position. This command makes
            things easier.
        </discussion>
        <ancillaryDataSet>
            <ancillaryData name="routing" value="NORMAL"></ancillaryData>
            <ancillaryData name="restrict" value="2"></ancillaryData>
        </ancillaryDataSet>
        <field>
            <opcode value="0x63" type="dn8"/>
            <itemDef name="cmd_79AM_TURN_ABS" type="dn16"/>
            <argument id="Switch_monitor" type="cmdMotorSwitchMonitor"/>
            <argument id="Motor_Current" type="dn2"/>
            <argument id="Motor_Enable" type="cmdEnable"/>
            <argument id="Motor_Reset" type="cmdMotorReset"/>
            <argument id="Motor_Speed" type="dn3"/>
            <argument id="Turn_Reference" type="cmdTurnReference"/>
            <argument id="Auto_Turn_On" type="cmdAutoTurnOn"/>
            <argument id="cmdAutoTurnOff" type="cmdAutoTurnOff"/>
            <argument id="Position_Absolute" type="dn12"/>
        </field>
    </command>
    <alias name="79AM_TURN_ABS" command="cda_cmd_79AM_TURN_ABS"/>

    <!-- ====================================== -->
    <!-- CDA discrete commands                  -->
    <!-- ====================================== -->

    <command name="cda_cmd_79RT_CDA_RESET">
        <description text="Reset CDA Intrument"/>
        <discussion>
            This command is used to put the CDA instrument into a
            reset state or to release it from that state.  When
            this bit is set it holds the instrument in reset state.
            When cleared it allows the instrument to boot.
        </discussion>
        <ancillaryDataSet>
            <ancillaryData name="routing" value="RT"></ancillaryData>
            <ancillaryData name="restrict" value="1"></ancillaryData>
        </ancillaryDataSet>
        <field>
            <opcode value="0x0001fffe" type="dn32"/>
            <itemDef name="cmd_79RT_CDA_RESET" type="dn16"/>
            <argument id="Data" type="cmdTurnReference"/>
        </field>
        <!--
        <translation length="32" startword="1" msb="15" value="0001fffe"/>
        <par num="1" name="Data" type="enum">
            <translation length="1" startword="3" msb="0"/>
            <enumerated>
                <enum>RESET 01</enum>
                <enum>RELEASE 00</enum>
            </enumerated>
        </par>
        -->
    </command>
    <alias name="cmd_79RT_CDA_RESET" command="cda_cmd_79RT_CDA_RESET"/>

    <command name="cda_cmd_79RT_CPU_RESET">
        <description text="To Reset the CPU"/>
        <discussion>
            This command reboots the instrument without POR.
        </discussion>
        <ancillaryDataSet>
            <ancillaryData name="routing" value="RT"></ancillaryData>
            <ancillaryData name="restrict" value="1"></ancillaryData>
        </ancillaryDataSet>
        <field>
            <opcode value="0x0002fffd" type="dn8"/>
            <itemDef name="cmd_79RT_CPU_RESET" type="dn16"/>
        </field>
        <!--
        <translation length="32" startword="1" msb="15" value="0002fffd"/>
        <par num="1" name="Data" type="enum">
            <translation length="1" startword="3" msb="1"/>
            <enumerated>
                <enum>RESET 01</enum>
                <enum>RELEASE 00</enum>
            </enumerated>
        </par>
        -->
    </command>
    <alias name="79RT_CPU_RESET" command="cda_cmd_79RT_CPU_RESET"/>

    <command name="cda_cmd_79RT_SLEEP">
        <description text="An Interlock which holds CDA Software in Normal or High Power
            Operations"/>
        <discussion>
            This command is used to put the CDA instrument in a sleep/low
            power mode or a high power mode. When the bit is set CDA is
            operating in high power mode. Note that SLEEP and ACTIVE_LO are
            equal power modes. When in the Sleep mode, CDA may put science
            data into the housekeeping data stream which is picked up by
            the CDS.
        </discussion>
        <ancillaryDataSet>
            <ancillaryData name="routing" value="RT"></ancillaryData>
            <ancillaryData name="restrict" value="1"></ancillaryData>
        </ancillaryDataSet>
        <field>
            <opcode value="0x0004fffb" type="dn8"/>
            <itemDef name="cmd_79RT_SLEEP" type="dn16"/>
        </field>
        <!--
        <translation length="32" startword="1" msb="15" value="0004fffb"/>
        <par num="1" name="Data" type="enum">
            <translation length="1" startword="3" msb="2"/>
            <enumerated>
                <enum>ACTIVE_HIGH 01</enum>
                <enum>SLEEP 00</enum>
            </enumerated>
        </par>
        -->
    </command>
    <alias name="79RT_SLEEP" command="cda_cmd_79RT_SLEEP"/>

    <command name="cda_cmd_79RT_BIU_STARTUP">
        <description text="Allow CDA to activate BIU RAM"/>
        <discussion>
            This command will be used only, if the CDA internal RAM is not
            properly working.  The goal is to deselect the possible corrupted
            CDA memory area.
        </discussion>
        <ancillaryDataSet>
            <ancillaryData name="routing" value="RT"></ancillaryData>
            <ancillaryData name="restrict" value="1"></ancillaryData>
        </ancillaryDataSet>
        <field>
            <opcode value="0x0008fff7" type="dn8"/>
            <itemDef name="cmd_79RT_BIU_STARTUP" type="dn16"/>
        </field>
        <!--
        <translation length="32" startword="1" msb="15" value="0008fff7"/>
        <par num="1" name="Data" type="enum">
            <translation length="1" startword="3" msb="3"/>
            <enumerated>
                <enum>DISABLE 01</enum>
                <enum>ENABLE 00</enum>
            </enumerated>
        </par>
        -->
    </command>
    <alias name="79RT_BIU_STARTUP" command="cda_cmd_79RT_BIU_STARTUP"/>

    <command name="cda_cmd_79RT_PROM_DIS">
        <description text="Enable CDA to operate out of PROM"/>
        <discussion>
            This command will be sent in advance of the BIU_STARTUP command.
        </discussion>
        <ancillaryDataSet>
            <ancillaryData name="routing" value="RT"></ancillaryData>
            <ancillaryData name="restrict" value="1"></ancillaryData>
        </ancillaryDataSet>
        <field>
            <opcode value="0x0010ffef" type="dn8"/>
            <itemDef name="cmd_79RT_PROM_DIS" type="dn16"/>
        </field>
        <!--
        <translation length="32" startword="1" msb="15" value="0010ffef"/>
        <par num="1" name="Data" type="enum">
            <translation length="1" startword="3" msb="4"/>
            <enumerated>
                <enum>DISABLE 01</enum>
                <enum>ENABLE 00</enum>
            </enumerated>
        </par>
        -->
    </command>
    <alias name="79RT_PROM_DIS" command="cda_cmd_79RT_PROM_DIS"/>

    <command name="cda_cmd_79RT_RAM_DIS">
        <description text="Enable CDA to operate out of PROM"/>
        <discussion>
            This command will be used if there is any malfunction detected
            in the CDA RAM area.
        </discussion>
        <ancillaryDataSet>
            <ancillaryData name="routing" value="RT"></ancillaryData>
            <ancillaryData name="restrict" value="1"></ancillaryData>
        </ancillaryDataSet>
        <field>
            <opcode value="0x0020ffdf" type="dn8"/>
            <itemDef name="cmd_79RT_RAM_DIS" type="dn16"/>
        </field>
        <!--
        <translation length="32" startword="1" msb="15" value="0020ffdf"/>
        <par num="1" name="Data" type="enum">
            <translation length="1" startword="3" msb="5"/>
            <enumerated>
                <enum>DISABLE 01</enum>
                <enum>ENABLE 00</enum>
            </enumerated>
        </par>
        -->
    </command>
    <alias name="79RT_RAM_DIS" command="cda_cmd_79RT_RAM_DIS"/>

    <command name="cda_cmd_79RT_PROM_SEL">
        <description text="Select 1 of 2 redundant PROMs"/>
        <discussion>
            This command will be used if there is any malfunction of the two
            PROMS.
        </discussion>
        <ancillaryDataSet>
            <ancillaryData name="routing" value="RT"></ancillaryData>
            <ancillaryData name="restrict" value="1"></ancillaryData>
        </ancillaryDataSet>
        <field>
            <opcode value="0x0040ffbf" type="dn8"/>
            <itemDef name="cmd_79RT_PROM_SEL" type="dn16"/>
        </field>
        <!--
        <translation length="32" startword="1" msb="15" value="0040ffbf"/>
        <par num="1" name="Data" type="enum">
            <translation length="1" startword="3" msb="6"/>
            <enumerated>
                <enum>PROM_1 00</enum>
                <enum>PROM_2 01</enum>
            </enumerated>
        </par>
        -->
    </command>
    <alias name="79RT_PROM_SEL" command="cda_cmd_79RT_PROM_SEL"/>

    <command name="cda_cmd_79RT_RAM_SEL">
        <description text="Select 1 of 2 redundant RAM Banks"/>
        <discussion>
            This command will be used, if the low3er RAM area is damaged, to
            switch to the higher RAM area.
        </discussion>
        <ancillaryDataSet>
            <ancillaryData name="routing" value="RT"></ancillaryData>
            <ancillaryData name="restrict" value="1"></ancillaryData>
        </ancillaryDataSet>
        <field>
            <opcode value="0x0080ff7f" type="dn8"/>
            <itemDef name="cmd_79RT_RAM_SEL" type="dn16"/>
        </field>
        <!--
        <translation length="32" startword="1" msb="15" value="0080ff7f"/>
        <par num="1" name="Data" type="enum">
            <translation length="1" startword="3" msb="7"/>
            <enumerated>
                <enum>RAM_1 00</enum>
                <enum>RAM_2 01</enum>
            </enumerated>
        </par>
        -->
    </command>
    <alias name="79RT_RAM_SEL" command="cda_cmd_79RT_RAM_SEL"/>

    <command name="cda_cmd_79RT_WPFNC_CDA">
        <description text="Enable/Disable the Write Protect Function in CDA BIU"/>
        <discussion>
            This command is used to turn-off/on the Write Protect
            logic which protects the auto-initialization table (lower
            320 words of RAM) in a BIU.  Once the Write Protect function
            is disabled, the CDS or CDA may write into the auto-init table
            of an BIU.  Write Protection is usually enabled and prevents
            the auto-initialization table from being corrupted by a
            run-away processor.
        </discussion>
        <constraints>
            1. This bit can not be set or cleared by the CDA except via
            command transactions across the 1553B bus. The command
            to set this bit must be sent to the S/C encapsulated in
            a CDS bus command or a Direct External Packet.
            2. This bit is only affected by hardware coldboot resets.
            3. At power-on, the default state of this bit is always
            zero (ENABLE).
        </constraints>
        <ancillaryDataSet>
            <ancillaryData name="routing" value="RT"></ancillaryData>
            <ancillaryData name="restrict" value="1"></ancillaryData>
        </ancillaryDataSet>
        <field>
            <opcode value="0x0100feff" type="dn8"/>
            <itemDef name="cmd_79RT_WPFNC_CDA" type="dn16"/>
        </field>
        <!--
        <translation length="32" startword="1" msb="15" value="0100feff"/>
        <par num="1" name="Data" type="enum">
            <translation length="1" startword="3" msb="8"/>
            <enumerated>
                <enum>DISABLE 01</enum>
                <enum>ENABLE 00</enum>
            </enumerated>
        </par>
        -->
    </command>
    <alias name="79RT_WPFNC_CDA" command="cda_cmd_79RT_WPFNC_CDA"/>

    <command name="cda_cmd_79RT_WPERR_CDA">
        <description text="Clear/Set the Write Protect Violation Flag in the CDA BIU"/>
        <discussion>
            This command is used to clear a Write Protection Violation
            Flag which has been set due to the faulty operation of the BIU.
            Setting this bit will simulate the occurrence of a write protect
            violation.
        </discussion>
        <constraints>
            1. This bit can only be set via command transactions across
            the 1553B bus. The command to set this bit must be sent to
            the S/C encapsulated in a CDS bus command or a Direct External
            Packet.
            2. This bit is only affected by hardware coldboot resets.
            3. At power-on, the default state of this bit is always zero (CLEAR).
        </constraints>
        <ancillaryDataSet>
            <ancillaryData name="routing" value="RT"></ancillaryData>
            <ancillaryData name="restrict" value="1"></ancillaryData>
        </ancillaryDataSet>
        <field>
            <opcode value="0x0400fbff" type="dn8"/>
            <itemDef name="cmd_79RT_WPERR_CDA" type="dn16"/>
        </field>
        <!--
        <translation length="32" startword="1" msb="15" value="0400fbff"/>
        <par num="1" name="Data" type="enum">
            <translation length="1" startword="3" msb="10"/>
            <enumerated>
                <enum>CLEAR 00</enum>
                <enum>SET 01</enum>
            </enumerated>
        </par>
        -->
    </command>
    <alias name="79RT_WPERR_CDA" command="cda_cmd_79RT_WPERR_CDA"/>

    <command name="cda_cmd_79RT_WDTERR_CDA">
        <description text="Enable/Disable the Watchdog Timer Expired Flag in the CDA BIU"/>
        <discussion>
            This command is used to clear the Watchdog Timer Expired Flag in
            an BIU.  Once this flag has been cleared, the BIU will be able to
            communicate with the 'prime' CDS if the failure to communicate was
            due to a watchdog expiration event.
        </discussion>
        <constraints>
            1. This bit can only be set via command transactions across the
            1553B bus. The command to set this bit must be sent to the S/C
            encapsulated in a CDS bus command or a Direct External Packet.
            2. This bit is only affected by hardware coldboot resets.
            3. At power-on, the default state of this bit is always zero (CLEAR).
            4. The BIU watchdog timer must be cleared every 4 seconds once it
            is enabled. The 'prime' string CDS clears the watchdog timer in all
            RTs once a second.  Once the Watchdog Timer in an BIU has expired,
            the CDS loses visibility into that RT.  The Watchdog Timer blocks
            the transmitters on both the 'A' and 'B' 1553B bus within the
            affected RT.  The RT's receivers remain active and allow it to receive
            the commands which clear the Watchdog Expiration Flag.
        </constraints>
        <ancillaryDataSet>
            <ancillaryData name="routing" value="RT"></ancillaryData>
            <ancillaryData name="restrict" value="1"></ancillaryData>
        </ancillaryDataSet>
        <field>
            <opcode value="0x0800f7ff" type="dn8"/>
            <itemDef name="cmd_79RT_WDTERR_CDA" type="dn16"/>
        </field>
        <!--
        <translation length="32" startword="1" msb="15" value="0800f7ff"/>
        <par num="1" name="Data" type="enum">
            <translation length="1" startword="3" msb="11"/>
            <enumerated>
                <enum>CLEAR 00</enum>
                <enum>SET 01</enum>
            </enumerated>
        </par>
        -->
    </command>
    <alias name="79RT_WDTERR_CDA" command="cda_cmd_79RT_WDTERR_CDA"/>

    <!-- ====================================== -->
    <!-- CDA HRD commands                       -->
    <!-- ====================================== -->

    <command name="cda_cmd_79HRD_PWR">
        <description text="Turns the High Rate Detector on or off"/>
        <discussion>
            This command will be used to turn the High Rate Detector ON or OFF.
        </discussion>
        <ancillaryDataSet>
            <ancillaryData name="routing" value="RT"></ancillaryData>
        </ancillaryDataSet>
        <field>
            <opcode value="0x71" type="dn8"/>
            <itemDef name="cmd_79HRD_PWR" type="dn16"/>
            <argument id="State" type="cmdHrdPowerState"/>
        </field>
    </command>
    <alias name="79HRD_PWR" command="cda_cmd_79HRD_PWR"/>

    <command name="cda_cmd_79HRD_BUS">
        <description text=""/>
        <discussion>

        </discussion>
        <ancillaryDataSet>
            <ancillaryData name="routing" value="NORMAL"></ancillaryData>
        </ancillaryDataSet>
        <field>
            <opcode value="0x72" type="dn8"/>
            <itemDef name="cmd_79HRD_BUS" type="dn16"/>
            <argument id="State" type="cmdHrdBusState"/>
        </field>
    </command>
    <alias name="79HRD_BUS" command="cda_cmd_79HRD_BUS"/>

    <command name="cda_cmd_79HRD_RESET">
        <description text="Reset the High Rate Detector System Program"/>
        <discussion>
            This command resets the HRD system program, initiates execution
            of HRD uploaded program or initiates execution of HRD PROM
            program.
        </discussion>
        <ancillaryDataSet>
            <ancillaryData name="routing" value="NORMAL"></ancillaryData>
        </ancillaryDataSet>
        <field>
            <opcode value="0x730059" type="dn8"/>
            <itemDef name="cmd_79HRD_RESET" type="dn16"/>
            <argument id="Data" type="cmdHrdReset"/>
        </field>
    </command>
    <alias name="79HRD_RESET" command="cda_cmd_79HRD_RESET"/>

    <command name="cda_cmd_79HRD_MODE">
        <description text="Change High Rate Detector Cruise Mode to Encounter Mode"/>
        <discussion>
            This command will select the High Rate Detector Encounter Mode
            and set it at one of 10 different time resolutions.
        </discussion>
        <ancillaryDataSet>
            <ancillaryData name="routing" value="NORMAL"></ancillaryData>
        </ancillaryDataSet>
        <field>
            <opcode value="0x740061" type="dn8"/>
            <itemDef name="cmd_79HRD_MODE" type="dn16"/>
            <argument id="Time_Resolution" type="dn4"/>
        </field>
    </command>
    <alias name="79HRD_MODE" command="cda_cmd_79HRD_MODE"/>

    <command name="cda_cmd_79HRD_RELAY">
        <description text="Change D1, D2 Mass Thresholds"/>
        <discussion>
            This command changes the mass thresholds for D1, D2.
        </discussion>
        <constraints>
            The ON parameter must not be sent without explicit permission
            from the Ground System due to the excessive turn-on transient.
        </constraints>
        <ancillaryDataSet>
            <ancillaryData name="routing" value="NORMAL"></ancillaryData>
        </ancillaryDataSet>
        <field>
            <opcode value="0x750069" type="dn8"/>
            <itemDef name="cmd_79HRD_RELAY" type="dn16"/>
            <argument id="Time_Resolution" type="cmdHrdRelaySelect"/>
        </field>
    </command>
    <alias name="79HRD_RELAY" command="cda_cmd_79HRD_RELAY"/>

    <command name="cda_cmd_79HRD_CAL">
        <description text="Initiate and control HRD In-flight Calibration Modes"/>
        <discussion>
            This command sets and controls the High Rate Detector in-flight
            calibration modes
        </discussion>
        <ancillaryDataSet>
            <ancillaryData name="routing" value="NORMAL"></ancillaryData>
        </ancillaryDataSet>
        <field>
            <opcode value="0x760071" type="dn8"/>
            <itemDef name="cmd_79HRD_CAL" type="dn16"/>
            <argument id="Mode_Sel" type="cmdHrdCalMode"/>
        </field>
    </command>
    <alias name="79HRD_CAL" command="cda_cmd_79HRD_CAL"/>

    <!-- ====================================== -->
    <!-- CDA memory commands                       -->
    <!-- ====================================== -->

    <command name="cda_cmd_79MEM_LOAD">
        <description text="Load RAM memory with flight software program"/>
        <discussion>
            This command loads the instrument's memory beginning at the start
            address specified in the command with Data Word 1 through Data
            Word N.
        </discussion>
        <constraints>
            This memory load format can only be used in real-time direct packet
            uploads to CDA.  This memory load format cannot be used for memory
            loads stored in the SSR.  See 79ALF, 79ALF_SKIP and 79ALF_END
            commands.
        </constraints>
        <ancillaryDataSet>
            <ancillaryData name="routing" value="NORMAL"></ancillaryData>
            <ancillaryData name="restrict" value="2"></ancillaryData>
            <ancillaryData name="variable" value="yes"></ancillaryData>
        </ancillaryDataSet>
        <field>
            <opcode value="0x31" type="dn8"/>
            <itemDef name="cmd_79MEM_LOAD" type="dn16"/>
        </field>
        <!--
        <translation length="8" startword="1" msb="15" value="31"/>
        <par num="1" name="Routing" type="enum">
            <translation length="1" startword="1" msb="7"/>
            <description text="    Selects between Dust Analyzer or High Rate Detector memory data
            </purpose>
            <enumerated>
                <enum>DA  0</enum>
                <enum>HRD 1</enum>
            </enumerated>
        </par>
        <par num="2" name="Segment" type="hex" maxint="15">
            <translation length="4" startword="1" msb="3"/>
        </par>
        <par num="3" name="Word_Count" type="hex" maxint="255">
            <translation length="8" startword="2" msb="7"/>
            <description text="    Number of words in command not including the first word.
                Note: The maximum command size in a direct packet is 121 words
                so Word Count will be limited to a maximum of 120 words.
            </purpose>
        </par>
        <par num="4" name="Start_Address" type="hex">
            <translation length="16" startword="3" msb="15"/>
        </par>
        <par num="5" name="Data_Words" type="stream">
            <translation length="unknown" startword="4" msb="15"/>
        </par>
        <par num="6" name="Checksum" type="hex">
            <translation length="16" startword="par5+1" msb="15"/>
            <description text="    Integer sum of the words in the memory load
            </purpose>
        </par>
        -->
    </command>
    <alias name="79MEM_LOAD" command="cda_cmd_79MEM_LOAD"/>

    <command name="cda_cmd_79MRO">
        <description text="Initiate Readout of Instrument Memory"/>
        <discussion>
            This command will be used to initiate a memory readout.
        </discussion>
        <ancillaryDataSet>
            <ancillaryData name="routing" value="NORMAL"></ancillaryData>
        </ancillaryDataSet>
        <field>
            <opcode value="0x32" type="dn8"/>
            <itemDef name="cmd_79MRO" type="dn16"/>
        </field>
        <!--
        <translation length="8" startword="1" msb="15" value="32"/>
        <par num="1" name="State" type="enum">
            <translation length="1" startword="1" msb="7"/>
            <enumerated>
                <enum>DA 00</enum>
                <enum>HRD 01</enum>
            </enumerated>
        </par>
        <par num="2" name="Segment" type="hex" maxint="15">
            <translation length="4" startword="1" msb="3"/>
        </par>
        <par num="3" name="Start_Address" type="hex">
            <translation length="16" startword="2" msb="15"/>
        </par>
        <par num="4" name="Stop_Address" type="hex">
            <translation length="16" startword="3" msb="15"/>
        </par>
        -->
    </command>
    <alias name="79MRO" command="cda_cmd_79MRO"/>

    <command name="cda_cmd_79SEQ_LOAD">
        <description text="Load sequence for instrument checkout and configuration"/>
        <discussion>
            This command will be used to load some commands (1 to n) into
            the CDA experiment.  Each subcommand has its own relative execution
            time.  The time is given by 24 bytes and has the unit 1 second.
            The times are relative to the start time of the last command.
            A sequence load can streamline, switch on or switch off cycles,
            automatic releases of test pulses and so on.
        </discussion>
        <ancillaryDataSet>
            <ancillaryData name="routing" value="NORMAL"></ancillaryData>
            <ancillaryData name="restrict" value="2"></ancillaryData>
            <ancillaryData name="variable" value="yes"></ancillaryData>
        </ancillaryDataSet>
        <field>
            <opcode value="0x41" type="dn8"/>
            <itemDef name="cmd_79SEQ_LOAD" type="dn16"/>
        </field>
        <!--
        <translation length="8" startword="1" msb="15" value="41"/>
        <par num="1" name="Seq_ID" type="hex" maxint="255">
            <translation length="8" startword="1" msb="7"/>
            <description text="    ID number of sequences, calling this ID, the sequence can be
                triggered or stopped by other commands.
            </purpose>
        </par>
        <par num="2" name="Word_Count" type="hex" maxint="255">
            <translation length="8" startword="2" msb="15"/>
            <description text="    Total number of words of this command
            </purpose>
        </par>
        <par num="3" name="cmd_number" type="hex" maxint="255">
            <translation length="8" startword="2" msb="7"/>
        </par>
        <par num="4" name="repeatcount" type="hex" maxint="255">
            <translation length="8" startword="3" msb="15"/>
            <purpose>Repetition counter for the goto loop </purpose>
        </par>
        <par num="5" name="goto_word_no" type="hex" maxint="255">
            <translation length="8" startword="3" msb="7"/>
            <description text="    This address can be used for execution loops (extremely
                helpful to send every hour 1 testpulse)
            </purpose>
        </par>
        <par num="6" name="Data" type="stream">
            <translation length="unknown" startword="4" msb="15"/>
            <description text="    The data field consists of an arbitrary number of commands.
            </purpose>
        </par>
        <par num="7" name="even_checksum" type="hex">
            <translation length="16" startword="par6+1" msb="15"/>
            <purpose>Even word checksum </purpose>
        </par>
        <par num="8" name="odd_checksum" type="hex">
            <translation length="16" startword="par6+2" msb="15"/>
            <purpose>Odd word checksum </purpose>
        </par>
        -->
    </command>
    <alias name="79SEQ_LOAD" command="cda_cmd_79SEQ_LOAD"/>

    <command name="cda_cmd_79TRIG_SEQ">
        <description text="Start an Instrument Sequence"/>
        <discussion>
            This command will start (trigger) a previously loaded sequence.
        </discussion>
        <ancillaryDataSet>
            <ancillaryData name="routing" value="NORMAL"></ancillaryData>
            <ancillaryData name="restrict" value="2"></ancillaryData>
        </ancillaryDataSet>
        <field>
            <opcode value="0x42" type="dn8"/>
            <itemDef name="cmd_79TRIG_SEQ" type="dn16"/>
        </field>
        <!--
        <translation length="8" startword="1" msb="15" value="42"/>
        <par num="1" name="Sequence ID" type="hex" maxint="255">
            <translation length="8" startword="1" msb="7"/>
        </par>
        -->
    </command>
    <alias name="79TRIG_SEQ" command="cda_cmd_79TRIG_SEQ"/>

    <command name="cda_cmd_79END_SEQ">
        <description text="Stop an Instrument Sequence"/>
        <discussion>
            This command will stop a previously loaded or running sequence.
        </discussion>
        <ancillaryDataSet>
            <ancillaryData name="routing" value="NORMAL"></ancillaryData>
            <ancillaryData name="restrict" value="2"></ancillaryData>
        </ancillaryDataSet>
        <field>
            <opcode value="0x43" type="dn8"/>
            <itemDef name="cmd_79END_SEQ" type="dn16"/>
        </field>
        <!--
        <translation length="8" startword="1" msb="15" value="43"/>
        <par num="1" name="Sequence ID" type="hex" maxint="255">
            <translation length="8" startword="1" msb="7"/>
        </par>
        -->
    </command>
    <alias name="79END_SEQ" command="cda_cmd_79END_SEQ"/>
</hydraDef>
