<hydraDef>

    <!-- Derived voltages from ADC values -->
    <itemDerived name="EXPCURR" type="float" fact1="CDA_EXPCURR"  fact2=""  opcode=""/>
    <itemDerived name="VCCP5" type="float" fact1="CDA_VCCP5"  fact2=""  opcode=""/>
    <itemDerived name="VAP6" type="float" fact1="CDA_VAP6"  fact2=""  opcode=""/>
    <itemDerived name="VAM6" type="float" fact1="CDA_VAM6"  fact2=""  opcode=""/>
    <itemDerived name="HVC" type="float" fact1="CDA_HVC"  fact2=""  opcode=""/>
    <itemDerived name="HVI" type="float" fact1="CDA_HVI"  fact2=""  opcode=""/>
    <itemDerived name="HVM" type="float" fact1="CDA_HVM"  fact2=""  opcode=""/>
    <itemDerived name="TEMPLVCL" type="float" fact1="CDA_TEMPLVCL"  fact2=""  opcode=""/>
    <itemDerived name="TEMPDLA" type="float" fact1="CDA_TEMPDLA"  fact2=""  opcode=""/>
    <itemDerived name="TEMPAMP" type="float" fact1="CDA_TEMPAMP"  fact2=""  opcode=""/>
    <itemDerived name="TEMPQC" type="float" fact1="CDA_TEMPQC"  fact2=""  opcode=""/>
    <itemDerived name="AMPOS" type="float" fact1="CDA_AMPOS"  fact2=""  opcode=""/>
    <itemDerived name="AMVP30" type="float" fact1="CDA_AMVP30"  fact2=""  opcode=""/>
    <itemDerived name="HRDVCCP5" type="float" fact1="CDA_HRDVCCP5"  fact2=""  opcode=""/>
    <itemDerived name="HRDVA10" type="float" fact1="CDA_HRDVA10"  fact2=""  opcode=""/>
    <itemDerived name="TEMPHRD" type="float" fact1="CDA_TEMPHRD"  fact2=""  opcode=""/>

    <itemDerived name="CMDACCEPT" type="int" fact1="CDA_TEMPHRD"  fact2=""  opcode=""/>
    <itemDerived name="CMDEXEC" type="int" fact1="CDA_TEMPHRD"  fact2=""  opcode=""/>
    <itemDerived name="CMDREJECT" type="int" fact1="CDA_TEMPHRD"  fact2=""  opcode=""/>
</hydraDef>
