<hydraDef>

  <!-- ERASE Memory Region -->
  
  <command name="erase_scratch" decoder="cmdDecoder">
    <field>
      <opcode value="0xCCD5" type="dn16"/>
			<itemDef name="erase_scratch_region" type="dn32" value="16"/>
			<itemDef name="erase_scratch_length" type="dn32" value="0"/>
      <itemDef name="erase_scratch_pad" type="dn16" value="0"/>
    </field>
  </command>

  <command name="erase_catalog" decoder="cmdDecoder">
    <field>
      <opcode value="0xCCD5" type="dn16"/>
			<itemDef name="erase_catalog_region" type="dn32" value="24"/>
			<itemDef name="erase_catalog_length" type="dn32" value="0"/>
      <itemDef name="erase_catalog_pad" type="dn16" value="0"/>
    </field>
  </command>

  <command name="erase_nvcatalog" decoder="cmdDecoder">
    <field>
      <opcode value="0xCCD5" type="dn16"/>
			<itemDef name="erase_nvcatalog_region" type="dn32" value="13"/>
			<argument id="aid" type="dn32"/>
      <itemDef name="erase_nvcatalog_pad" type="dn16" value="0"/>
    </field>
  </command>

  <command name="erase_rawblock" decoder="cmdDecoder">
    <field>
      <opcode value="0xCCD5" type="dn16"/>
			<itemDef name="erase_rawblock_region" type="dn32" value="51"/>
			<argument id="select" type="dn32"/>
      <itemDef name="erase_rawblock_pad" type="dn16" value="0"/>
    </field>
  </command>
  
  
  <!-- CHECKSUM Memory Region -->
  
  <command name="cksum_scratch" decoder="cmdDecoder">
    <field>
      <opcode value="0xCCD6" type="dn16"/>
			<itemDef name="cksum_scratch_region" type="dn32" value="16"/>
			<argument id="length" type="dn32"/>
      <itemDef name="cksum_scratch_pad" type="dn16" value="0"/>
    </field>
  </command>

  <command name="cksum_scratch_pagelen" decoder="cmdDecoder">
    <field>
      <opcode value="0xCCD6" type="dn16"/>
			<itemDef name="cksum_scratch_pagelen_region" type="dn32" value="16"/>
			<itemDef name="cksum_scratch_pagelen_length" type="dn32" value="0x34C"/>
      <itemDef name="cksum_scratch_pagelen_pad" type="dn16" value="0"/>
    </field>
  </command>

  <command name="cksum_scratch_blockLessPage" decoder="cmdDecoder">
    <field>
      <opcode value="0xCCD6" type="dn16"/>
			<itemDef name="cksum_scratch_blockLessPage_region" type="dn32" value="16"/>
			<itemDef name="cksum_scratch_blockLessPage_length" type="dn32" value="0xCFB4"/>
      <itemDef name="cksum_scratch_blockLessPage_pad" type="dn16" value="0"/>
    </field>
  </command>

  <command name="cksum_scratch_blocklen" decoder="cmdDecoder">
    <field>
      <opcode value="0xCCD6" type="dn16"/>
			<itemDef name="cksum_scratch_blocklen_region" type="dn32" value="16"/>
			<itemDef name="cksum_scratch_blocklen_length" type="dn32" value="0xD300"/>
      <itemDef name="cksum_scratch_blocklen_pad" type="dn16" value="0"/>
    </field>
  </command>

  <command name="cksum_scratch_all" decoder="cmdDecoder">
    <field>
      <opcode value="0xCCD6" type="dn16"/>
			<itemDef name="cksum_scratch_all_region" type="dn32" value="16"/>
			<itemDef name="cksum_scratch_all_length" type="dn32" value="0x20000"/>
      <itemDef name="cksum_scratch_all_pad" type="dn16" value="0"/>
    </field>
  </command>

  <command name="cksum_actfsw" decoder="cmdDecoder">
    <field>
      <opcode value="0xCCD6" type="dn16"/>
			<itemDef name="cksum_actfsw_region" type="dn32" value="17"/>
			<itemDef name="cksum_actfsw_length" type="dn32" value="0"/>
      <itemDef name="cksum_actfsw_pad" type="dn16" value="0"/>
    </field>
  </command>

  <command name="cksum_ft" decoder="cmdDecoder">
    <field>
      <opcode value="0xCCD6" type="dn16"/>
			<itemDef name="cksum_ft_region" type="dn32" value="19"/>
			<itemDef name="cksum_ft_length" type="dn32" value="0"/>
      <itemDef name="cksum_ft_pad" type="dn16" value="0"/>
    </field>
  </command>

  <command name="cksum_perst" decoder="cmdDecoder">
    <field>
      <opcode value="0xCCD6" type="dn16"/>
			<itemDef name="cksum_perst_region" type="dn32" value="20"/>
			<itemDef name="cksum_perst_length" type="dn32" value="0"/>
      <itemDef name="cksum_perst_pad" type="dn16" value="0"/>
    </field>
  </command>

  <command name="cksum_pt" decoder="cmdDecoder">
    <field>
      <opcode value="0xCCD6" type="dn16"/>
			<itemDef name="cksum_pt_region" type="dn32" value="18"/>
			<itemDef name="cksum_pt_length" type="dn32" value="0"/>
      <itemDef name="cksum_pt_pad" type="dn16" value="0"/>
    </field>
  </command>

  <command name="cksum_nvft" decoder="cmdDecoder">
    <field>
      <opcode value="0xCCD6" type="dn16"/>
			<itemDef name="cksum_nvft_region" type="dn32" value="7"/>
			<itemDef name="cksum_nvft_length" type="dn32" value="0"/>
      <itemDef name="cksum_nvft_pad" type="dn16" value="0"/>
    </field>
  </command>

  <command name="cksum_nvperst" decoder="cmdDecoder">
    <field>
      <opcode value="0xCCD6" type="dn16"/>
			<itemDef name="cksum_nvperst_region" type="dn32" value="6"/>
			<itemDef name="cksum_nvperst_length" type="dn32" value="0"/>
      <itemDef name="cksum_nvperst_pad" type="dn16" value="0"/>
    </field>
  </command>

  <command name="cksum_nvpt" decoder="cmdDecoder">
    <field>
      <opcode value="0xCCD6" type="dn16"/>
			<itemDef name="cksum_nvpt_region" type="dn32" value="4"/>
			<itemDef name="cksum_nvpt_length" type="dn32" value="0"/>
      <itemDef name="cksum_nvpt_pad" type="dn16" value="0"/>
    </field>
  </command>

  <command name="cksum_nvscs" decoder="cmdDecoder">
    <field>
      <opcode value="0xCCD6" type="dn16"/>
			<itemDef name="cksum_nvscs_region" type="dn32" value="12"/>
			<itemDef name="cksum_nvscs_length" type="dn32" value="0"/>
      <itemDef name="cksum_nvscs_pad" type="dn16" value="0"/>
    </field>
  </command>

  <command name="cksum_scs" decoder="cmdDecoder">
    <field>
      <opcode value="0xCCD6" type="dn16"/>
			<itemDef name="cksum_scs_region" type="dn32" value="22"/>
			<itemDef name="cksum_scs_length" type="dn32" value="0"/>
      <itemDef name="cksum_scs_pad" type="dn16" value="0"/>
    </field>
  </command>

  <command name="cksum_nvscit" decoder="cmdDecoder">
    <field>
      <opcode value="0xCCD6" type="dn16"/>
			<itemDef name="cksum_nvscit_region" type="dn32" value="9"/>
			<itemDef name="cksum_nvscit_length" type="dn32" value="0"/>
      <itemDef name="cksum_nvscit_pad" type="dn16" value="0"/>
    </field>
  </command>

  <command name="cksum_scit" decoder="cmdDecoder">
    <field>
      <opcode value="0xCCD6" type="dn16"/>
			<itemDef name="cksum_scit_region" type="dn32" value="21"/>
			<itemDef name="cksum_scit_length" type="dn32" value="0"/>
      <itemDef name="cksum_scit_pad" type="dn16" value="0"/>
    </field>
  </command>

  <command name="cksum_catalog" decoder="cmdDecoder">
    <field>
      <opcode value="0xCCD6" type="dn16"/>
			<itemDef name="cksum_catalog_region" type="dn32" value="24"/>
			<itemDef name="cksum_catalog_length" type="dn32" value="0"/>
      <itemDef name="cksum_catalog_pad" type="dn16" value="0"/>
    </field>
  </command>

  <command name="cksum_nvcatalog" decoder="cmdDecoder">
    <field>
      <opcode value="0xCCD6" type="dn16"/>
			<itemDef name="cksum_nvcatalog_region" type="dn32" value="13"/>
			<argument id="aid" type="dn32"/>
      <itemDef name="cksum_nvcatalog_pad" type="dn16" value="0"/>
    </field>
  </command>

  <command name="cksum_nvfsw1" decoder="cmdDecoder">
    <field>
      <opcode value="0xCCD6" type="dn16"/>
			<itemDef name="cksum_nvfsw1_region" type="dn32" value="1"/>
			<itemDef name="cksum_nvfsw1_length" type="dn32" value="0"/>
      <itemDef name="cksum_nvfsw1_pad" type="dn16" value="0"/>
    </field>
  </command>

  <command name="cksum_nvfsw2" decoder="cmdDecoder">
    <field>
      <opcode value="0xCCD6" type="dn16"/>
			<itemDef name="cksum_nvfsw2_region" type="dn32" value="2"/>
			<itemDef name="cksum_nvfsw2_length" type="dn32" value="0"/>
      <itemDef name="cksum_nvfsw2_pad" type="dn16" value="0"/>
    </field>
  </command>

  <command name="cksum_nvfsw3" decoder="cmdDecoder">
    <field>
      <opcode value="0xCCD6" type="dn16"/>
			<itemDef name="cksum_nvfsw3_region" type="dn32" value="3"/>
			<itemDef name="cksum_nvfsw3_length" type="dn32" value="0"/>
      <itemDef name="cksum_nvfsw3_pad" type="dn16" value="0"/>
    </field>
  </command>

  <!-- DUMP Memory Region-->

  <command name="dump_scratch_start" decoder="cmdDecoder">
    <field>
      <opcode value="0xCCD7" type="dn16"/>
			<itemDef name="dump_scratch_start_region" type="dn32" value="16"/>
			<itemDef name="dump_scratch_start_length" type="dn32" value="0"/>
      <itemDef name="dump_scratch_start_pad" type="dn16" value="0"/>
    </field>
  </command>

  <command name="dump_scratch_pagelen" decoder="cmdDecoder">
    <field>
      <opcode value="0xCCD7" type="dn16"/>
			<itemDef name="dump_scratch_pagelen_region" type="dn32" value="16"/>
			<itemDef name="dump_scratch_pagelen_length" type="dn32" value="0x34C"/>
      <itemDef name="dump_scratch_pagelen_pad" type="dn16" value="0"/>
    </field>
  </command>

  <command name="dump_scratch_blocklen" decoder="cmdDecoder">
    <field>
      <opcode value="0xCCD7" type="dn16"/>
			<itemDef name="dump_scratch_blocklen_region" type="dn32" value="16"/>
			<itemDef name="dump_scratch_blocklen_length" type="dn32" value="0xD300"/>
      <itemDef name="dump_scratch_blocklen_pad" type="dn16" value="0"/>
    </field>
  </command>

  <command name="dump_scratch_lastPageOfBlock" decoder="cmdDecoder">
    <field>
      <opcode value="0xCCD7" type="dn16"/>
			<itemDef name="dump_scratch_lastPageOfBlock_region" type="dn32" value="16"/>
			<itemDef name="dump_scratch_lastPageOfBlock_length" type="dn32" value="0xCFB4"/>
      <itemDef name="dump_scratch_lastPageOfBlock_pad" type="dn16" value="0"/>
    </field>
  </command>

  <command name="dump_scratch_all" decoder="cmdDecoder">
    <field>
      <opcode value="0xCCD7" type="dn16"/>
			<itemDef name="dump_scratch_all_region" type="dn32" value="16"/>
			<itemDef name="dump_scratch_all_length" type="dn32" value="0x20000"/>
      <itemDef name="dump_scratch_all_pad" type="dn16" value="0"/>
    </field>
  </command>

  <command name="dump_actfsw" decoder="cmdDecoder">
    <field>
      <opcode value="0xCCD7" type="dn16"/>
			<itemDef name="dump_actfsw_region" type="dn32" value="17"/>
			<argument id="start" type="dn32"/>
      <itemDef name="dump_actfsw_pad" type="dn16" value="0"/>
    </field>
  </command>

  <command name="dump_ft" decoder="cmdDecoder">
    <field>
      <opcode value="0xCCD7" type="dn16"/>
			<itemDef name="dump_ft_region" type="dn32" value="19"/>
			<argument id="start" type="dn32"/>
      <itemDef name="dump_ft_pad" type="dn16" value="0"/>
    </field>
  </command>

  <command name="dump_perst" decoder="cmdDecoder">
    <field>
      <opcode value="0xCCD7" type="dn16"/>
			<itemDef name="dump_perst_region" type="dn32" value="20"/>
			<itemDef name="dump_perst_length" type="dn32" value="0"/>
      <itemDef name="dump_perst_pad" type="dn16" value="0"/>
    </field>
  </command>

  <command name="dump_pt" decoder="cmdDecoder">
    <field>
      <opcode value="0xCCD7" type="dn16"/>
			<itemDef name="dump_pt_region" type="dn32" value="18"/>
			<argument id="start" type="dn32"/>
      <itemDef name="dump_pt_pad" type="dn16" value="0"/>
    </field>
  </command>

  <command name="dump_nvft" decoder="cmdDecoder">
    <field>
      <opcode value="0xCCD7" type="dn16"/>
			<itemDef name="dump_nvft_region" type="dn32" value="7"/>
			<itemDef name="dump_nvft_length" type="dn32" value="0"/>
      <itemDef name="dump_nvft_pad" type="dn16" value="0"/>
    </field>
  </command>

  <command name="dump_nvperst" decoder="cmdDecoder">
    <field>
      <opcode value="0xCCD7" type="dn16"/>
			<itemDef name="dump_nvperst_region" type="dn32" value="6"/>
			<itemDef name="dump_nvperst_length" type="dn32" value="0"/>
      <itemDef name="dump_nvperst_pad" type="dn16" value="0"/>
    </field>
  </command>

  <command name="dump_nvpt" decoder="cmdDecoder">
    <field>
      <opcode value="0xCCD7" type="dn16"/>
			<itemDef name="dump_nvpt_region" type="dn32" value="4"/>
			<itemDef name="dump_nvpt_length" type="dn32" value="0"/>
      <itemDef name="dump_nvpt_pad" type="dn16" value="0"/>
    </field>
  </command>

  <command name="dump_nvscs" decoder="cmdDecoder">
    <field>
      <opcode value="0xCCD7" type="dn16"/>
			<itemDef name="dump_nvscs_region" type="dn32" value="12"/>
			<itemDef name="dump_nvscs_length" type="dn32" value="0"/>
      <itemDef name="dump_nvscs_pad" type="dn16" value="0"/>
    </field>
  </command>

  <command name="dump_scs" decoder="cmdDecoder">
    <field>
      <opcode value="0xCCD7" type="dn16"/>
			<itemDef name="dump_scs_region" type="dn32" value="22"/>
			<itemDef name="dump_scs_length" type="dn32" value="0"/>
      <itemDef name="dump_scs_pad" type="dn16" value="0"/>
    </field>
  </command>

  <command name="dump_nvscit" decoder="cmdDecoder">
    <field>
      <opcode value="0xCCD7" type="dn16"/>
			<itemDef name="dump_nvscit_region" type="dn32" value="9"/>
			<itemDef name="dump_nvscit_length" type="dn32" value="0"/>
      <itemDef name="dump_nvscit_pad" type="dn16" value="0"/>
    </field>
  </command>

  <command name="dump_scit" decoder="cmdDecoder">
    <field>
      <opcode value="0xCCD7" type="dn16"/>
			<itemDef name="dump_scit_region" type="dn32" value="21"/>
			<itemDef name="dump_scit_length" type="dn32" value="0"/>
      <itemDef name="dump_scit_pad" type="dn16" value="0"/>
    </field>
  </command>

  <command name="dump_catalog" decoder="cmdDecoder">
    <field>
      <opcode value="0xCCD7" type="dn16"/>
			<itemDef name="dump_catalog_region" type="dn32" value="24"/>
			<argument id="offset" type="dn32"/>
      <itemDef name="dump_catalog_pad" type="dn16" value="0"/>
    </field>
  </command>

  <command name="dump_catalog_hdr" decoder="cmdDecoder">
    <field>
      <opcode value="0xCCD7" type="dn16"/>
			<itemDef name="dump_catalog_hdr_region" type="dn32" value="24"/>
			<itemDef name="dump_catalog_hdr_length" type="dn32" value="0"/>
      <itemDef name="dump_catalog_hdr_pad" type="dn16" value="0"/>
    </field>
  </command>

  <command name="dump_catalog_first" decoder="cmdDecoder">
    <field>
      <opcode value="0xCCD7" type="dn16"/>
			<itemDef name="dump_catalog_first_region" type="dn32" value="24"/>
			<itemDef name="dump_catalog_first_length" type="dn32" value="844"/>
      <itemDef name="dump_catalog_first_pad" type="dn16" value="0"/>
    </field>
  </command>

  <command name="dump_nvcatalog" decoder="cmdDecoder">
    <field>
      <opcode value="0xCCD7" type="dn16"/>
			<itemDef name="dump_nvcatalog_region" type="dn32" value="13"/>
			<argument id="aid" type="dn32"/>
      <itemDef name="dump_nvcatalog_pad" type="dn16" value="0"/>
    </field>
  </command>

  <command name="dump_nvfsw1" decoder="cmdDecoder">
    <field>
      <opcode value="0xCCD7" type="dn16"/>
			<itemDef name="dump_nvfsw1_region" type="dn32" value="1"/>
			<itemDef name="dump_nvfsw1_length" type="dn32" value="0"/>
      <itemDef name="dump_nvfsw1_pad" type="dn16" value="0"/>
    </field>
  </command>

  <command name="dump_nvfsw2" decoder="cmdDecoder">
    <field>
      <opcode value="0xCCD7" type="dn16"/>
			<itemDef name="dump_nvfsw2_region" type="dn32" value="2"/>
			<itemDef name="dump_nvfsw2_length" type="dn32" value="0"/>
      <itemDef name="dump_nvfsw2_pad" type="dn16" value="0"/>
    </field>
  </command>

  <command name="dump_nvfsw3" decoder="cmdDecoder">
    <field>
      <opcode value="0xCCD7" type="dn16"/>
			<itemDef name="dump_nvfsw3_region" type="dn32" value="3"/>
			<itemDef name="dump_nvfsw3_length" type="dn32" value="0"/>
      <itemDef name="dump_nvfsw3_pad" type="dn16" value="0"/>
    </field>
  </command>

  <command name="dump_rawblock_all" decoder="cmdDecoder">
    <field>
      <opcode value="0xCCD7" type="dn16"/>
			<itemDef name="dump_rawblock_all_region" type="dn32" value="51"/>
			<itemDef name="dump_rawblock_all_page" type="dn16" value="0xff"/>
			<argument id="block" type="dn16"/>
      <itemDef name="dump_rawblock_all_pad" type="dn16" value="0"/>
    </field>
  </command>

  <command name="dump_rawblock_page" decoder="cmdDecoder">
    <field>
      <opcode value="0xCCD7" type="dn16"/>
			<itemDef name="dump_rawblock_page_region" type="dn32" value="51"/>
			<argument id="page" type="dn16"/>
			<argument id="block" type="dn16"/>
      <itemDef name="dump_rawblock_page_pad" type="dn16" value="0"/>
    </field>
  </command>

  <command name="dump_rawblock_page0" decoder="cmdDecoder">
    <field>
      <opcode value="0xCCD7" type="dn16"/>
			<itemDef name="dump_rawblock_page0_region" type="dn32" value="51"/>
			<itemDef name="dump_rawblock_page0_page" type="dn16" value="0"/>
			<argument id="block" type="dn16"/>
      <itemDef name="dump_rawblock_page0_pad" type="dn16" value="0"/>
    </field>
  </command>

  <command name="dump_rawblock_page1" decoder="cmdDecoder">
    <field>
      <opcode value="0xCCD7" type="dn16"/>
			<itemDef name="dump_rawblock_page1_region" type="dn32" value="51"/>
			<itemDef name="dump_rawblock_page1_page" type="dn16" value="1"/>
			<argument id="block" type="dn16"/>
      <itemDef name="dump_rawblock_page01pad" type="dn16" value="0"/>
    </field>
  </command>
  
  <command name="dump_rawblock_page3F" decoder="cmdDecoder">
    <field>
      <opcode value="0xCCD7" type="dn16"/>
			<itemDef name="dump_rawblock_page3F_region" type="dn32" value="51"/>
			<itemDef name="dump_rawblock_page3F_page" type="dn16" value="0x3F"/>
			<argument id="block" type="dn16"/>
      <itemDef name="dump_rawblock_page3F_pad" type="dn16" value="0"/>
    </field>
  </command>


  <!-- COPY TO Memory Region -->

  <command name="copyto_actfsw" decoder="cmdDecoder">
    <field>
      <opcode value="0xCCD8" type="dn16"/>
			<itemDef name="copyto_actfsw_region" type="dn32" value="17"/>
			<itemDef name="copyto_actfsw_length" type="dn32" value="0"/>
      <itemDef name="copyto_actfsw_pad" type="dn16" value="0"/>
    </field>
  </command>

  <command name="copyto_ft" decoder="cmdDecoder">
    <field>
      <opcode value="0xCCD8" type="dn16"/>
			<itemDef name="copyto_ft_region" type="dn32" value="19"/>
			<itemDef name="copyto_ft_length" type="dn32" value="0"/>
      <itemDef name="copyto_ft_pad" type="dn16" value="0"/>
    </field>
  </command>

  <command name="copyto_perst" decoder="cmdDecoder">
    <field>
      <opcode value="0xCCD8" type="dn16"/>
			<itemDef name="copyto_perst_region" type="dn32" value="20"/>
			<itemDef name="copyto_perst_length" type="dn32" value="0"/>
      <itemDef name="copyto_perst_pad" type="dn16" value="0"/>
    </field>
  </command>

  <command name="copyto_pt" decoder="cmdDecoder">
    <field>
      <opcode value="0xCCD8" type="dn16"/>
			<itemDef name="copyto_pt_region" type="dn32" value="18"/>
			<itemDef name="copyto_pt_length" type="dn32" value="0"/>
      <itemDef name="copyto_pt_pad" type="dn16" value="0"/>
    </field>
  </command>

  <command name="copyto_nvft" decoder="cmdDecoder">
    <field>
      <opcode value="0xCCD8" type="dn16"/>
			<itemDef name="copyto_nvft_region" type="dn32" value="7"/>
			<itemDef name="copyto_nvft_length" type="dn32" value="0"/>
      <itemDef name="copyto_nvft_pad" type="dn16" value="0"/>
    </field>
  </command>

  <command name="copyto_nvperst" decoder="cmdDecoder">
    <field>
      <opcode value="0xCCD8" type="dn16"/>
			<itemDef name="copyto_nvperst_region" type="dn32" value="6"/>
			<itemDef name="copyto_nvperst_length" type="dn32" value="0"/>
      <itemDef name="copyto_nvperst_pad" type="dn16" value="0"/>
    </field>
  </command>

  <command name="copyto_nvpt" decoder="cmdDecoder">
    <field>
      <opcode value="0xCCD8" type="dn16"/>
			<itemDef name="copyto_nvpt_region" type="dn32" value="4"/>
			<itemDef name="copyto_nvpt_length" type="dn32" value="0"/>
      <itemDef name="copyto_nvpt_pad" type="dn16" value="0"/>
    </field>
  </command>

  <command name="copyto_nvscs" decoder="cmdDecoder">
    <field>
      <opcode value="0xCCD8" type="dn16"/>
			<itemDef name="copyto_nvscs_region" type="dn32" value="12"/>
			<itemDef name="copyto_nvscs_length" type="dn32" value="0"/>
      <itemDef name="copyto_nvscs_pad" type="dn16" value="0"/>
    </field>
  </command>

  <command name="copyto_scs" decoder="cmdDecoder">
    <field>
      <opcode value="0xCCD8" type="dn16"/>
			<itemDef name="copyto_scs_region" type="dn32" value="22"/>
			<itemDef name="copyto_scs_length" type="dn32" value="0"/>
      <itemDef name="copyto_scs_pad" type="dn16" value="0"/>
    </field>
  </command>

  <command name="copyto_nvscit" decoder="cmdDecoder">
    <field>
      <opcode value="0xCCD8" type="dn16"/>
			<itemDef name="copyto_nvscit_region" type="dn32" value="9"/>
			<itemDef name="copyto_nvscit_length" type="dn32" value="0"/>
      <itemDef name="copyto_nvscit_pad" type="dn16" value="0"/>
    </field>
  </command>

  <command name="copyto_scit" decoder="cmdDecoder">
    <field>
      <opcode value="0xCCD8" type="dn16"/>
			<itemDef name="copyto_scit_region" type="dn32" value="21"/>
			<itemDef name="copyto_scit_length" type="dn32" value="0"/>
      <itemDef name="copyto_scit_pad" type="dn16" value="0"/>
    </field>
  </command>

  <command name="copyto_catalog" decoder="cmdDecoder">
    <field>
      <opcode value="0xCCD8" type="dn16"/>
			<itemDef name="copyto_catalog_region" type="dn32" value="24"/>
			<itemDef name="copyto_catalog_length" type="dn32" value="0"/>
      <itemDef name="copyto_catalog_pad" type="dn16" value="0"/>
    </field>
  </command>

  <command name="copyto_nvcatalog" decoder="cmdDecoder">
    <field>
      <opcode value="0xCCD8" type="dn16"/>
			<itemDef name="copyto_nvcatalog_region" type="dn32" value="13"/>
			<argument id="aid" type="dn32"/>
      <itemDef name="copyto_nvcatalog_pad" type="dn16" value="0"/>
    </field>
  </command>
  
  <command name="copyto_nvfsw1" decoder="cmdDecoder">
    <field>
      <opcode value="0xCCD8" type="dn16"/>
			<itemDef name="copyto_nvfsw1_region" type="dn32" value="1"/>
			<itemDef name="copyto_nvfsw1_length" type="dn32" value="0"/>
      <itemDef name="copyto_nvfsw1_pad" type="dn16" value="0"/>
    </field>
  </command>

  <command name="copyto_nvfsw2" decoder="cmdDecoder">
    <field>
      <opcode value="0xCCD8" type="dn16"/>
			<itemDef name="copyto_nvfsw2_region" type="dn32" value="2"/>
			<itemDef name="copyto_nvfsw2_length" type="dn32" value="0"/>
      <itemDef name="copyto_nvfsw2_pad" type="dn16" value="0"/>
    </field>
  </command>

  <command name="copyto_rawblock_nohdr" decoder="cmdDecoder">
    <field>
      <opcode value="0xCCD8" type="dn16"/>
			<itemDef name="copyto_rawblock_nohdr_region" type="dn32" value="51"/>
			<itemDef name="copyto_rawblock_nohdr_options" type="dn16" value="0x8000"/>
			<argument id="block" type="dn16"/>
      <itemDef name="copyto_rawblock_nohdr_pad" type="dn16" value="0"/>
    </field>
  </command>

  <command name="copyto_rawblock_addhdr" decoder="cmdDecoder">
    <field>
      <opcode value="0xCCD8" type="dn16"/>
			<itemDef name="copyto_rawblock_addhdr_region" type="dn32" value="51"/>
			<itemDef name="copyto_rawblock_addhdr_options" type="dn16" value="0"/>
			<argument id="block" type="dn16"/>
      <itemDef name="copyto_rawblock_addhdr_pad" type="dn16" value="0"/>
    </field>
  </command>


  <!-- COPY FROM Memory Region -->

  <command name="copyfrom_actfsw" decoder="cmdDecoder">
    <field>
      <opcode value="0xCCD9" type="dn16"/>
			<itemDef name="copyfrom_actfsw_region" type="dn32" value="17"/>
			<itemDef name="copyfrom_actfsw_length" type="dn32" value="0"/>
      <itemDef name="copyfrom_actfsw_pad" type="dn16" value="0"/>
    </field>
  </command>

  <command name="copyfrom_ft" decoder="cmdDecoder">
    <field>
      <opcode value="0xCCD9" type="dn16"/>
			<itemDef name="copyfrom_ft_region" type="dn32" value="19"/>
			<itemDef name="copyfrom_ft_length" type="dn32" value="0"/>
      <itemDef name="copyfrom_ft_pad" type="dn16" value="0"/>
    </field>
  </command>

  <command name="copyfrom_perst" decoder="cmdDecoder">
    <field>
      <opcode value="0xCCD9" type="dn16"/>
			<itemDef name="copyfrom_perst_region" type="dn32" value="20"/>
			<itemDef name="copyfrom_perst_length" type="dn32" value="0"/>
      <itemDef name="copyfrom_perst_pad" type="dn16" value="0"/>
    </field>
  </command>

  <command name="copyfrom_pt" decoder="cmdDecoder">
    <field>
      <opcode value="0xCCD9" type="dn16"/>
			<itemDef name="copyfrom_pt_region" type="dn32" value="18"/>
			<itemDef name="copyfrom_pt_length" type="dn32" value="0"/>
      <itemDef name="copyfrom_pt_pad" type="dn16" value="0"/>
    </field>
  </command>

  <command name="copyfrom_scs" decoder="cmdDecoder">
    <field>
      <opcode value="0xCCD9" type="dn16"/>
			<itemDef name="copyfrom_scs_region" type="dn32" value="22"/>
			<itemDef name="copyfrom_scs_length" type="dn32" value="0"/>
      <itemDef name="copyfrom_scs_pad" type="dn16" value="0"/>
    </field>
  </command>

  <command name="copyfrom_scit" decoder="cmdDecoder">
    <field>
      <opcode value="0xCCD9" type="dn16"/>
			<itemDef name="copyfrom_scit_region" type="dn32" value="21"/>
			<itemDef name="copyfrom_scit_length" type="dn32" value="0"/>
      <itemDef name="copyfrom_scit_pad" type="dn16" value="0"/>
    </field>
  </command>

  <command name="copyfrom_nvft_nohdr" decoder="cmdDecoder">
    <field>
      <opcode value="0xCCD9" type="dn16"/>
			<itemDef name="copyfrom_nvft_nohdr_region" type="dn32" value="7"/>
			<itemDef name="copyfrom_nvft_nohdr_param" type="dn32" value="0x80000000"/>
      <itemDef name="copyfrom_nvft_nohdr_pad" type="dn16" value="0"/>
    </field>
  </command>

  <command name="copyfrom_nvperst_nohdr" decoder="cmdDecoder">
    <field>
      <opcode value="0xCCD9" type="dn16"/>
			<itemDef name="copyfrom_nvperst_nohdr_region" type="dn32" value="6"/>
			<itemDef name="copyfrom_nvperst_nohdr_param" type="dn32" value="0x80000000"/>
      <itemDef name="copyfrom_nvperst_nohdr_pad" type="dn16" value="0"/>
    </field>
  </command>

  <command name="copyfrom_nvpt_nohdr" decoder="cmdDecoder">
    <field>
      <opcode value="0xCCD9" type="dn16"/>
			<itemDef name="copyfrom_nvpt_nohdr_region" type="dn32" value="4"/>
			<itemDef name="copyfrom_nvpt_nohdr_param" type="dn32" value="0x80000000"/>
      <itemDef name="copyfrom_nvpt_nohdr_pad" type="dn16" value="0"/>
    </field>
  </command>

  <command name="copyfrom_nvscs_nohdr" decoder="cmdDecoder">
    <field>
      <opcode value="0xCCD9" type="dn16"/>
			<itemDef name="copyfrom_nvscs_nohdr_region" type="dn32" value="12"/>
			<itemDef name="copyfrom_nvscs_nohdr_param" type="dn32" value="0x80000000"/>
      <itemDef name="copyfrom_nvscs_nohdr_pad" type="dn16" value="0"/>
    </field>
  </command>

  <command name="copyfrom_nvscit_nohdr" decoder="cmdDecoder">
    <field>
      <opcode value="0xCCD9" type="dn16"/>
			<itemDef name="copyfrom_nvscit_nohdr_region" type="dn32" value="9"/>
			<itemDef name="copyfrom_nvscit_nohdr_param" type="dn32" value="0x80000000"/>
      <itemDef name="copyfrom_nvscit_nohdr_pad" type="dn16" value="0"/>
    </field>
  </command>

  <command name="copyfrom_catalog" decoder="cmdDecoder">
    <field>
      <opcode value="0xCCD9" type="dn16"/>
			<itemDef name="copyfrom_catalog_region" type="dn32" value="24"/>
			<itemDef name="copyfrom_catalog_length" type="dn32" value="0"/>
      <itemDef name="copyfrom_catalog_pad" type="dn16" value="0"/>
    </field>
  </command>

  <command name="copyfrom_nvcatalog_withhdr" decoder="cmdDecoder">
    <field>
      <opcode value="0xCCD9" type="dn16"/>
			<itemDef name="copyfrom_nvcatalog_region" type="dn32" value="13"/>
			<argument id="aid" type="dn32"/>
      <itemDef name="copyfrom_nvcatalog_pad" type="dn16" value="0"/>
    </field>
  </command>
  
  <command name="copyfrom_nvfsw1_nohdr" decoder="cmdDecoder">
    <field>
      <opcode value="0xCCD9" type="dn16"/>
			<itemDef name="copyfrom_nvfsw1_nohdr_region" type="dn32" value="1"/>
			<itemDef name="copyfrom_nvfsw1_nohdr_param" type="dn32" value="0x80000000"/>
      <itemDef name="copyfrom_nvfsw1_nohdr_pad" type="dn16" value="0"/>
    </field>
  </command>

  <command name="copyfrom_nvfsw2_nohdr" decoder="cmdDecoder">
    <field>
      <opcode value="0xCCD9" type="dn16"/>
			<itemDef name="copyfrom_nvfsw2_nohdr_region" type="dn32" value="2"/>
			<itemDef name="copyfrom_nvfsw2_nohdr_param" type="dn32" value="0x80000000"/>
      <itemDef name="copyfrom_nvfsw2_nohdr_pad" type="dn16" value="0"/>
    </field>
  </command>

  <command name="copyfrom_nvfsw3_nohdr" decoder="cmdDecoder">
    <field>
      <opcode value="0xCCD9" type="dn16"/>
			<itemDef name="copyfrom_nvfsw3_nohdr_region" type="dn32" value="3"/>
			<itemDef name="copyfrom_nvfsw3_nohdr_param" type="dn32" value="0x80000000"/>
      <itemDef name="copyfrom_nvfsw3_nohdr_pad" type="dn16" value="0"/>
    </field>
  </command>

  <command name="copyfrom_nvft_withhdr" decoder="cmdDecoder">
    <field>
      <opcode value="0xCCD9" type="dn16"/>
			<itemDef name="copyfrom_nvft_withhdr_region" type="dn32" value="7"/>
			<itemDef name="copyfrom_nvft_withhdr_param" type="dn32" value="0"/>
      <itemDef name="copyfrom_nvft_withhdr_pad" type="dn16" value="0"/>
    </field>
  </command>

  <command name="copyfrom_nvperst_withhdr" decoder="cmdDecoder">
    <field>
      <opcode value="0xCCD9" type="dn16"/>
			<itemDef name="copyfrom_nvperst_withhdr_region" type="dn32" value="6"/>
			<itemDef name="copyfrom_nvperst_withhdr_length" type="dn32" value="0"/>
      <itemDef name="copyfrom_nvperst_withhdr_pad" type="dn16" value="0"/>
    </field>
  </command>

  <command name="copyfrom_nvpt_withhdr" decoder="cmdDecoder">
    <field>
      <opcode value="0xCCD9" type="dn16"/>
			<itemDef name="copyfrom_nvpt_withhdr_region" type="dn32" value="4"/>
			<itemDef name="copyfrom_nvpt_withhdr_param" type="dn32" value="0"/>
      <itemDef name="copyfrom_nvpt_withhdr_pad" type="dn16" value="0"/>
    </field>
  </command>

  <command name="copyfrom_nvscs_withhdr" decoder="cmdDecoder">
    <field>
      <opcode value="0xCCD9" type="dn16"/>
			<itemDef name="copyfrom_nvscs_withhdr_region" type="dn32" value="12"/>
			<itemDef name="copyfrom_nvscs_withhdr_param" type="dn32" value="0"/>
      <itemDef name="copyfrom_nvscs_withhdr_pad" type="dn16" value="0"/>
    </field>
  </command>

  <command name="copyfrom_nvscit_withhdr" decoder="cmdDecoder">
    <field>
      <opcode value="0xCCD9" type="dn16"/>
			<itemDef name="copyfrom_nvscit_withhdr_region" type="dn32" value="9"/>
			<itemDef name="copyfrom_nvscit_withhdr_param" type="dn32" value="0"/>
      <itemDef name="copyfrom_nvscit_withhdr_pad" type="dn16" value="0"/>
    </field>
  </command>

  <command name="copyfrom_nvfsw1_withhdr" decoder="cmdDecoder">
    <field>
      <opcode value="0xCCD9" type="dn16"/>
			<itemDef name="copyfrom_nvfsw1_withhdr_region" type="dn32" value="1"/>
			<itemDef name="copyfrom_nvfsw1_withhdr_param" type="dn32" value="0"/>
      <itemDef name="copyfrom_nvfsw1_withhdr_pad" type="dn16" value="0"/>
    </field>
  </command>

  <command name="copyfrom_nvfsw2_withhdr" decoder="cmdDecoder">
    <field>
      <opcode value="0xCCD9" type="dn16"/>
			<itemDef name="copyfrom_nvfsw2_withhdr_region" type="dn32" value="2"/>
			<itemDef name="copyfrom_nvfsw2_withhdr_param" type="dn32" value="0"/>
      <itemDef name="copyfrom_nvfsw2_withhdr_pad" type="dn16" value="0"/>
    </field>
  </command>

  <command name="copyfrom_nvfsw3_withhdr" decoder="cmdDecoder">
    <field>
      <opcode value="0xCCD9" type="dn16"/>
			<itemDef name="copyfrom_nvfsw3_withhdr_region" type="dn32" value="3"/>
			<itemDef name="copyfrom_nvfsw3_withhdr_param" type="dn32" value="0"/>
      <itemDef name="copyfrom_nvfsw3_withhdr_pad" type="dn16" value="0"/>
    </field>
  </command>

  <command name="copyfrom_rawblock_all" decoder="cmdDecoder">
    <field>
      <opcode value="0xCCD9" type="dn16"/>
			<itemDef name="copyfrom_rawblock_all_region" type="dn32" value="51"/>
			<itemDef name="copyfrom_rawblock_all_option" type="dn16" value="0x00FF"/>
			<argument id="block" type="dn16"/>
      <itemDef name="copyfrom_rawblock_all_pad" type="dn16" value="0"/>
    </field>
  </command>

  <command name="copyfrom_rawblock_all_skippage0" decoder="cmdDecoder">
    <field>
      <opcode value="0xCCD9" type="dn16"/>
			<itemDef name="copyfrom_rawblock_all_skippage0_region" type="dn32" value="51"/>
			<itemDef name="copyfrom_rawblock_all_skippage0_option" type="dn16" value="0x80FF"/>
			<argument id="block" type="dn16"/>
      <itemDef name="copyfrom_rawblock_all_skippage0_pad" type="dn16" value="0"/>
    </field>
  </command>

  <command name="copyfrom_rawblock_page" decoder="cmdDecoder">
    <field>
      <opcode value="0xCCD9" type="dn16"/>
			<itemDef name="copyfrom_rawblock_page_region" type="dn32" value="51"/>
			<itemDef name="copyfrom_rawblock_page_option" type="dn8" value="0x80"/>
			<argument id="page" type="dn8"/>
			<argument id="block" type="dn16"/>
      <itemDef name="copyfrom_rawblock_page_pad" type="dn16" value="0"/>
    </field>
  </command>

  <!-- OTHER -->


  <command name="rebuild_all" decoder="cmdDecoder">
    <field>
      <opcode value="0xCCEE" type="dn16"/>
			<itemDef name="rebuild_all_region" type="dn32" value="51"/>
			<itemDef name="rebuild_all_length" type="dn32" value="0"/>
      <itemDef name="rebuild_all_pad" type="dn16" value="0"/>
    </field>
  </command>


  <command name="shuffle_all" decoder="cmdDecoder">
    <field>
      <opcode value="0xCCEF" type="dn16"/>
			<itemDef name="shuffle_all_region" type="dn32" value="51"/>
			<itemDef name="shuffle_all_length" type="dn32" value="0"/>
      <itemDef name="shuffle_all_pad" type="dn16" value="0"/>
    </field>
  </command>


  <command name="clrcntrs_all" decoder="cmdDecoder">
    <description text="Clear communication counters and state"/>
    <field>
      <opcode value="0x8E02" type="dn16"/>
			<itemDef name="clrcntrs_all_cntrsel" type="dn6" value="15"/>
			<itemDef name="clrcntrs_all_clrsel" type="dn2" value="3"/>
      <itemDef name="clrcntrs_all_pad" type="dn8" value="0"/>
    </field>
  </command>



</hydraDef>




