<!-- CDA-specific file to define CDA science-related telemetry:
    - Science packet    (0x001)
    - Sciene2 packet    (0x008)
    - Sciene3 packet    (0x00C)
    - Sci2hk  packet    (0x010)
-->

<hydraDef>

    <!-- ====================================== -->
    <!-- Science Packet (APID 0x001)            -->
    <!-- ====================================== -->

    <frameDef name="cda_science_frame"><description text="Science pkt contents"/>
        <field>

            <itemDef name="CDA_CHECKSUM" type="dn16"><alias namespace="CDA" value="CHECKSUM"/>
                <description text="Checksum"/></itemDef>
        </field>
    </frameDef>

    <frameDef name="cda_science" id="0x001"><description text="Science pkt"/>
        <field>
            <frameCopy name="CCSDSPriHeader" suffix="_sciencePkt"/>
            <frameCopy name="CCSDSSecHeader" suffix="_sciencePkt"/>
            <item name="cda_science_frame"/>
        </field>
    </frameDef>

    <!-- ====================================== -->
    <!-- Science2 Packet (APID 0x008)           -->
    <!-- ====================================== -->

    <frameDef name="cda_science2_frame"><description text="Science2 pkt contents"/>
        <field>

            <itemDef name="CDA_CHECKSUM" type="dn16"><alias namespace="CDA" value="CHECKSUM"/>
                <description text="Checksum"/></itemDef>
        </field>
    </frameDef>

    <frameDef name="cda_science2" id="0x008"><description text="Science2 pkt"/>
        <field>
            <frameCopy name="CCSDSPriHeader" suffix="_science2Pkt"/>
            <frameCopy name="CCSDSSecHeader" suffix="_science2Pkt"/>
            <item name="cda_science2_frame"/>
        </field>
    </frameDef>

    <!-- ====================================== -->
    <!-- Science3 Packet (APID 0x00C)           -->
    <!-- ====================================== -->

    <frameDef name="cda_science3_frame"><description text="Science3 pkt contents"/>
        <field>

            <itemDef name="CDA_CHECKSUM" type="dn16"><alias namespace="CDA" value="CHECKSUM"/>
                <description text="Checksum"/></itemDef>
        </field>
    </frameDef>

    <frameDef name="cda_science3" id="0x00C"><description text="Science3 pkt"/>
        <field>
            <frameCopy name="CCSDSPriHeader" suffix="_science3Pkt"/>
            <frameCopy name="CCSDSSecHeader" suffix="_science3Pkt"/>
            <item name="cda_science3_frame"/>
        </field>
    </frameDef>

    <!-- ====================================== -->
    <!-- Sci2hk Packet (APID 0x010)             -->
    <!-- ====================================== -->

    <frameDef name="cda_sci2hk_frame"><description text="Sci2hk pkt contents"/>
        <field>

            <itemDef name="CDA_CHECKSUM" type="dn16"><alias namespace="CDA" value="CHECKSUM"/>
                <description text="Checksum"/></itemDef>
        </field>
    </frameDef>

    <frameDef name="cda_sci2hk" id="0x010"><description text="Sci2hk pkt"/>
        <field>
            <frameCopy name="CCSDSPriHeader" suffix="_sci2hkPkt"/>
            <frameCopy name="CCSDSSecHeader" suffix="_sci2hkPkt"/>
            <item name="cda_sci2hk_frame"/>
        </field>
    </frameDef>
</hydraDef>
