<!-- File tells Hydra to include SUDA-specific scripts, types, telemtry, and command definitions -->

<hydraDef>
  
  <!-- For unit testing -->
  <scriptDir name="C:\SVN\SUDA\trunk\08_Testing\02_FSW"/>
  <scriptDir name="C:\SVN\SUDA\trunk\11_Tools\Hydra\project\Scripts"/>
  <scriptDir name="C:\SVN\SUDA\trunk\11_Tools\Hydra\project\Scripts\Loadmem"/>
  <scriptDir name="C:\SVN\SUDA\trunk\11_Tools\Hydra\project\Scripts\DustTest5"/>
  
  <!-- SUDA-specific types, conversions, telemetry, and commands -->
  <include>Config\suda_types.xml</include>
  <include>Config\suda_eus.xml</include>
  <include>Config\suda_tlm.xml</include>
  <include>Config\suda_cmd.xml</include>
    
</hydraDef>



