<!-- SUDA-specific file to correlate event message IDs into descriptive text -->
<!-- Separated into its own file due to length -->

<hydraDef>

  <!-- Short-form textual description of each event log ID -->
  <dictionary name="logEntryIdDictionary">
    <!-- Group 0: DES (routine & errors) -->
    <pair key="0x00" str="EMPTY"/>
    <pair key="0x08" str="PMLOG_INIT"/>
    <pair key="0x0A" str="TASK_START"/>
    <pair key="0x0B" str="SLICE_ERR"/>
    <pair key="0x0C" str="PERF_PARAM_ERR"/>
    <pair key="0x0D" str="PERF_DURR_ERR"/>
    <pair key="0x0E" str="TASK_OVERRUN"/>
    <pair key="0x0F" str="TASK_DONE"/>

    <!-- Group 1: Command & telemetry (routine) -->
    <pair key="0x11" str="EXEC_CMD"/>
    <pair key="0x12" str="GOT_RX_DATA"/>
    <pair key="0x13" str="GOOD_CCSDS"/>
    <pair key="0x14" str="EXEC_TIME"/>
    <pair key="0x15" str="DUAL_EXPIRED"/>
    <pair key="0x1E" str="START_TX_PKT"/>
    <pair key="0x1F" str="START_LOOPBACK"/>

    <!-- Group 2: Command & telemetry (errors) -->
    <pair key="0x20" str="RX_CKSUM_ERR"/>
    <pair key="0x21" str="RX_LEN_ERR"/>
    <pair key="0x22" str="RX_UMS_ERR"/>
    <pair key="0x23" str="REINIT_SPW"/>
    <pair key="0x24" str="CCSDS_RX_ERR"/>
    <pair key="0x25" str="CMD_LEN_INVLD"/>
    <pair key="0x26" str="CMD_UNKNOWN"/>
    <pair key="0x27" str="CMD_RJCT_UNARM"/>
    <pair key="0x28" str="CMD_RJCT_ENGINE"/>
    <pair key="0x29" str="CMD_RJCT_ARGNUM"/>
    <pair key="0x2A" str="CMD_RJCT_NULL"/>
    <pair key="0x2B" str="CMD_RJCT_RANGE"/>
    <pair key="0x2C" str="CMD_RJCT_MODE"/>
    <pair key="0x2D" str="CMD_RJCT_BUSY"/>
    <pair key="0x2E" str="CMD_NO_CMD_YET"/>

    <!-- Group 3: Quickboot and memory initialization (routine & errors) -->
    <pair key="0x30" str="QBOOT_ST_CHANGE"/>
    <pair key="0x31" str="QBOOT_HALTED"/>
    <pair key="0x32" str="QBOOT_ALRDY_IDLE"/>
    <pair key="0x33" str="QBOOT_MEM_BUSY"/>
    <pair key="0x3A" str="REGION_OFF_DIE"/>
    <pair key="0x3B" str="INIT_FLASH_FOUND"/>
    <pair key="0x3C" str="LOAD_OFF_DIE"/>
    <pair key="0x3D" str="MEMINIT_OBJ_MISS"/>
    <pair key="0x3E" str="FIXED_INVLD_FTBL"/>
    <pair key="0x3F" str="INIT_CKSUM_MISMT"/>

    <!-- Group 4: Memory (routine & errors, overflow) -->
    <pair key="0x40" str="UERR_SCI_DATA"/>
    <pair key="0x41" str="LISTED_CATALOGS"/>
    <pair key="0x42" str="MAKE_CATALOG_ERR"/>
    <pair key="0x43" str="SCI_DATA_DROPPED"/>
    <pair key="0x44" str="FEWER_SCI_BLOCKS"/>
    <pair key="0x45" str="COPYTO_NO_HALT"/>
    <pair key="0x46" str="AUTOSAVE_ERR"/>
    <pair key="0x47" str="RECOVR_MODE_RST"/>
    <pair key="0x48" str="RECOVR_OPER_RST"/>
    <pair key="0x49" str="ANALYZE_ERROR"/>
    <pair key="0x4A" str="BOTH_MIRROR_BAD"/>
    <pair key="0x4B" str="FOUND_SCI_DATA"/>
    <pair key="0x4C" str="MEM_QUEUE_RJCT"/>
    <pair key="0x4D" str="MEM_COLLAB_START"/>
    <pair key="0x4E" str="MEM_COLLAB_SUCC"/>
    <pair key="0x4F" str="MEM_COLLAB_FAIL"/>

    <!-- Group 5: Memory (errors) -->
    <pair key="0x50" str="REBUILD_SUMMARY"/>
    <pair key="0x51" str="CKSUM_MISMATCH"/>
    <pair key="0x52" str="MISMATCH_REBUILT"/>
    <pair key="0x53" str="FLASH_DIE_UNUSED"/>
    <pair key="0x54" str="NO_CHANGE_NVFSW3"/>
    <pair key="0x55" str="FLASH_DRIVER_ERR"/>
    <pair key="0x56" str="OPERATION_FAILED"/>
    <pair key="0x57" str="FOUND_BAD_BLOCK"/>
    <pair key="0x58" str="FLASH_UERR"/>
    <pair key="0x59" str="FLASH_CERR"/>
    <pair key="0x5A" str="BAD_MEM_CLEANUP"/>
    <pair key="0x5B" str="FLASH_DRIVER_ERR"/>
    <pair key="0x5C" str="MEM_OBJ_MISSING"/>
    <pair key="0x5D" str="BAD_MODE_EXIT"/>
    <pair key="0x5E" str="BAD_OPER_EXIT"/>
    <pair key="0x5F" str="SHUFFLE_ERROR"/>

    <!-- Group 6: Memory (routine) -->
    <pair key="0x60" str="MEM_OP_QUEUED"/>
    <pair key="0x61" str="MEM_FLASH_FOUND"/>
    <pair key="0x62" str="MEM_OP_HALTED"/>
    <pair key="0x63" str="MEM_OP_START"/>
    <pair key="0x64" str="MEM_OP_DONE"/>
    <pair key="0x65" str="MEM_OP_WORKING"/>
    <pair key="0x66" str="MEM_OP_SETUP"/>
    <pair key="0x67" str="MEM_OP_RUNNING"/>
    <pair key="0x68" str="DIR_RD_DONE"/>
    <pair key="0x69" str="DIR_WR_DONE"/>
    <pair key="0x6A" str="MEM_STATE_CHG"/>
    <pair key="0x6B" str="MEM_ALRDY_IDLE"/>
    <pair key="0x6C" str="LOAD_SPILLOVER"/>
    <pair key="0x6D" str="MEM_GOT_PARAM"/>
    <pair key="0x6E" str="CKSUM_MATCH"/>
    <pair key="0x6F" str="SHUFFLE_STATE"/>

    <!-- Group 7: Autonomy (routine) -->
    <pair key="0x70" str="SHUFFLE_DONE"/>
    <pair key="0x71" str="FAIL_ADD_FETCH"/>
    <pair key="0x72" str="POP_FETCH_TBL"/>
    <pair key="0x73" str="RECONCILED_FT"/>

    <!-- Group 8: Autonomy (mostly errors) -->
    <pair key="0x80" str="IBRAM_WDOG"/>
    <pair key="0x81" str="DBRAM_WDOG"/>
    <pair key="0x82" str="SRAM_WDOG"/>
    <pair key="0x83" str="EXCEPTION_WDOG"/>
    <pair key="0x84" str="PROC_RST_WDOG"/>
    <pair key="0x85" str="HTR_TEMP_FAULTLO"/>
    <pair key="0x86" str="HTR_TEMP_FAULTHI"/>
    <pair key="0x87" str="HV_CURRENT_FAULT"/>
    <pair key="0x88" str="HV_STATE_CHANGE"/>
    <pair key="0x89" str="HV_STATE_TOF_ON"/>
    <pair key="0x8A" str="HV_VOTING_FAILED"/>
    <pair key="0x8B" str="HV_MMR_MISMATCH"/>
    <pair key="0x8C" str="HV_BAD_STPT_MAX"/>
    <pair key="0x8D" str="ANA_HK_FAULTLO"/>
    <pair key="0x8E" str="ANA_HK_FAULTHI"/>
    <pair key="0x8F" str="HV_OSCIL_FAULT"/>

    <!-- Group 9: Upkeep (routine) -->
    <pair key="0x90" str="BOOT2OPER"/>
    <pair key="0x91" str="POR_RST"/>
    <pair key="0x92" str="CMD_RST"/>
    <pair key="0x93" str="BOOT_HELLO"/>
    <pair key="0x94" str="OPER_HELLO"/>
    <pair key="0x95" str="HTR_INIT_BOOT"/>
    <pair key="0x96" str="HTR_ENA"/>
    <pair key="0x97" str="HTR_DIS"/>
    <pair key="0x98" str="MODE_CHANGE"/>
    <pair key="0x99" str="TOOK_DWELL_DATA"/>
    <pair key="0x9A" str="DWELL_COMPLETE"/>
    <pair key="0x9F" str="HAPPY_GOODBYE"/>

    <!-- Group A: Upkeep (errors) -->
    <pair key="0xA0" str="DUBIOUS_GOODBYE"/>
    <pair key="0xA1" str="UPK_PROC_RST"/>
    <pair key="0xA2" str="UPK_WDOG_RST"/>
    <pair key="0xA3" str="UPK_UNKWN_RST"/>
    <pair key="0xA4" str="UPK_BOOT_ERR"/>

    <!-- Group B: Available for future use -->

    <!-- Group C: Science (routine) -->
    <pair key="0xC0" str="SCI_STATE"/>
    <pair key="0xC1" str="MEM_COLLAB_DONE"/>
    <pair key="0xC4" str="SCI_DONE"/>
    <pair key="0xC5" str="SCI_SPI_WRITE"/>
    <pair key="0xC6" str="SCI_EVENT_ID"/>
    <pair key="0xC7" str="SCI_CAT_FULL"/>
    <pair key="0xC8" str="SCI_PROCESS_EVT"/>
    <pair key="0xC9" str="SCI_PARSE_CHAN"/>
    <pair key="0xCA" str="SCI_PARSE_PAGE"/>
    <pair key="0xCB" str="SCI_PARSE_SQRL"/>
    <pair key="0xCC" str="SCI_DATA"/>
    <pair key="0xCD" str="SCI_SNDEVT_ST"/>
    <pair key="0xCE" str="SCI_SNDEVT_AID"/>
    <pair key="0xCF" str="SCI_SPI_READ"/>

    <!-- Group D: Science (errors) -->
    <pair key="0xD0" str="SCI_CLK_FAIL"/>
    <pair key="0xD1" str="SCI_TASK_STATE"/>
    <pair key="0xD2" str="SCI_PARSE_STATE"/>
    <pair key="0xD3" str="SCI_PARSE_SIZE"/>
    <pair key="0xD4" str="SCI_PARSE_HDR"/>
    <pair key="0xD5" str="SCI_PARSE_END"/>
    <pair key="0xD6" str="SCI_PARSE_EVT"/>
    <pair key="0xD7" str="SCI_SND_STATE"/>
    <pair key="0xD8" str="SCI_SND_CHAN"/>
    <pair key="0xD9" str="SCI_PWR_ERR"/>
    <pair key="0xDA" str="SCI_FSW_HDR"/>
    <pair key="0xDB" str="ALLOC_EXHAUSTED"/>
    <pair key="0xDC" str="SCI_AID_USED"/>

    <!-- Group E: Sequence (routine & errors) -->
    <pair key="0xE0" str="SEQ_STATE_CHANGE"/>
    <pair key="0xE1" str="SEQ_RESUME"/>
    <pair key="0xE2" str="SEQ_TERM_AT_IDLE"/>
    <pair key="0xE3" str="SEQ_PAUSE_IDLE"/>
    <pair key="0xE4" str="SEQ_PAUSE_STALE"/>
    <pair key="0xE5" str="SEQ_BUF_VERIFIED"/>
    <pair key="0xE6" str="SEQ_ABRT_UNCLEAN"/>
    <pair key="0xE7" str="SEQ_BUF_LEN_ERR"/>
    <pair key="0xE8" str="SEQ_ERROR_STOP"/>
    <pair key="0xE9" str="SUBSEQ_CALL_SUB"/>
    <pair key="0xEA" str="SEQ_BAD_STATE"/>
    <pair key="0xEB" str="SEQ_ERR_NO_SEQ"/>
    <pair key="0xEC" str="SEQ_RECURSE_CALL"/>
    <pair key="0xED" str="SEQ_BUF_NOT_LOAD"/>
    <pair key="0xEE" str="SEQ_BAD_CKSUM"/>
    <pair key="0xEF" str="SEQ_CMD_SUCC"/>

    <!-- Group F: Sequence (fault-handling and overflow) -->
		<pair key="0xF0" str="FAULT_EXCESS"/>
		<pair key="0xF1" str="FAULT_RESP_STRT"/>
		<pair key="0xF2" str="FAULT_INTERRUPT"/>
		<pair key="0xF3" str="FAULT_FAIL"/>
		<pair key="0xF4" str="FAULT_IGNORED"/>
		<pair key="0xF5" str="MODE_RESP_STRT"/>
		<pair key="0xF6" str="MODE_RESP_FAIL"/>
		<pair key="0xF7" str="MODE_RESP_BUSY"/>
		<pair key="0xF8" str="SUSPEND_DONE"/>
		<pair key="0xF9" str="ALREADY_ERASED"/>
    <pair key="0xFF" str="ENTRY_ID_INVAL"/>  <!-- For testing only -->
  </dictionary>

  <!-- Display message for event window, all caps for errors so they stand out -->
  <dictionary name="eventMsgDictionary">
    <!-- Group 0: DES (routine & errors) -->
    <pair key="0x08" str="DES postmortem log initialized"/>
    <pair key="0x0A" str="DES task execution started"/>
    <pair key="0x0B" str="DES INVALID DES SLICE, INVALID ID=0x%02x%02x%02x%02x"/>
    <pair key="0x0C" str="DES PERFMON ASKED TO ADD INVALID ENTRY, TASK ID=0x%02x%02x, SLICE=0x%02x%02x"/>
    <pair key="0x0D" str="DES PERFMON SUSPICIOUS DURATION, TASK=0x%02x%02x, SLICE=0x%02x%02x"/>
    <pair key="0x0E" str="DES TASK OVERRUN, START:END SLICE=0x%02x:%02x, TASK ID=%02x"/>
    <pair key="0x0F" str="DES task execution completed"/>

    <!-- Group 1: Command & telemetry (routine) -->
    <pair key="0x11" str="CMD success (apid=0x%02x%02x, $opCodeLCDictionary(0x%02x%02x))"/>
    <pair key="0x12" str="CMD rx spw received data"/>
    <pair key="0x13" str="CMD ums/ccsds protocol found good on received pkt"/>
    <pair key="0x14" str="CMD processed spacecraft time message"/>
    <pair key="0x15" str="CMD engine arm state expired"/>
    <pair key="0x1E" str="TLM started tlm pkt tx"/>
    <pair key="0x1F" str="TLM STARTING LOOPBACK - EXPECT SPW COMMUNICATION TO CEASE"/>

    <!-- Group 2: Command & telemetry (errors) -->
    <pair key="0x20" str="CMD CRC MISMATCH (DISCARDING), P=0x%02X%02X%02X%02X"/>
    <pair key="0x21" str="CMD LENGTH ERROR ON RX PKT (DISCARDING), P=0x%02X%02X%02X%02X"/>
    <pair key="0x22" str="CMD ERROR WITH UMS HEADER IN RX PKT (DISCARDING),  UMS=0x%02X%02X%02X%02X"/>
    <pair key="0x23" str="CMD SPW LINK TIMEOUT, REINITIALIZING SPW LINK P=0x%02X%02X%02X%02X"/>
    <pair key="0x24" str="CMD ERROR WITH CCSDS HDR IN RX PKT (DISCARDING), CCSDS1=0x%02X%02X%02X%02X"/>
    <pair key="0x25" str="CMD OUT OF BOUNDS LENGTH, hdr field=0x%02X%02X%02X%02X"/>
    <pair key="0x26" str="CMD UNKNOWN, ENG=$cmdEngineDictionary(%02x%02x), OPCODE=0x%02X%02X"/>
    <pair key="0x27" str="CMD RJCT UNARM, ENG=$cmdEngineDictionary(%02x), $sudaModeDictionary(%02x), $opCodeDictionary(0x%02x%02x)"/>
    <pair key="0x28" str="CMD RJCT ENGINE, ENG=$cmdEngineDictionary(%02x), $sudaModeDictionary(%02x), $opCodeDictionary(0x%02x%02x)"/>
    <pair key="0x29" str="CMD RJCT ARG#, ENG=$cmdEngineDictionary(%02x), $sudaModeDictionary(%02x), $opCodeDictionary(0x%02x%02x)"/>
    <pair key="0x2A" str="CMD RJCT NULL, ENG=$cmdEngineDictionary(%02x), $sudaModeDictionary(%02x), $opCodeDictionary(0x%02x%02x)"/>
    <pair key="0x2B" str="CMD RJCT RANGE, ENG=$cmdEngineDictionary(%02x), $sudaModeDictionary(%02x), $opCodeDictionary(0x%02x%02x)"/>
    <pair key="0x2C" str="CMD RJCT MODE, ENG=$cmdEngineDictionary(%02x), $sudaModeDictionary(%02x), $opCodeDictionary(0x%02x%02x)"/>
    <pair key="0x2D" str="CMD RJCT BUSY, PARAM=0x%02x%02x%02x%02x"/>
    <pair key="0x2E" str="CMD REDUCED VALIDATION CRITERIA, PARAM=0x%02x%02x%02x%02x"/>

    <!-- Group 3: Quickboot and memory initialization (routine & errors) -->
    <pair key="0x30" str="QBT state change: $qbootStateDictionary(%02x%02x)==>$qbootStateDictionary(%02x%02x)"/>
    <pair key="0x31" str="QBT quickboot halted"/>
    <pair key="0x32" str="QBT quickboot halted, but already idle"/>
    <pair key="0x33" str="QBT unexpected memory busy state while quickbooting"/>
    <pair key="0x3A" str="QBT FT REPORTS OBJECT IN OFF DIE, PARAM=0x%02x%02x%02x%02x"/>
    <pair key="0x3B" str="QBT loaded $regionLCDictionary(0x%02x%02x) from block 0x%02x%02x"/>
    <pair key="0x3C" str="QBT LOADED $regionDictionary(0x%02x%02x) FROM OFF DIE, BLOCK=0x%02x%02x"/>
    <pair key="0x3D" str="QBT OBJECT MISSING INIT! PARAM=%02x%02x%02x%02x"/>
    <pair key="0x3E" str="QBT FOUND INVALID FT ENTRIES INIT, CNT=%02x%02x%02x%02x"/>
    <pair key="0x3F" str="MEM CKSUM MISMATCH FOUND DURING INIT, PARAM=0x%02x%02x%02x%02x"/>

    <!-- Group 4: Memory (routine & errors, overflow) -->
    <pair key="0x40" str="MEM UNCORRECTABLE EDAC ERR IN SCI DATA, BLOCK=0x%02x%02x PAGE=0x%02x%02x"/>  
    <pair key="0x41" str="MEM listed catalogs done, catalog count=0x%02x%02x%02x%02x"/>  
    <pair key="0x42" str="MEM ERROR CREATING OR SAVING CATALOG, PARAM=0x%02x%02x%02x%02x"/>  
    <pair key="0x43" str="MEM SCI DATA FILLED RESERVED MEMORY, REST DROPPED, ErrStatReg=0x%02x%02x%02x"/>  
    <pair key="0x44" str="MEM only 0x%02x%02x blocks reserved out of 0x%02x%02x requested"/>  
    <pair key="0x45" str="MEM allowing copyto glash operation to complete before halting, param=0x%02x%02x%02x%02x"/>
    <pair key="0x46" str="MEM AUTO-SAVE ERROR $memOpDictionary(%02x) $regionDictionary(0x%02x) PARAM=0x%02x CODE=0x%02x"/>
    <pair key="0x47" str="MEM FOUND RESET DURING CORRUPTION SENSITIVE MODE, P=0x%02x%02x%02x%02x"/>
    <pair key="0x48" str="MEM FOUND RESET DURING CORRUPTION SENSITIVE MEM OPER, P=0x%02x%02x%02x%02x"/>
    <pair key="0x49" str="MEM FLASH BLOCK ANALYSIS FAILURE, Block=0x%02x%02x ERROR=0x%02x%02x"/>
    <pair key="0x4A" str="MEM BOTH MIRRORED BLOCKS FOUND BAD AT SAME TIME, PARAM=0x%02x%02x%02x%02x"/>
    <pair key="0x4B" str="MEM cleanup found sci data, blocks empty=0x%02x%02x, blocks w/data=0x%02x%02x"/>
    <pair key="0x4C" str="MEM QUEUED MEM CMD REJECTED, PARAM=0x%02x%02x%02x%02x"/>
    <pair key="0x4D" str="MEM collaboration started, $memCollabDictionary(%02x), param=0x%02x%02x%02x"/>
    <pair key="0x4E" str="MEM collaboration succeeded, $memCollabDictionary(%02x), param=0x%02x%02x%02x"/>
    <pair key="0x4F" str="MEM MEMORY COLLABORATION FAILED, $memCollabCAPSDictionary(%02x), PARAM=0x%02x%02x%02x"/>

    <!-- Group 5: Memory (errors) -->
    <pair key="0x50" str="MEM REBUILD ERROR SUMMARY, PARAM=0x%02x%02x%02x%02x"/>
    <pair key="0x51" str="MEM CKSUM MISMATCH FOR OBJECT, PARAM=0x%02x%02x%02x%02x"/>
    <pair key="0x52" str="MEM REBUILT MISMATCHED FT ENTRY, PARAM=0x%02x%02x%02x%02x"/>
    <pair key="0x53" str="MEM FLASH DIE UNPOWERED, PARAM=0x%02x%02x%02x%02x"/>
    <pair key="0x54" str="MEM REJECT MODIFY NVFSW3, PARAM=0x%02x%02x%02x%02x"/>
    <pair key="0x55" str="MEM UNEXPECTED FLASH ERROR, PARAM=0x%02x%02x%02x%02x"/>
    <pair key="0x56" str="MEM OPERATION FAILED, PARAM=0x%02x%02x%02x%02x"/>
    <pair key="0x57" str="MEM FOUND BAD BLOCK, BLOCK=0x%02x%02x ERRTYPE=%02x OLDSTATE=%02x"/>
    <pair key="0x58" str="MEM FLASH UErr FOUND, PARAM=0x%02x%02x%02x%02x"/>
    <pair key="0x59" str="MEM FLASH CErr FOUND, PARAM=0x%02x%02x%02x%02x"/>
    <pair key="0x5A" str="MEM BAD CLEANUP STATE P=%02x%02x%02x%02x"/>
    <pair key="0x5B" str="MEM FLASH DRIVER ERROR P=%02x%02x%02x%02x"/>
    <pair key="0x5C" str="MEM OBJECT MISSING! REGION=$regionDictionary(0x%02x%02x), BLOCK=%02x%02x"/>
    <pair key="0x5D" str="MEM FOUND CORRUPTION-SENSITIVE MODE EXITED ABNORMALLY"/>
    <pair key="0x5E" str="MEM FOUND CORRUPTION-SENSITIVE MEM OPER EXITED ABNORMALLY"/>
    <pair key="0x5F" str="MEM SHUFFLE OPER ERROR, STATE=0x%02x%02x BLOCK=0x%02x%02x"/>

    <!-- Group 6: Memory (routine) -->
    <pair key="0x60" str="MEM operation queued, $memOpLCDictionary(0x%02x%02x) $regionLCDictionary(0x%02x%02x)"/>
    <pair key="0x61" str="MEM found $regionLCDictionary(0x%02x%02x) in block 0x%02x%02x"/>
    <pair key="0x62" str="MEM operation halted"/>
    <pair key="0x63" str="MEM memory operation started"/>
    <pair key="0x64" str="MEM $memOpLCDictionary(0x%02x) $regionLCDictionary(0x%02x) complete, duration=0x%02x%02x"/>
    <pair key="0x65" str="MEM operation working P=0x%02x%02x%02x%02x"/>
    <pair key="0x66" str="MEM operation setup P=0x%02x%02x%02x%02x"/>
    <pair key="0x67" str="MEM operation running P=0x%02x%02x%02x%02x"/>
    <pair key="0x68" str="MEM exec raw read, value=0x%02x%02x%02x%02x"/>
    <pair key="0x69" str="MEM exec raw write, addr=0x%02x%02x%02x%02x"/>
    <pair key="0x6A" str="MEM state change: Transition $memStateLCDictionary(0x%02x%02x) &#60;== $memStateLCDictionary(0x%02x%02x)"/>
    <pair key="0x6B" str="MEM got halt but already idle"/>
    <pair key="0x6C" str="MEM load command spillover, Offset8=0x%05x Len8=%03x"/>
    <pair key="0x6D" str="MEM got param cmd received and executed, param=0x%02x%02x%02x%02x"/>
    <pair key="0x6E" str="MEM checksum matched expected"/>
    <pair key="0x6F" str="MEM shuffle state change: Transition 0x%02x%02x &#60;== 0x%02x%02x"/>

    <!-- Group 7: Memory (overflow) -->
    <pair key="0x70" str="MEM shuffle complete, param=0x%02x%02x%02x%02x"/>
    <pair key="0x71" str="MEM FETCH TABLE FAILED TO ADD, param=0x%02x%02x%02x%02x"/>
    <pair key="0x72" str="MEM popped fetch table entry, param=0x%02x%02x%02x%02x"/>
    <pair key="0x73" str="MEM reconciled Flash Table, number entries fixed=0x%02x%02x%02x%02x"/>

    <!-- Group 8: Autonomy (mostly errors) -->
    <pair key="0x80" str="AUT IBRAM EDAC MERR DETECTED (WDOG RESET LIKELY), P=0x%02x%02x%02x%02x"/>
    <pair key="0x81" str="AUT DBRAM EDAC MERR DETECTED (WDOG RESET LIKELY), P=0x%02x%02x%02x%02x"/>
    <pair key="0x82" str="AUT SRAM EDAC MERR DETECTED (WDOG RESET LIKELY), P=0x%02x%02x%02x%02x"/>
    <pair key="0x83" str="AUT CAUSING WDOG RESET DUE TO PROCESSOR EXCEPTION, P=0x%02x%02x%02x%02x"/>
    <pair key="0x84" str="AUT CAUSING WDOG RESET DUE TO PROCESSOR-ONLY RESET, P=0x%02x%02x%02x%02x"/>
    <pair key="0x85" str="AUT OPHTR TEMP IS FAULT LO, heater=$htrSelMulti32Dictionary(0x%02x%02x) temp=0x%02x%02x"/>
    <pair key="0x86" str="AUT OPHTR TEMP IS FAULT HI, heater=$htrSelMulti32Dictionary(0x%02x%02x) temp=0x%02x%02x"/>
    <pair key="0x87" str="AUT HVPS DET CURRENT TOO HIGH FAULT I=0x%02x%02x Limit=0x%02x%02x"/>
    <pair key="0x88" str="AUT hvps state changed to $hvStateDictionary(0x%02x%02x%02x%02x)"/>
    <pair key="0x89" str="AUT TOF ADCS ON BUT HVPS CHANGED, HVPS TRNASITIONSED $hvStateDictionary(%02x) TO $hvStateDictionary(%02x), ADC0=0x%02x, ADC1=0x%02x"/>
    <pair key="0x8A" str="AUT HVPS TRIPLE-VOTING FAILED, $hvMmrMismatchDictionary(0x%02x%02x%02x%02x)"/>
    <pair key="0x8B" str="AUT HVPS FPGA MMR FAILS LAST WRITTEN VALUE CHECK, P=0x%02x%02x $hvMmrMismatchDictionary(0x%02x%02x)"/>
    <pair key="0x8C" str="AUT HVPS SETPOINT (0x%02x%02x) GREATER THAN MAX (0x%02x%02x)"/>
    <pair key="0x8D" str="AUT ANALOG HK(0x%02x%02x) 0x%02x%02x IS FAULT LO"/>
    <pair key="0x8E" str="AUT ANALOG HK(0x%02x%02x) 0x%02x%02x IS FAULT HI"/>
    <pair key="0x8F" str="AUT HVPS SENSOR OSCILLATOR FAULT, P=0x%02x%02x%02x%02x"/>

    <!-- Group 9: Upkeep (routine) -->
    <pair key="0x90" str="UPK transition from %2x $sudaModeLCDictionary(%d) to %2x $sudaModeLCDictionary(%d)"/>
    <pair key="0x91" str="UPK power-on reset, P=0x%02x%02x%02x%02x"/>
    <pair key="0x92" str="UPK commanded reset, P=0x%02x%02x%02x%02x"/>
    <pair key="0x93" str="UPK boot fsw says hello, version=%02x.%02x.%02x%02x"/>
    <pair key="0x94" str="UPK oper fsw says hello, version=%02x.%02x.%02x%02x"/>
    <pair key="0x95" str="UPK initialized op heater settings in BootFSW"/>
    <pair key="0x96" str="UPK enabled op heater"/>
    <pair key="0x97" str="UPK disabled op heater"/>
    <pair key="0x98" str="UPK mode changed from $sudaModeLCDictionary(0x%02x%02x) to $sudaModeLCDictionary(0x%02x%02x)"/>
    <pair key="0x99" str="UPK analog dwell measurement recorded"/>
    <pair key="0x9A" str="UPK analog dwell completed"/>
    <pair key="0x9F" str="UPK csci change imminent to $sudaModeLCDictionary(0x%02x%02x%02x%02x) - goodbye"/>

    <!-- Group A: Upkeep (errors) -->
    <pair key="0xA0" str="UPK RESET IMMINENT TO $sudaModeDictionary(0x%02x%02x%02x%02x) - DUBIOUS GOODBYE!"/>
    <pair key="0xA1" str="UPK PROCESSOR ONLY RESET, P=0x%02x%02x%02x%02x"/>
    <pair key="0xA2" str="UPK WATCHDOG RESET, P=0x%02x%02x%02x%02x"/>
    <pair key="0xA3" str="UPK UNKNOWN RESET, P=0x%02x%02x%02x%02x"/>
    <pair key="0xA4" str="UPK BOOT STATUS ERROR, P=0x%02x%02x%02x%02x"/>

    <!-- Group B: Available for future use -->

    <!-- Group C: Science (routine) -->
    <pair key="0xC0" str="SCI state change: $sciState16Dictionary(0x%02x%02x) ==&#62; $sciState16Dictionary(0x%02x%02x)"/>
    <pair key="0xC1" str="SCI collab $memCollabDictionary(%02x%02x) is $memCollabStatLCDictionary(%02x%02x)"/>
    <pair key="0xC4" str="SCI science activity completed: $sciState16Dictionary(0x%02x%02x%02x%02x)"/>
    <pair key="0xC5" str="SCI process channel: $sciChannel16Dictionary(0x%02x%02x) val (0x%02x%02x)"/>
    <pair key="0xC6" str="SCI event trigger (0x%02x%02x) id (0x%02x%02x)"/>
    <pair key="0xC7" str="SCI process cat full AID (0x%02x%02x) count (0x%02x%02x)"/>
    <pair key="0xC8" str="SCI process event id (0x%02x%02x) Category (0x%02x%02x)"/>
    <pair key="0xC9" str="SCI parse channel: $sciChannel16Dictionary(0x%02x%02x) size (0x%02x%02x)"/>
    <pair key="0xCA" str="SCI parse page: (0x%02x%02x%02x%02x)"/>
    <pair key="0xCB" str="SCI transmit: id (0x%02x%02x) cat (0x%02x) content (0x%02x)"/>
    <pair key="0xCC" str="SCI data: (0x%02x%02x%02x%02x)"/>
    <pair key="0xCD" str="SCI send event state: $sciSndEvtSt16Dictionary(0x%02x%02x) to $sciSndEvtSt16Dictionary(0x%02x%02x)"/>
    <pair key="0xCE" str="SCI Send AID (0x%02x%02x) event id (0x%02x%02x)"/>
    <pair key="0xCF" str="SCI spi read: adc (0x%02x) addr (0x%02x) value (0x%02x%02x)"/>

    <!-- Group D: Science (errors) -->
    <pair key="0xD0" str="SCI CLOCK TRAINING FAILED: Size (0x%02x%02x) retry (0x%02x%02x)"/>
    <pair key="0xD1" str="SCI TASK STATE ERROR: $sciState16Dictionary(0x%02x%02x) ==&#62; $sciState16Dictionary(0x%02x%02x)"/>
    <pair key="0xD2" str="SCI PARSE STATE ERROR: (0x%02x%02x) (0x%02x%02x)"/>
    <pair key="0xD3" str="SCI PARSE SIZE ERROR: channel (0x%02x%02x) size (0x%02x%02x)"/>
    <pair key="0xD4" str="SCI PARSE HEADER SIZE ERROR: packetlen (0x%02x%02x) block size (0x%02x%02x)"/>
    <pair key="0xD5" str="SCI PARSE END ERROR: STATE $sciState16Dictionary(0x%02x%02x) root (0x%02x%02x)"/>
    <pair key="0xD6" str="SCI PARSE EVENT ERROR: page (0x%02x%02x) id (0x%02x%02x)"/>
    <pair key="0xD7" str="SCI SEND STATE ERROR: STATE (0x%02x%02x%02x%02x)"/>
    <pair key="0xD8" str="SCI SEND CHANNEL ERROR: CHANNEL (0x%02x%02x%02x%02x)"/>
    <pair key="0xD9" str="SCI ADC POWER ERROR: exp $enaDis32Dictionary(0x%02x) act $enaDis32Dictionary(0x%02x) chan $sciChannel16Dictionary(0x%02x%02x)"/>
    <pair key="0xDA" str="SCI FSW HEADER ERRPR: index (0x%02x%02x%02x%02x)"/>
    <pair key="0xDB" str="SCI BDS ALLOCATION EXHAUSTED: REMAINING=%d"/>
    <pair key="0xDC" str="SCI AID ALREADY PRESENT: AID=0x%02x%02x%02x%02x"/>

    <!-- Group E: Sequence (routine & errors) -->
    <pair key="0xE0" str="SEQ engine has changed state, eng=seqEngineDictionary(0x%02x) was=$seqEngineStateDictionary(0x%02x) is=$seqEngineStateDictionary(%02x) 0x%02x"/>
    <pair key="0xE1" str="SEQ got resume command when not paused, eng=$seqEngineDictionary(0x%02x%02x) state=$seqEngineStateDictionary(0x%02x%02x)"/>
    <pair key="0xE2" str="SEQ got terminate command when already idle, eng=$seqEngineDictionary(0x%02x%02x) state=$seqEngineStateDictionary(0x%02x%02x)"/>
    <pair key="0xE3" str="SEQ got pause command when already idle, eng=$seqEngineDictionary(0x%02x%02x) state=$seqEngineStateDictionary(0x%02x%02x)"/>
    <pair key="0xE4" str="SEQ GOT PAUSE COMMAND WHEN STALE, eng=$seqEngineDictionary(0x%02x%02x) state=$seqEngineStateDictionary(0x%02x%02x)"/>
    <pair key="0xE5" str="SEQ buffer successfully verified, buf=$seqBufferDictionary(0x%02x%02x%02x%02x)"/>
    <pair key="0xE6" str="SEQ ABORTED BUT CANNOT CLEANUP, ENG=$seqEngineDictionary(0x%02x%02x) BUF=$seqBufferDictionary(0x%02x%02x)"/>
    <pair key="0xE7" str="SEQ BUF LENGTH ERROR: BUFLEN=0x%02x%02x%02x%02x"/>
    <pair key="0xE8" str="SEQ ENGINE STOPPED DUE TO ERROR, ENG=$seqEngineDictionary(0x%02x) STATE=$seqEngineStateDictionary(0x%02x) STOPCODE=$seqEngStopCodeDictionary(0x%02x) 0x%02x"/>
    <pair key="0xE9" str="SEQ ATTEMPTED TO CALL SUBSEQ WHILE ALREADY IN SUBSEQ, eng=$seqEngineDictionary(0x%02x%02x) state=$seqEngineStateDictionary(0x%02x%02x)"/>
    <pair key="0xEA" str="SEQ STATE IS UNDEFINED, STOPPING AND GOING TO IDLE, ENG=$seqEngineDictionary(0x%02x%02x) STATE=$seqEngineStateDictionary(0x%02x%02x)"/>
    <pair key="0xEB" str="SEQ ATTEMPTING WORK ON SEQUENCE THAT IS NOT LOADED, ENG=$seqEngineDictionary(0x%02x%02x) STATE=$seqEngineStateDictionary(0x%02x%02x)"/>
    <pair key="0xEC" str="SEQ ATTEMPTED SUBSEQ CALL FROM ONE BUF TO SAME BUF, ENG=$seqEngineDictionary(0x%02x%02x) STATE=$seqEngineStateDictionary(0x%02x%02x)"/>
    <pair key="0xED" str="SEQ ATTEMPTED OPERATION ON UNLOADED BUF, BUF=$seqBufferDictionary(0x%02x%02x%02x%02x)"/>
    <pair key="0xEE" str="SEQ BUF'S CALCULATED CKSUM DOES NOT MATCH HDR, BUF=$seqBufferDictionary(0x%02x%02x%02x%02x)"/>
    <pair key="0xEF" str="SEQ success (len=0x%02x%02x, $opCodeLCDictionary(0x%02x%02x))"/>

    <!-- Group F: Sequence (fault-handling and overflow) -->
    <pair key="0xF0" str="SEQ EXCESS FAULT RESPONSE COUNT: FAULT=$faultSeqDictionary(0x%02x) STATE=$seqState3Dictionary(0x%02x) ENG=$seqEngineStateDictionary(0x%02x) BUFID=0x%02x"/>
    <pair key="0xF1" str="SEQ Start Fault Resp: FAULT=$faultSeqDictionary(0x%02x) STATE=$seqState3Dictionary(0x%02x) ENG=$seqEngineStateDictionary(0x%02x) BUFID=0x%02x"/>
    <pair key="0xF2" str="SEQ Higher Priority Fault: FAULT=$faultSeqDictionary(0x%02x) STATE=$seqState3Dictionary(0x%02x) ENG=$seqEngineStateDictionary(0x%02x) BUFID=0x%02x"/>
    <pair key="0xF3" str="SEQ Fault Verify Fail: FAULT=$faultSeqDictionary(0x%02x) STATE=$seqState3Dictionary(0x%02x) ENG=$seqEngineStateDictionary(0x%02x) BUFID=0x%02x"/>
    <pair key="0xF4" str="SEQ Fault Lower Priority Ignored: FAULT=$faultSeqDictionary(0x%02x) STATE=$seqState3Dictionary(0x%02x) ENG=$seqEngineStateDictionary(0x%02x) BUFID=0x%02x"/>
    <pair key="0xF5" str="SEQ mode trans started: modetrans=$modeTransDictionary(0x%02x) state=$seqEngineStateDictionary(0x%02x) eng=$seqEngineDictionary(0x%02x) BUFID=0x%02x"/>
    <pair key="0xF6" str="SEQ TRANS VERIFY FAIL: MODE=$modeTransDictionary(0x%02x) STATE=$seqEngineStateDictionary(0x%02x) ENG=$seqEngineDictionary(0x%02x) BUFID=0x%02x"/>
    <pair key="0xF7" str="SEQ TRANS IGNORED NOT IDLE: MODE=$modeTransDictionary(0x%02x) STATE=$seqEngineStateDictionary(0x%02x) ENG=$seqEngineDictionary(0x%02x) BUFID=0x%02x"/>
    <pair key="0xF8" str="SEQ suspend complete, eng=$seqEngineDictionary(0x%02x%02x), reason=$seqSuspendEndDictionary(0x%02x%02x)"/>
    <pair key="0xF9" str="SEQ attempted to erase seq but already empty, BUF=$seqBufferDictionary(0x%02x%02x%02x%02x)"/>

    <pair key="0xFE" str="??? INVALID FE, P=0x%02x%02x%02x%02x"/>
    <pair key="0xFF" str="??? INVALID FF, P=0x%02x%02x%02x%02x"/>
  </dictionary>

</hydraDef>



