<!-- SUDA-specific file to define SUDA Telemetry Health and Status Packet -->

<hydraDef>


  <!-- ====================================== -->
  <!-- Health & Status Packet                 -->
  <!-- ====================================== -->

  <frameDef name="suda_stat_hk_frame"><description text="Health and status tlm contents"/>
    <field>
      <!-- Begin: telemetry content and format required by Europa IICD -->

      <!-- Begin: cmdCritTlm_t cmdStat -->

      <itemDef name="SUDA_SSZERO" type="dn16">
        <alias namespace="SUDA" value="ssZero"/>
        <description text="Subsecond value at the time of the tick receipt before it is cleared"/>
      </itemDef>

      <itemDef name="SUDA_INTFTYPE" type="commIntfType">
        <alias namespace="SUDA" value="intfType"/>
        <description text="Declares the communication interface type"/>
      </itemDef>

      <itemDef name="SUDA_SELINTF" type="spwSideType">
        <alias namespace="SUDA" value="selIntf"/>
        <description text="Declares which SpaceWire side is active"/>
      </itemDef>

      <itemDef name="SUDA_BUSY" type="busyStateType">
        <alias namespace="SUDA" value="currBusy"/>
        <description text="Set when SUDA unable to respond to a new command"/>
      </itemDef>

      <itemDef name="SUDA_PANIC" type="panicStateType">
        <alias namespace="SUDA" value="currPanic"/>
        <description text="Significant error condition or illegal state"/>
      </itemDef>

      <itemDef name="SUDA_MODE" type="sudaModeType4">
        <alias namespace="SUDA" value="currMode"/>
        <description text="Current instrument mode"/>
      </itemDef>

      <itemDef name="SUDA_ACPTOV" type="ovrflwStateType">
        <alias namespace="SUDA" value="acptOvrflw"/>
        <description text="Persistent overflow flag for cmd accept counter"/>
      </itemDef>

      <itemDef name="SUDA_ACPTCNT" type="dn7">
        <alias namespace="SUDA" value="acptCnt"/>
        <description text="Command accept count"/>
      </itemDef>

      <itemDef name="SUDA_EXECOV" type="ovrflwStateType">
        <alias namespace="SUDA" value="execOvrflw"/>
        <description text="Persistent overflow flag for cmd execute counter"/>
      </itemDef>

      <itemDef name="SUDA_EXECCNT" type="dn7">
        <alias namespace="SUDA" value="execCnt"/>
        <description text="Command execute count"/>
      </itemDef>

      <itemDef name="SUDA_RJCTOV" type="ovrflwStateType">
        <alias namespace="SUDA" value="rjctOvrflw"/>
        <description text="Persistent overflow flag for cmd reject counter"/>
      </itemDef>

      <itemDef name="SUDA_RJCTCNT" type="dn7">
        <alias namespace="SUDA" value="rjctCnt"/>
        <description text="Command reject count"/>
      </itemDef>

      <itemDef name="SUDA_CMDSEQ1" type="dn5">
        <alias namespace="SUDA" value="cmdSeq1"/>
        <description text="Lowest CCSDS src seq cntr bits for command history buffer entry 1"/>
      </itemDef>

      <itemDef name="SUDA_CMDST1" type="cmdHistoryStateType">
        <alias namespace="SUDA" value="cmdState1"/>
        <description text="State for command history buffer entry 1"/>
      </itemDef>

      <itemDef name="SUDA_CMDOP1" type="opCode16">
        <alias namespace="SUDA" value="cmdOp1"/>
        <description text="Op code for command history buffer entry 1"/>
      </itemDef>

      <itemDef name="SUDA_CMDSEQ2" type="dn5">
        <alias namespace="SUDA" value="cmdSeq2"/>
        <description text="Lowest CCSDS src seq cntr bits for command history buffer entry 2"/>
      </itemDef>

      <itemDef name="SUDA_CMDST2" type="cmdHistoryStateType">
        <alias namespace="SUDA" value="cmdState2"/>
        <description text="State for command history buffer entry 2"/>
      </itemDef>

      <itemDef name="SUDA_CMDOP2" type="opCode16">
        <alias namespace="SUDA" value="cmdOp2"/>
        <description text="Op code for command history buffer entry 2"/>
      </itemDef>

      <itemDef name="SUDA_CMDSEQ3" type="dn5">
        <alias namespace="SUDA" value="cmdSeq3"/>
        <description text="Lowest CCSDS src seq cntr bits for command history buffer entry 3"/>
      </itemDef>

      <itemDef name="SUDA_CMDST3" type="cmdHistoryStateType">
        <alias namespace="SUDA" value="cmdState3"/>
        <description text="State for command history buffer entry 3"/>
      </itemDef>

      <itemDef name="SUDA_CMDOP3" type="opCode16">
        <alias namespace="SUDA" value="cmdOp3"/>
        <description text="Op code for command history buffer entry 3"/>
      </itemDef>

      <itemDef name="SUDA_CMDSEQ4" type="dn5">
        <alias namespace="SUDA" value="cmdSeq4"/>
        <description text="Lowest CCSDS src seq cntr bits for command history buffer entry 4"/>
      </itemDef>

      <itemDef name="SUDA_CMDST4" type="cmdHistoryStateType">
        <alias namespace="SUDA" value="cmdState4"/>
        <description text="State for command history buffer entry 4"/>
      </itemDef>

      <itemDef name="SUDA_CMDOP4" type="opCode16">
        <alias namespace="SUDA" value="cmdOp4"/>
        <description text="Op code for command history buffer entry 4"/>
      </itemDef>

      <itemDef name="SUDA_CMDSEQ5" type="dn5">
        <alias namespace="SUDA" value="cmdSeq5"/>
        <description text="Lowest CCSDS src seq cntr bits for command history buffer entry 5"/>
      </itemDef>

      <itemDef name="SUDA_CMDST5" type="cmdHistoryStateType">
        <alias namespace="SUDA" value="cmdState5"/>
        <description text="State for command history buffer entry 5"/></itemDef>

      <itemDef name="SUDA_CMDOP5" type="opCode16">
        <alias namespace="SUDA" value="cmdOp5"/>
        <description text="Op code for command history buffer entry 5"/></itemDef>

      <itemDef name="SUDA_SPWERROV" type="ovrflwStateType">
        <alias namespace="SUDA" value="spwErrOvrflw"/>
        <description text="Persistent overflow flag for SpW error counter"/></itemDef>

      <itemDef name="SUDA_SPWERRCNT" type="dn7">
        <alias namespace="SUDA" value="spwErrCnt"/>
        <description text="Command SpW error count"/></itemDef>

      <itemDef name="SUDA_CLIPPERHDRSP" type="dn16"><alias namespace="SUDA" value="CLIPPERHDRSP"/>
        <description text="Spare bits required by the IICD"/></itemDef>
      <!-- End: telemetry content and format required by Europa IICD -->

      <itemDef name="SUDA_RXTICKNUM" type="dn8"><alias namespace="SUDA" value="RXTICKNUM"/>
        <description text="Rx Tick Number register"/></itemDef>
      <itemDef name="SUDA_AUTORATECFG" type="enaDis"><alias namespace="SUDA" value="AUTORATECFG"/>
        <description text="Configuration of SpW auto-rate change"/></itemDef>
      <itemDef name="SUDA_SPWLINKSP" type="dn2"><alias namespace="SUDA" value="SPWLINKSP"/>
        <description text="Spare bits for SpW component"/></itemDef>
      <itemDef name="SUDA_RXFIFOCLRQ" type="yesNo"><alias namespace="SUDA" value="RXFIFOCLRQ"/>
        <description text="Latched RxFIFO clear history"/></itemDef>
      <itemDef name="SUDA_LINKDOWNQ" type="errOkay"><alias namespace="SUDA" value="LINKDOWNQ"/>
        <description text="Latched link down history"/></itemDef>
      <itemDef name="SUDA_RXFIFOCLR" type="yesNo"><alias namespace="SUDA" value="RXFIFOCLR"/>
        <description text="RxFIFO cleared due to init/reinit"/></itemDef>
      <itemDef name="SUDA_PRSELECT" type="secPri"><alias namespace="SUDA" value="SPW_PRSELECT"/>
        <description text="SpaceWire Primary/Redundant is currently active"/></itemDef>
      <itemDef name="SUDA_SPWLINKDOWN" type="errOkay"><alias namespace="SUDA" value="SPWLINKDOWN"/>
        <description text="SpaceWire Link down"/></itemDef>
      <itemDef name="SUDA_GOTNULL" type="yesNo"><alias namespace="SUDA" value="GOTNULL"/>
        <description text="SpaceWire Null character received"/></itemDef>
      <itemDef name="SUDA_GOTFCT" type="yesNo"><alias namespace="SUDA" value="GOTFCT"/>
        <description text="SpaceWire Flow control character received"/></itemDef>
      <itemDef name="SUDA_GOTDATA" type="yesNo"><alias namespace="SUDA" value="GOTDATA"/>
        <description text="SpaceWire Data character received"/></itemDef>
      <itemDef name="SUDA_LINKSTATE" type="linkStateType"><alias namespace="SUDA" value="LINKSTATE"/>
        <description text="SpaceWire Link state machine"/></itemDef>
      <itemDef name="SUDA_GOTESCERR" type="yesNo"><alias namespace="SUDA" value="GOTESCERR"/>
        <description text="SpaceWire Escape error character received"/></itemDef>
      <itemDef name="SUDA_PARITYCNT" type="dn3"><alias namespace="SUDA" value="PARITYCNT"/>
        <description text="Counts odd SpaceWire parity errors (no rollover)"/></itemDef>
      <itemDef name="SUDA_DISCONCNT" type="dn3"><alias namespace="SUDA" value="DISCONCNT"/>
        <description text="Counts SpaceWire disconnect errors (no rollover)"/></itemDef>
      <itemDef name="SUDA_FLOWERR1" type="errOkay"><alias namespace="SUDA" value="SPW_FLOW_ERR1"/>
        <description text="SpaceWire flow control token error type 1 (see FPGA spec)"/></itemDef>
      <itemDef name="SUDA_FLOWERR2" type="errOkay"><alias namespace="SUDA" value="FLOWERR2"/>
        <description text="SpaceWire flow control token error type 2 (see fpga spec)"/></itemDef>
      <itemDef name="SUDA_LINKTIMEOUT" type="errOkay"><alias namespace="SUDA" value="LINKTIMEOUT"/>
        <description text="SpW port blocked beyond link timeout period (LTO), reinit'd"/></itemDef>
      <itemDef name="SUDA_CMDCRITSP" type="dn32"><alias namespace="SUDA" value="CMDCRITSP"/>
        <description text="Spare bits for command component"/></itemDef>
      <!-- End: cmdCritTlm_t cmdStat -->

      <!-- Begin: tlmCritTlm_t tlmStat -->
      <itemDef name="SUDA_TLMFAILCNT" type="dn4"><alias namespace="SUDA" value="TLMFAILCNT"/>
        <description text="Counts packet transmission failures"/></itemDef>
      <itemDef name="SUDA_TLMBUSYCNT" type="dn8"><alias namespace="SUDA" value="TLMBUSYCNT"/>
        <description text="Counts times unable to transmit due to busy"/></itemDef>
      <itemDef name="SUDA_TLMSENTCNT" type="dn20"><alias namespace="SUDA" value="TLMSENTCNT"/>
        <description text="Counts successful packet transmissions"/></itemDef>
      <itemDef name="SUDA_TLMCRITSP" type="dn32"><alias namespace="SUDA" value="TLMCRITSPARE"/>
        <description text="Spare bits for telemetry component"/></itemDef>
      <!-- End: tlmCritTlm_t tlmStat -->

      <!-- Begin: timeIntfCritTlm_t tlmStat -->
      <itemDef name="SUDA_MISSTIMECODE" type="errOkay"><alias namespace="SUDA" value="MISSTIMECODE"/>
        <description text="Identifies overdue SpaceWire Time Code"/></itemDef>
      <itemDef name="SUDA_MISSTIMEMSG" type="errOkay"><alias namespace="SUDA" value="MISSTIMEMSG"/>
        <description text="Identifies overdue Spacecraft Time Message"/></itemDef>
      <itemDef name="SUDA_TIMEINTFSP" type="dn2"><alias namespace="SUDA" value="TIMEINTFSP"/>
        <description text="Spare bits for time interface object"/></itemDef>
      <itemDef name="SUDA_STMCNT" type="dn28"><alias namespace="SUDA" value="STMCNT"/>
        <description text="Counts number of valid STMs received"/></itemDef>
      <!-- End: timeIntfCritTlm_t tlmStat -->


      <itemDef name="SUDA_QBOOTCRITSPARE" type="dn19"><alias namespace="SUDA" value="QBOOTCRITSPARE"/>
        <description text="Spare bits available for Quickboot component"/></itemDef>
      <itemDef name="SUDA_MISSINGFT" type="errOkay"><alias namespace="SUDA" value="MISSINGFT"/>
        <description text="Valid Flash Table not found during memory initialization"/></itemDef>
      <itemDef name="SUDA_MISSINGPERST" type="errOkay"><alias namespace="SUDA" value="MISSINGPERST"/>
        <description text="Valid Persistent Table not found during memory initialization"/></itemDef>
      <itemDef name="SUDA_MISSINGPT" type="errOkay"><alias namespace="SUDA" value="MISSINGPT"/>
        <description text="Valid Parameter Table not found during memory initialization"/></itemDef>
      <itemDef name="SUDA_MISSINGOPFSW" type="errOkay"><alias namespace="SUDA" value="MISSINGOPFSW"/>
        <description text="Valid Operational FSW image not found during memory initialization"/></itemDef>
      <itemDef name="SUDA_BADCOPYOPFSW" type="errOkay"><alias namespace="SUDA" value="BADCOPYOPFSW"/>
        <description text="Error encountered when copying OperFSW image during quickboot"/></itemDef>
      <itemDef name="SUDA_QBOOTST" type="qbootState8"><alias namespace="SUDA" value="QBOOTST"/>
        <description text="State of quickboot functionality"/></itemDef>

      <!-- Begin: memCritTlm_t memCritTlm -->
      <itemDef name="SUDA_opSuccCnt" type="dn16"><alias namespace="SUDA" value="opSuccCnt"/>
        <description text="Count of successful memory operations (no rollover)"/></itemDef>
      <itemDef name="SUDA_opFailCnt" type="dn10"><alias namespace="SUDA" value="opFailCnt"/>
        <description text="Count of failed memory operations (no rollover)"/></itemDef>
      <itemDef name="SUDA_memState" type="memState6Type"><alias namespace="SUDA" value="memState"/>
        <description text="State of the memory component"/></itemDef>
      <itemDef name="SUDA_lastDirRead" type="dn32"><alias namespace="SUDA" value="lastDirRead"/>
        <description text="Read back value for last direct read command"/></itemDef>
      <itemDef name="SUDA_sramCErrCnt" type="dn16"><alias namespace="SUDA" value="sramCErrCnt"/>
        <description text="Count of all correctable SRAM EDAC errors since clr/POR"/></itemDef>
      <itemDef name="SUDA_sramUErrCnt" type="dn16"><alias namespace="SUDA" value="sramUErrCnt"/>
        <description text="Count of all uncorrectable SRAM EDAC errors since clr/POR"/></itemDef>
      <itemDef name="SUDA_flashUErrCnt" type="dn32"><alias namespace="SUDA" value="flashUErrCntHS"/>
        <description text="Count of all uncorrectable Flash EDAC errors since clr/POR"/></itemDef>
      <itemDef name="SUDA_CritPrmVal1" type="dn32"><alias namespace="SUDA" value="CritPrmVal1"/>
        <description text="Value of PT entry, selected by PT entry"/></itemDef>
      <itemDef name="SUDA_CritPrmVal2" type="dn32"><alias namespace="SUDA" value="CritPrmVal2"/>
        <description text="Value of another PT entry, selected by PT entry"/></itemDef>

      <itemDef name="SUDA_POWERCYCLEREQ" type="yesNo"><alias namespace="SUDA" value="POWERCYCLEREQ"/>
        <description text="Request power cycle from S/C if asserted"/></itemDef>
      <itemDef name="SUDA_SUDADONE" type="yesNo"><alias namespace="SUDA" value="SUDADONE"/>
        <description text="Indicates that SUDA is done with tasks if asserted"/></itemDef>
      <itemDef name="SUDA_WDOGCNT" type="dn14"><alias namespace="SUDA" value="WDOGCNT"/>
        <description text="Counts watchdog resets since last POR or clear command"/></itemDef>
      <itemDef name="SUDA_PERSENTRY0" type="dn16"><alias namespace="SUDA" value="PERSENTRY0"/>
        <description text="Persistent table entry, available for future use"/></itemDef>
      <itemDef name="SUDA_PERSENTRY1" type="dn32"><alias namespace="SUDA" value="PERSENTRY1"/>
        <description text="Persistent table entry, available for future use"/></itemDef>
      <itemDef name="SUDA_PERSENTRY2" type="dn32"><alias namespace="SUDA" value="PERSENTRY2"/>
        <description text="Persistent table entry, available for future use"/></itemDef>
      <!-- End: memCritTlm_t memCritTlm -->

      <!-- Start: intrCtrlCritTlm_t intrCtrlCritTlm -->
      <itemDef name="SUDA_IRQWDOG" type="yesNo"><alias namespace="SUDA" value="IRQWDOG"/>
        <description text="If '1', interrupt handled for watchdog"/></itemDef>
      <itemDef name="SUDA_IRQIBRAM" type="yesNo"><alias namespace="SUDA" value="IRQIBRAM"/>
        <description text="If '1', interrupt handled for instr BRAM EDAC error"/></itemDef>
      <itemDef name="SUDA_IRQDBRAM" type="yesNo"><alias namespace="SUDA" value="IRQDBRAM"/>
        <description text="If '1', interrupt handled for data BRAM EDAC error"/></itemDef>
      <itemDef name="SUDA_IRQSRAM" type="yesNo"><alias namespace="SUDA" value="IRQSRAM"/>
        <description text="If '1', interrupt handled for SRAM EDAC error"/></itemDef>
      <itemDef name="SUDA_IRQTIMER" type="yesNo"><alias namespace="SUDA" value="IRQTIMER"/>
        <description text="If '1', interrupt handled for Xilinx Xcore timer"/></itemDef>
      <itemDef name="SUDA_IRQSPW" type="yesNo"><alias namespace="SUDA" value="IRQSPW"/>
        <description text="If '1', interrupt handled for SpaceWire time code"/></itemDef>
      <itemDef name="SUDA_IRQPLL" type="yesNo"><alias namespace="SUDA" value="IRQPLL"/>
        <description text="If '1', interrupt handled for Science ADC PLL error"/></itemDef>
      <itemDef name="SUDA_IRQFLASH" type="yesNo"><alias namespace="SUDA" value="IPRFLASH"/>
        <description text="If '1', interrupt handled for Flash operation done"/></itemDef>
      <itemDef name="SUDA_IRQWBONE" type="yesNo"><alias namespace="SUDA" value="IRQWBONE"/>
        <description text="If '1', interrupt handled for Wishbone error"/></itemDef>
      <itemDef name="SUDA_LASTIRQ" type="dn4"><alias namespace="SUDA" value="LASTIRQ"/>
        <description text="Last interrupt handled"/></itemDef>
      <itemDef name="SUDA_IRQTOTCNT" type="dn19"><alias namespace="SUDA" value="IRQTOTCNT"/>
        <description text="Total count of all interrupts"/></itemDef>
      <!-- End: intrCtrlCritTlm_t intrCtrlCritTlm -->

      <!-- Start: hvpsCtrlCritTlm_t hvpsCtrlCritTlm -->
      <itemDef name="SUDA_HVPWRMM" type="errOkay"><alias namespace="SUDA" value="HVPWRMM"/>
        <description text="Register contents do not match last write: HVPS Power Enable MMR"/></itemDef>
      <itemDef name="SUDA_HVSENMM" type="errOkay"><alias namespace="SUDA" value="HVSENMM"/>
        <description text="Register contents do not match last write: HVPS Sensor Enable MMR"/></itemDef>

      <itemDef name="SUDA_HVREFOVRSEN" type="errOkay"><alias namespace="SUDA" value="HVREFOVRSEN"/>
        <description text="BIT29 HVPS_REF_OVR_SEN_MASK"/></itemDef>
      <itemDef name="SUDA_HVREFOVRLIM" type="errOkay"><alias namespace="SUDA" value="HVREFOVRLIM"/>
        <description text="BIT28 HVPS_REF_OVR_LIM_MASK"/></itemDef>
      <itemDef name="SUDA_HVREFOVRREFMAX" type="errOkay"><alias namespace="SUDA" value="HVREFOVRREFMAX"/>
        <description text="BIT27 HVPS_REF_OVR_REF_MAX_MASK"/></itemDef>
      <itemDef name="SUDA_HVREFOVRLIMINST" type="errOkay"><alias namespace="SUDA" value="HVREFOVRLIMINST"/>
        <description text="BIT26 HVPS_REF_OVR_LIM_INST_MASK"/></itemDef>
      <itemDef name="SUDA_HVREFOVRSENDIS" type="errOkay"><alias namespace="SUDA" value="HVREFOVRSENDIS"/>
        <description text="BIT25 HVPS_REF_OVR_SEN_DIS_MASK"/></itemDef>
      <itemDef name="SUDA_HVREFOVRPOWER" type="errOkay"><alias namespace="SUDA" value="HVREFOVRPOWER"/>
        <description text="BIT24 HVPS_REF_OVR_POWER_MASK"/></itemDef>

      <itemDef name="SUDA_HVDETMM" type="errOkay"><alias namespace="SUDA" value="HVDETMM"/>
        <description text="BIT23 If '1', HVPS detector enable MMR mismatch"/></itemDef>
      <itemDef name="SUDA_HVPOLMM" type="errOkay"><alias namespace="SUDA" value="HVPOLMM"/>
        <description text="BIT22 If '1', HVPS polarity MMR mismatch"/></itemDef>

      <itemDef name="SUDA_HVTAROVRSEN" type="errOkay"><alias namespace="SUDA" value="HVTAROVRSEN"/>
        <description text="BIT21 HVPS_TAR_OVR_SEN_MASK"/></itemDef>
      <itemDef name="SUDA_HVTAROVRLIM" type="errOkay"><alias namespace="SUDA" value="HVTAROVRLIM"/>
        <description text="BIT20 HVPS_TAR_OVR_LIM_MASK"/></itemDef>
      <itemDef name="SUDA_HVTAROVRTARMAX" type="errOkay"><alias namespace="SUDA" value="HVTAROVRTARMAX"/>
        <description text="BIT19 HVPS_TAR_OVR_TAR_MAX_MASK"/></itemDef>
      <itemDef name="SUDA_HVTAROVRLIMINST" type="errOkay"><alias namespace="SUDA" value="HVTAROVRLIMINST"/>
        <description text="BIT18 HVPS_TAR_OVR_LIM_INST_MASK"/></itemDef>
      <itemDef name="SUDA_HVTAROVRSENDIS" type="errOkay"><alias namespace="SUDA" value="HVTAROVRSENDIS"/>
        <description text="BIT17 HVPS_TAR_OVR_SEN_DIS_MASK"/></itemDef>
      <itemDef name="SUDA_HVTAROVRPOWER" type="errOkay"><alias namespace="SUDA" value="HVTAROVRPOWER"/>
        <description text="BIT16 HVPS_TAR_OVR_POWER_MASK"/></itemDef>

      <itemDef name="SUDA_HVPSCRITSP" type="dn3"><alias namespace="SUDA" value="HVPSCRITSP"/>
        <description text="BIT13-15 Spare bits for HVPS critical TLM"/></itemDef>

      <itemDef name="SUDA_HVSENOVRLIM" type="errOkay"><alias namespace="SUDA" value="HVSENOVRLIM"/>
        <description text="BIT12  HVPS_SEN_OVR_LIM_MASK"/></itemDef>
      <itemDef name="SUDA_HVSENOVRSENMAX" type="errOkay"><alias namespace="SUDA" value="HVSENOVRSENMAX"/>
        <description text="BIT11  HVPS_SEN_OVR_SEN_MAX_MASK"/></itemDef>
      <itemDef name="SUDA_HVSENOVRLIMINST" type="errOkay"><alias namespace="SUDA" value="HVSENOVRLIMINST"/>
        <description text="BIT10  HVPS_SEN_OVR_LIM_INST_MASK"/></itemDef>
      <itemDef name="SUDA_HVSENOVRSENDIS" type="errOkay"><alias namespace="SUDA" value="HVSENOVRSENDIS"/>
        <description text="BIT9  HVPS_SEN_OVR_SEN_DIS_MASK"/></itemDef>
      <itemDef name="SUDA_HVSENOVRPOWER" type="errOkay"><alias namespace="SUDA" value="HVSENOVRPOWER"/>
        <description text="BIT8  HVPS_SEN_OVR_POWER_MASK"/></itemDef>

      <itemDef name="SUDA_HVSTATE" type="hvState3"><alias namespace="SUDA" value="HVSTATE"/>
        <description text="BIT5-7 HVPS State: 0=OFF 1=STANDBY 2=RAMPUP 3=ACTIVE 4=RAMPDOWN"/></itemDef>

      <itemDef name="SUDA_HVDETOVRLIM" type="errOkay"><alias namespace="SUDA" value="HVDETOVRLIM"/>
        <description text="BIT4  HVPS_DET_OVR_LIM_MASK"/></itemDef>
      <itemDef name="SUDA_HVDETOVRDETMAX" type="errOkay"><alias namespace="SUDA" value="HVDETOVRDETMAX"/>
        <description text="BIT3  HVPS_DET_OVR_DET_MAX_MASK"/></itemDef>
      <itemDef name="SUDA_HVDETOVRLIMINST" type="errOkay"><alias namespace="SUDA" value="HVDETOVRLIMINST"/>
        <description text="BIT2  HVPS_DET_OVR_LIM_INST_MASK"/></itemDef>
      <itemDef name="SUDA_HVDETOVRDETDIS" type="errOkay"><alias namespace="SUDA" value="HVDETOVRDETDIS"/>
        <description text="BIT1  HVPS_DET_OVR_DET_DIS_MASK"/></itemDef>
      <itemDef name="SUDA_HVDETOVRPOWER" type="errOkay"><alias namespace="SUDA" value="HVDETOVRPOWER"/>
        <description text="BIT0  HVPS_DET_OVR_POWER_MASK"/></itemDef>
      <!-- End: hvpsCtrlCritTlm_t hvpsCtrlCritTlm -->

      <!-- Start: hkFaultCritTlm_t hkFaultCritTlm -->
      <itemDef name="SUDA_LVPSHKLOFLAGS" type="dn32"><alias namespace="SUDA" value="LVPSHKLOFLAGS"/>
        <description text="Identifies LVPS/Proc board analog measurements exceeding lower limit"/></itemDef>
      <itemDef name="SUDA_LVPSHKHIFLAGS" type="dn32"><alias namespace="SUDA" value="LVPSHKHIFLAGS"/>
        <description text="Identifies LVPS/Proc board analog measurements exceeding upper limit"/></itemDef>
      <itemDef name="SUDA_HVPSANALOFLAGS" type="dn8"><alias namespace="SUDA" value="HVPSANALOFLAGS"/>
        <description text="Identifies HVPS board analog measurements exceeding lower limit"/></itemDef>
      <itemDef name="SUDA_HVPSANAHIFLAGS" type="dn8"><alias namespace="SUDA" value="HVPSANAHIFLAGS"/>
        <description text="Identifies HVPS board analog measurements exceeding upper limit"/></itemDef>
      <itemDef name="SUDA_ANAFAULTCRITSP" type="dn16"><alias namespace="SUDA" value="ANAFAULTCRITSP"/>
        <description text="Spare bits related to analog measurement faults"/></itemDef>
      <!-- End: hkFaultCritTlm_t hkFaultCritTlm -->

      <!-- Start: faultCritTlm_t faultCritTlm -->
      <itemDef name="SUDA_CSA0TEMPHI" type="errOkay"><alias namespace="SUDA" value="CSA0TEMPHI"/>
        <description text="Higher limit exceeded for CSA0 (VSCA) op heater temperature"/></itemDef>
      <itemDef name="SUDA_CSA1TEMPHI" type="errOkay"><alias namespace="SUDA" value="CSA1TEMPHI"/>
        <description text="Higher limit exceeded for CSA1 (ITCSA) op heater temperature"/></itemDef>
      <itemDef name="SUDA_BUFFTEMPHI" type="errOkay"><alias namespace="SUDA" value="BUFFTEMPHI"/>
        <description text="Higher limit exceeded for buffer op heater temperature"/></itemDef>
      <itemDef name="SUDA_CSA0TEMPLO" type="errOkay"><alias namespace="SUDA" value="CSA0TEMPLO"/>
        <description text="Lower limit exceeded for CSA0 (VSCA) op heater temperature"/></itemDef>
      <itemDef name="SUDA_CSA1TEMPLO" type="errOkay"><alias namespace="SUDA" value="CSA1TEMPLO"/>
        <description text="Lower limit exceeded for CSA1 (ITCSA) op heater temperature"/></itemDef>
      <itemDef name="SUDA_BUFFTEMPLO" type="errOkay"><alias namespace="SUDA" value="BUFFTEMPLO"/>
        <description text="Lower limit exceeded for buffer op heater temperature"/></itemDef>

      <itemDef name="SUDA_HVHIDETCURR" type="errOkay"><alias namespace="SUDA" value="HVHIDETCURR"/>
        <description text="HVPS Detector Current exceeded high limit"/></itemDef>
      <itemDef name="SUDA_HVSENFAIL" type="errOkay"><alias namespace="SUDA" value="HVSENFAIL"/>
        <description text="HVPS Sensor Oscillator Startup Failure"/></itemDef>

      <itemDef name="SUDA_FAULTCRITSP" type="dn24"><alias namespace="SUDA" value="FAULTCRITSP"/>
        <description text="Spare bits related to faults"/></itemDef>
      <!-- End: faultCritTlm_t faultCritTlm -->

      <itemDef name="SUDA_SCISYS00SP" type="dn32"><alias namespace="SUDA" value="SCISYS00SP"/>
        <description text="Spare bits for science component"/></itemDef>
      <itemDef name="SUDA_SCISYS01SP" type="dn32"><alias namespace="SUDA" value="SCISYS01SP"/>
        <description text="Spare bits for science component"/></itemDef>

      <!-- Sequence component telemetry -->
      <itemDef name="SUDA_CMDSEQFAILST" type="seqState3"><alias namespace="SUDA" value="CMDSEQFAILST"/>
        <description text="State for fault: command sequence failed during execution"/></itemDef>
      <itemDef name="SUDA_CMDSEQFAILCNT" type="dn13"><alias namespace="SUDA" value="CMDSEQFAILCNT"/>
        <description text="Counter for fault: command sequence failed during execution"/></itemDef>

      <itemDef name="SUDA_HVPSOSCERRST" type="seqState3"><alias namespace="SUDA" value="HVPSOSCERRST"/>
        <description text="State for fault: HVPS sensor oscillator error"/></itemDef>
      <itemDef name="SUDA_HVPSOSCERRCNT" type="dn13"><alias namespace="SUDA" value="HVPSOSCERRCNT"/>
        <description text="Counter for fault: HVPS sensor oscillator error"/></itemDef>

      <itemDef name="SUDA_HVPSCURRST" type="seqState3"><alias namespace="SUDA" value="HVPSCURRST"/>
        <description text="State for fault: HVPS high detector current"/></itemDef>
      <itemDef name="SUDA_HVPSCURRCNT" type="dn13"><alias namespace="SUDA" value="HVPSCURRCNT"/>
        <description text="Counter for fault: HVPS high detector current"/></itemDef>

      <itemDef name="SUDA_ANAHKLIMITST" type="seqState3"><alias namespace="SUDA" value="ANAHKLIMITST"/>
        <description text="State for fault: Analog HK reading out of limit"/></itemDef>
      <itemDef name="SUDA_ANAHKLIMITCNT" type="dn13"><alias namespace="SUDA" value="ANAHKLIMITCNT"/>
        <description text="Counter for fault: Analog HK reading out of limit"/></itemDef>

      <itemDef name="SUDA_COMMLOSSST" type="seqState3"><alias namespace="SUDA" value="COMMLOSSST"/>
        <description text="State for fault: Multi-second loss of SpaceWire comm"/></itemDef>
      <itemDef name="SUDA_COMMLOSSCNT" type="dn13"><alias namespace="SUDA" value="COMMLOSSCNT"/>
        <description text="Counter for fault: Multi-second loss of SpaceWire comm"/></itemDef>

      <itemDef name="SUDA_CSA0HOTST" type="seqState3"><alias namespace="SUDA" value="CSA0HOTST"/>
        <description text="State for fault: Op heater for CSA0 measures hot"/></itemDef>
      <itemDef name="SUDA_CSA0HOTCNT" type="dn13"><alias namespace="SUDA" value="CSA0HOTCNT"/>
        <description text="Counter for fault: Op heater for CSA0 measures hot"/></itemDef>

      <itemDef name="SUDA_CSA1HOTST" type="seqState3"><alias namespace="SUDA" value="CSA1HOTST"/>
        <description text="State for fault: Op heater for CSA1 measures hot"/></itemDef>
      <itemDef name="SUDA_CSA1HOTCNT" type="dn13"><alias namespace="SUDA" value="CSA1HOTCNT"/>
        <description text="Counter for fault: Op heater for CSA1 measures hot"/></itemDef>

      <itemDef name="SUDA_BUFFHOTST" type="seqState3"><alias namespace="SUDA" value="BUFFHOTST"/>
        <description text="State for fault: Op heater for buffer board measures hot"/></itemDef>
      <itemDef name="SUDA_BUFFHOTCNT" type="dn13"><alias namespace="SUDA" value="BUFFHOTCNT"/>
        <description text="Counter for fault: Op heater for buffer board measures hot"/></itemDef>

      <itemDef name="SUDA_OPHTRCOLDST" type="seqState3"><alias namespace="SUDA" value="OPHTRCOLDST"/>
        <description text="State for fault: Any op heater reads suspiciously cold"/></itemDef>
      <itemDef name="SUDA_OPHTRCOLDCNT" type="dn13"><alias namespace="SUDA" value="OPHTRCOLDCNT"/>
        <description text="Counter for fault: Any op heater reads suspiciously cold"/></itemDef>

      <itemDef name="SUDA_FPGACLKPLLST" type="seqState3"><alias namespace="SUDA" value="FPGACLKPLLST"/>
        <description text="State for fault: FPGA clock/PLL error"/></itemDef>
      <itemDef name="SUDA_FPGACLKPLLCNT" type="dn13"><alias namespace="SUDA" value="FPGACLKPLLCNT"/>
        <description text="Counter for fault: FPGA clock/PLL error"/></itemDef>
        
      <itemDef name="SUDA_SHUTDWNRSTST" type="seqState3"><alias namespace="SUDA" value="SHUTDWNRSTST"/>
        <description text="State for fault: Shutdown/Reset"/></itemDef>
      <itemDef name="SUDA_SHUTDWNRSTCNT" type="dn13"><alias namespace="SUDA" value="SHUTDWNRSTCNT"/>
        <description text="Counter for fault: Shutdown/Reset"/></itemDef>
      
      <itemDef name="SUDA_SEQFAULTERRCNT" type="dn16"><alias namespace="SUDA" value="SEQFAULTERRCNT"/>
        <description text="Counts internal errors for the fault handler"/></itemDef>
        
      <!-- Start seqEngineCritTlm_t for Autonomy engine -->
      <itemDef name="SUDA_AUTOSUCCCNT" type="dn16"><alias namespace="SUDA" value="AUTOSUCCCNT"/>
        <description text="Success counter for autonomy sequence engine"/></itemDef>
      <itemDef name="SUDA_AUTOFAILCNT" type="dn8"><alias namespace="SUDA" value="AUTOFAILCNT"/>
        <description text="Fail counter for autonomy sequence engine"/></itemDef>
      <itemDef name="SUDA_AUTOFAILRSN" type="cmdStatus"><alias namespace="SUDA" value="AUTOFAILRSN"/>
        <description text="Reason for last command failure in autonomy sequence engine"/></itemDef>

      <itemDef name="SUDA_AUTOENGINEARM" type="yesNo"><alias namespace="SUDA" value="AUTOENGINEARM"/>
        <description text="Arm state for autonomy sequence engine"/></itemDef>
      <itemDef name="SUDA_AUTOENGOFFSET" type="dn11"><alias namespace="SUDA" value="AUTOENGOFFSET"/>
        <description text="Autonomy sequence engine executing at this offset in buffer, or 0 if none"/></itemDef>
      <itemDef name="SUDA_AUTOENGSUBBUF" type="seqBuffer6"><alias namespace="SUDA" value="AUTOENGSUBBUF"/>
        <description text="ID of calling buffer being executed by autonomy sequence engine if subsequence"/></itemDef>
      <itemDef name="SUDA_AUTOENGACTBUF" type="seqBuffer6"><alias namespace="SUDA" value="AUTOENGACTBUF"/>
        <description text="ID of active buffer being executed by autonomy sequence engine"/></itemDef>
      <itemDef name="SUDA_AUTOENGSTOP" type="seqEngStopCode"><alias namespace="SUDA" value="AUTOSEQENGSTOP"/>
        <description text="Reason for last sequence termination in autonomy sequence engine"/></itemDef>
      <itemDef name="SUDA_AUTOENGWAIT" type="seqEngWaitType"><alias namespace="SUDA" value="AUTOSEQENGWAIT"/>
        <description text="Type of wait being executed by autonomy sequence engine"/></itemDef>
      <itemDef name="SUDA_AUTOENGINEST" type="seqEngineState"><alias namespace="SUDA" value="AUTOENGINEST"/>
        <description text="State of autonomy sequence engine"/></itemDef>
      <!-- End seqEngineCritTlm_t for Autonomy engine -->

      <!-- Start seqEngineCritTlm_t for Operational engine -->
      <itemDef name="SUDA_OPERSUCCCNT" type="dn16"><alias namespace="SUDA" value="OPERSUCCCNT"/>
        <description text="Success counter for operational sequence engine"/></itemDef>
      <itemDef name="SUDA_OPERFAILCNT" type="dn8"><alias namespace="SUDA" value="OPERFAILCNT"/>
        <description text="Fail counter for operational sequence engine"/></itemDef>
      <itemDef name="SUDA_OPERFAILRSN" type="cmdStatus"><alias namespace="SUDA" value="OPERFAILRSN"/>
        <description text="Reason for last command failure in operational sequence engine"/></itemDef>

      <itemDef name="SUDA_OPERENGINEARM" type="yesNo"><alias namespace="SUDA" value="OPERENGINEARM"/>
        <description text="Arm state for operational sequence engine"/></itemDef>
      <itemDef name="SUDA_OPERENGOFFSET" type="dn11"><alias namespace="SUDA" value="OPERENGOFFSET"/>
        <description text="Operational sequence engine executing at this offset in buffer, or 0 if none"/></itemDef>
      <itemDef name="SUDA_OPERENGSUBBUF" type="seqBuffer6"><alias namespace="SUDA" value="OPERENGSUBBUF"/>
        <description text="ID of calling buffer being executed by operational seq engine if subsequence"/></itemDef>
      <itemDef name="SUDA_OPERENGACTBUF" type="seqBuffer6"><alias namespace="SUDA" value="OPERENGACTBUF"/>
        <description text="ID of active buffer being executed by operational sequence engine"/></itemDef>
      <itemDef name="SUDA_OPERENGSTOP" type="seqEngStopCode"><alias namespace="SUDA" value="OPERENGSTOP"/>
        <description text="Reason for last sequence termination in operational sequence engine"/></itemDef>
      <itemDef name="SUDA_OPERENGWAIT" type="seqEngWaitType"><alias namespace="SUDA" value="OPERENGWAIT"/>
        <description text="Type of wait being executed by operational sequence engine"/></itemDef>
      <itemDef name="SUDA_OPERENGINEST" type="seqEngineState"><alias namespace="SUDA" value="OPERENGINEST"/>
        <description text="State of operational sequence engine"/></itemDef>
      <!-- End seqEngineCritTlm_t for Operational engine -->

      <itemDef name="SUDA_SEQSYS00SP" type="dn32"><alias namespace="SUDA" value="SEQSYS00SP"/>
        <description text="Spare bits for sequence component"/></itemDef>

    <!--BEGIN: globalStatPkt_t -->
    <itemDef name="SUDA_BOOTPLLSP" type="dn11"><alias namespace="SUDA" value="BOOTPLLSP"/>
      <description text="Spare bits associated with global MMRs"/></itemDef>
    <itemDef name="SUDA_PLLOVRFLW" type="yesNo"><alias namespace="SUDA" value="PLLOVRFLW"/>
      <description text="Overflow flag for lost lock count"/></itemDef>
    <itemDef name="SUDA_LOSSLCKCNT" type="dn3"><alias namespace="SUDA" value="LOSSLCKCNT"/>
      <description text="Counts lost PLL locks since last reg read (no rollover)"/></itemDef>
    <itemDef name="SUDA_FPGACFGERR" type="errOkay"><alias namespace="SUDA" value="FPGACFGERR"/>
      <description text="Error encountered during FPGA configuration"/></itemDef>
    <itemDef name="SUDA_FPGABOOTCFG" type="dn16"><alias namespace="SUDA" value="FPGABOOTCFG"/>
      <description text="FPGA BootSTS register gives status of FPGA boot config"/></itemDef>
    <!--END: globalStatPkt_t -->

    <!--BEGIN: nandStatPkt_t -->
    <itemDef name="SUDA_NANDSTAT" type="dn32"><alias namespace="SUDA" value="NANDSTAT"/>
      <description text="NAND Flash Status Register"/></itemDef>
    <!--END: nandStatPkt_t -->

    <!--BEGIN: anaHkStatPkt_t -->
    <itemDef name="SUDA_ANAHKSP0" type="dn8"><alias namespace="SUDA" value="ANAHKSP0"/>
      <description text="Spare bits for analog housekeeping"/></itemDef>
    <itemDef name="SUDA_PROC1V0CURRHI" type="dn12"><alias namespace="SUDA" value="PROC1V0CURRHI"/>
      <description text="High side current reading on 1.0V bus (Proc ADC channel 0)"/></itemDef>
    <itemDef name="SUDA_PROC1V9CURRHI" type="dn12"><alias namespace="SUDA" value="PROC1V9CURRHI"/>
      <description text="High side current reading on 1.9V bus (Proc ADC channel 1)"/></itemDef>

    <itemDef name="SUDA_ANAHKSP1" type="dn8"><alias namespace="SUDA" value="ANAHKSP1"/>
      <description text="Spare bits for analog housekeeping"/></itemDef>
    <itemDef name="SUDA_PROCADCTEMP" type="dn12"><alias namespace="SUDA" value="PROCADCTEMP"/>
      <description text="Processor board thermistor near HS ADC (Proc ADC channel 2)"/></itemDef>
    <itemDef name="SUDA_PROCBDTEMP" type="dn12"><alias namespace="SUDA" value="PROCBDTEMP"/>
      <description text="Processor board thermistor near J332 (Proc ADC channel 3)"/></itemDef>

    <itemDef name="SUDA_ANAHKSP2" type="dn8"><alias namespace="SUDA" value="ANAHKSP2"/>
      <description text="Spare bits for analog housekeeping"/></itemDef>
      <itemDef name="SUDA_PROC1V0VOLT" type="dn12"><alias namespace="SUDA" value="PROC1V0VOLT"/>
      <description text="Voltage reading on 1.0V bus (Proc ADC channel 4)"/></itemDef>
    <itemDef name="SUDA_FPGATEMP" type="dn12"><alias namespace="SUDA" value="FPGATEMP"/>
      <description text="Temperature reading internal to FPGA (Proc ADC channel 5)"/></itemDef>

    <itemDef name="SUDA_ANAHKSP3" type="dn8"><alias namespace="SUDA" value="ANAHKSP3"/>
      <description text="Spare bits for analog housekeeping"/></itemDef>
    <itemDef name="SUDA_PROC1V9VOLT" type="dn12"><alias namespace="SUDA" value="PROC1V9VOLT"/>
      <description text="Voltage reading on 1.9V bus (Proc ADC channel 6)"/></itemDef>
    <itemDef name="SUDA_PROC3V3VOLT" type="dn12"><alias namespace="SUDA" value="PROC3V3VOLT"/>
      <description text="Voltage reading on 3.3V bus (Proc ADC channel 7)"/></itemDef>
    <!--END: anaHkStatPkt_t -->

    <!--BEGIN: comboStatPkt_t -->
    <itemDef name="SUDA_OPHTRSP" type="dn5"> <alias namespace="SUDA" value="OPHTRSP"/>
      <description text="Spare bits for operational heater"/></itemDef>
    <itemDef name="SUDA_DETOPENA" type="enaDis"><alias namespace="SUDA" value="DETOPENA"/>
      <description text="Asserted when detector operational heater is enabled"/></itemDef>
    <itemDef name="SUDA_ITCSAOPENA" type="enaDis"><alias namespace="SUDA" value="ITCSAOPENA"/>
      <description text="Asserted when itCSA operational heater is enabled"/></itemDef>
    <itemDef name="SUDA_VCSAOPENA" type="enaDis"><alias namespace="SUDA" value="VCSAOPENA"/>
      <description text="Asserted when vCSA operational heater is enabled"/></itemDef>
    <itemDef name="SUDA_HVPSDETVOLT" type="dn12"> <alias namespace="SUDA" value="HVPSDETVOLT"/>
      <description text="Voltage reading on Detector (HVPS ADC channel 0)"/></itemDef>
    <itemDef name="SUDA_HVPSSENSVOLT" type="dn12"> <alias namespace="SUDA" value="HVPSSENSVOLT"/>
      <description text="Voltage reading on Sensor (HVPS ADC channel 1)"/></itemDef>
    <!--END: hvps0, start hvps1 -->
    <itemDef name="SUDA_HVPOLCTRL" type="hvPolarity1"><alias namespace="SUDA" value="HVPOLCTRL"/>
      <description text="State of HVPS polarity control (not status) bit"/></itemDef>
    <itemDef name="SUDA_HVPOLSTAT" type="hvPolarity1"><alias namespace="SUDA" value="HVPOLSTAT"/>
      <description text="State of HVPS polarity status (not control) bit"/></itemDef>
    <itemDef name="SUDA_HVSAFEPLUG" type="inOut"><alias namespace="SUDA" value="HVSAFEPLUG"/>
      <description text="State of external HVPS safe plug which limits HVPS outputs"/></itemDef>
    <itemDef name="SUDA_HVPWRENASTAT" type="enaDis"><alias namespace="SUDA" value="HVPWRENASTAT"/>
      <description text="State of HVPS power enable"/></itemDef>
    <itemDef name="SUDA_HVSENSCTRL" type="enaDis"><alias namespace="SUDA" value="HVSENSCTRL"/>
      <description text="Sensor HVPS Enable Control"/></itemDef>
    <itemDef name="SUDA_HVDETCTRL" type="enaDis"><alias namespace="SUDA" value="HVDETCTRL"/>
      <description text="Detector HVPS Enable Control"/></itemDef>
    <itemDef name="SUDA_HVSENSSTAT" type="enaDis"><alias namespace="SUDA" value="HVSENSSTAT"/>
      <description text="State of Sensor HVPS Enable"/></itemDef>
    <itemDef name="SUDA_HVDETSTAT" type="enaDis"><alias namespace="SUDA" value="HVDETSTAT"/>
      <description text="State of Detector HVPS Enable"/></itemDef>
    <itemDef name="SUDA_HVPSTARGETVOLT" type="dn12"> <alias namespace="SUDA" value="HVPSTARGETVOLT"/>
      <description text="Voltage reading on Target (HVPS ADC channel 2)"/></itemDef>
    <itemDef name="SUDA_HVPSREFLCTVOLT" type="dn12"> <alias namespace="SUDA" value="HVPSREFLCTVOLT"/>
      <description text="Voltage reading on Reflectron Grid (HVPS ADC channel 3)"/></itemDef>
    <!--END: hvps1, start hvps2 -->
    <itemDef name="SUDA_HVPSPWRENA" type="hvpsBoardPwr8"><alias namespace="SUDA" value="HVPSPWRENA"/>
     <description text="Control power enable for HVPS"/></itemDef>
    <itemDef name="SUDA_HVPSREJCTNVOLT" type="dn12"> <alias namespace="SUDA" value="HVPSREJCTNVOLT"/>
      <description text="Voltage reading on Rejection Grid (HVPS ADC channel 4)"/></itemDef>
    <itemDef name="SUDA_HVPSDETCURR" type="dn12"> <alias namespace="SUDA" value="HVPSDETCURR"/>
      <description text="Current reading on Detector HVPS tap (HVPS ADC channel 5)"/></itemDef>
    <!--END: hvps2, start hvps3 -->

    <itemDef name="SUDA_SRAMSCRUBBUSY" type="yesNo"><alias namespace="SUDA" value="SRAMSCRUBBUSY"/>
      <description text="FPGA not finished initializing SRAM values to allow scrubber to work"/></itemDef>
    <itemDef name="SUDA_SRAMCERRFLAG" type="yesNo"><alias namespace="SUDA" value="SRAMCERRFLAG"/>
      <description text="Correctable error found when reading SRAM"/></itemDef>
    <itemDef name="SUDA_SRAMUERRFLAG" type="yesNo"><alias namespace="SUDA" value="SRAMUERRFLAG"/>
      <description text="Uncorrectable error found when reading SRAM"/></itemDef>
    <itemDef name="SUDA_SRAMCERRCURR" type="dn5"><alias namespace="SUDA" value="SRAMCERRCURR"/>
      <description text="Current count of correctable errors seen on SRAM reads"/></itemDef>
    <itemDef name="SUDA_HVPSSENSPCURR" type="dn12"> <alias namespace="SUDA" value="HVPSSENSPCURR"/>
       <description text="Current reading on Positive Sensor HVPS tap (HVPS ADC channel 6)"/></itemDef>
    <itemDef name="SUDA_HVPSSENSNCURR" type="dn12"> <alias namespace="SUDA" value="HVPSSENSNCURR"/>
       <description text="Current reading on Negative Sensor HVPS tap (HVPS ADC channel 7)"/></itemDef>
    <!--END: comboStatPkt_t -->

    <!--BEGIN: lvpsStatPkt_t -->
    <!-- adc0Ch1And0 -->
    <itemDef name="SUDA_IBRAMCERRFLAG" type="yesNo"><alias namespace="SUDA" value="IBRAMCERRFLAG"/>
      <description text="Correctable error is active in instruction BRAM"/></itemDef>
    <itemDef name="SUDA_IBRAMUERRFLAG" type="yesNo"><alias namespace="SUDA" value="IBRAMUERRFLAG"/>
      <description text="Uncorrectable error is active in instruction BRAM"/></itemDef>
    <itemDef name="SUDA_IBRAMCERRCNT" type="dn6"><alias namespace="serrFailData" value="IBRAMCERRCNT"/>
      <description text="Count of correctable errors detected in instruction BRAM"/></itemDef>
    <itemDef name="SUDA_LVPS3V3REFOPVOLT" type="dn12"><alias namespace="SUDA" value="LVPS3V3REFOPVOLT"/>
      <description text="Voltage reading on 3.3V bus OP reference bus (LVPS ADC 0 channel 1)"/></itemDef>
    <itemDef name="SUDA_LVPS3V3REFHKVOLT" type="dn12"><alias namespace="SUDA" value="LVPS3V3REFHKVOLT"/>
      <description text="Voltage reading on 3.3V bus HK reference (LVPS ADC 0 channel 0)"/></itemDef>
    <!-- ADC0CH2And3 -->
    <itemDef name="SUDA_DBRAMCERRFLAG" type="yesNo"><alias namespace="SUDA" value="DBRAMCERRFLAG"/>
      <description text="Correctable error is active in data BRAM"/></itemDef>
    <itemDef name="SUDA_DBRAMUERRFLAG" type="yesNo"><alias namespace="SUDA" value="DBRAMUERRFLAG"/>
      <description text="Uncorrectable error is active in data BRAM"/></itemDef>
    <itemDef name="SUDA_DBRAMCERRCNT" type="dn6"><alias namespace="SUDA" value="DBRAMCERRCNT"/>
      <description text="Count of correctable errors detected in data BRAM"/></itemDef>
    <itemDef name="SUDA_LVPSP6V0VOLT" type="dn12"><alias namespace="SUDA" value="LVPSP6V0VOLT"/>
      <description text="Voltage reading on positive 16V bus (LVPS ADC 0 channel 3)"/></itemDef>
    <itemDef name="SUDA_LVPSN6V0VOLT" type="dn12"><alias namespace="SUDA" value="LVPSN6V0VOLT"/>
      <description text="Voltage reading on negative 16V bus (LVPS ADC 0 channel 2)"/></itemDef>
    <!-- ADC0CH4And5 -->
    <itemDef name="SUDA_SCIADC0PINCTRL" type="dn8"><alias namespace="SUDA" value="SCIADC0PINCTRL"/>
      <description text="Pin control register for science ADC 0"/></itemDef>
    <itemDef name="SUDA_LVPS3V3VOLT" type="dn12"><alias namespace="SUDA" value="LVPS3V3VOLT"/>
      <description text="Voltage reading on 3.3 bus (LVPS ADC 0 channel 5)"/></itemDef>
    <itemDef name="SUDA_LVPS16V0VOLT" type="dn12"><alias namespace="SUDA" value="LVPS16V0VOLT"/>
      <description text="Voltage reading on 16V bus (LVPS ADC 0 channel 4)"/></itemDef>
    <!-- ADC0CH4And5 -->
    <itemDef name="SUDA_SCIADC0PWRCTRL" type="dn8"><alias namespace="SUDA" value="SCIADC0PWRCTRL"/>
      <description text="Power control register for science ADC 0"/></itemDef>
    <itemDef name="SUDA_LVPSP5V0VOLT" type="dn12"><alias namespace="SUDA" value="LVPSP5V0VOLT"/>
      <description text="Voltage reading on positive 5V bus (LVPS ADC 0 channel 7)"/></itemDef>
    <itemDef name="SUDA_LVPSN5V0VOLT" type="dn12"><alias namespace="SUDA" value="LVPSN5V0VOLT"/>
      <description text="Voltage reading on negative 5V bus (LVPS ADC 0 channel 6)"/></itemDef>

    <!-- adc1CH0And1 -->
    <itemDef name="SUDA_SCIADC1PINCTRL" type="dn8"><alias namespace="SUDA" value="SCIADC1PINCTRL"/>
      <description text="Pin control register for science ADC 1"/></itemDef>
    <itemDef name="SUDA_LVPS16V0CURR" type="dn12"><alias namespace="SUDA" value="LVPS16V0CURR"/>
      <description text="Current reading on 16V bus (LVPS ADC 1 channel 1)"/></itemDef>
    <itemDef name="SUDA_LVPS3V3CURR" type="dn12"><alias namespace="SUDA" value="LVPS3V3CURR"/>
      <description text="Current reading on 3.3V bus (LVPS ADC 1 channel 0)"/></itemDef>
    <!-- ADC1CH2And3 -->
    <itemDef name="SUDA_SCIADC1PWRCTRL" type="dn8"><alias namespace="SUDA" value="SCIADC1PWRCTRL"/>
      <description text="Power control register for science ADC 1"/></itemDef>
    <itemDef name="SUDA_LVPSN6V0CURR" type="dn12"><alias namespace="SUDA" value="LVPSN6V0CURR"/>
      <description text="Current reading on negative 6V bus (LVPS ADC 1 channel 3)"/></itemDef>
    <itemDef name="SUDA_LVPSP6V0CURR" type="dn12"><alias namespace="SUDA" value="LVPSP6V0CURR"/>
      <description text="Current reading on positive 6V bus (LVPS ADC 1 channel 2)"/></itemDef>
    <!-- ADC1CH4And5 -->
    <itemDef name="SUDA_ANAHKSP4" type="dn8"><alias namespace="SUDA" value="ANAHKSP4"/>
      <description text="Spare bits for analog housekeeping"/></itemDef>
    <itemDef name="SUDA_LVPSN5V0CURR" type="dn12"><alias namespace="SUDA" value="LVPSN5V0CURR"/>
      <description text="Current reading on negative 5V bus (LVPS ADC 1 channel 5)"/></itemDef>
    <itemDef name="SUDA_LVPSP5V0CURR" type="dn12"><alias namespace="SUDA" value="LVPSP5V0CURR"/>
      <description text="Current reading on positive 5V bus (LVPS ADC 1 channel 4)"/></itemDef>
    <!-- ADC1CH4And5 -->
    <itemDef name="SUDA_ANAHKSP5" type="dn8"><alias namespace="SUDA" value="ANAHKSP5"/>
      <description text="Spare bits for analog housekeeping"/></itemDef>
    <itemDef name="SUDA_LVPSN2V5CURR" type="dn12"><alias namespace="SUDA" value="LVPSN2V5CURR"/>
      <description text="Current reading on negative 2.5V bus (LVPS ADC 1 channel 7)"/></itemDef>
    <itemDef name="SUDA_LVPSP2V5CURR" type="dn12"><alias namespace="SUDA" value="LVPSP2V5CURR"/>
      <description text="Current reading on positive 2.5V bus (LVPS ADC 1 channel 6)"/></itemDef>

    <!-- ADC2CH0And1 -->
    <itemDef name="SUDA_ANAHKSP6" type="dn8"><alias namespace="SUDA" value="ANAHKSP6"/>
      <description text="Spare bits for analog housekeeping"/></itemDef>
    <itemDef name="SUDA_CSA1TEMP" type="dn12"><alias namespace="SUDA" value="CSA1TEMP"/>
      <description text="Temperature reading on CSA1 (ITCSA) (LVPS ADC 2 channel 1)"/></itemDef>
    <itemDef name="SUDA_CSA0TEMP" type="dn12"><alias namespace="SUDA" value="CSA0TEMP"/>
      <description text="Temperature reading on CSA0 (VCSA)  (LVPS ADC 2 channel 0)"/></itemDef>
    <!-- ADC2CH2And3 -->
    <itemDef name="SUDA_ANAHKSP7" type="dn8"><alias namespace="SUDA" value="ANAHKSP7"/>
      <description text="Spare bits for analog housekeeping"/></itemDef>
    <itemDef name="SUDA_LVPSBDTEMP" type="dn12"><alias namespace="SUDA" value="LVPSBDTEMP"/>
      <description text="Temperature reading on LVPS Board (LVPS ADC 2 channel 3)"/></itemDef>
    <itemDef name="SUDA_DETTEMP" type="dn12"><alias namespace="SUDA" value="DETTEMP"/>
      <description text="Temperature reading on Detector (LVPS ADC 2 channel 2)"/></itemDef>
    <!-- ADC2CH4And5 -->
    <itemDef name="SUDA_ANAHKSP8" type="dn8"><alias namespace="SUDA" value="ANAHKSP8"/>
      <description text="Spare bits for analog housekeeping"/></itemDef>
    <itemDef name="SUDA_LVPSP2V5VOLT" type="dn12"><alias namespace="SUDA" value="LVPSP2V5VOLT"/>
      <description text="Voltage reading on positive 2.5V bus (LVPS ADC 2 channel 5)"/></itemDef>
    <itemDef name="SUDA_HVPSBDTEMP" type="dn12"><alias namespace="SUDA" value="HVPSBDTEMP"/>
      <description text="Temperature reading on HVPS Board (LVPS ADC 2 channel 4)"/></itemDef>
    <!-- ADC2CH4And5 -->
    <itemDef name="SUDA_ANAHKSP9" type="dn8"><alias namespace="SUDA" value="ANAHKSP9"/>
      <description text="Spare bits for analog housekeeping"/></itemDef>
    <itemDef name="SUDA_LVPSSPAREADC" type="dn12"><alias namespace="SUDA" value="LVPSSPAREADC"/>
      <description text="Voltage reading on unused signal (LVPS ADC 2 channel 7)"/></itemDef>
    <itemDef name="SUDA_LVPSN2V5VOLT" type="dn12"><alias namespace="SUDA" value="LVPSN2V5VOLT"/>
      <description text="Voltage reading on negative 2.5V bus (LVPS ADC 2 channel 6)"/></itemDef>
    <!--END: lvpsStatPkt_t -->

    <itemDef name="SUDA_STATUSCFG0" type="dn32"><alias namespace="SUDA" value="statcfg0"/>
      <description text="Configurable point, set address in param table"/></itemDef>
    <itemDef name="SUDA_STATUSCFG1" type="dn32"><alias namespace="SUDA" value="statcfg1"/>
      <description text="Configurable point, set address in param table"/></itemDef>
    <itemDef name="SUDA_STATUSCFG2" type="dn32"><alias namespace="SUDA" value="statcfg2"/>
      <description text="Configurable point, set address in param table"/></itemDef>
    <itemDef name="SUDA_STATUSCFG3" type="dn32"><alias namespace="SUDA" value="statcfg3"/>
      <description text="Configurable point, set address in param table"/></itemDef>
    <itemDef name="SUDA_STATUSCFG4" type="dn32"><alias namespace="SUDA" value="statcfg4"/>
      <description text="Configurable point, set address in param table"/></itemDef>
    <itemDef name="SUDA_STATUSCFG5" type="dn32"><alias namespace="SUDA" value="statcfg5"/>
      <description text="Configurable point, set address in param table"/></itemDef>
    <itemDef name="SUDA_STATUSCFG6" type="dn32"><alias namespace="SUDA" value="statcfg6"/>
      <description text="Configurable point, set via param table"/></itemDef>
    <itemDef name="SUDA_STATUSCFG7" type="dn32"><alias namespace="SUDA" value="statcfg7"/>
      <description text="Configurable point, set via param table"/></itemDef>

    <itemDef name="SUDA_SYNCMARKSTATPKT" type="dn16"><alias namespace="SUDA" value="SYNCMARKSTATPKT"/>
      <description text="Synchronization marker"/></itemDef>
    <itemDef name="SUDA_CRCSTATPKT" type="dn16"><alias namespace="SUDA" value="CRCSTATPKT"/>
      <description text="CRC CCITT-16"/></itemDef>
  </field>
  </frameDef>

  <frameDef name="suda_stat" id="0x0580"><description text="Health and status packet"/>
    <field>
      <frameCopy name="CCSDSPriHeader" suffix="_statPkt"/>
      <frameCopy name="CCSDSSecHeader" suffix="_statPkt"/>
      <item name="suda_stat_hk_frame"/>
    </field>
  </frameDef>

</hydraDef>
