<!-- SUDA-specific file to define SUDA science-related telemetry:
     - Science ADP Metadata packet  (0x0581)
     - Science Catalog List packet  (0x058B)
     - Science ADC Register packet  (0x058C)
     - Science Tranmit packet       (0x0590)
     - Science Fetch packet         (0x0591)
     - Science Catalog Packet       (0x0592)
     -->

<hydraDef>


  <!-- ====================================== -->
  <!-- Science Metadata Packet (0x0581)       -->
  <!-- ====================================== -->

  <frameDef name="suda_meta_hk_frame"><description text="Science metadata tlm contents"/>
    <field>
      <!-- Begin: telemetry content and arrangement required by Europa IICD -->
      <itemDef name="SUDA_ADPAID" type="dn32"><alias namespace="SUDA" value="AIDVAL"/>
        <description text="Accountability identifier for this ADP dataset"/> </itemDef>
      <itemDef name="SUDA_ADPCTRL" type="adpMetaControl5"><alias namespace="SUDA" value="ADPCTRL"/>
        <description text="Indicates whether this pkt represents start or end of ADP dataset"/> </itemDef>
      <itemDef name="SUDA_ADPAPID" type="dn11"><alias namespace="SUDA" value="ADPAPID"/>
        <description text="CCSDS APID used for this ADP dataset"/> </itemDef>
      <itemDef name="SUDA_ADPCOARSE" type="dn32"><alias namespace="SUDA" value="ADPCOARSE"/>
        <description text="Integer seconds of CCSDS timestamp for start or end packet of ADP dataset"/> </itemDef>
      <itemDef name="SUDA_ADPFINE" type="dn16"><alias namespace="SUDA" value="ADPFINE"/>
        <description text="Subseconds of CCSDS timestamp for start or end packet of ADP dataset"/> </itemDef>
      <itemDef name="SUDA_ADPSRCSEQ" type="dn14"><alias namespace="SUDA" value="ADPSRCSEQ"/>
        <description text="CCSDS source sequence counter for start or end packet of ADP dataset"/> </itemDef>
      <itemDef name="SUDA_ADPSPARE" type="dn2"><alias namespace="SUDA" value="ADPSPARE"/>
        <description text="Spare"/> </itemDef>
      <itemDef name="SUDA_ADPNUMPKT" type="dn32"><alias namespace="SUDA" value="ADPNUMPKT"/>
        <description text="Zero if START, For END holds number of pkts contained in this ADP dataset minus 1"/> </itemDef>

      <!-- Note: no synchonization marker -->
      <itemDef name="SUDA_CRCMETAPKT" type="dn16"><alias namespace="SUDA" value="CRCMETAPKT"/>
        <description text="CRC CCITT-16"/></itemDef>
    </field>
  </frameDef>

  <frameDef name="suda_meta" id="0x0581"><description text="Science Metadata Packet"/>
    <field>
      <frameCopy name="CCSDSPriHeader" suffix="_metaPkt"/>
      <frameCopy name="CCSDSSecHeader" suffix="_metaPkt"/>
      <item name="suda_meta_hk_frame"/>
    </field>
  </frameDef>


 <!-- ====================================== -->
  <!-- Science ADC Register Packet 0x058C)    -->
  <!-- ====================================== -->

  <frameDef name="suda_adcreg_hk_frame"><description text="Science ADC Register pkt contents"/>
    <field>
      <itemDef name="SUDA_ADCREGPWRSTAT" type="dn32"><alias namespace="SUDA" value="ADCREGPWRSTAT"/>
        <description text=""/></itemDef>
      <itemDef name="SUDA_ADCREGSP0" type="dn32"><alias namespace="SUDA" value="ADCREGSP0"/>
        <description text=""/></itemDef>
      <itemDef name="SUDA_ADCREGSP1" type="dn32"><alias namespace="SUDA" value="ADCREGSP1"/>
        <description text=""/></itemDef>
      <itemDef name="SUDA_ADCREGSP2" type="dn32"><alias namespace="SUDA" value="ADCREGSP2"/>
        <description text=""/></itemDef>

      <itemDef name="SUDA_SPI1R0" type="dn16" >
        <alias namespace="SUDA" value="SPI1R0"/>
        <description text="SCI SPI ADC #1 0x0 Configuration 1"/>
      </itemDef>
      <itemDef name="SUDA_SPI0R0" type="dn16" >
        <alias namespace="SUDA" value="SPI0R0"/>
        <description text="SCI SPI ADC #0 0x0 Configuration 1"/>
      </itemDef>
      <itemDef name="SUDA_SPI1R1" type="dn16" >
        <alias namespace="SUDA" value="SPI1R1"/>
        <description text="SCI SPI ADC #1 0x1 Reserved 1"/>
      </itemDef>
      <itemDef name="SUDA_SPI0R1" type="dn16" >
        <alias namespace="SUDA" value="SPI0R1"/>
        <description text="SCI SPI ADC #0 0x1 Reserved 1"/>
      </itemDef>
      <itemDef name="SUDA_SPI1R2" type="dn16" >
        <alias namespace="SUDA" value="SPI1R2"/>
        <description text="SCI SPI ADC #1 0x2 I Offset Adj"/>
      </itemDef>
      <itemDef name="SUDA_SPI0R2" type="dn16" >
        <alias namespace="SUDA" value="SPI0R2"/>
        <description text="SCI SPI ADC #0 0x2 I Offset Adj"/>
      </itemDef>
      <itemDef name="SUDA_SPI1R3" type="dn16" >
        <alias namespace="SUDA" value="SPI1R3"/>
        <description text="SCI SPI ADC #1 0x3 I FSR Adj"/>
      </itemDef>
      <itemDef name="SUDA_SPI0R3" type="dn16" >
        <alias namespace="SUDA" value="SPI0R3"/>
        <description text="SCI SPI ADC #0 0x3 I FSR Adj"/>
      </itemDef>
      <itemDef name="SUDA_SPI1R4" type="dn16" >
        <alias namespace="SUDA" value="SPI1R4"/>
        <description text="SCI SPI ADC #1 0x4 Cal Adj"/>
      </itemDef>
      <itemDef name="SUDA_SPI0R4" type="dn16" >
        <alias namespace="SUDA" value="SPI0R4"/>
        <description text="SCI SPI ADC #0 0x4 Cal Adj"/>
      </itemDef>
      <itemDef name="SUDA_SPI1R5" type="dn16" >
        <alias namespace="SUDA" value="SPI1R5"/>
        <description text="SCI SPI ADC #1 0x5 Cal Val"/>
      </itemDef>
      <itemDef name="SUDA_SPI0R5" type="dn16" >
        <alias namespace="SUDA" value="SPI0R5"/>
        <description text="SCI SPI ADC #0 0x5 Cal Val"/>
      </itemDef>
      <itemDef name="SUDA_SPI1R6" type="dn16" >
        <alias namespace="SUDA" value="SPI1R6"/>
        <description text="SCI SPI ADC #1 0x6 Reserved 2"/>
      </itemDef>
      <itemDef name="SUDA_SPI0R6" type="dn16" >
        <alias namespace="SUDA" value="SPI0R6"/>
        <description text="SCI SPI ADC #0 0x6 Reserved 2"/>
      </itemDef>
      <itemDef name="SUDA_SPI1R7" type="dn16" >
        <alias namespace="SUDA" value="SPI1R7"/>
        <description text="SCI SPI ADC #1 0x7 DES Time Adj"/>
      </itemDef>
      <itemDef name="SUDA_SPI0R7" type="dn16" >
        <alias namespace="SUDA" value="SPI0R7"/>
        <description text="SCI SPI ADC #0 0x7 DES Time Adj"/>
      </itemDef>
      <itemDef name="SUDA_SPI1R8" type="dn16" >
        <alias namespace="SUDA" value="SPI1R8"/>
        <description text="SCI SPI ADC #1 0x8 Reserved 3"/>
      </itemDef>
      <itemDef name="SUDA_SPI0R8" type="dn16" >
        <alias namespace="SUDA" value="SPI0R8"/>
        <description text="SCI SPI ADC #0 0x8 Reserved 3"/>
      </itemDef>
      <itemDef name="SUDA_SPI1R9" type="dn16" >
        <alias namespace="SUDA" value="SPI1R9"/>
        <description text="SCI SPI ADC #1 0x9 Reserved 4"/>
      </itemDef>
      <itemDef name="SUDA_SPI0R9" type="dn16" >
        <alias namespace="SUDA" value="SPI0R9"/>
        <description text="SCI SPI ADC #0 0x9 Reserved 4"/>
      </itemDef>
      <itemDef name="SUDA_SPI1RA" type="dn16" >
        <alias namespace="SUDA" value="SPI1RA"/>
        <description text="SCI SPI ADC #1 0xA Q Offset Adj"/>
      </itemDef>
      <itemDef name="SUDA_SPI0RA" type="dn16" >
        <alias namespace="SUDA" value="SPI0RA"/>
        <description text="SCI SPI ADC #0 0xA Q Offset Adj"/>
      </itemDef>
      <itemDef name="SUDA_SPI1RB" type="dn16" >
        <alias namespace="SUDA" value="SPI1RB"/>
        <description text="SCI SPI ADC #1 0xB Q FSR Adj"/>
      </itemDef>
      <itemDef name="SUDA_SPI0RB" type="dn16" >
        <alias namespace="SUDA" value="SPI0RB"/>
        <description text="SCI SPI ADC #0 0xB Q FSR Adj"/>
      </itemDef>
      <itemDef name="SUDA_SPI1RC" type="dn16" >
        <alias namespace="SUDA" value="SPI1RC"/>
        <description text="SCI SPI ADC #1 0xC AD C Adj"/>
      </itemDef>
      <itemDef name="SUDA_SPI0RC" type="dn16" >
        <alias namespace="SUDA" value="SPI0RC"/>
        <description text="SCI SPI ADC #0 0xC AD C Adj"/>
      </itemDef>
      <itemDef name="SUDA_SPI1RD" type="dn16" >
        <alias namespace="SUDA" value="SPI1RD"/>
        <description text="SCI SPI ADC #1 0xD AD F Adj"/>
      </itemDef>
      <itemDef name="SUDA_SPI0RD" type="dn16" >
        <alias namespace="SUDA" value="SPI0RD"/>
        <description text="SCI SPI ADC #0 0xD AD F Adj"/>
      </itemDef>
      <itemDef name="SUDA_SPI1RE" type="dn16" >
        <alias namespace="SUDA" value="SPI1RE"/>
        <description text="SCI SPI ADC #1 0xE AutoSync"/>
      </itemDef>
      <itemDef name="SUDA_SPI0RE" type="dn16" >
        <alias namespace="SUDA" value="SPI0RE"/>
        <description text="SCI SPI ADC #0 0xE AutoSync"/>
      </itemDef>
      <itemDef name="SUDA_SPI1RF" type="dn16" >
        <alias namespace="SUDA" value="SPI1RF"/>
        <description text="SCI SPI ADC #1 0xF Reserved 5"/>
      </itemDef>
      <itemDef name="SUDA_SPI0RF" type="dn16" >
        <alias namespace="SUDA" value="SPI0RF"/>
        <description text="SCI SPI ADC #0 0xF Reserved 5"/>
      </itemDef>

      <itemDef name="SUDA_SYNCADCREGPKT" type="dn16"><alias namespace="SUDA" value="SYNCADCREGPKT"/>
        <description text="Sync marker"/></itemDef>
      <itemDef name="SUDA_CRCADCREGPKT" type="dn16"><alias namespace="SUDA" value="CRCADCREGPKT"/>
        <description text="CRC CCITT-16"/></itemDef>
    </field>
  </frameDef>

  <frameDef name="suda_adcreg" id="0x058C"><description text="Science ADC Register Packet"/>
    <field>
      <frameCopy name="CCSDSPriHeader" suffix="_adcregPkt"/>
      <frameCopy name="CCSDSSecHeader" suffix="_adcregPkt"/>
      <item name="suda_adcreg_hk_frame"/>
    </field>
  </frameDef>



  <!-- ====================================== -->
  <!-- Science Catalog Packet (APID 0x0592)   -->
  <!-- ====================================== -->

  <!-- catalogEntry_t -->
  <frameDef name="catalogEntry"><description text="Structure for Event Catalog entry. Each event will have an associated entry."/>
    <field>
      <itemDef name="EVENTID" type="dn16"><alias namespace="SUDA" value="EVENTID"/>
        <description text="Event number from FPGA Event Header"/></itemDef>
      <itemDef name="EVENTTIME" type="dn16"><alias namespace="SUDA" value="EVENTTIME"/>
        <description text="16 of the 48 bits from FPGA Event Time"/></itemDef>


      <itemDef name="CATEGORY" type="dn5"><alias namespace="SUDA" value=""/>
        <description text="Category determined by FSW Processing"/></itemDef>
      <itemDef name="TOFPEAKCOUNT" type="dn6"><alias namespace="SUDA" value="TOFPEAKCOUNT"/>
        <description text="TOF Number of peaks found 0-63"/></itemDef>
      <itemDef name="TOFMEAN" type="dn10"><alias namespace="SUDA" value="TOFMEAN"/>
        <description text="TOF Mean (baseline)"/></itemDef>
      <itemDef name="TOFSNR2" type="dn8"><alias namespace="SUDA" value="TOFSNR2"/>
        <description text="TOF SNR2"/></itemDef>
      <itemDef name="CATSPARE1" type="dn3"><alias namespace="SUDA" value=""/>
        <description text=""/></itemDef>

      <itemDef name="CATSPARE2" type="dn2"><alias namespace="SUDA" value=""/>
        <description text=""/></itemDef>
      <itemDef name="TOFAPEAK1" type="dn10"><alias namespace="SUDA" value="TOFAPEAK1"/>
        <description text="TOF Peak 1 (highest) amplitude"/></itemDef>
      <itemDef name="TOFAPEAK2" type="dn10"><alias namespace="SUDA" value="TOFAPEAK2"/>
        <description text="TOF Peak 2 (second highest) amplitude"/></itemDef>
      <itemDef name="TOFAPEAK3" type="dn10"><alias namespace="SUDA" value="TOFAPEAK3"/>
        <description text="TOF Peak 3 (third highest) amplitude"/></itemDef>

      <itemDef name="QVSNR2" type="dn8"><alias namespace="SUDA" value="QVSNR2"/>
        <description text="Qv SNR2"/></itemDef>
      <itemDef name="QVMEAN" type="dn12"><alias namespace="SUDA" value="QVMEAN"/>
        <description text="Qv Mean (baseline)"/></itemDef>
      <itemDef name="QVAMAX" type="dn12"><alias namespace="SUDA" value="QVAMAX"/>
        <description text="Qv Maximum amplitude"/></itemDef>

      <itemDef name="QTSNR2" type="dn8"><alias namespace="SUDA" value="QTSNR2"/>
        <description text="Qt SNR2"/></itemDef>
      <itemDef name="QTMEAN" type="dn12"><alias namespace="SUDA" value="QTMEAN"/>
        <description text="Qt Mean (baseline)"/></itemDef>
      <itemDef name="QTAMAX" type="dn12"><alias namespace="SUDA" value="QTAMAX"/>
        <description text="Qt Maximum amplitude"/></itemDef>

      <itemDef name="QISNR2" type="dn8"><alias namespace="SUDA" value="QISNR2"/>
        <description text="Qi SNR2"/></itemDef>
      <itemDef name="QIMEAN" type="dn12"><alias namespace="SUDA" value="QIMEAN"/>
        <description text="Qi Mean (baseline)"/></itemDef>
      <itemDef name="QIAMAX" type="dn12"><alias namespace="SUDA" value="QIAMAX"/>
        <description text="Qi Maximum amplitude"/></itemDef>

      <itemDef name="CATSPARE3" type="dn1"><alias namespace="SUDA" value=""/>
        <description text=""/></itemDef>
      <itemDef name="TOFTPEAK1" type="dn13"><alias namespace="SUDA" value="TOFTPEAK1"/>
        <description text="TOF Index of Peak 1"/></itemDef>
      <itemDef name="QVTMAX" type="dn9"><alias namespace="SUDA" value="QVTMAX"/>
        <description text="Qv Max amplitude index"/></itemDef>
      <itemDef name="QTTMAX" type="dn9"><alias namespace="SUDA" value="QTTMAX"/>
        <description text="Qt Max amplitude index"/></itemDef>

      <itemDef name="CATSPARE4" type="dn1"><alias namespace="SUDA" value=""/>
        <description text=""/></itemDef>
      <itemDef name="TOFTPEAK2" type="dn13"><alias namespace="SUDA" value="TOFTPEAK2"/>
        <description text="TOF Index of Peak 2"/></itemDef>
      <itemDef name="QITMAX" type="dn9"><alias namespace="SUDA" value="QITMAX"/>
        <description text="Qi Max amplitude index"/></itemDef>
      <itemDef name="QITTEN" type="dn9"><alias namespace="SUDA" value="QITTEN"/>
        <description text="Qi 10% amplitude index"/></itemDef>

      <itemDef name="CATSPARE5" type="dn1"><alias namespace="SUDA" value=""/>
        <description text=""/></itemDef>
      <itemDef name="TOFTPEAK3" type="dn13"><alias namespace="SUDA" value="TOFTPEAK3"/>
        <description text="TOF Index of Peak 3"/></itemDef>
      <itemDef name="QTTTEN" type="dn9"><alias namespace="SUDA" value="QTTTEN"/>
        <description text="Qt 10% amplitude index"/></itemDef>
      <itemDef name="QTTNINETY" type="dn9"><alias namespace="SUDA" value="QTTNINETY"/>
        <description text="Qt 90% amplitude index"/></itemDef>

      <itemDef name="CATSPARE6" type="dn5"><alias namespace="SUDA" value=""/>
        <description text=""/></itemDef>
      <itemDef name="QITNINETY" type="dn9"><alias namespace="SUDA" value="QITNINETY"/>
        <description text="Qi 90% amplitude index"/></itemDef>
      <itemDef name="QITIMPACT" type="dn9"><alias namespace="SUDA" value="QITIMPACT"/>
        <description text="Qi Impact index"/></itemDef>
      <itemDef name="QTTIMPACT" type="dn9"><alias namespace="SUDA" value="QTTIMPACT"/>
        <description text="Qt Impact index"/></itemDef>

      <itemDef name="CATSPARE7" type="dn4"><alias namespace="SUDA" value=""/>
        <description text="TOF Flag Spares"/></itemDef>
      <itemDef name="TOFDELTA" type="dn1"><alias namespace="SUDA" value="TOFDELTA"/>
        <description text="TOF Delta Error"/></itemDef>
      <itemDef name="TOFCLIP" type="dn1"><alias namespace="SUDA" value="TOFCLIP"/>
        <description text="TOF Clipped Error"/></itemDef>
      <itemDef name="TOFPOST" type="dn1"><alias namespace="SUDA" value="TOFPOST"/>
        <description text="TOF Post Block Error"/></itemDef>
      <itemDef name="TOFPRE" type="dn1"><alias namespace="SUDA" value="TOFPRE"/>
        <description text="TOF Pre Block Error"/></itemDef>
      <itemDef name="QTATEN" type="dn12"><alias namespace="SUDA" value="QTATEN"/>
        <description text="Qt 10% amplitude"/></itemDef>
      <itemDef name="QTANINETY" type="dn12"><alias namespace="SUDA" value="QTANINETY"/>
        <description text="Qt 90% amplitude"/></itemDef>

      <itemDef name="QIDELTA" type="dn1"><alias namespace="SUDA" value="QIDELTA"/>
        <description text="Qi Delta Error"/></itemDef>
      <itemDef name="QTDELTA" type="dn1"><alias namespace="SUDA" value="QTDELTA"/>
        <description text="Qt Delta Error"/></itemDef>
      <itemDef name="QVDELTA" type="dn1"><alias namespace="SUDA" value="QVDELTA"/>
        <description text="Qv Delta Error"/></itemDef>
      <itemDef name="QICLIP" type="dn1"><alias namespace="SUDA" value="QICLIP"/>
        <description text="Qi Clip Error"/></itemDef>
      <itemDef name="QTCLIP" type="dn1"><alias namespace="SUDA" value="QTCLIP"/>
        <description text="Qt Clip Error"/></itemDef>
      <itemDef name="QVCLIP" type="dn1"><alias namespace="SUDA" value="QVCLIP"/>
        <description text="Qv Clip Error"/></itemDef>
      <itemDef name="LSPOST" type="dn1"><alias namespace="SUDA" value="LSPOST"/>
        <description text="CSA Post Block Error"/></itemDef>
      <itemDef name="LSPRE" type="dn1"><alias namespace="SUDA" value="LSPRE"/>
        <description text="CSA Pre Block Error"/></itemDef>
      <itemDef name="QIATEN" type="dn12"><alias namespace="SUDA" value="QIATEN"/>
        <description text="Qi 10% amplitude"/></itemDef>
      <itemDef name="QIANINETY" type="dn12"><alias namespace="SUDA" value="QIANINETY"/>
        <description text="Qi 90% amplitude"/></itemDef>

    </field>
  </frameDef>
  <!-- catalogEntry_t -->

  <!-- eventHeader_t -->
  <frameDef name="sciEventHeader"><description text="Structure for Event Catalog entry. Each event will have an associated entry."/>
    <field>
      <!-- Does not include the sync words 0xF0F0A5A0 and 0XF0F0. Does include the 64 32 bit word header, and all of the science data -->
      <itemDef name="SUDA_SciEvtLen" type="dn32"><alias namespace="SUDA" value="SciEvtLen"/>
        <description text="Length of sci data for this event (all 6 channels), in dwords"/></itemDef>
      <itemDef name="SUDA_CATHDRSP000" type="dn16"><alias namespace="SUDA" value="CATHDRSP000"/>
        <description text="Spare"/></itemDef>
      <itemDef name="SUDA_CATHDRTIMESEC1" type="dn16"><alias namespace="SUDA" value="CATHDRTIMESEC1"/>
        <description text="Trigger time, bits 31:16 of the coarse timestamp (integer seconds since epoch)"/></itemDef>
      <itemDef name="SUDA_CATHDRTIMESEC2" type="dn16"><alias namespace="SUDA" value="CATHDRTIMESEC2"/>
        <description text="Trigger time, bits 15:0 of the coarse timestamp (integer seconds since epoch)"/></itemDef>
      <itemDef name="SUDA_CATHDRTIMESUBS" type="dn16"><alias namespace="SUDA" value="CATHDRTIMESUBS"/>
        <description text="Trigger time, subseconds field"/></itemDef>
      <itemDef name="SUDA_CATHDRSP001" type="dn1"><alias namespace="SUDA" value="CATHDRSP001"/>
        <description text="Spare"/></itemDef>
      <itemDef name="SUDA_CATHDRTRIGOFFSET" type="dn3"><alias namespace="SUDA" value="CATHDRTRIGOFFSET"/>
        <description text="Trigger offset"/></itemDef>
      <itemDef name="SUDA_CATHDRSP002" type="dn2"><alias namespace="SUDA" value="CATHDRSP002"/>
        <description text="Spare"/></itemDef>
      <itemDef name="SUDA_CATHDRTRIGID" type="dn10"><alias namespace="SUDA" value="CATHDRTRIGID"/>
        <description text="Identifies which channel(s) caused this event to be captured"/></itemDef>
      <itemDef name="SUDA_CATHDREVTNUM" type="dn16"><alias namespace="SUDA" value="CATHDREVTNUM"/>
        <description text="Event number, an incrementing counter to uniquely identify one event in dataset"/></itemDef>
      <itemDef name="SUDA_CATHDRBLOCKS" type="dn32"><alias namespace="SUDA" value="CATHDRBLOCKS"/>
        <description text="Defines size of pre/post trigger blocks, see FPGA N Blocks register"/></itemDef>
      <itemDef name="SUDA_TOFHGTRIGCTRL1" type="dn32"><alias namespace="SUDA" value="TOFHGTRIGCTRL1"/>
        <description text="Settings for High Gain TOF ADC triggering, part 1"/></itemDef>
      <itemDef name="SUDA_TOFHGTRIGCTRL2" type="dn32"><alias namespace="SUDA" value="TOFHGTRIGCTRL2"/>
        <description text="Settings for High Gain TOF ADC triggering, part 2"/></itemDef>
      <itemDef name="SUDA_TOFLGTRIGCTRL1" type="dn32"><alias namespace="SUDA" value="TOFLGTRIGCTRL1"/>
        <description text="Settings for Low Gain TOF ADC triggering, part 1"/></itemDef>
      <itemDef name="SUDA_TOFLGTRIGCTRL2" type="dn32"><alias namespace="SUDA" value="TOFLGTRIGCTRL2"/>
        <description text="Settings for Low Gain TOF ADC triggering, part 2"/></itemDef>
      <itemDef name="SUDA_TOFMGTRIGCTRL1" type="dn32"><alias namespace="SUDA" value="TOFMGTRIGCTRL1"/>
        <description text="Settings for Mid Gain TOF ADC triggering, part 1"/></itemDef>
      <itemDef name="SUDA_TOFMGTRIGCTRL2" type="dn32"><alias namespace="SUDA" value="TOFMGTRIGCTRL2"/>
        <description text="Settings for Mid Gain TOF ADC triggering, part 2"/></itemDef>
      <itemDef name="SUDA_CATHDRSP003" type="dn8"><alias namespace="SUDA" value="CATHDRSP003"/>
        <description text="Spare"/></itemDef>
      <itemDef name="SUDA_CATHDRLSADC" type="dn24"><alias namespace="SUDA" value="CATHDRLSADC"/>
        <description text="Settings for Low Speed (target) ADC triggering"/></itemDef>
      <itemDef name="SUDA_CATHDRPOLSTAT" type="dn1"><alias namespace="SUDA" value="CATHDRPOLSTAT"/>
        <description text="Status of HVPS polarity"/></itemDef>
      <itemDef name="SUDA_CATHDRSP004" type="dn22"><alias namespace="SUDA" value="CATHDRSP004"/>
        <description text="Spare"/></itemDef>
      <itemDef name="SUDA_CATHDRPOLCTRL" type="dn1"><alias namespace="SUDA" value="CATHDRPOLCTRL"/>
        <description text="Reading from HVPS polarity"/></itemDef>
      <itemDef name="SUDA_CATHDRCOINENA" type="dn1"><alias namespace="SUDA" value="CATHDRCOINENA"/>
        <description text="LS coincidence setting"/></itemDef>
      <itemDef name="SUDA_CATHDRLSTRIGMODE" type="dn1"><alias namespace="SUDA" value="CATHDRLSTRIGMODE"/>
        <description text="Trigger mode for low speed (target) channel"/></itemDef>
      <itemDef name="SUDA_CATHDRMGTRIGMODE" type="dn2"><alias namespace="SUDA" value="SUDA_CATHDRMGTRIGMODE"/>
        <description text="Trigger mode for mid-gain TOF channel"/></itemDef>
      <itemDef name="SUDA_CATHDRLGTRIGMODE" type="dn2"><alias namespace="SUDA" value="CATHDRLGTRIGMODE"/>
        <description text="Trigger mode for low-gain TOF channel"/></itemDef>
      <itemDef name="SUDA_CATHDRHGTRIGMODE" type="dn2"><alias namespace="SUDA" value="SUDA_CATHDRHGTRIGMODE"/>
        <description text="Trigger mode for high-gain TOF channel"/></itemDef>
      <itemDef name="SUDA_CATHDRSP005" type="dn32"><description text="SUDA_CATHDRSP005"/><alias namespace="SUDA" value=""/></itemDef>           <!-- 13 -->
      <itemDef name="SUDA_CATHDRSP006" type="dn32"><description text="CATHDRSP006"/><alias namespace="SUDA" value=""/></itemDef>           <!-- 14 -->
      <itemDef name="SUDA_CATHDRSP007" type="dn32"><description text="CATHDRSP007"/><alias namespace="SUDA" value=""/></itemDef>           <!-- 15 -->
      <itemDef name="SUDA_CATHDRSP008" type="dn32"><description text="CATHDRSP008"/><alias namespace="SUDA" value=""/></itemDef>           <!-- 16 -->
      <itemDef name="SUDA_CATHDRTOFMAX" type="dn32"><alias namespace="SUDA" value="CATHDRTOFMAX"/></itemDef>                 <!-- 17 -->
      <itemDef name="SUDA_CATHDRTOFMIN" type="dn32"><alias namespace="SUDA" value="CATHDRTOFMIN"/></itemDef>                 <!-- 18 -->
      <itemDef name="SUDA_CATHDRLS0MAXMIN" type="dn32"><alias namespace="SUDA" value="CATHDRLS0MAXMIN"/></itemDef>           <!-- 19 -->
      <itemDef name="SUDA_CATHDRLS1MAXMIN" type="dn32"><alias namespace="SUDA" value="CATHDRLS1MAXMIN"/></itemDef>           <!-- 20 -->
      <itemDef name="SUDA_CATHDRLS2MAXMIN" type="dn32"><alias namespace="SUDA" value="CATHDRLS2MAXMIN"/></itemDef>           <!-- 21 -->
      <itemDef name="SUDA_CATHDRFIFODELAY" type="dn32"><alias namespace="SUDA" value="CATHDRFIFODELAY"/></itemDef>        <!-- 22 -->
      <itemDef name="SUDA_CATHDRSAMPDELAY" type="dn32"><alias namespace="SUDA" value="CATHDRSAMPDELAY"/></itemDef>         <!-- 23 -->
      <itemDef name="SUDA_CATHDRTRANSCNT" type="dn32"><alias namespace="SUDA" value="CATHDRTRANSCNT"/></itemDef>          <!-- 24 -->
      <itemDef name="SUDA_PROCHKADCCHAN01" type="dn32"><alias namespace="SUDA" value="PROCHKADCCHAN01"/></itemDef>        <!-- 25 -->
      <itemDef name="SUDA_PROCHKADCCHAN23" type="dn32"><alias namespace="SUDA" value="PROCHKADCCHAN23"/></itemDef>        <!-- 26 -->
      <itemDef name="SUDA_PROCHKADCCHAN45" type="dn32"><alias namespace="SUDA" value="PROCHKADCCHAN45"/></itemDef>        <!-- 27 -->
      <itemDef name="SUDA_PROCHKADCCHAN67" type="dn32"><alias namespace="SUDA" value="PROCHKADCCHAN67"/></itemDef>        <!-- 28 -->
      <itemDef name="SUDA_HVPSHKADCCHAN01" type="dn32"><alias namespace="SUDA" value="HVPSHKADCCHAN01"/></itemDef>        <!-- 29 -->
      <itemDef name="SUDA_HVPSHKADCCHAN23" type="dn32"><alias namespace="SUDA" value="HVPSHKADCCHAN23"/></itemDef>        <!-- 30 -->
      <itemDef name="SUDA_HVPSHKADCCHAN45" type="dn32"><alias namespace="SUDA" value="HVPSHKADCCHAN45"/></itemDef>        <!-- 31 -->
      <itemDef name="SUDA_HVPSHKADCCHAN67" type="dn32"><alias namespace="SUDA" value="HVPSHKADCCHAN67"/></itemDef>        <!-- 32 -->
      <itemDef name="SUDA_LVPSHKADC0CHAN01" type="dn32"><alias namespace="SUDA" value="LVPSHKADC0CHAN01"/></itemDef>       <!-- 33 -->
      <itemDef name="SUDA_LVPSHKADC0CHAN23" type="dn32"><alias namespace="SUDA" value="LVPSHKADC0CHAN23"/></itemDef>       <!-- 34 -->
      <itemDef name="SUDA_LVPSHKADC0CHAN45" type="dn32"><alias namespace="SUDA" value="LVPSHKADC0CHAN45"/></itemDef>       <!-- 35 -->
      <itemDef name="SUDA_LVPSHKADC0CHAN67" type="dn32"><alias namespace="SUDA" value="LVPSHKADC0CHAN67"/></itemDef>       <!-- 36 -->
      <itemDef name="SUDA_LVPSHKADC1CHAN01" type="dn32"><alias namespace="SUDA" value="LVPSHKADC1CHAN01"/></itemDef>       <!-- 37 -->
      <itemDef name="SUDA_LVPSHKADC1CHAN23" type="dn32"><alias namespace="SUDA" value="LVPSHKADC1CHAN23"/></itemDef>       <!-- 38 -->
      <itemDef name="SUDA_LVPSHKADC1CHAN45" type="dn32"><alias namespace="SUDA" value="LVPSHKADC1CHAN45"/></itemDef>       <!-- 39 -->
      <itemDef name="SUDA_LVPSHKADC1CHAN67" type="dn32"><alias namespace="SUDA" value="LVPSHKADC1CHAN67"/></itemDef>       <!-- 40 -->
      <itemDef name="SUDA_LVPSHKADC2CHAN01" type="dn32"><alias namespace="SUDA" value="LVPSHKADC2CHAN01"/></itemDef>       <!-- 41 -->
      <itemDef name="SUDA_LVPSHKADC2CHAN23" type="dn32"><alias namespace="SUDA" value="LVPSHKADC2CHAN23"/></itemDef>       <!-- 42 -->
      <itemDef name="SUDA_LVPSHKADC2CHAN45" type="dn32"><alias namespace="SUDA" value="LVPSHKADC2CHAN45"/></itemDef>       <!-- 43 -->
      <itemDef name="SUDA_LVPSHKADC2CHAN67" type="dn32"><alias namespace="SUDA" value="LVPSHKADC2CHAN67"/></itemDef>       <!-- 44 -->
      <itemDef name="SUDA_CATHDRSP009" type="dn32"><alias namespace="SUDA" value="CATHDRSP009"/>
        <description text="Spare"/></itemDef>
      <itemDef name="SUDA_CATHDRSP010" type="dn32"><alias namespace="SUDA" value="CATHDRSP010"/>
        <description text="Spare"/></itemDef>
      <itemDef name="SUDA_CATHDRFSWHDR" type="dn32" num="16"><alias namespace="SUDA" value="CATHDRFSWHDR"/>
        <description text="Sixteen fields populated by FSW for inclusion in this FPGA header"/></itemDef>
      <itemDef name="SUDA_CATHDRFPGAVER" type="dn32"><alias namespace="SUDA" value="CATHDRFPGAVER"/>
        <description text="Version number of the FPGA version as date code"/></itemDef>
    </field>
  </frameDef>
  <!-- eventHeader_t -->



  <!-- catalogHdr_t -->
  <frameDef name="suda_catalog_hdr_hk_frame"><description text="Header of catalog containing metadata for events in this catalog"/>
    <field>
      <!-- Packet begins with header common to dump memory packets -->
      <itemDef name="SUDA_CATHDRACCOUNTID" type="dn32"><alias namespace="SUDA" value="CATACCOUNTID"/>
        <description text="Commanded dump operation, identifies region"/> </itemDef>
      <itemDef name="SUDA_CATHDROFFSET" type="dn32"><alias namespace="SUDA" value="cathdroffset"/>
        <description text="Starting offset within region, i.e. block+page"/> </itemDef>
      <itemDef name="SUDA_CATHDRTOTLEN" type="dn32"><alias namespace="SUDA" value="cathdrtotlen"/>
        <description text="Total length of this region"/> </itemDef>
      <itemDef name="SUDA_CATHDRVLDCNT" type="dn32"><alias namespace="SUDA" value="cathdrvalidcnt"/>
        <description text="Valid dwords in this pkt (rest is padded)"/> </itemDef>
      <itemDef name="SUDA_CATHDRFLASHBLOCK" type="dn26"><alias namespace="SUDA" value="cathdrFLASHBLOCK"/>
        <description text="Holds associated Flash block and page, when applicable"/> </itemDef>
      <itemDef name="SUDA_CATHDRFLASHPAGE" type="dn6"><alias namespace="SUDA" value="cathdrFLASHPAGE"/>
        <description text="Holds associated Flash block and page, when applicable"/> </itemDef>
      <itemDef name="SUDA_CATHDRENTRYTOTAL" type="dn32"><alias namespace="SUDA" value="cathdrreserv1"/>
        <description text="Number of total catalog entries for this catalog (counting up category assignments)"/> </itemDef>
      <itemDef name="SUDA_CATHDRENTRYCNT" type="dn32"><alias namespace="SUDA" value="cathdrreserv2"/>
        <description text="Number of catalog entries included in this packet (0 for header)"/> </itemDef>
      <itemDef name="SUDA_CATHDRENTRYSTART" type="dn32"><alias namespace="SUDA" value="cathdrreserv3"/>
        <description text="Index of first catalog entry in this packet (0 when no entries contained, including header)"/> </itemDef>

      <!-- Start of header is common to all FSW objects in Flash, see flashHdrSel_t 8 dwords -->
      <itemDef name="SUDA_CATHDRKEY" type="dn32"><alias namespace="SUDA" value="CATHDRKEY"/>
        <description text="indicates the Flash block contents, if valid"/></itemDef>
      <itemDef name="SUDA_CATHDRCKSUM" type="dn32"><alias namespace="SUDA" value="CATHDRCKSUM"/>
        <description text="Self-reported checksum of the region"/></itemDef>
      <itemDef name="SUDA_CATHDRLEN" type="dn32"><alias namespace="SUDA" value="CATHDRLEN"/>
        <description text="Self-reported length of the region, in dwords"/></itemDef>
      <itemDef name="SUDA_CATHDRMORE" type="dn32"><alias namespace="SUDA" value="CATHDRMORE"/>
        <description text="Additional data associated with this region"/></itemDef>
      <itemDef name="SUDA_CATHDRCONT" type="dn32"><alias namespace="SUDA" value="CATHDRCONT"/>
        <description text="Continues to next block if '1', otherwise end of data"/></itemDef>
      <itemDef name="SUDA_CATHDRSP0" type="dn32"><alias namespace="SUDA" value="CATHDRSP0"/></itemDef>
      <itemDef name="SUDA_CATHDRSP1" type="dn32"><alias namespace="SUDA" value="CATHDRSP1"/></itemDef>
      <itemDef name="SUDA_CATHDRSP2" type="dn32"><alias namespace="SUDA" value="CATHDRSP2"/></itemDef>

      <!-- Remainder of header contains metadata unique to a science catalog 38 dwords -->
      <itemDef name="SUDA_CATAID" type="dn32"><alias namespace="SUDA" value="CATAID"/>
        <description text="Accountability identifier uniquely tags sets of data"/></itemDef>
      <itemDef name="SUDA_CATEVTCNT" type="dn32"><alias namespace="SUDA" value="CATEVTCNT"/>
        <description text="Number of events contained in this catalog"/></itemDef>
      <itemDef name="SUDA_CATBLOCKCNT" type="dn32"><alias namespace="SUDA" value="CATBLOCKCNT"/>
        <description text="Block count for this dataset, ignores mirrored blocks"/></itemDef>
      <itemDef name="SUDA_CATFPGAEVTCNT" type="dn32"><alias namespace="SUDA" value="CATFPGAEVTCNT"/>
        <description text="FPGA's counter for sci events, sometimes over-counts by 4-5"/></itemDef>
      <itemDef name="SUDA_CATSTARTTIME" type="dn32"><alias namespace="SUDA" value="CATSTARTTIME"/>
        <description text="Integer seconds of first event"/></itemDef>
      <itemDef name="SUDA_CATENDTIME" type="dn32"><alias namespace="SUDA" value="CATENDTIME"/>
        <description text="Integer seconds of last event"/></itemDef>
      <itemDef name="SUDA_CATCATEGORYCOUNT" type="dn32" num="32"><alias namespace="SUDA" value="CATCATEGORYCOUNT"/>
        <description text="Count of events per category"/></itemDef>

      <itemDef name="SUDA_CATHDR_PADDING1" type="dn32" num="16"><alias namespace="SUDA" value="CATHDR_PADDING1"/>
        <description text="Mid header padding"/></itemDef>

      <!-- Science ADC FPGA registers that are lost 30 dwords -->
      <itemDef name="SUDA_HS0PINCTRL" type="dn32"><alias namespace="SUDA" value="HS0PINCTRL"/></itemDef>
      <itemDef name="SUDA_HS0PWRCTRL" type="dn32"><alias namespace="SUDA" value="HS0PWRCTRL"/></itemDef>
      <itemDef name="SUDA_HS1PINCTRL" type="dn32"><alias namespace="SUDA" value="HS1PINCTRL"/></itemDef>
      <itemDef name="SUDA_HS1PWRCTRL" type="dn32"><alias namespace="SUDA" value="HS1PWRCTRL"/></itemDef>
      <itemDef name="SUDA_FPGATESTPATTERN" type="dn32"><alias namespace="SUDA" value="FPGATESTPATTERN"/></itemDef>
      <itemDef name="SUDA_DCLKALIGN" type="dn32"><alias namespace="SUDA" value="DCLKALIGN"/></itemDef>
      <itemDef name="SUDA_EYEPATTERN" type="dn32" num="24"><alias namespace="SUDA" value="EYEPATTERN"/></itemDef>

      <!-- Science Buffer FPGA registers that are lost 8 dwords -->
      <itemDef name="SUDA_EDACSTAT" type="dn32"><alias namespace="SUDA" value="EDACSTAT"/></itemDef>
      <itemDef name="SUDA_ERRSTAT" type="dn32"><alias namespace="SUDA" value="ERRSTAT"/></itemDef>
      <itemDef name="SUDA_MIRRORENACAT" type="dn32"><alias namespace="SUDA" value="MIRRORENACAT"/></itemDef>
      <itemDef name="SUDA_STARTBLOCK" type="dn32"><alias namespace="SUDA" value="STARTBLOCK"/></itemDef>
      <itemDef name="SUDA_CURRENTWR" type="dn32"><alias namespace="SUDA" value="CURRENTWR"/></itemDef>
      <itemDef name="SUDA_PROCESSCNT" type="dn32"><alias namespace="SUDA" value="PROCESSCNT"/></itemDef>
      <itemDef name="SUDA_PROCESSTIMESTAMP" type="dn32"><alias namespace="SUDA" value="PROCESSTIMESTAMP"/>
        <description text="Approx time when this data was last processed"/></itemDef>
      <itemDef name="SUDA_ACQDURATION" type="dn32"><alias namespace="SUDA" value="ACQDURATION"/>
        <description text="Total duration of science acquisition activity"/></itemDef>

      <itemDef name="SUDA_PARAMTABLE1" type="dn32"><alias namespace="SUDA" value="PARAMTABLE1"/>
        <description text="Contents of PT entry"/></itemDef>
      <itemDef name="SUDA_PARAMTABLE2" type="dn32"><alias namespace="SUDA" value="PARAMTABLE2"/>
        <description text="Contents of PT entry"/></itemDef>
      <itemDef name="SUDA_MEMPARAM1" type="dn32"><alias namespace="SUDA" value="MEMPARAM1"/>
        <description text="Read from arbitrary address, determined by PT"/></itemDef>
      <itemDef name="SUDA_MEMPARAM2" type="dn32"><alias namespace="SUDA" value="MEMPARAM2"/>
        <description text="Read from arbitrary address, determined by PT"/></itemDef>

      <itemDef name="SUDA_EVTSTARTMARKER" type="dn32"><alias namespace="SUDA" value="EVTSTARTMARKER"/>
        <description text="F0F0 from first event"/></itemDef>
        
      <!-- First Event Header 64 dwords -->
      <item name="sciEventHeader">
        <description text="FPGA-appended metadata header for first event in dataset"/></item>

      <!-- Science Processing Parameters 17 dwords -->
      <itemDef name="SUDA_PROCCHANS" type="dn32"><alias namespace="SUDA" value="PROCCHANS"/>
        <description text="Channels Processed"/></itemDef>
      <itemDef name="SUDA_TOFPEAKWIDTH" type="dn32"><alias namespace="SUDA" value="TOFPEAKWIDTH"/>
        <description text="Minimum TOF Peak Width"/></itemDef>
      <itemDef name="SUDA_TOFPEAKMIN" type="dn32"><alias namespace="SUDA" value="TOFPEAKMIN"/>
        <description text="Percent of Amax as minimum criteria for peak"/></itemDef>
      <itemDef name="SUDA_TOFPEAKSIG" type="dn32"><alias namespace="SUDA" value="TOFPEAKSIG"/>
        <description text="Sigma mulitple of variance as minimum criteria for peak"/></itemDef>
      <itemDef name="SUDA_HSSAMPLES" type="dn32"><alias namespace="SUDA" value="HSSAMPLES"/>
        <description text="TOF Sample count for Mean computation"/></itemDef>
      <itemDef name="SUDA_LSSAMPLES" type="dn32"><alias namespace="SUDA" value="LSSAMPLES"/>
        <description text="CSA Sample count for Mean computation"/></itemDef>
      <itemDef name="SUDA_HSBLKCNT" type="dn32"><alias namespace="SUDA" value="HSBLKCNT"/>
        <description text="TOF Blocks to skip to start mean computation"/></itemDef>
      <itemDef name="SUDA_LSBLKCNT" type="dn32"><alias namespace="SUDA" value="LSBLKCNT"/>
        <description text="CSA Blocks to skip to start mean computation"/></itemDef>
      <itemDef name="SUDA_HSCLIP" type="dn32"><alias namespace="SUDA" value="HSCLIP"/>
        <description text="TOF Samples at Maximum to determine clipping"/></itemDef>
      <itemDef name="SUDA_LSCPLIP" type="dn32"><alias namespace="SUDA" value="LSCPLIP"/>
        <description text="CSA Samples at Maximum to determine clipping"/></itemDef>
      <itemDef name="SUDA_HSPREMIN" type="dn32"><alias namespace="SUDA" value="HSPREMIN"/>
        <description text="Minimum TOF Pre-Trigger Blocks"/></itemDef>
      <itemDef name="SUDA_HSPOSTMIN" type="dn32"><alias namespace="SUDA" value="HSPOSTMIN"/>
        <description text="Minimum TOF Post-Trigger Blocks"/></itemDef>
      <itemDef name="SUDA_LSPREMIN" type="dn32"><alias namespace="SUDA" value="LSPREMIN"/>
        <description text="Minimum CSA Pre-Trigger Blocks"/></itemDef>
      <itemDef name="SUDA_LSPOSTMIN" type="dn32"><alias namespace="SUDA" value="LSPOSTMIN"/>
        <description text="Minimum CSA Post-Trigger Blocks"/></itemDef>
      <itemDef name="SUDA_HSMINDELTA" type="dn32"><alias namespace="SUDA" value="HSMINDELTA"/>
        <description text="TOF Minimum Delta between Mean and Max Amplitude"/></itemDef>
      <itemDef name="SUDA_LSMINDELTA" type="dn32"><alias namespace="SUDA" value="LSMINDELTA"/>
        <description text="CSA Minimum Delta between Mean and Max Amplitude"/></itemDef>
      <itemDef name="SUDA_NOISECAT" type="dn32"><alias namespace="SUDA" value="NOISECAT"/>
        <description text="First category to be considered noise for cataloging"/></itemDef>

      <!-- Science Processing Results 12 dwords -->
      <itemDef name="SUDA_FIRSTEVT" type="dn32"><alias namespace="SUDA" value="FIRSTEVT"/>
        <description text="First Event Number"/></itemDef>
      <itemDef name="SUDA_FIRSTSEC" type="dn32"><alias namespace="SUDA" value="FIRSTSEC"/>
        <description text="First Event Seconds"/></itemDef>
      <itemDef name="SUDA_FIRSTSUB" type="dn32"><alias namespace="SUDA" value="FIRSTSUB"/>
        <description text="First Event Subseconds"/></itemDef>
      <itemDef name="SUDA_LASTEVT" type="dn32"><alias namespace="SUDA" value="LASTEVT"/>
        <description text="Last Event Number"/></itemDef>
      <itemDef name="SUDA_LASTSEC" type="dn32"><alias namespace="SUDA" value="LASTSEC"/>
        <description text="Last Event Seconds"/></itemDef>
      <itemDef name="SUDA_LASTSUB" type="dn32"><alias namespace="SUDA" value="LASTSUB"/>
        <description text="Last Event Subseconds"/></itemDef>
      <itemDef name="SUDA_OVREVT" type="dn32"><alias namespace="SUDA" value="OVREVT"/>
        <description text="Overflow Event Number"/></itemDef>
      <itemDef name="SUDA_OVRSEC" type="dn32"><alias namespace="SUDA" value="OVRSEC"/>
        <description text="Overflow Event Seconds"/></itemDef>
      <itemDef name="SUDA_OVRSUB" type="dn32"><alias namespace="SUDA" value="OVRSUB"/>
        <description text="Overflow Event Subseconds"/></itemDef>
      <itemDef name="SUDA_OOOEVT" type="dn32"><alias namespace="SUDA" value="OOOEVT"/>
        <description text="Out of Order Event Number"/></itemDef>
      <itemDef name="SUDA_OOOSEC" type="dn32"><alias namespace="SUDA" value="OOOSEC"/>
        <description text="Out of Order Event Seconds"/></itemDef>
      <itemDef name="SUDA_OOOSUB" type="dn32"><alias namespace="SUDA" value="OOOSUB"/>
        <description text="Out of Order Event Subseconds"/></itemDef>

      <itemDef name="SUDA_CATHDR_PADDING2" type="dn32" num="698"><alias namespace="SUDA" value="CATHDR_PADDING2"/>
        <description text="Remainder of first flash page"/></itemDef>
    </field>
  </frameDef>
  <!-- catalogHdr_t -->

  <!-- catalog_t Frame -->
  <frameDef name="suda_catalog_entries_hk_frame"><description text="Science pkt contents"/>
    <field>
      <itemDef name="SUDA_CATACCOUNTID" type="dn32"><alias namespace="SUDA" value="CATACCOUNTID"/>
        <description text="Commanded dump operation, identifies region"/> </itemDef>
      <itemDef name="SUDA_CATOFFSET" type="dn32"><alias namespace="SUDA" value="dumpoffset"/>
        <description text="Starting offset within region, i.e. block+page"/> </itemDef>
      <itemDef name="SUDA_CATTOTLEN" type="dn32"><alias namespace="SUDA" value="dumptotlen"/>
        <description text="Total length of this region"/> </itemDef>
      <itemDef name="SUDA_CATVLDCNT" type="dn32"><alias namespace="SUDA" value="dumpvalidcnt"/>
        <description text="Valid dwords in this pkt (rest is padded)"/> </itemDef>
      <itemDef name="SUDA_CATFLASHBLOCK" type="dn26"><alias namespace="SUDA" value="DUMPFLASHBLOCK"/>
        <description text="Holds associated Flash block and page, when applicable"/> </itemDef>
      <itemDef name="SUDA_CATFLASHPAGE" type="dn6"><alias namespace="SUDA" value="DUMPFLASHPAGE"/>
        <description text="Holds associated Flash block and page, when applicable"/> </itemDef>
      <itemDef name="SUDA_CATENTRYTOTAL" type="dn32"><alias namespace="SUDA" value="cathdrreserv1"/>
        <description text="Number of total catalog entries for this catalog (counting up category assignments)"/> </itemDef>
      <itemDef name="SUDA_CATENTRYCNT" type="dn32"><alias namespace="SUDA" value="cathdrreserv2"/>
        <description text="Number of catalog entries included in this packet (0 for header)"/> </itemDef>
      <itemDef name="SUDA_CATENTRYSTART" type="dn32"><alias namespace="SUDA" value="cathdrreserv3"/>
        <description text="Index of first catalog entry in this packet (0 when no entries contained, including header)"/> </itemDef>
      <itemDef name="SUDA_CATPACKED" type="dn32" num="896"><alias namespace="SUDA" value="catpacked"/>
        <description text="Raw category entry data"/> </itemDef>
    </field>
  </frameDef>
  <!-- catalog_t -->


  <frameDef name="suda_catalog" id="0x0592"><description text="Science Catalog Packet"/>
    <field>
      <frameCopy name="CCSDSPriHeader" suffix="_catalogHdrPkt"/>
      <frameCopy name="CCSDSSecHeader" suffix="_catalogHdrPkt"/>
      <item name="suda_catalog_hdr_hk_frame"><description text="Catalog pkt treated as header"/></item>
      <itemDef name="SUDA_SYNCCATHDRPKT" type="dn16"><alias namespace="SUDA" value="SYNCCATHDRPKT"/>
        <description text="Synchronization marker"/></itemDef>
      <itemDef name="SUDA_CRCCATHDRPKT" type="dn16"><alias namespace="SUDA" value="CRCCATHDRPKT"/>
        <description text="CRC CCITT-16"/></itemDef>
    </field>
  </frameDef>
<!--
  <frameDef name="suda_catalog2" id="0x0592"><description text="Science Catalog Packet"/>
    <field>
      <frameCopy name="CCSDSPriHeader" suffix="_catalogPkt"/>
      <frameCopy name="CCSDSSecHeader" suffix="_catalogPkt"/>
      <item name="suda_catalog_entries_hk_frame"><description text="Catalog pkt treated as entries"/></item>
      <itemDef name="SUDA_SYNCCATPKT" type="dn16"><alias namespace="SUDA" value="SYNCCATPKT"/>
        <description text="Synchronization marker"/></itemDef>
      <itemDef name="SUDA_CRCCATPKT" type="dn16"><alias namespace="SUDA" value="CRCCATPKT"/>
        <description text="CRC CCITT-16"/></itemDef>
    </field>
  </frameDef>
-->


  <!-- ====================================== -->
  <!-- Science Packet (APID 0x590)          -->
  <!-- ====================================== -->

  <frameDef name="suda_sci0_hk_frame"><description text="Science pkt contents resulting from Transmit cmd"/>
    <field>
      <!-- science packet metadata -->
      <itemDef name="SUDA_SCI0AID" type="dn32"><alias namespace="SUDA" value="SCI0AID"/>
        <description text="Accountability Identifier"/> </itemDef>

      <itemDef name="SUDA_SCI0TYPE" type="dn8"><alias namespace="SUDA" value="SCI0TYPE"/>
        <description text="Packet Data Content Type"/> </itemDef>
      <itemDef name="SUDA_SCI0CONT" type="dn8"><alias namespace="SUDA" value="SCI0CONT"/>
        <description text="Channels Included in Downlink"/> </itemDef>
      <itemDef name="SUDA_SCI0SPARE1" type="dn13"><alias namespace="SUDA" value=""/>
        <description text=""/> </itemDef>
      <itemDef name="SUDA_SCI0PACK" type="enabled1"><alias namespace="SUDA" value="SCI0PACK"/>
        <description text="Data Packed"/> </itemDef>
      <itemDef name="SUDA_SCI0FRAG" type="enabled1"><alias namespace="SUDA" value="SCI0FRAG"/>
        <description text="Data Fragemented"/> </itemDef>
      <itemDef name="SUDA_SCI0COMP" type="enabled1"><alias namespace="SUDA" value="SCI0COMP"/>
        <description text="Data Compression"/> </itemDef>

      <itemDef name="SUDA_SCI0EVTNUM" type="dn16"><alias namespace="SUDA" value="SCI0EVTNUM"/>
        <description text="Event Time"/> </itemDef>
      <itemDef name="SUDA_SCI0CAT" type="dn8"><alias namespace="SUDA" value="SCI0CAT"/>
        <description text="Category"/> </itemDef>
      <itemDef name="SUDA_SCI0QUAL" type="dn8"><alias namespace="SUDA" value="SCI0QUAL"/>
        <description text="Quality"/> </itemDef>

      <itemDef name="SUDA_SCI0FRAGOFF" type="dn16"><alias namespace="SUDA" value="SCI0FRAGOFF"/>
        <description text="Fragmentation Offset"/> </itemDef>
      <itemDef name="SUDA_SCI0VER" type="dn16"><alias namespace="SUDA" value="SCI0VER"/>
        <description text="Science Version"/> </itemDef>

      <itemDef name="SUDA_SCI0TIME32" type="dn32"><alias namespace="SUDA" value="SCI0TIME32"/>
        <description text="Event Time"/> </itemDef>

      <itemDef name="SUDA_SCI0SPARE2" type="dn32"><alias namespace="SUDA" value=""/>
        <description text=""/> </itemDef>
      <itemDef name="SUDA_SCI0SPARE3" type="dn32"><alias namespace="SUDA" value=""/>
        <description text=""/> </itemDef>
      <itemDef name="SUDA_SCI0SPARE4" type="dn32"><alias namespace="SUDA" value=""/>
        <description text=""/> </itemDef>

      <!-- In reality, the science data is variable length, but this is the maximum -->
      <itemDef name="SUDA_SCI0RAW" type="dn32" num="0x3F0"><alias namespace="SUDA" value="sci0raw"/>
        <description text=""/> </itemDef>

      <itemDef name="SUDA_SYNCSCI0PKT" type="dn16"><alias namespace="SUDA" value="SYNCSCI0PKT"/>
        <description text="Synchronization marker"/></itemDef>
      <itemDef name="SUDA_CRCSCI0PKT" type="dn16"><alias namespace="SUDA" value="CRCSCI0PKT"/>
        <description text="CRC CCITT-16"/></itemDef>
    </field>
  </frameDef>

  <frameDef name="suda_sci0" id="0x0590"><description text="Science Event Packet"/>
    <field>
      <frameCopy name="CCSDSPriHeader" suffix="_sci0Pkt"/>
      <frameCopy name="CCSDSSecHeader" suffix="_sci0Pkt"/>
      <item name="suda_sci0_hk_frame"/>
    </field>
  </frameDef>

  <!-- ====================================== -->
  <!-- Fetch Packet (APID 0x591)          -->
  <!-- ====================================== -->

  <frameDef name="suda_scifetch_hk_frame"><description text="Science pkt contents resulting from Fetch cmd"/>
    <field>
      <!-- science packet metadata -->
      <itemDef name="SUDA_SCIFETCHAID" type="dn32"><alias namespace="SUDA" value="SCIFETCHAID"/>
        <description text="Accountability Identifier"/> </itemDef>

      <itemDef name="SUDA_SCIFETCHTYPE" type="dn8"><alias namespace="SUDA" value="SCIFETCHTYPE"/>
        <description text="Packet Data Content Type"/> </itemDef>
      <itemDef name="SUDA_SCIFETCHCONT" type="dn8"><alias namespace="SUDA" value="SCIFETCHCONT"/>
        <description text="Channels Included in Downlink"/> </itemDef>
      <itemDef name="SUDA_SCIFETCHSPARE1" type="dn13"><alias namespace="SUDA" value=""/>
        <description text=""/> </itemDef>
      <itemDef name="SUDA_SCIFETCHPACK" type="enabled1"><alias namespace="SUDA" value="SCIFETCHPACK"/>
        <description text="Data Packed"/> </itemDef>
      <itemDef name="SUDA_SCIFETCHFRAG" type="enabled1"><alias namespace="SUDA" value="SCIFETCHFRAG"/>
        <description text="Data Fragemented"/> </itemDef>
      <itemDef name="SUDA_SCIFETCHCOMP" type="enabled1"><alias namespace="SUDA" value="SCIFETCHCOMP"/>
        <description text="Data Compression"/> </itemDef>

      <itemDef name="SUDA_SCIFETCHEVTNUM" type="dn16"><alias namespace="SUDA" value="SCIFETCHEVTNUM"/>
        <description text="Event Time"/> </itemDef>
      <itemDef name="SUDA_SCIFETCHCAT" type="dn8"><alias namespace="SUDA" value="SCIFETCHCAT"/>
        <description text="Category"/> </itemDef>
      <itemDef name="SUDA_SCIFETCHQUAL" type="dn8"><alias namespace="SUDA" value="SCIFETCHQUAL"/>
        <description text="Quality"/> </itemDef>

      <itemDef name="SUDA_SCIFETCHFRAGOFF" type="dn16"><alias namespace="SUDA" value="SCIFETCHFRAGOFF"/>
        <description text="Fragmentation Offset"/> </itemDef>
      <itemDef name="SUDA_SCIFETCHVER" type="dn16"><alias namespace="SUDA" value="SCIFETCHVER"/>
        <description text="Science Version"/> </itemDef>

      <itemDef name="SUDA_SCIFETCHTIME32" type="dn32"><alias namespace="SUDA" value="SCIFETCHTIME32"/>
        <description text="Event Time"/> </itemDef>

      <itemDef name="SUDA_SCIFETCHSPARE2" type="dn32"><alias namespace="SUDA" value=""/>
        <description text=""/> </itemDef>
      <itemDef name="SUDA_SCIFETCHSPARE3" type="dn32"><alias namespace="SUDA" value=""/>
        <description text=""/> </itemDef>
      <itemDef name="SUDA_SCIFETCHSPARE4" type="dn32"><alias namespace="SUDA" value=""/>
        <description text=""/> </itemDef>

      <!-- In reality, the science data is variable length, but this is the maximum -->
      <itemDef name="SUDA_SCIFETCHRAW" type="dn32" num="0x3F0"><alias namespace="SUDA" value="sciFETCHraw"/>
        <description text=""/> </itemDef>

      <itemDef name="SUDA_SYNCSCIFETCHPKT" type="dn16"><alias namespace="SUDA" value="SYNCSCIFETCHPKT"/>
        <description text="Synchronization marker"/></itemDef>
      <itemDef name="SUDA_CRCSCIFETCHPKT" type="dn16"><alias namespace="SUDA" value="CRCSCIFETCHPKT"/>
        <description text="CRC CCITT-16"/></itemDef>
    </field>
  </frameDef>

  <frameDef name="suda_scifetch" id="0x0591"><description text="Science Event Packet for fetched events"/>
    <field>
      <frameCopy name="CCSDSPriHeader" suffix="_sciFetchPkt"/>
      <frameCopy name="CCSDSSecHeader" suffix="_sciFetchPkt"/>
      <item name="suda_scifetch_hk_frame"/>
    </field>
  </frameDef>


  <!-- ====================================== -->
  <!-- Catalog List Packet (APID 0x058B)       -->
  <!-- ====================================== -->
  <!-- Entry for each catalog found -->
  <frameDef name="CatalogList">
    <field>
      <itemDef name="AID" type="dn32"/>
      <itemDef name="PROC" type="yesNo"/>
      <itemDef name="BLKCNT" type="dn15"/>
      <itemDef name="EVTCNT" type="dn16"/>
      <itemDef name="BLKSTART" type="dn16"/>
      <itemDef name="BLKEND" type="dn16"/>
      <itemDef name="STARTTIME" type="dn32"/>
    </field>
  </frameDef>

  <frameDef name="suda_catlist_hk_frame"><description text="Catalog list summary pkt contents"/>
    <field>
      <itemDef name="SUDA_LISTREGION" type="dn32"><alias namespace="SUDA" value="LISTREGION"/><description text="Commanded dump operation, identifies region"/> </itemDef>
      <itemDef name="SUDA_LISTOFFSET" type="dn32"><alias namespace="SUDA" value="LISTOFFSET"/><description text="Not applicable for the catalog list packet"/> </itemDef>
      <itemDef name="SUDA_LISTTOTLEN" type="dn32"><alias namespace="SUDA" value="LISTTOTLEN"/><description text="Total length of this region"/> </itemDef>
      <itemDef name="SUDA_LISTVLDCNT" type="dn32"><alias namespace="SUDA" value="LISTVLDCNT"/><description text="Valid dwords in this pkt (rest is zero padded)"/> </itemDef>
      <itemDef name="SUDA_LISTFLASHLOC" type="dn32"><alias namespace="SUDA" value="LISTFLASHLOC"/><description text="Holds associated Flash block and page, when applicable"/> </itemDef>
      <itemDef name="SUDA_LISTHDRSPARE1" type="dn32"><alias namespace="SUDA" value="LISTCFGID1"/><description text="Spare"/> </itemDef>
      <itemDef name="SUDA_LISTHDRSPARE2" type="dn32"><alias namespace="SUDA" value="LISTCFGID2"/><description text="Spare"/> </itemDef>
      <itemDef name="SUDA_LISTRESERV" type="dn32"><alias namespace="SUDA" value="LISTRESERV"/><description text="Reserved"/> </itemDef>

      <frameCopy name="CatalogList" prefix="SUDA_CATLIST" suffix="0"><alias namespace="SUDA" value=""/><description text=""/></frameCopy>
      <frameCopy name="CatalogList" prefix="SUDA_CATLIST" suffix="1"><alias namespace="SUDA" value=""/><description text=""/></frameCopy>
      <frameCopy name="CatalogList" prefix="SUDA_CATLIST" suffix="2"><alias namespace="SUDA" value=""/><description text=""/></frameCopy>
      <frameCopy name="CatalogList" prefix="SUDA_CATLIST" suffix="3"><alias namespace="SUDA" value=""/><description text=""/></frameCopy>
      <frameCopy name="CatalogList" prefix="SUDA_CATLIST" suffix="4"><alias namespace="SUDA" value=""/><description text=""/></frameCopy>
      <frameCopy name="CatalogList" prefix="SUDA_CATLIST" suffix="5"><alias namespace="SUDA" value=""/><description text=""/></frameCopy>
      <frameCopy name="CatalogList" prefix="SUDA_CATLIST" suffix="6"><alias namespace="SUDA" value=""/><description text=""/></frameCopy>
      <frameCopy name="CatalogList" prefix="SUDA_CATLIST" suffix="7"><alias namespace="SUDA" value=""/><description text=""/></frameCopy>
      <frameCopy name="CatalogList" prefix="SUDA_CATLIST" suffix="8"><alias namespace="SUDA" value=""/><description text=""/></frameCopy>
      <frameCopy name="CatalogList" prefix="SUDA_CATLIST" suffix="9"><alias namespace="SUDA" value=""/><description text=""/></frameCopy>
      <frameCopy name="CatalogList" prefix="SUDA_CATLIST" suffix="10"><alias namespace="SUDA" value=""/><description text=""/></frameCopy>
      <frameCopy name="CatalogList" prefix="SUDA_CATLIST" suffix="11"><alias namespace="SUDA" value=""/><description text=""/></frameCopy>
      <frameCopy name="CatalogList" prefix="SUDA_CATLIST" suffix="12"><alias namespace="SUDA" value=""/><description text=""/></frameCopy>
      <frameCopy name="CatalogList" prefix="SUDA_CATLIST" suffix="13"><alias namespace="SUDA" value=""/><description text=""/></frameCopy>
      <frameCopy name="CatalogList" prefix="SUDA_CATLIST" suffix="14"><alias namespace="SUDA" value=""/><description text=""/></frameCopy>
      <frameCopy name="CatalogList" prefix="SUDA_CATLIST" suffix="15"><alias namespace="SUDA" value=""/><description text=""/></frameCopy>
      <frameCopy name="CatalogList" prefix="SUDA_CATLIST" suffix="16"><alias namespace="SUDA" value=""/><description text=""/></frameCopy>
      <frameCopy name="CatalogList" prefix="SUDA_CATLIST" suffix="17"><alias namespace="SUDA" value=""/><description text=""/></frameCopy>
      <frameCopy name="CatalogList" prefix="SUDA_CATLIST" suffix="18"><alias namespace="SUDA" value=""/><description text=""/></frameCopy>
      <frameCopy name="CatalogList" prefix="SUDA_CATLIST" suffix="19"><alias namespace="SUDA" value=""/><description text=""/></frameCopy>
      <frameCopy name="CatalogList" prefix="SUDA_CATLIST" suffix="20"><alias namespace="SUDA" value=""/><description text=""/></frameCopy>
      <frameCopy name="CatalogList" prefix="SUDA_CATLIST" suffix="21"><alias namespace="SUDA" value=""/><description text=""/></frameCopy>
      <frameCopy name="CatalogList" prefix="SUDA_CATLIST" suffix="22"><alias namespace="SUDA" value=""/><description text=""/></frameCopy>
      <frameCopy name="CatalogList" prefix="SUDA_CATLIST" suffix="23"><alias namespace="SUDA" value=""/><description text=""/></frameCopy>
      <frameCopy name="CatalogList" prefix="SUDA_CATLIST" suffix="24"><alias namespace="SUDA" value=""/><description text=""/></frameCopy>
      <frameCopy name="CatalogList" prefix="SUDA_CATLIST" suffix="25"><alias namespace="SUDA" value=""/><description text=""/></frameCopy>
      <frameCopy name="CatalogList" prefix="SUDA_CATLIST" suffix="26"><alias namespace="SUDA" value=""/><description text=""/></frameCopy>
      <frameCopy name="CatalogList" prefix="SUDA_CATLIST" suffix="27"><alias namespace="SUDA" value=""/><description text=""/></frameCopy>
      <frameCopy name="CatalogList" prefix="SUDA_CATLIST" suffix="28"><alias namespace="SUDA" value=""/><description text=""/></frameCopy>
      <frameCopy name="CatalogList" prefix="SUDA_CATLIST" suffix="29"><alias namespace="SUDA" value=""/><description text=""/></frameCopy>
      <frameCopy name="CatalogList" prefix="SUDA_CATLIST" suffix="30"><alias namespace="SUDA" value=""/><description text=""/></frameCopy>
      <frameCopy name="CatalogList" prefix="SUDA_CATLIST" suffix="31"><alias namespace="SUDA" value=""/><description text=""/></frameCopy>
      <frameCopy name="CatalogList" prefix="SUDA_CATLIST" suffix="32"><alias namespace="SUDA" value=""/><description text=""/></frameCopy>
      <frameCopy name="CatalogList" prefix="SUDA_CATLIST" suffix="33"><alias namespace="SUDA" value=""/><description text=""/></frameCopy>
      <frameCopy name="CatalogList" prefix="SUDA_CATLIST" suffix="34"><alias namespace="SUDA" value=""/><description text=""/></frameCopy>
      <frameCopy name="CatalogList" prefix="SUDA_CATLIST" suffix="35"><alias namespace="SUDA" value=""/><description text=""/></frameCopy>
      <frameCopy name="CatalogList" prefix="SUDA_CATLIST" suffix="36"><alias namespace="SUDA" value=""/><description text=""/></frameCopy>
      <frameCopy name="CatalogList" prefix="SUDA_CATLIST" suffix="37"><alias namespace="SUDA" value=""/><description text=""/></frameCopy>
      <frameCopy name="CatalogList" prefix="SUDA_CATLIST" suffix="38"><alias namespace="SUDA" value=""/><description text=""/></frameCopy>
      <frameCopy name="CatalogList" prefix="SUDA_CATLIST" suffix="39"><alias namespace="SUDA" value=""/><description text=""/></frameCopy>
      <frameCopy name="CatalogList" prefix="SUDA_CATLIST" suffix="40"><alias namespace="SUDA" value=""/><description text=""/></frameCopy>
      <frameCopy name="CatalogList" prefix="SUDA_CATLIST" suffix="41"><alias namespace="SUDA" value=""/><description text=""/></frameCopy>
      <frameCopy name="CatalogList" prefix="SUDA_CATLIST" suffix="42"><alias namespace="SUDA" value=""/><description text=""/></frameCopy>
      <frameCopy name="CatalogList" prefix="SUDA_CATLIST" suffix="43"><alias namespace="SUDA" value=""/><description text=""/></frameCopy>
      <frameCopy name="CatalogList" prefix="SUDA_CATLIST" suffix="44"><alias namespace="SUDA" value=""/><description text=""/></frameCopy>
      <frameCopy name="CatalogList" prefix="SUDA_CATLIST" suffix="45"><alias namespace="SUDA" value=""/><description text=""/></frameCopy>
      <frameCopy name="CatalogList" prefix="SUDA_CATLIST" suffix="46"><alias namespace="SUDA" value=""/><description text=""/></frameCopy>
      <frameCopy name="CatalogList" prefix="SUDA_CATLIST" suffix="47"><alias namespace="SUDA" value=""/><description text=""/></frameCopy>
      <frameCopy name="CatalogList" prefix="SUDA_CATLIST" suffix="48"><alias namespace="SUDA" value=""/><description text=""/></frameCopy>
      <frameCopy name="CatalogList" prefix="SUDA_CATLIST" suffix="49"><alias namespace="SUDA" value=""/><description text=""/></frameCopy>
      <frameCopy name="CatalogList" prefix="SUDA_CATLIST" suffix="50"><alias namespace="SUDA" value=""/><description text=""/></frameCopy>
      <frameCopy name="CatalogList" prefix="SUDA_CATLIST" suffix="51"><alias namespace="SUDA" value=""/><description text=""/></frameCopy>
      <frameCopy name="CatalogList" prefix="SUDA_CATLIST" suffix="52"><alias namespace="SUDA" value=""/><description text=""/></frameCopy>
      <frameCopy name="CatalogList" prefix="SUDA_CATLIST" suffix="53"><alias namespace="SUDA" value=""/><description text=""/></frameCopy>
      <frameCopy name="CatalogList" prefix="SUDA_CATLIST" suffix="54"><alias namespace="SUDA" value=""/><description text=""/></frameCopy>
      <frameCopy name="CatalogList" prefix="SUDA_CATLIST" suffix="55"><alias namespace="SUDA" value=""/><description text=""/></frameCopy>
      <frameCopy name="CatalogList" prefix="SUDA_CATLIST" suffix="56"><alias namespace="SUDA" value=""/><description text=""/></frameCopy>
      <frameCopy name="CatalogList" prefix="SUDA_CATLIST" suffix="57"><alias namespace="SUDA" value=""/><description text=""/></frameCopy>
      <frameCopy name="CatalogList" prefix="SUDA_CATLIST" suffix="58"><alias namespace="SUDA" value=""/><description text=""/></frameCopy>
      <frameCopy name="CatalogList" prefix="SUDA_CATLIST" suffix="59"><alias namespace="SUDA" value=""/><description text=""/></frameCopy>
      <frameCopy name="CatalogList" prefix="SUDA_CATLIST" suffix="60"><alias namespace="SUDA" value=""/><description text=""/></frameCopy>
      <frameCopy name="CatalogList" prefix="SUDA_CATLIST" suffix="61"><alias namespace="SUDA" value=""/><description text=""/></frameCopy>
      <frameCopy name="CatalogList" prefix="SUDA_CATLIST" suffix="62"><alias namespace="SUDA" value=""/><description text=""/></frameCopy>
      <frameCopy name="CatalogList" prefix="SUDA_CATLIST" suffix="63"><alias namespace="SUDA" value=""/><description text=""/></frameCopy>
      <frameCopy name="CatalogList" prefix="SUDA_CATLIST" suffix="64"><alias namespace="SUDA" value=""/><description text=""/></frameCopy>
      <frameCopy name="CatalogList" prefix="SUDA_CATLIST" suffix="65"><alias namespace="SUDA" value=""/><description text=""/></frameCopy>
      <frameCopy name="CatalogList" prefix="SUDA_CATLIST" suffix="66"><alias namespace="SUDA" value=""/><description text=""/></frameCopy>
      <frameCopy name="CatalogList" prefix="SUDA_CATLIST" suffix="67"><alias namespace="SUDA" value=""/><description text=""/></frameCopy>
      <frameCopy name="CatalogList" prefix="SUDA_CATLIST" suffix="68"><alias namespace="SUDA" value=""/><description text=""/></frameCopy>
      <frameCopy name="CatalogList" prefix="SUDA_CATLIST" suffix="69"><alias namespace="SUDA" value=""/><description text=""/></frameCopy>
      <frameCopy name="CatalogList" prefix="SUDA_CATLIST" suffix="70"><alias namespace="SUDA" value=""/><description text=""/></frameCopy>
      <frameCopy name="CatalogList" prefix="SUDA_CATLIST" suffix="71"><alias namespace="SUDA" value=""/><description text=""/></frameCopy>
      <frameCopy name="CatalogList" prefix="SUDA_CATLIST" suffix="72"><alias namespace="SUDA" value=""/><description text=""/></frameCopy>
      <frameCopy name="CatalogList" prefix="SUDA_CATLIST" suffix="73"><alias namespace="SUDA" value=""/><description text=""/></frameCopy>
      <frameCopy name="CatalogList" prefix="SUDA_CATLIST" suffix="74"><alias namespace="SUDA" value=""/><description text=""/></frameCopy>
      <frameCopy name="CatalogList" prefix="SUDA_CATLIST" suffix="75"><alias namespace="SUDA" value=""/><description text=""/></frameCopy>
      <frameCopy name="CatalogList" prefix="SUDA_CATLIST" suffix="76"><alias namespace="SUDA" value=""/><description text=""/></frameCopy>
      <frameCopy name="CatalogList" prefix="SUDA_CATLIST" suffix="77"><alias namespace="SUDA" value=""/><description text=""/></frameCopy>
      <frameCopy name="CatalogList" prefix="SUDA_CATLIST" suffix="78"><alias namespace="SUDA" value=""/><description text=""/></frameCopy>
      <frameCopy name="CatalogList" prefix="SUDA_CATLIST" suffix="79"><alias namespace="SUDA" value=""/><description text=""/></frameCopy>
      <frameCopy name="CatalogList" prefix="SUDA_CATLIST" suffix="80"><alias namespace="SUDA" value=""/><description text=""/></frameCopy>
      <frameCopy name="CatalogList" prefix="SUDA_CATLIST" suffix="81"><alias namespace="SUDA" value=""/><description text=""/></frameCopy>
      <frameCopy name="CatalogList" prefix="SUDA_CATLIST" suffix="82"><alias namespace="SUDA" value=""/><description text=""/></frameCopy>
      <frameCopy name="CatalogList" prefix="SUDA_CATLIST" suffix="83"><alias namespace="SUDA" value=""/><description text=""/></frameCopy>
      <frameCopy name="CatalogList" prefix="SUDA_CATLIST" suffix="84"><alias namespace="SUDA" value=""/><description text=""/></frameCopy>
      <frameCopy name="CatalogList" prefix="SUDA_CATLIST" suffix="85"><alias namespace="SUDA" value=""/><description text=""/></frameCopy>
      <frameCopy name="CatalogList" prefix="SUDA_CATLIST" suffix="86"><alias namespace="SUDA" value=""/><description text=""/></frameCopy>
      <frameCopy name="CatalogList" prefix="SUDA_CATLIST" suffix="87"><alias namespace="SUDA" value=""/><description text=""/></frameCopy>
      <frameCopy name="CatalogList" prefix="SUDA_CATLIST" suffix="88"><alias namespace="SUDA" value=""/><description text=""/></frameCopy>
      <frameCopy name="CatalogList" prefix="SUDA_CATLIST" suffix="89"><alias namespace="SUDA" value=""/><description text=""/></frameCopy>
      <frameCopy name="CatalogList" prefix="SUDA_CATLIST" suffix="90"><alias namespace="SUDA" value=""/><description text=""/></frameCopy>
      <frameCopy name="CatalogList" prefix="SUDA_CATLIST" suffix="91"><alias namespace="SUDA" value=""/><description text=""/></frameCopy>
      <frameCopy name="CatalogList" prefix="SUDA_CATLIST" suffix="92"><alias namespace="SUDA" value=""/><description text=""/></frameCopy>
      <frameCopy name="CatalogList" prefix="SUDA_CATLIST" suffix="93"><alias namespace="SUDA" value=""/><description text=""/></frameCopy>
      <frameCopy name="CatalogList" prefix="SUDA_CATLIST" suffix="94"><alias namespace="SUDA" value=""/><description text=""/></frameCopy>
      <frameCopy name="CatalogList" prefix="SUDA_CATLIST" suffix="95"><alias namespace="SUDA" value=""/><description text=""/></frameCopy>
      <frameCopy name="CatalogList" prefix="SUDA_CATLIST" suffix="96"><alias namespace="SUDA" value=""/><description text=""/></frameCopy>
      <frameCopy name="CatalogList" prefix="SUDA_CATLIST" suffix="97"><alias namespace="SUDA" value=""/><description text=""/></frameCopy>
      <frameCopy name="CatalogList" prefix="SUDA_CATLIST" suffix="98"><alias namespace="SUDA" value=""/><description text=""/></frameCopy>
      <frameCopy name="CatalogList" prefix="SUDA_CATLIST" suffix="99"><alias namespace="SUDA" value=""/><description text=""/></frameCopy>
      <frameCopy name="CatalogList" prefix="SUDA_CATLIST" suffix="100"><alias namespace="SUDA" value=""/><description text=""/></frameCopy>
      <frameCopy name="CatalogList" prefix="SUDA_CATLIST" suffix="101"><alias namespace="SUDA" value=""/><description text=""/></frameCopy>
      <frameCopy name="CatalogList" prefix="SUDA_CATLIST" suffix="102"><alias namespace="SUDA" value=""/><description text=""/></frameCopy>
      <frameCopy name="CatalogList" prefix="SUDA_CATLIST" suffix="103"><alias namespace="SUDA" value=""/><description text=""/></frameCopy>
      <frameCopy name="CatalogList" prefix="SUDA_CATLIST" suffix="104"><alias namespace="SUDA" value=""/><description text=""/></frameCopy>
      <frameCopy name="CatalogList" prefix="SUDA_CATLIST" suffix="105"><alias namespace="SUDA" value=""/><description text=""/></frameCopy>
      <frameCopy name="CatalogList" prefix="SUDA_CATLIST" suffix="106"><alias namespace="SUDA" value=""/><description text=""/></frameCopy>
      <frameCopy name="CatalogList" prefix="SUDA_CATLIST" suffix="107"><alias namespace="SUDA" value=""/><description text=""/></frameCopy>
      <frameCopy name="CatalogList" prefix="SUDA_CATLIST" suffix="108"><alias namespace="SUDA" value=""/><description text=""/></frameCopy>
      <frameCopy name="CatalogList" prefix="SUDA_CATLIST" suffix="109"><alias namespace="SUDA" value=""/><description text=""/></frameCopy>
      <frameCopy name="CatalogList" prefix="SUDA_CATLIST" suffix="110"><alias namespace="SUDA" value=""/><description text=""/></frameCopy>
      <frameCopy name="CatalogList" prefix="SUDA_CATLIST" suffix="111"><alias namespace="SUDA" value=""/><description text=""/></frameCopy>
      <frameCopy name="CatalogList" prefix="SUDA_CATLIST" suffix="112"><alias namespace="SUDA" value=""/><description text=""/></frameCopy>
      <frameCopy name="CatalogList" prefix="SUDA_CATLIST" suffix="113"><alias namespace="SUDA" value=""/><description text=""/></frameCopy>
      <frameCopy name="CatalogList" prefix="SUDA_CATLIST" suffix="114"><alias namespace="SUDA" value=""/><description text=""/></frameCopy>
      <frameCopy name="CatalogList" prefix="SUDA_CATLIST" suffix="115"><alias namespace="SUDA" value=""/><description text=""/></frameCopy>
      <frameCopy name="CatalogList" prefix="SUDA_CATLIST" suffix="116"><alias namespace="SUDA" value=""/><description text=""/></frameCopy>
      <frameCopy name="CatalogList" prefix="SUDA_CATLIST" suffix="117"><alias namespace="SUDA" value=""/><description text=""/></frameCopy>
      <frameCopy name="CatalogList" prefix="SUDA_CATLIST" suffix="118"><alias namespace="SUDA" value=""/><description text=""/></frameCopy>
      <frameCopy name="CatalogList" prefix="SUDA_CATLIST" suffix="119"><alias namespace="SUDA" value=""/><description text=""/></frameCopy>
      <frameCopy name="CatalogList" prefix="SUDA_CATLIST" suffix="120"><alias namespace="SUDA" value=""/><description text=""/></frameCopy>
      <frameCopy name="CatalogList" prefix="SUDA_CATLIST" suffix="121"><alias namespace="SUDA" value=""/><description text=""/></frameCopy>
      <frameCopy name="CatalogList" prefix="SUDA_CATLIST" suffix="122"><alias namespace="SUDA" value=""/><description text=""/></frameCopy>
      <frameCopy name="CatalogList" prefix="SUDA_CATLIST" suffix="123"><alias namespace="SUDA" value=""/><description text=""/></frameCopy>
      <frameCopy name="CatalogList" prefix="SUDA_CATLIST" suffix="124"><alias namespace="SUDA" value=""/><description text=""/></frameCopy>
      <frameCopy name="CatalogList" prefix="SUDA_CATLIST" suffix="125"><alias namespace="SUDA" value=""/><description text=""/></frameCopy>
      <frameCopy name="CatalogList" prefix="SUDA_CATLIST" suffix="126"><alias namespace="SUDA" value=""/><description text=""/></frameCopy>
      <frameCopy name="CatalogList" prefix="SUDA_CATLIST" suffix="127"><alias namespace="SUDA" value=""/><description text=""/></frameCopy>
      <frameCopy name="CatalogList" prefix="SUDA_CATLIST" suffix="128"><alias namespace="SUDA" value=""/><description text=""/></frameCopy>
      <frameCopy name="CatalogList" prefix="SUDA_CATLIST" suffix="129"><alias namespace="SUDA" value=""/><description text=""/></frameCopy>
      <frameCopy name="CatalogList" prefix="SUDA_CATLIST" suffix="130"><alias namespace="SUDA" value=""/><description text=""/></frameCopy>
      <frameCopy name="CatalogList" prefix="SUDA_CATLIST" suffix="131"><alias namespace="SUDA" value=""/><description text=""/></frameCopy>
      <frameCopy name="CatalogList" prefix="SUDA_CATLIST" suffix="132"><alias namespace="SUDA" value=""/><description text=""/></frameCopy>
      <frameCopy name="CatalogList" prefix="SUDA_CATLIST" suffix="133"><alias namespace="SUDA" value=""/><description text=""/></frameCopy>
      <frameCopy name="CatalogList" prefix="SUDA_CATLIST" suffix="134"><alias namespace="SUDA" value=""/><description text=""/></frameCopy>
      <frameCopy name="CatalogList" prefix="SUDA_CATLIST" suffix="135"><alias namespace="SUDA" value=""/><description text=""/></frameCopy>
      <frameCopy name="CatalogList" prefix="SUDA_CATLIST" suffix="136"><alias namespace="SUDA" value=""/><description text=""/></frameCopy>
      <frameCopy name="CatalogList" prefix="SUDA_CATLIST" suffix="137"><alias namespace="SUDA" value=""/><description text=""/></frameCopy>
      <frameCopy name="CatalogList" prefix="SUDA_CATLIST" suffix="138"><alias namespace="SUDA" value=""/><description text=""/></frameCopy>
      <frameCopy name="CatalogList" prefix="SUDA_CATLIST" suffix="139"><alias namespace="SUDA" value=""/><description text=""/></frameCopy>
      <frameCopy name="CatalogList" prefix="SUDA_CATLIST" suffix="140"><alias namespace="SUDA" value=""/><description text=""/></frameCopy>
      <frameCopy name="CatalogList" prefix="SUDA_CATLIST" suffix="141"><alias namespace="SUDA" value=""/><description text=""/></frameCopy>
      <frameCopy name="CatalogList" prefix="SUDA_CATLIST" suffix="142"><alias namespace="SUDA" value=""/><description text=""/></frameCopy>
      <frameCopy name="CatalogList" prefix="SUDA_CATLIST" suffix="143"><alias namespace="SUDA" value=""/><description text=""/></frameCopy>
      <frameCopy name="CatalogList" prefix="SUDA_CATLIST" suffix="144"><alias namespace="SUDA" value=""/><description text=""/></frameCopy>
      <frameCopy name="CatalogList" prefix="SUDA_CATLIST" suffix="145"><alias namespace="SUDA" value=""/><description text=""/></frameCopy>
      <frameCopy name="CatalogList" prefix="SUDA_CATLIST" suffix="146"><alias namespace="SUDA" value=""/><description text=""/></frameCopy>
      <frameCopy name="CatalogList" prefix="SUDA_CATLIST" suffix="147"><alias namespace="SUDA" value=""/><description text=""/></frameCopy>
      <frameCopy name="CatalogList" prefix="SUDA_CATLIST" suffix="148"><alias namespace="SUDA" value=""/><description text=""/></frameCopy>
      <frameCopy name="CatalogList" prefix="SUDA_CATLIST" suffix="149"><alias namespace="SUDA" value=""/><description text=""/></frameCopy>
      <frameCopy name="CatalogList" prefix="SUDA_CATLIST" suffix="150"><alias namespace="SUDA" value=""/><description text=""/></frameCopy>
      <frameCopy name="CatalogList" prefix="SUDA_CATLIST" suffix="151"><alias namespace="SUDA" value=""/><description text=""/></frameCopy>
      <frameCopy name="CatalogList" prefix="SUDA_CATLIST" suffix="152"><alias namespace="SUDA" value=""/><description text=""/></frameCopy>
      <frameCopy name="CatalogList" prefix="SUDA_CATLIST" suffix="153"><alias namespace="SUDA" value=""/><description text=""/></frameCopy>
      <frameCopy name="CatalogList" prefix="SUDA_CATLIST" suffix="154"><alias namespace="SUDA" value=""/><description text=""/></frameCopy>
      <frameCopy name="CatalogList" prefix="SUDA_CATLIST" suffix="155"><alias namespace="SUDA" value=""/><description text=""/></frameCopy>
      <frameCopy name="CatalogList" prefix="SUDA_CATLIST" suffix="156"><alias namespace="SUDA" value=""/><description text=""/></frameCopy>
      <frameCopy name="CatalogList" prefix="SUDA_CATLIST" suffix="157"><alias namespace="SUDA" value=""/><description text=""/></frameCopy>
      <frameCopy name="CatalogList" prefix="SUDA_CATLIST" suffix="158"><alias namespace="SUDA" value=""/><description text=""/></frameCopy>
      <frameCopy name="CatalogList" prefix="SUDA_CATLIST" suffix="159"><alias namespace="SUDA" value=""/><description text=""/></frameCopy>
      <frameCopy name="CatalogList" prefix="SUDA_CATLIST" suffix="160"><alias namespace="SUDA" value=""/><description text=""/></frameCopy>
      <frameCopy name="CatalogList" prefix="SUDA_CATLIST" suffix="161"><alias namespace="SUDA" value=""/><description text=""/></frameCopy>
      <frameCopy name="CatalogList" prefix="SUDA_CATLIST" suffix="162"><alias namespace="SUDA" value=""/><description text=""/></frameCopy>
      <frameCopy name="CatalogList" prefix="SUDA_CATLIST" suffix="163"><alias namespace="SUDA" value=""/><description text=""/></frameCopy>
      <frameCopy name="CatalogList" prefix="SUDA_CATLIST" suffix="164"><alias namespace="SUDA" value=""/><description text=""/></frameCopy>
      <frameCopy name="CatalogList" prefix="SUDA_CATLIST" suffix="165"><alias namespace="SUDA" value=""/><description text=""/></frameCopy>
      <frameCopy name="CatalogList" prefix="SUDA_CATLIST" suffix="166"><alias namespace="SUDA" value=""/><description text=""/></frameCopy>
      <frameCopy name="CatalogList" prefix="SUDA_CATLIST" suffix="167"><alias namespace="SUDA" value=""/><description text=""/></frameCopy>
      <frameCopy name="CatalogList" prefix="SUDA_CATLIST" suffix="168"><alias namespace="SUDA" value=""/><description text=""/></frameCopy>
      <frameCopy name="CatalogList" prefix="SUDA_CATLIST" suffix="169"><alias namespace="SUDA" value=""/><description text=""/></frameCopy>
      <frameCopy name="CatalogList" prefix="SUDA_CATLIST" suffix="170"><alias namespace="SUDA" value=""/><description text=""/></frameCopy>
      <frameCopy name="CatalogList" prefix="SUDA_CATLIST" suffix="171"><alias namespace="SUDA" value=""/><description text=""/></frameCopy>
      <frameCopy name="CatalogList" prefix="SUDA_CATLIST" suffix="172"><alias namespace="SUDA" value=""/><description text=""/></frameCopy>
      <frameCopy name="CatalogList" prefix="SUDA_CATLIST" suffix="173"><alias namespace="SUDA" value=""/><description text=""/></frameCopy>
      <frameCopy name="CatalogList" prefix="SUDA_CATLIST" suffix="174"><alias namespace="SUDA" value=""/><description text=""/></frameCopy>
      <frameCopy name="CatalogList" prefix="SUDA_CATLIST" suffix="175"><alias namespace="SUDA" value=""/><description text=""/></frameCopy>
      <frameCopy name="CatalogList" prefix="SUDA_CATLIST" suffix="176"><alias namespace="SUDA" value=""/><description text=""/></frameCopy>
      <frameCopy name="CatalogList" prefix="SUDA_CATLIST" suffix="177"><alias namespace="SUDA" value=""/><description text=""/></frameCopy>
      <frameCopy name="CatalogList" prefix="SUDA_CATLIST" suffix="178"><alias namespace="SUDA" value=""/><description text=""/></frameCopy>
      <frameCopy name="CatalogList" prefix="SUDA_CATLIST" suffix="179"><alias namespace="SUDA" value=""/><description text=""/></frameCopy>
      <frameCopy name="CatalogList" prefix="SUDA_CATLIST" suffix="180"><alias namespace="SUDA" value=""/><description text=""/></frameCopy>
      <frameCopy name="CatalogList" prefix="SUDA_CATLIST" suffix="181"><alias namespace="SUDA" value=""/><description text=""/></frameCopy>
      <frameCopy name="CatalogList" prefix="SUDA_CATLIST" suffix="182"><alias namespace="SUDA" value=""/><description text=""/></frameCopy>
      <frameCopy name="CatalogList" prefix="SUDA_CATLIST" suffix="183"><alias namespace="SUDA" value=""/><description text=""/></frameCopy>
      <frameCopy name="CatalogList" prefix="SUDA_CATLIST" suffix="184"><alias namespace="SUDA" value=""/><description text=""/></frameCopy>
      <frameCopy name="CatalogList" prefix="SUDA_CATLIST" suffix="185"><alias namespace="SUDA" value=""/><description text=""/></frameCopy>
      <frameCopy name="CatalogList" prefix="SUDA_CATLIST" suffix="186"><alias namespace="SUDA" value=""/><description text=""/></frameCopy>
      <frameCopy name="CatalogList" prefix="SUDA_CATLIST" suffix="187"><alias namespace="SUDA" value=""/><description text=""/></frameCopy>
      <frameCopy name="CatalogList" prefix="SUDA_CATLIST" suffix="188"><alias namespace="SUDA" value=""/><description text=""/></frameCopy>
      <frameCopy name="CatalogList" prefix="SUDA_CATLIST" suffix="189"><alias namespace="SUDA" value=""/><description text=""/></frameCopy>
      <frameCopy name="CatalogList" prefix="SUDA_CATLIST" suffix="190"><alias namespace="SUDA" value=""/><description text=""/></frameCopy>
      <frameCopy name="CatalogList" prefix="SUDA_CATLIST" suffix="191"><alias namespace="SUDA" value=""/><description text=""/></frameCopy>
      <frameCopy name="CatalogList" prefix="SUDA_CATLIST" suffix="192"><alias namespace="SUDA" value=""/><description text=""/></frameCopy>
      <frameCopy name="CatalogList" prefix="SUDA_CATLIST" suffix="193"><alias namespace="SUDA" value=""/><description text=""/></frameCopy>
      <frameCopy name="CatalogList" prefix="SUDA_CATLIST" suffix="194"><alias namespace="SUDA" value=""/><description text=""/></frameCopy>
      <frameCopy name="CatalogList" prefix="SUDA_CATLIST" suffix="195"><alias namespace="SUDA" value=""/><description text=""/></frameCopy>
      <frameCopy name="CatalogList" prefix="SUDA_CATLIST" suffix="196"><alias namespace="SUDA" value=""/><description text=""/></frameCopy>
      <frameCopy name="CatalogList" prefix="SUDA_CATLIST" suffix="197"><alias namespace="SUDA" value=""/><description text=""/></frameCopy>
      <frameCopy name="CatalogList" prefix="SUDA_CATLIST" suffix="198"><alias namespace="SUDA" value=""/><description text=""/></frameCopy>
      <frameCopy name="CatalogList" prefix="SUDA_CATLIST" suffix="199"><alias namespace="SUDA" value=""/><description text=""/></frameCopy>
      <frameCopy name="CatalogList" prefix="SUDA_CATLIST" suffix="200"><alias namespace="SUDA" value=""/><description text=""/></frameCopy>
      <frameCopy name="CatalogList" prefix="SUDA_CATLIST" suffix="201"><alias namespace="SUDA" value=""/><description text=""/></frameCopy>
      <frameCopy name="CatalogList" prefix="SUDA_CATLIST" suffix="202"><alias namespace="SUDA" value=""/><description text=""/></frameCopy>
      <frameCopy name="CatalogList" prefix="SUDA_CATLIST" suffix="203"><alias namespace="SUDA" value=""/><description text=""/></frameCopy>
      <frameCopy name="CatalogList" prefix="SUDA_CATLIST" suffix="204"><alias namespace="SUDA" value=""/><description text=""/></frameCopy>
      <frameCopy name="CatalogList" prefix="SUDA_CATLIST" suffix="205"><alias namespace="SUDA" value=""/><description text=""/></frameCopy>
      <frameCopy name="CatalogList" prefix="SUDA_CATLIST" suffix="206"><alias namespace="SUDA" value=""/><description text=""/></frameCopy>
      <frameCopy name="CatalogList" prefix="SUDA_CATLIST" suffix="207"><alias namespace="SUDA" value=""/><description text=""/></frameCopy>
      <frameCopy name="CatalogList" prefix="SUDA_CATLIST" suffix="208"><alias namespace="SUDA" value=""/><description text=""/></frameCopy>
      <frameCopy name="CatalogList" prefix="SUDA_CATLIST" suffix="209"><alias namespace="SUDA" value=""/><description text=""/></frameCopy>
      <frameCopy name="CatalogList" prefix="SUDA_CATLIST" suffix="210"><alias namespace="SUDA" value=""/><description text=""/></frameCopy>
      <frameCopy name="CatalogList" prefix="SUDA_CATLIST" suffix="211"><alias namespace="SUDA" value=""/><description text=""/></frameCopy>
      <frameCopy name="CatalogList" prefix="SUDA_CATLIST" suffix="212"><alias namespace="SUDA" value=""/><description text=""/></frameCopy>
      <frameCopy name="CatalogList" prefix="SUDA_CATLIST" suffix="213"><alias namespace="SUDA" value=""/><description text=""/></frameCopy>
      <frameCopy name="CatalogList" prefix="SUDA_CATLIST" suffix="214"><alias namespace="SUDA" value=""/><description text=""/></frameCopy>
      <frameCopy name="CatalogList" prefix="SUDA_CATLIST" suffix="215"><alias namespace="SUDA" value=""/><description text=""/></frameCopy>
      <frameCopy name="CatalogList" prefix="SUDA_CATLIST" suffix="216"><alias namespace="SUDA" value=""/><description text=""/></frameCopy>
      <frameCopy name="CatalogList" prefix="SUDA_CATLIST" suffix="217"><alias namespace="SUDA" value=""/><description text=""/></frameCopy>
      <frameCopy name="CatalogList" prefix="SUDA_CATLIST" suffix="218"><alias namespace="SUDA" value=""/><description text=""/></frameCopy>
      <frameCopy name="CatalogList" prefix="SUDA_CATLIST" suffix="219"><alias namespace="SUDA" value=""/><description text=""/></frameCopy>
      <frameCopy name="CatalogList" prefix="SUDA_CATLIST" suffix="220"><alias namespace="SUDA" value=""/><description text=""/></frameCopy>
      <frameCopy name="CatalogList" prefix="SUDA_CATLIST" suffix="221"><alias namespace="SUDA" value=""/><description text=""/></frameCopy>
      <frameCopy name="CatalogList" prefix="SUDA_CATLIST" suffix="222"><alias namespace="SUDA" value=""/><description text=""/></frameCopy>
      <frameCopy name="CatalogList" prefix="SUDA_CATLIST" suffix="223"><alias namespace="SUDA" value=""/><description text=""/></frameCopy>

      <itemDef name="SUDA_SYNCCATLISTPKT" type="dn16"><alias namespace="SUDA" value="SYNCCATLISTPKT"/>
        <description text="Synchronization marker"/></itemDef>
      <itemDef name="SUDA_CRCCATLISTPKT" type="dn16"><alias namespace="SUDA" value="CRCCATLISTPKT"/>
        <description text="CRC CCITT-16"/></itemDef>
    </field>
  </frameDef>

  <frameDef name="suda_catlist" id="0x058B"><description text="Catalog List Summary Packet"/>
    <field>
      <frameCopy name="CCSDSPriHeader" suffix="_catlistPkt"/>
      <frameCopy name="CCSDSSecHeader" suffix="_catlistPkt"/>
      <item name="suda_catlist_hk_frame"/>
    </field>
  </frameDef>


</hydraDef>





