<!-- SUDA-specific file to define SUDA telemetry Memory Dump, Analog Dwell, and Flash Table Dump Packet -->

<hydraDef>


  <!-- Frame for Unified Message Structure SUDA Commands -->
  <frameDef name="ums_tlm_logical_addr">
    <field>
      <itemDef name="tlm_routing_addr"    type="dn2"/> <!-- NVM only = 0b01, NVM + FSW = 0b10, FSW only = 0b11-->
      <itemDef name="logical_addr_offset" type="dn1"/>
      <itemDef name="msg_hdr_type"        type="dn1"/>
      <itemDef name="Filter_id"           type="dn4"/> <!-- SUDA = 0x8 -->
    </field>
  </frameDef>

  <frameDef name="ums_tlm_protocol_id">
    <field>
      <itemDef name="ums_tlm_protocol_ID_val" type="dn8"/>
    </field>
  </frameDef>

  <frameDef name="tlm_UMS_SUDA">
    <field>
      <frameCopy name="ums_tlm_logical_addr" suffix="_SUDAtlm0"/>
      <frameCopy name="ums_tlm_protocol_id" suffix="_SUDAcmd"/>
      <frameCopy name="ums_tlm_logical_addr" suffix="_SUDAtlm1"/>
      <frameCopy name="ums_tlm_logical_addr" suffix="_SUDAtlm2"/>
   </field>
  </frameDef>


  <!-- Reference frame for CCSDS tlm headers -->
  <frameDef name="CCSDSPriHeader">
    <description text="ccsds Primary Telemetry Header"/>
    <field>
      <itemDef name="sudaUms" type="dn32"/>
      <itemDef name="ver" type="dn3" value="0"/>
      <itemDef name="type" type="dn1" value="0"/>
      <itemDef name="secHdrFlg" type="dn1" value="1"/>
      <itemDef name="apId" type="dn11"/>
      <itemDef name="segFlg" type="dn2" value="3"/>
      <itemDef name="sourceSeqCnt" type="dn14"/>
      <itemDef name="pktLength" type="dn16"/>
    </field>
  </frameDef>

  <frameDef name="CCSDSSecHeader">
    <description text="ccsds Secondary Telemetry Header"/>
    <field>
      <itemDef name="sec" type="dn32"/>
      <itemDef name="subSec" type="dn16"/>
    </field>
  </frameDef>


  <!-- SUDA-Defined Packets -->

  <!-- Logs put in their own file, so include it -->
  <include>Config\suda_tlm_logs.xml</include>
  
  <!-- Many packets organized in their own files, so include them -->
  <include>Config\suda_hwpkt.xml</include>
  <include>Config\suda_scipkts.xml</include>
  <include>Config\suda_statuspkt.xml</include>
  <include>Config\suda_swpkt.xml</include>


  <!-- ====================================== -->
  <!-- Memory Dump Packet                     -->
  <!-- ====================================== -->

  <frameDef name="suda_dump_hk_frame"><description text="Memory dump tlm pkt contents"/>
    <field>
      <itemDef name="SUDA_DUMPREGION" type="dn32"><alias namespace="SUDA" value="dumpregion"/><description text="Commanded dump operation, identifies region"/> </itemDef>
      <itemDef name="SUDA_DUMPOFFSET" type="dn32"><alias namespace="SUDA" value="dumpoffset"/><description text="Starting offset within region, i.e. block+page"/> </itemDef>
      <itemDef name="SUDA_DUMPTOTLEN" type="dn32"><alias namespace="SUDA" value="dumptotlen"/><description text="Total length of this region"/> </itemDef>
      <itemDef name="SUDA_DUMPVLDCNT" type="dn32"><alias namespace="SUDA" value="dumpvalidcnt"/><description text="Valid dwords in this pkt (rest is padded)"/> </itemDef>
      <itemDef name="SUDA_DUMPFLASHBLOCK" type="dn26"><alias namespace="SUDA" value="DUMPFLASHBLOCK"/><description text="Holds associated Flash block and page, when applicable"/> </itemDef>
      <itemDef name="SUDA_DUMPFLASHPAGE" type="dn6"><alias namespace="SUDA" value="DUMPFLASHPAGE"/><description text="Holds associated Flash block and page, when applicable"/> </itemDef>
      <itemDef name="SUDA_DUMPRESERV1" type="dn32"><alias namespace="SUDA" value="dumpreserv1"/><description text="Reserved1"/> </itemDef>
      <itemDef name="SUDA_DUMPRESERV2" type="dn32"><alias namespace="SUDA" value="dumpreserv2"/><description text="Reserved2"/> </itemDef>
      <itemDef name="SUDA_DUMPRESERV3" type="dn32"><alias namespace="SUDA" value="dumpreserv3"/><description text="Reserved3"/> </itemDef>
      <itemDef name="SUDA_DUMPMEM" type="dn32" num="896"><alias namespace="SUDA" value="dumpmem"/><description text="Raw memory dump data"/> </itemDef>

      <itemDef name="SUDA_SYNCDUMPPKT" type="dn16"><alias namespace="SUDA" value="SYNCDUMPPKT"/>
        <description text="Synchronization marker"/></itemDef>
      <itemDef name="SUDA_CRCDUMPPKT" type="dn16"><alias namespace="SUDA" value="CRCDUMPPKT"/>
        <description text="CRC CCITT-16"/></itemDef>
    </field>
  </frameDef>

  <frameDef name="suda_dump" id="0x0587"><description text="Memory Dump Packet"/>
    <field>
      <frameCopy name="CCSDSPriHeader" suffix="_dumpPkt"/>
      <frameCopy name="CCSDSSecHeader" suffix="_dumpPkt"/>
      <item name="suda_dump_hk_frame"/>
    </field>
  </frameDef>


  <!-- ====================================== -->
  <!-- Analog Dwell Packet                    -->
  <!-- ====================================== -->

  <frameDef name="suda_dwell_hk_frame"><description text="Dwell pkt contents"/>
    <field>
      <itemDef name="SUDA_DWELLSTARTSEC" type="dn32"><alias namespace="SUDA" value="DWELLSTARTSEC"/>
        <description text="Time of dwell start, integer seconds"/> </itemDef>
      <itemDef name="SUDA_DWELLSTARTMSEC" type="dn32"><alias namespace="SUDA" value="DWELLSTARTMSEC"/>
        <description text="Time of dwell start, integer milliseconds"/> </itemDef>
      <itemDef name="SUDA_DWELLENDSEC" type="dn32"><alias namespace="SUDA" value="DWELLENDSEC"/>
        <description text="Time of dwell start, integer seconds"/> </itemDef>
      <itemDef name="SUDA_DWELLENDMSEC" type="dn32"><alias namespace="SUDA" value="DWELLENDMSEC"/>
        <description text="Time of dwell start, integer milliseconds"/> </itemDef>
      <itemDef name="SUDA_DWELLADDRCH0" type="dn32"><alias namespace="SUDA" value="DWELLADDRCH0"/>
        <description text="Dwelled on this processor address for channel "/> </itemDef>
      <itemDef name="SUDA_DWELLADDRCH1" type="dn32"><alias namespace="SUDA" value="DWELLADDRCH1"/>
        <description text="Dwelled on this processor address for channel "/> </itemDef>
      <itemDef name="SUDA_DWELLADDRCH2" type="dn32"><alias namespace="SUDA" value="DWELLADDRCH2"/>
        <description text="Dwelled on this processor address for channel "/> </itemDef>
      <itemDef name="SUDA_DWELLADDRCH3" type="dn32"><alias namespace="SUDA" value="DWELLADDRCH3"/>
        <description text="Dwelled on this processor address for channel "/> </itemDef>
      <itemDef name="SUDA_DWELLADDRCH4" type="dn32"><alias namespace="SUDA" value="DWELLADDRCH4"/>
        <description text="Dwelled on this processor address for channel "/> </itemDef>
      <itemDef name="SUDA_DWELLADDRCH5" type="dn32"><alias namespace="SUDA" value="DWELLADDRCH5"/>
        <description text="Dwelled on this processor address for channel "/> </itemDef>
      <itemDef name="SUDA_DWELLADDRCH6" type="dn32"><alias namespace="SUDA" value="DWELLADDRCH6"/>
        <description text="Dwelled on this processor address for channel "/> </itemDef>
      <itemDef name="SUDA_DWELLADDRCH7" type="dn32"><alias namespace="SUDA" value="DWELLADDRCH7"/>
        <description text="Dwelled on this processor address for channel "/> </itemDef>
      <itemDef name="SUDA_DWELLRESERV0" type="dn32"><alias namespace="SUDA" value="DWELLRESERV0"/>
        <description text="Reserved for future use"/> </itemDef>
      <itemDef name="SUDA_DWELLRESERV1" type="dn32"><alias namespace="SUDA" value="DWELLRESERV1"/>
        <description text="Reserved for future use"/> </itemDef>

      <itemDef name="SUDA_DWELLSAMPLE" type="dn32" num="240"><alias namespace="SUDA" value="DWELLSAMP0"/>
        <description text="All samples of all dwell channels"/> </itemDef>

      <itemDef name="SUDA_SYNCDWELLPKT" type="dn16"><alias namespace="SUDA" value="SYNCDWELLPKT"/>
        <description text="Synchronization marker"/></itemDef>
      <itemDef name="SUDA_CRCDWELLPKT" type="dn16"><alias namespace="SUDA" value="CRCDWELLPKT"/>
        <description text="CRC CCITT-16"/></itemDef>
    </field>
  </frameDef>

  <frameDef name="suda_dwell" id="0x0589"><description text="Dwell Packet"/>
    <field>
      <frameCopy name="CCSDSPriHeader" suffix="_dwellPkt"/>
      <frameCopy name="CCSDSSecHeader" suffix="_dwellPkt"/>
      <item name="suda_dwell_hk_frame"/>
    </field>
  </frameDef>


  <!-- ====================================== -->
  <!-- Flash Table Dump Packet                -->
  <!-- ====================================== -->
  <!-- Statistics region for the FT dump pkt -->
  <frameDef name="FTDUMPREGION">
    <field>
      <itemDef name="DIE0" type="dn16" description="Number of blocks in die #0 holding this type of region"/>
      <itemDef name="DIE1" type="dn16" description="Number of blocks in die #1 holding this type of region"/>
      <itemDef name="DIE2" type="dn16" description="Number of blocks in die #2 holding this type of region"/>
      <itemDef name="DIE3" type="dn16" description="Number of blocks in die #3 holding this type of region"/>
      <itemDef name="DIE4" type="dn16" description="Number of blocks in die #4 holding this type of region"/>
      <itemDef name="DIE5" type="dn16" description="Number of blocks in die #5 holding this type of region"/>
      <itemDef name="DIE6" type="dn16" description="Number of blocks in die #6 holding this type of region"/>
      <itemDef name="DIE7" type="dn16" description="Number of blocks in die #7 holding this type of region"/>
    </field>
  </frameDef>

  <frameDef name="suda_ftable_hk_frame"><description text="Flash table pkt contents"/>
    <field>
      <itemDef name="SUDA_FTDUMPSP" type="dn16"><alias namespace="SUDA" value="FTDUMPSP"/>
        <description text="Spare field within metadata"/> </itemDef>
      <itemDef name="SUDA_FTDUMPDIESEL" type="dn8"><alias namespace="SUDA" value="FTDUMPDIESEL"/>
        <description text="PT entry showing which die are used/powered"/> </itemDef>
      <itemDef name="SUDA_FTDUMPREGTLMSEL" type="dn8"><alias namespace="SUDA" value="FTDUMPREGIONSEL"/>
        <description text="PT entry for which Flash region is used in this packet's extra list"/> </itemDef>

      <frameCopy name="FTDUMPREGION" suffix="SCISTART" prefix="SUDA_FTCNT"><alias namespace="SUDA" value=""/><description text="Number of Flash blocks holding this memory region"/></frameCopy>
      <frameCopy name="FTDUMPREGION" suffix="NVFSW1" prefix="SUDA_FTCNT"><alias namespace="SUDA" value=""/><description text="Number of Flash blocks holding this memory region"/></frameCopy>
      <frameCopy name="FTDUMPREGION" suffix="NVFSW2" prefix="SUDA_FTCNT"><alias namespace="SUDA" value=""/><description text="Number of Flash blocks holding this memory region"/></frameCopy>
      <frameCopy name="FTDUMPREGION" suffix="NVFSW3" prefix="SUDA_FTCNT"><alias namespace="SUDA" value=""/><description text="Number of Flash blocks holding this memory region"/></frameCopy>
      <frameCopy name="FTDUMPREGION" suffix="NVPT" prefix="SUDA_FTCNT"><alias namespace="SUDA" value=""/><description text="Number of Flash blocks holding this memory region"/></frameCopy>
      <frameCopy name="FTDUMPREGION" suffix="SCICONT" prefix="SUDA_FTCNT"><alias namespace="SUDA" value=""/><description text="Number of Flash blocks holding this memory region"/></frameCopy>
      <frameCopy name="FTDUMPREGION" suffix="NVPERST" prefix="SUDA_FTCNT"><alias namespace="SUDA" value=""/><description text="Number of Flash blocks holding this memory region"/></frameCopy>
      <frameCopy name="FTDUMPREGION" suffix="NVFT" prefix="SUDA_FTCNT"><alias namespace="SUDA" value=""/><description text="Number of Flash blocks holding this memory region"/></frameCopy>
      <frameCopy name="FTDUMPREGION" suffix="NVPMLOG" prefix="SUDA_FTCNT"><alias namespace="SUDA" value=""/><description text="Number of Flash blocks holding this memory region"/></frameCopy>
      <frameCopy name="FTDUMPREGION" suffix="NVSCIT" prefix="SUDA_FTCNT"><alias namespace="SUDA" value=""/><description text="Number of Flash blocks holding this memory region"/></frameCopy>
      <frameCopy name="FTDUMPREGION" suffix="SCIRSVD" prefix="SUDA_FTCNT"><alias namespace="SUDA" value=""/><description text="Number of Flash blocks holding this memory region"/></frameCopy>
      <frameCopy name="FTDUMPREGION" suffix="FETCHT" prefix="SUDA_FTCNT"><alias namespace="SUDA" value=""/><description text="Number of Flash blocks holding this memory region"/></frameCopy>
      <frameCopy name="FTDUMPREGION" suffix="NVSCS" prefix="SUDA_FTCNT"><alias namespace="SUDA" value=""/><description text="Number of Flash blocks holding this memory region"/></frameCopy>
      <frameCopy name="FTDUMPREGION" suffix="CATALOG" prefix="SUDA_FTCNT"><alias namespace="SUDA" value=""/><description text="Number of Flash blocks holding this memory region"/></frameCopy>
      <frameCopy name="FTDUMPREGION" suffix="REG14" prefix="SUDA_FTCNT"><alias namespace="SUDA" value=""/><description text="Number of Flash blocks holding this memory region"/></frameCopy>
      <frameCopy name="FTDUMPREGION" suffix="USERDEF" prefix="SUDA_FTCNT"><alias namespace="SUDA" value=""/><description text="Number of Flash blocks holding this memory region"/></frameCopy>
      <frameCopy name="FTDUMPREGION" suffix="EMPTY" prefix="SUDA_FTCNT"><alias namespace="SUDA" value=""/><description text="Number of Flash blocks holding this memory state"/></frameCopy>
      <frameCopy name="FTDUMPREGION" suffix="BAD" prefix="SUDA_FTCNT"><alias namespace="SUDA" value=""/><description text="Number of Flash blocks holding this memory state"/></frameCopy>
      <frameCopy name="FTDUMPREGION" suffix="UNKNOWN" prefix="SUDA_FTCNT"><alias namespace="SUDA" value=""/><description text="Number of Flash blocks holding this memory state"/></frameCopy>

      <frameCopy name="FTDUMPREGION" suffix="SCISTART" prefix="SUDA_FTFIRST"><alias namespace="SUDA" value=""/><description text="Lowest block number holding this memory region"/></frameCopy>
      <frameCopy name="FTDUMPREGION" suffix="NVFSW1" prefix="SUDA_FTFIRST"><alias namespace="SUDA" value=""/><description text="Lowest block number holding this memory region"/></frameCopy>
      <frameCopy name="FTDUMPREGION" suffix="NVFSW2" prefix="SUDA_FTFIRST"><alias namespace="SUDA" value=""/><description text="Lowest block number holding this memory region"/></frameCopy>
      <frameCopy name="FTDUMPREGION" suffix="NVFSW3" prefix="SUDA_FTFIRST"><alias namespace="SUDA" value=""/><description text="Lowest block number holding this memory region"/></frameCopy>
      <frameCopy name="FTDUMPREGION" suffix="NVPT" prefix="SUDA_FTFIRST"><alias namespace="SUDA" value=""/><description text="Lowest block number holding this memory region"/></frameCopy>
      <frameCopy name="FTDUMPREGION" suffix="SCICONT" prefix="SUDA_FTFIRST"><alias namespace="SUDA" value=""/><description text="Lowest block number holding this memory region"/></frameCopy>
      <frameCopy name="FTDUMPREGION" suffix="NVPERST" prefix="SUDA_FTFIRST"><alias namespace="SUDA" value=""/><description text="Lowest block number holding this memory region"/></frameCopy>
      <frameCopy name="FTDUMPREGION" suffix="NVFT" prefix="SUDA_FTFIRST"><alias namespace="SUDA" value=""/><description text="Lowest block number holding this memory region"/></frameCopy>
      <frameCopy name="FTDUMPREGION" suffix="NVPMLOG" prefix="SUDA_FTFIRST"><alias namespace="SUDA" value=""/><description text="Lowest block number holding this memory region"/></frameCopy>
      <frameCopy name="FTDUMPREGION" suffix="NVSCIT" prefix="SUDA_FTFIRST"><alias namespace="SUDA" value=""/><description text="Lowest block number holding this memory region"/></frameCopy>
      <frameCopy name="FTDUMPREGION" suffix="SCIRSVD" prefix="SUDA_FTFIRST"><alias namespace="SUDA" value=""/><description text="Lowest block number holding this memory region"/></frameCopy>
      <frameCopy name="FTDUMPREGION" suffix="FETCHT" prefix="SUDA_FTFIRST"><alias namespace="SUDA" value=""/><description text="Lowest block number holding this memory region"/></frameCopy>
      <frameCopy name="FTDUMPREGION" suffix="NVSCS" prefix="SUDA_FTFIRST"><alias namespace="SUDA" value=""/><description text="Lowest block number holding this memory region"/></frameCopy>
      <frameCopy name="FTDUMPREGION" suffix="CATALOG" prefix="SUDA_FTFIRST"><alias namespace="SUDA" value=""/><description text="Lowest block number holding this memory region"/></frameCopy>
      <frameCopy name="FTDUMPREGION" suffix="REG14" prefix="SUDA_FTFIRST"><alias namespace="SUDA" value=""/><description text="Lowest block number holding this memory region"/></frameCopy>
      <frameCopy name="FTDUMPREGION" suffix="USERDEF" prefix="SUDA_FTFIRST"><alias namespace="SUDA" value=""/><description text="Lowest block number holding this memory region"/></frameCopy>
      <frameCopy name="FTDUMPREGION" suffix="EMPTY" prefix="SUDA_FTFIRST"><alias namespace="SUDA" value=""/><description text="Lowest block number holding this memory state"/></frameCopy>
      <frameCopy name="FTDUMPREGION" suffix="BAD" prefix="SUDA_FTFIRST"><alias namespace="SUDA" value=""/><description text="Lowest block number holding this memory state"/></frameCopy>
      <frameCopy name="FTDUMPREGION" suffix="UNKNOWN" prefix="SUDA_FTFIRST"><alias namespace="SUDA" value=""/><description text="Lowest block number holding this memory state"/></frameCopy>

      <frameCopy name="FTDUMPREGION" suffix="SCISTART" prefix="SUDA_FTLAST"><alias namespace="SUDA" value=""/><description text="Highest block number holding this memory region"/></frameCopy>
      <frameCopy name="FTDUMPREGION" suffix="NVFSW1" prefix="SUDA_FTLAST"><alias namespace="SUDA" value=""/><description text="Highest block number holding this memory region"/></frameCopy>
      <frameCopy name="FTDUMPREGION" suffix="NVFSW2" prefix="SUDA_FTLAST"><alias namespace="SUDA" value=""/><description text="Highest block number holding this memory region"/></frameCopy>
      <frameCopy name="FTDUMPREGION" suffix="NVFSW3" prefix="SUDA_FTLAST"><alias namespace="SUDA" value=""/><description text="Highest block number holding this memory region"/></frameCopy>
      <frameCopy name="FTDUMPREGION" suffix="NVPT" prefix="SUDA_FTLAST"><alias namespace="SUDA" value=""/><description text="Highest block number holding this memory region"/></frameCopy>
      <frameCopy name="FTDUMPREGION" suffix="SCICONT" prefix="SUDA_FTLAST"><alias namespace="SUDA" value=""/><description text="Highest block number holding this memory region"/></frameCopy>
      <frameCopy name="FTDUMPREGION" suffix="NVPERST" prefix="SUDA_FTLAST"><alias namespace="SUDA" value=""/><description text="Highest block number holding this memory region"/></frameCopy>
      <frameCopy name="FTDUMPREGION" suffix="NVFT" prefix="SUDA_FTLAST"><alias namespace="SUDA" value=""/><description text="Highest block number holding this memory region"/></frameCopy>
      <frameCopy name="FTDUMPREGION" suffix="NVPMLOG" prefix="SUDA_FTLAST"><alias namespace="SUDA" value=""/><description text="Highest block number holding this memory region"/></frameCopy>
      <frameCopy name="FTDUMPREGION" suffix="NVSCIT" prefix="SUDA_FTLAST"><alias namespace="SUDA" value=""/><description text="Highest block number holding this memory region"/></frameCopy>
      <frameCopy name="FTDUMPREGION" suffix="SCIRSVD" prefix="SUDA_FTLAST"><alias namespace="SUDA" value=""/><description text="Highest block number holding this memory region"/></frameCopy>
      <frameCopy name="FTDUMPREGION" suffix="FETCHT" prefix="SUDA_FTLAST"><alias namespace="SUDA" value=""/><description text="Highest block number holding this memory region"/></frameCopy>
      <frameCopy name="FTDUMPREGION" suffix="NVSCS" prefix="SUDA_FTLAST"><alias namespace="SUDA" value=""/><description text="Highest block number holding this memory region"/></frameCopy>
      <frameCopy name="FTDUMPREGION" suffix="CATALOG" prefix="SUDA_FTLAST"><alias namespace="SUDA" value=""/><description text="Highest block number holding this memory region"/></frameCopy>
      <frameCopy name="FTDUMPREGION" suffix="REG14" prefix="SUDA_FTLAST"><alias namespace="SUDA" value=""/><description text="Highest block number holding this memory region"/></frameCopy>
      <frameCopy name="FTDUMPREGION" suffix="USERDEF" prefix="SUDA_FTLAST"><alias namespace="SUDA" value=""/><description text="Highest block number holding this memory region"/></frameCopy>
      <frameCopy name="FTDUMPREGION" suffix="EMPTY" prefix="SUDA_FTLAST"><alias namespace="SUDA" value=""/><description text="Highest block number holding this memory state"/></frameCopy>
      <frameCopy name="FTDUMPREGION" suffix="BAD" prefix="SUDA_FTLAST"><alias namespace="SUDA" value=""/><description text="Highest block number holding this memory state"/></frameCopy>
      <frameCopy name="FTDUMPREGION" suffix="UNKNOWN" prefix="SUDA_FTLAST"><alias namespace="SUDA" value=""/><description text="Highest block number holding this memory state"/></frameCopy>

      <itemDef name="SUDA_FTLISTSCISTART" type="dn16" num="16"><alias namespace="SUDA" value=""/>
        <description text="First 16 blocks for each full Flash region"/> </itemDef>
      <itemDef name="SUDA_FTLISTNVFSW1" type="dn16" num="16"><alias namespace="SUDA" value=""/>
        <description text="First 16 blocks for each full Flash region"/> </itemDef>
      <itemDef name="SUDA_FTLISTNVFSW2" type="dn16" num="16"><alias namespace="SUDA" value=""/>
        <description text="First 16 blocks for each full Flash region"/> </itemDef>
      <itemDef name="SUDA_FTLISTNVFSW3" type="dn16" num="16"><alias namespace="SUDA" value=""/>
        <description text="First 16 blocks for each full Flash region"/> </itemDef>
      <itemDef name="SUDA_FTLISTNVPT" type="dn16" num="16"><alias namespace="SUDA" value=""/>
        <description text="First 16 blocks for each full Flash region"/> </itemDef>
      <itemDef name="SUDA_FTLISTSCICONT" type="dn16" num="16"><alias namespace="SUDA" value=""/>
        <description text="First 16 blocks for each full Flash region"/> </itemDef>
      <itemDef name="SUDA_FTLISTNVPERST" type="dn16" num="16"><alias namespace="SUDA" value=""/>
        <description text="First 16 blocks for each full Flash region"/> </itemDef>
      <itemDef name="SUDA_FTLISTNVFT" type="dn16" num="16"><alias namespace="SUDA" value=""/>
        <description text="First 16 blocks for each full Flash region"/> </itemDef>
      <itemDef name="SUDA_FTLISTNVPMLOG" type="dn16" num="16"><alias namespace="SUDA" value=""/>
        <description text="First 16 blocks for each full Flash region"/> </itemDef>
      <itemDef name="SUDA_FTLISTNVSCIT" type="dn16" num="16"><alias namespace="SUDA" value=""/>
        <description text="First 16 blocks for each full Flash region"/> </itemDef>
      <itemDef name="SUDA_FTLISTSCIRSVD" type="dn16" num="16"><alias namespace="SUDA" value=""/>
        <description text="First 16 blocks for each full Flash region"/> </itemDef>
      <itemDef name="SUDA_FTLISTFETCHT" type="dn16" num="16"><alias namespace="SUDA" value=""/>
        <description text="First 16 blocks for each full Flash region"/> </itemDef>
      <itemDef name="SUDA_FTLISTNVSCS" type="dn16" num="16"><alias namespace="SUDA" value=""/>
        <description text="First 16 blocks for each full Flash region"/> </itemDef>
      <itemDef name="SUDA_FTLISTCATALOG" type="dn16" num="16"><alias namespace="SUDA" value=""/>
        <description text="First 16 blocks for each full Flash region"/> </itemDef>
      <itemDef name="SUDA_FTLISTREG14" type="dn16" num="16"><alias namespace="SUDA" value=""/>
        <description text="First 16 blocks for each full Flash region"/> </itemDef>
      <itemDef name="SUDA_FTLISTUSERDEF" type="dn16" num="16"><alias namespace="SUDA" value=""/>
        <description text="First 16 blocks for each full Flash region"/> </itemDef>

      <itemDef name="SUDA_FTLISTEXTRA" type="dn16" num="32"><alias namespace="SUDA" value=""/>
        <description text="Blocks 17-48 for the selected Flash region"/> </itemDef>

      <itemDef name="SUDA_FTABLEDUMPSP0" type="dn32"><alias namespace="SUDA" value="FTABLEDUMPSP0"/>
        <description text="Spare"/> </itemDef>
      <itemDef name="SUDA_FTABLEDUMPSP1" type="dn32"><alias namespace="SUDA" value="FTABLEDUMPSP1"/>
        <description text="Spare"/> </itemDef>
      <itemDef name="SUDA_FTABLEDUMPSP2" type="dn32"><alias namespace="SUDA" value="FTABLEDUMPSP2"/>
        <description text="Spare"/> </itemDef>
      <itemDef name="SUDA_FTABLEDUMPSP3" type="dn32"><alias namespace="SUDA" value="FTABLEDUMPSP3"/>
        <description text="Spare"/> </itemDef>

      <itemDef name="SUDA_SYNCFTABLEPKT" type="dn16"><alias namespace="SUDA" value="SYNCFTABLEPKT"/>
        <description text="Synchronization marker"/></itemDef>
      <itemDef name="SUDA_CRCFTABLEPKT" type="dn16"><alias namespace="SUDA" value="CRCFTABLEPKT"/>
        <description text="CRC CCITT-16"/></itemDef>
    </field>
  </frameDef>

  <frameDef name="suda_ftable" id="0x0588"><description text="Flash Table Dump Packet"/>
    <field>
      <frameCopy name="CCSDSPriHeader" suffix="_ftablePkt"/>
      <frameCopy name="CCSDSSecHeader" suffix="_ftablePkt"/>
      <item name="suda_ftable_hk_frame"/>
    </field>
  </frameDef>

</hydraDef>





