
<hydraDef>

  <!-- Heater Control upper set points -->

  <itemDef name="target_heater_control_upper_set_point" type="float"
    value="#TARGET_CONTROL_DEFAULT_TEMP_UPPER">
    <description text="Channel 3 TARGET HEATER control upper set point (°C)"/>
  </itemDef>
  <itemDef name="sensor_heater_control_upper_set_point" type="float"
    value="#SENSOR_CONTROL_DEFAULT_TEMP_UPPER">
    <description text="Channel 4 SENSOR HEATER control upper set point (°C)"/>
  </itemDef>
  <itemDef name="latch_heater_control_upper_set_point" type="float"
    value="#LATCH_CONTROL_DEFAULT_TEMP_UPPER">
    <description text="Channel 5 LATCH HEATER control upper set point (°C)"/>
  </itemDef>
  <itemDef name="vcsa_heater_control_upper_set_point" type="float"
    value="#VCSA_CONTROL_DEFAULT_TEMP_UPPER">
    <description text="Channel 6 VCSA HEATER control upper set point (°C)"/>
  </itemDef>

  <!-- Heater Control lower set points -->

  <itemDef name="target_heater_control_lower_set_point" type="float"
    value="#TARGET_CONTROL_DEFAULT_TEMP_LOWER">
    <description text="Channel 3 TARGET HEATER control lower set point (°C)"/>
  </itemDef>
  <itemDef name="sensor_heater_control_lower_set_point" type="float"
    value="#SENSOR_CONTROL_DEFAULT_TEMP_LOWER">
    <description text="Channel 4 SENSOR HEATER control lower set point (°C)"/>
  </itemDef>
  <itemDef name="latch_heater_control_lower_set_point" type="float"
    value="#LATCH_CONTROL_DEFAULT_TEMP_LOWER">
    <description text="Channel 5 LATCH HEATER control lower set point (°C)"/>
  </itemDef>
  <itemDef name="vcsa_heater_control_lower_set_point" type="float"
    value="#VCSA_CONTROL_DEFAULT_TEMP_LOWER">
    <description text="Channel 6 VCSA HEATER control lower set point (°C)"/>
  </itemDef>

  <!-- Heater Control control temperatures -->

  <itemDef name="target_heater_control_temp" type="float">
    <description text="Channel 3 TARGET HEATER control control temperature (°C)"/>
  </itemDef>
  <itemDef name="sensor_heater_control_temp" type="float">
    <description text="Channel 4 SENSOR HEATER control control temperature (°C)"/>
  </itemDef>
  <itemDef name="latch_heater_control_temp" type="float">
    <description text="Channel 5 LATCH HEATER control control temperature (°C)"/>
  </itemDef>
  <itemDef name="vcsa_heater_control_temp" type="float">
    <description text="Channel 6 VCSA HEATER control control temperature (°C)"/>
  </itemDef>

  <!-- Heater Control states -->

  <itemDef name="target_heater_control_state" type="heaterState" value="STOPPED">
    <description text="Channel 3 TARGET HEATER control running/stopped"/>
  </itemDef>
  <itemDef name="sensor_heater_control_state" type="heaterState" value="STOPPED">
    <description text="Channel 4 SENSOR HEATER control running/stopped"/>
  </itemDef>
  <itemDef name="latch_heater_control_state" type="heaterState" value="STOPPED">
    <description text="Channel 5 LATCH HEATER control running/stopped"/>
  </itemDef>
  <itemDef name="vcsa_heater_control_state" type="heaterState" value="STOPPED">
    <description text="Channel 6 VCSA HEATER control running/stopped"/>
  </itemDef>

  <!-- Setpoint Heater Control aliases -->

  <alias name="ControlTargetHeater" command="start">
    <description text="Start control of Target heater with current setpoints"/>
    <argument id="0" value="ControlTargetHeater("/>
    <argument id="1" value="target_heater_control_lower_set_point"/>
    <argument id="2" value=","/>
    <argument id="3" value="target_heater_control_upper_set_point"/>
    <argument id="4" value=")"/>
  </alias>

  <alias name="ControlSensorHeater" command="start">
    <description text="Start control of sensor heater with default setpoints"/>
    <argument id="0" value="ControlSensorHeater("/>
    <argument id="1" value="sensor_heater_control_lower_set_point"/>
    <argument id="2" value=","/>
    <argument id="3" value="sensor_heater_control_upper_set_point"/>
    <argument id="4" value=")"/>
  </alias>

  <alias name="ControlLatchHeater" command="start">
    <description text="Start control of latch heater with default setpoints"/>
    <argument id="0" value="ControlLatchHeater("/>
    <argument id="1" value="latch_heater_control_lower_set_point"/>
    <argument id="2" value=","/>
    <argument id="3" value="latch_heater_control_upper_set_point"/>
    <argument id="4" value=")"/>
  </alias>

  <alias name="ControlVCSAHeater" command="start">
    <description text="Start control of VCSA heater with default setpoints"/>
    <argument id="0" value="ControlVCSAHeater("/>
    <argument id="1" value="vcsa_heater_control_lower_set_point"/>
    <argument id="2" value=","/>
    <argument id="3" value="vcsa_heater_control_upper_set_point"/>
    <argument id="4" value=")"/>
  </alias>

  <alias name="StopTargetHeater" command="start">
    <description text="Cease control of Target/decon heater and disable power to it"/>
    <argument id="0" value="StopTargetHeater"/>
  </alias>

  <alias name="StopSensorHeater" command="start">
    <description text="Cease control of Sensor surv heater and disable power to it"/>
    <argument id="0" value="StopSensorHeater"/>
  </alias>

  <alias name="StopLatchHeater" command="start">
    <description text="Cease control of Latch/decon surv heater and disable power to it"/>
    <argument id="0" value="StopLatchHeater"/>
  </alias>

  <alias name="StopVCSAHeater" command="start">
    <description text="Cease control of VCSA surv heater and disable power to it"/>
    <argument id="0" value="StopVCSAHeater"/>
  </alias>


  <!-- Defaults Heater Control aliases -->

  <alias name="ControlTargetHeaterDefaults" command="start">
    <description text="Start control of Target heater with default setpoints"/>
    <argument id="0" value="ControlTargetHeater("/>
    <argument id="1" value="#TARGET_CONTROL_DEFAULT_TEMP_LOWER"/>
    <argument id="2" value=","/>
    <argument id="3" value="#TARGET_CONTROL_DEFAULT_TEMP_UPPER"/>
    <argument id="4" value=")"/>
  </alias>

  <alias name="ControlSensorHeaterDefaults" command="start">
    <description text="Start control of sensor heater with default setpoints"/>
    <argument id="0" value="ControlSensorHeater("/>
    <argument id="1" value="#SENSOR_CONTROL_DEFAULT_TEMP_LOWER"/>
    <argument id="2" value=","/>
    <argument id="3" value="#SENSOR_CONTROL_DEFAULT_TEMP_UPPER"/>
    <argument id="4" value=")"/>
  </alias>

  <alias name="ControlLatchHeaterDefaults" command="start">
    <description text="Start control of latch heater with default setpoints"/>
    <argument id="0" value="ControlLatchHeater("/>
    <argument id="1" value="#LATCH_CONTROL_DEFAULT_TEMP_LOWER"/>
    <argument id="2" value=","/>
    <argument id="3" value="#LATCH_CONTROL_DEFAULT_TEMP_UPPER"/>
    <argument id="4" value=")"/>
  </alias>

  <alias name="ControlVCSAHeaterDefaults" command="start">
    <description text="Start control of VCSA heater with default setpoints"/>
    <argument id="0" value="ControlVCSAHeater("/>
    <argument id="1" value="#VCSA_CONTROL_DEFAULT_TEMP_LOWER"/>
    <argument id="2" value=","/>
    <argument id="3" value="#VCSA_CONTROL_DEFAULT_TEMP_UPPER"/>
    <argument id="4" value=")"/>
  </alias>

</hydraDef>
