<!-- IDEX-specific file to DN-to-EU conversions for AnaPkt and HwPkt telemetry --><hydraDef>    <!-- Example polynomial conversion    This converts to a polynomial    1 + 2*x^1 + 3*x^2    <euPoly name="temp_conversion">        <coeff index="0" value="1"/>        <coeff index="1" value="2"/>        <coeff index="2" value="3"/>    </euPoly>    -->    <!-- Polynomials must be associated with a type    This type must be used in definition of item with conversion    Work with developer to make associations    <typeEU name="temp_conversion16" size="16" eu="temp_conversion"/>    --><!--Command Conversions--><euPoly name ="sethvsptr_rjctn32">    <coeff index="0" value="445.99"/>    <coeff index="1" value="7.25895"/></euPoly><typeEU name="sethvsptr_rjctn32" size="32" eu="sethvsptr_rjctn32"/><euPoly name ="sethvsptr_tar32">    <coeff index="0" value="57.4435"/>    <coeff index="1" value="0.9898775"/></euPoly><typeEU name="sethvsptr_tar32" size="32" eu="sethvsptr_tar32"/><euPoly name ="sethvmaxtr_rjctn32">    <coeff index="0" value="445.99"/>    <coeff index="1" value="7.25895"/></euPoly><typeEU name="sethvmaxtr_rjctn32" size="32" eu="sethvmaxtr_rjctn32"/><euPoly name ="sethvmaxtr_tar32">    <coeff index="0" value="57.4435"/>    <coeff index="1" value="0.9898775"/></euPoly><typeEU name="sethvmaxtr_tar32" size="32" eu="sethvmaxtr_tar32"/><euPoly name ="sethvds32">    <coeff index="0" value="-200.0"/>    <coeff index="1" value="1.0"/></euPoly><typeEU name="sethvds32" size="32" eu="sethvds32"/><euPoly name ="cfghtr_pri12">    <coeff index="0" value="1012.19"/>    <coeff index="1" value="11.2583"/>    <coeff index="2" value="6.424320E-03"/>    <coeff index="3" value="-2.920330E-04"/>    <coeff index="4" value="9.927240E-07"/>    <coeff index="5" value="1.089880E-08"/>    <coeff index="6" value="-1.271730E-10"/>    <coeff index="7" value="3.677030E-13"/></euPoly><typeEU name="cfghtr_pri12" size="12" eu="cfghtr_pri12"/><euPoly name ="cfghtr_rdnt12">    <coeff index="0" value="999.883"/>    <coeff index="1" value="11.1514"/>    <coeff index="2" value="1.159050E-02"/>    <coeff index="3" value="-2.435730E-04"/>    <coeff index="4" value="-1.679900E-07"/>    <coeff index="5" value="7.564160E-09"/>    <coeff index="6" value="-1.880040E-11"/>    <coeff index="7" value="-1.144110E-14"/></euPoly><typeEU name="cfghtr_rdnt12" size="12" eu="cfghtr_rdnt12"/><euPoly name ="cfgstim_dettar12">    <coeff index="0" value="0.0"/>    <coeff index="1" value="271.5338"/></euPoly><typeEU name="cfgstim_dettar12" size="12" eu="cfgstim_dettar12"/><euPoly name ="cfgstim_ion12">    <coeff index="0" value="0.0"/>    <coeff index="1" value="1240.91"/></euPoly><typeEU name="cfgstim_ion12" size="12" eu="cfgstim_ion12"/><!--Telemetry Conversions--><euPoly name ="stimdetbuftarsp12">    <coeff index="0" value="0.0"/>    <coeff index="1" value="0.003682783"/></euPoly><typeEU name="stimdetbuftarsp12" size="12" eu="stimdetbuftarsp12"/><euPoly name ="stimionsp12">    <coeff index="0" value="0.0"/>    <coeff index="1" value="0.00080586"/></euPoly><typeEU name="stimionsp12" size="12" eu="stimionsp12"/><euPoly name ="decon0temp">    <coeff index="0" value="-110.293"/>    <coeff index="1" value="0.0665351"/>    <coeff index="2" value="0.000305738"/>    <coeff index="3" value="-6.32048E-07"/>    <coeff index="4" value="5.9934E-10"/>    <coeff index="5" value="-2.98784E-13"/>    <coeff index="6" value="7.6136099E-17"/>    <coeff index="7" value="-7.7646701E-21"/></euPoly><typeEU name="decon0temp_12" size="12" eu="decon0temp"/>    <coeff index="0" value="-110.293"/>    <coeff index="1" value="0.0665351"/>    <coeff index="2" value="0.000305738"/>    <coeff index="3" value="-6.32048E-07"/>    <coeff index="4" value="5.9934E-10"/>    <coeff index="5" value="-2.98784E-13"/>    <coeff index="6" value="7.6136099E-17"/>    <coeff index="7" value="-7.7646701E-21"/><euPoly name ="deconlim0lo">    <coeff index="0" value="-110.293"/>    <coeff index="1" value="0.0665351"/>    <coeff index="2" value="0.000305738"/>    <coeff index="3" value="-6.32048E-07"/>    <coeff index="4" value="5.9934E-10"/>    <coeff index="5" value="-2.98784E-13"/>    <coeff index="6" value="7.6136099E-17"/>    <coeff index="7" value="-7.7646701E-21"/></euPoly><typeEU name="deconlim0lo_12" size="12" eu="deconlim0lo"/>    <coeff index="0" value="-110.293"/>    <coeff index="1" value="0.0665351"/>    <coeff index="2" value="0.000305738"/>    <coeff index="3" value="-6.32048E-07"/>    <coeff index="4" value="5.9934E-10"/>    <coeff index="5" value="-2.98784E-13"/>    <coeff index="6" value="7.6136099E-17"/>    <coeff index="7" value="-7.7646701E-21"/><euPoly name ="deconlim0hi">    <coeff index="0" value="-110.293"/>    <coeff index="1" value="0.0665351"/>    <coeff index="2" value="0.000305738"/>    <coeff index="3" value="-6.32048E-07"/>    <coeff index="4" value="5.9934E-10"/>    <coeff index="5" value="-2.98784E-13"/>    <coeff index="6" value="7.6136099E-17"/>    <coeff index="7" value="-7.7646701E-21"/></euPoly><typeEU name="deconlim0hi_12" size="12" eu="deconlim0hi"/><euPoly name ="decon1temp">    <coeff index="0" value="-150.478"/>    <coeff index="1" value="0.376986"/>    <coeff index="2" value="-0.00062072"/>    <coeff index="3" value="7.73853E-07"/>    <coeff index="4" value="-5.81588E-10"/>    <coeff index="5" value="2.5636801E-13"/>    <coeff index="6" value="-6.0569797E-17"/>    <coeff index="7" value="5.96635e-21"/></euPoly><typeEU name="decon1temp_12" size="12" eu="decon1temp"/><euPoly name ="deconlim1lo">    <coeff index="0" value="-150.478"/>    <coeff index="1" value="0.376986"/>    <coeff index="2" value="-0.00062072"/>    <coeff index="3" value="7.73853E-07"/>    <coeff index="4" value="-5.81588E-10"/>    <coeff index="5" value="2.5636801E-13"/>    <coeff index="6" value="-6.0569797E-17"/>    <coeff index="7" value="5.96635e-21"/></euPoly><typeEU name="deconlim1lo_12" size="12" eu="deconlim1lo"/><euPoly name ="deconlim1hi">    <coeff index="0" value="-150.478"/>    <coeff index="1" value="0.376986"/>    <coeff index="2" value="-0.00062072"/>    <coeff index="3" value="7.73853E-07"/>    <coeff index="4" value="-5.81588E-10"/>    <coeff index="5" value="2.5636801E-13"/>    <coeff index="6" value="-6.0569797E-17"/>    <coeff index="7" value="5.96635e-21"/></euPoly><typeEU name="deconlim1hi_12" size="12" eu="deconlim1hi"/><euPoly name ="dabtemp">    <coeff index="0" value="-4.43248E+02"/>    <coeff index="1" value="1.31224E+00"/>    <coeff index="2" value="-1.80422E-03"/>    <coeff index="3" value="1.40016E-06"/>    <coeff index="4" value="-6.43766E-10"/>    <coeff index="5" value="1.74480E-13"/>    <coeff index="6" value="-2.57695E-17"/>    <coeff index="7" value="1.60239E-21"/></euPoly><typeEU name="dabtemp_12" size="12" eu="dabtemp"/><euPoly name ="fpgatemp">    <coeff index="0" value="358.31"/>    <coeff index="1" value="-0.1187104"/></euPoly><typeEU name="fpgatemp_12" size="12" eu="fpgatemp"/><euPoly name ="hvdetectlast">    <coeff index="0" value="200"/>    <coeff index="1" value="1"/></euPoly><typeEU name="hvdetectlast_12" size="12" eu="hvdetectlast"/><euPoly name ="hvdetectmax">    <coeff index="0" value="200"/>    <coeff index="1" value="1"/></euPoly><typeEU name="hvdetectmax_12" size="12" eu="hvdetectmax"/><euPoly name ="hvdetectsetpt">    <coeff index="0" value="200"/>    <coeff index="1" value="1"/></euPoly><typeEU name="hvdetectsetpt_12" size="12" eu="hvdetectsetpt"/><euPoly name ="hvpsdetcurr">    <coeff index="0" value="0"/>    <coeff index="1" value="0.000007326"/></euPoly><typeEU name="hvpsdetcurr_12" size="12" eu="hvpsdetcurr"/><euPoly name ="hvpsdetvolt">    <coeff index="0" value="0"/>    <coeff index="1" value="1.4652"/></euPoly><typeEU name="hvpsdetvolt_12" size="12" eu="hvpsdetvolt"/><euPoly name ="hvpsreflctvolt">    <coeff index="0" value="0"/>    <coeff index="1" value="1.4652"/></euPoly><typeEU name="hvpsreflctvolt_12" size="12" eu="hvpsreflctvolt"/><euPoly name ="hvpsrejctnvolt">    <coeff index="0" value="0"/>    <coeff index="1" value="1.4652"/></euPoly><typeEU name="hvpsrejctnvolt_12" size="12" eu="hvpsrejctnvolt"/><!-- the next 2 definitions are inconsistent with HK_config, it should be the same as hvpsrejctnvolt !--><euPoly name ="hvpssensncurr">    <coeff index="0" value="0"/>    <coeff index="1" value="0.000024339"/></euPoly><typeEU name="hvpssensncurr_12" size="12" eu="hvpssensncurr"/><euPoly name ="hvpssenspcurr">    <coeff index="0" value="0"/>    <coeff index="1" value="0.000024339"/></euPoly><typeEU name="hvpssenspcurr_12" size="12" eu="hvpssenspcurr"/><euPoly name ="hvpssensvolt">    <coeff index="0" value="0"/>    <coeff index="1" value="1.4652"/></euPoly><typeEU name="hvpssensvolt_12" size="12" eu="hvpssensvolt"/><euPoly name ="hvpstargetvolt">    <coeff index="0" value="0"/>    <coeff index="1" value="1.4652"/></euPoly><typeEU name="hvpstargetvolt_12" size="12" eu="hvpstargetvolt"/><euPoly name ="hvrjctnlast">    <coeff index="0" value="-61.302254"/>    <coeff index="1" value="0.1377601"/></euPoly><typeEU name="hvrjctnlast_12" size="12" eu="hvrjctnlast"/><euPoly name ="hvrjctnmax">    <coeff index="0" value="-61.302254"/>    <coeff index="1" value="0.1377601"/></euPoly><typeEU name="hvrjctnmax_12" size="12" eu="hvrjctnmax"/><euPoly name ="hvrjctnsetpt">    <coeff index="0" value="-61.302254"/>    <coeff index="1" value="0.1377601"/></euPoly><typeEU name="hvrjctnsetpt_12" size="12" eu="hvrjctnsetpt"/><euPoly name ="hvsensorlast">    <coeff index="0" value="200"/>    <coeff index="1" value="1"/></euPoly><typeEU name="hvsensorlast_12" size="12" eu="hvsensorlast"/><euPoly name ="hvsensormax">    <coeff index="0" value="200"/>    <coeff index="1" value="1"/></euPoly><typeEU name="hvsensormax_12" size="12" eu="hvsensormax"/><euPoly name ="hvsensorsetpt">    <coeff index="0" value="200"/>    <coeff index="1" value="1"/></euPoly><typeEU name="hvsensorsetpt_12" size="12" eu="hvsensorsetpt"/><euPoly name ="hvtargetlast">    <coeff index="0" value="-58.0309"/>    <coeff index="1" value="1.01023"/></euPoly><typeEU name="hvtargetlast_12" size="12" eu="hvtargetlast"/><euPoly name ="hvtargetmax">    <coeff index="0" value="-58.0309"/>    <coeff index="1" value="1.01023"/></euPoly><typeEU name="hvtargetmax_12" size="12" eu="hvtargetmax"/><euPoly name ="hvtargetsetpt">    <coeff index="0" value="-58.0309"/>    <coeff index="1" value="1.01023"/></euPoly><typeEU name="hvtargetsetpt_12" size="12" eu="hvtargetsetpt"/><euPoly name ="lvps16v0curr">    <coeff index="0" value="0"/>    <coeff index="1" value="0.000161172"/></euPoly><typeEU name="lvps16v0curr_12" size="12" eu="lvps16v0curr"/><euPoly name ="lvps16v0volt">    <coeff index="0" value="0"/>    <coeff index="1" value="0.00482711"/></euPoly><typeEU name="lvps16v0volt_12" size="12" eu="lvps16v0volt"/><euPoly name ="lvps3v3curr">    <coeff index="0" value="0"/>    <coeff index="1" value="0.00161172"/></euPoly><typeEU name="lvps3v3curr_12" size="12" eu="lvps3v3curr"/><euPoly name ="lvps3v3refhkvolt">    <coeff index="0" value="0"/>    <coeff index="1" value="0.00161172"/></euPoly><typeEU name="lvps3v3refhkvolt_12" size="12" eu="lvps3v3refhkvolt"/><euPoly name ="lvps3v3refopvolt">    <coeff index="0" value="0"/>    <coeff index="1" value="0.00161172"/></euPoly><typeEU name="lvps3v3refopvolt_12" size="12" eu="lvps3v3refopvolt"/><euPoly name ="lvps3v3volt">    <coeff index="0" value="0"/>    <coeff index="1" value="0.00161172"/></euPoly><typeEU name="lvps3v3volt_12" size="12" eu="lvps3v3volt"/><euPoly name ="lvpsn2v5curr">    <coeff index="0" value="0"/>    <coeff index="1" value="-0.000040293"/></euPoly><typeEU name="lvpsn2v5curr_12" size="12" eu="lvpsn2v5curr"/><euPoly name ="lvpsn2v5volt">    <coeff index="0" value="-33"/>    <coeff index="1" value="0.00886447"/></euPoly><typeEU name="lvpsn2v5volt_12" size="12" eu="lvpsn2v5volt"/><euPoly name ="lvpsn5v0curr">    <coeff index="0" value="0"/>    <coeff index="1" value="-0.0000201465"/></euPoly><typeEU name="lvpsn5v0curr_12" size="12" eu="lvpsn5v0curr"/><euPoly name ="lvpsn5v0volt">    <coeff index="0" value="-33"/>    <coeff index="1" value="0.00886447"/></euPoly><typeEU name="lvpsn5v0volt_12" size="12" eu="lvpsn5v0volt"/><euPoly name ="lvpsn6v0curr">    <coeff index="0" value="0"/>    <coeff index="1" value="-0.0000805861"/></euPoly><typeEU name="lvpsn6v0curr_12" size="12" eu="lvpsn6v0curr"/><euPoly name ="lvpsn6v0volt">    <coeff index="0" value="-33"/>    <coeff index="1" value="0.00886447"/></euPoly><typeEU name="lvpsn6v0volt_12" size="12" eu="lvpsn6v0volt"/><euPoly name ="lvpsp2v5curr">    <coeff index="0" value="0"/>    <coeff index="1" value="0.00161172"/></euPoly><typeEU name="lvpsp2v5curr_12" size="12" eu="lvpsp2v5curr"/><euPoly name ="lvpsp2v5volt">    <coeff index="0" value="0"/>    <coeff index="1" value="0.00161172"/></euPoly><typeEU name="lvpsp2v5volt_12" size="12" eu="lvpsp2v5volt"/><!-- LVPS_ADC_I5_SCALE value="2.01465E-05", i do think that the polynominal is wrong here --><euPoly name ="lvpsp5v0curr">    <coeff index="0" value="0"/>    <coeff index="1" value="4.029304402930E-05"/></euPoly><typeEU name="lvpsp5v0curr_12" size="12" eu="lvpsp5v0curr"/><euPoly name ="lvpsp5v0volt">    <coeff index="0" value="0"/>    <coeff index="1" value="0.00161172"/></euPoly><typeEU name="lvpsp5v0volt_12" size="12" eu="lvpsp5v0volt"/><euPoly name ="lvpsp6v0curr">    <coeff index="0" value="0"/>    <coeff index="1" value="0.0000805861"/></euPoly><typeEU name="lvpsp6v0curr_12" size="12" eu="lvpsp6v0curr"/><euPoly name ="lvpsp6v0volt">    <coeff index="0" value="0"/>    <coeff index="1" value="0.00241758"/></euPoly><typeEU name="lvpsp6v0volt_12" size="12" eu="lvpsp6v0volt"/><euPoly name ="lvpsspareadc">    <coeff index="0" value="0"/>    <coeff index="1" value="0.00161172"/></euPoly><typeEU name="lvpsspareadc_12" size="12" eu="lvpsspareadc"/><euPoly name ="proc1v0currhi">    <coeff index="0" value="0"/>    <coeff index="1" value="0.902925273"/></euPoly><typeEU name="proc1v0currhi_12" size="12" eu="proc1v0currhi"/><euPoly name ="proc1v0volt">    <coeff index="0" value="0"/>    <coeff index="1" value="0.000805861"/></euPoly><typeEU name="proc1v0volt_12" size="12" eu="proc1v0volt"/><euPoly name ="proc1v9currhi">    <coeff index="0" value="0"/>    <coeff index="1" value="0.902925273"/></euPoly><typeEU name="proc1v9currhi_12" size="12" eu="proc1v9currhi"/><euPoly name ="proc1v9volt">    <coeff index="0" value="0"/>    <coeff index="1" value="0.000805861"/></euPoly><typeEU name="proc1v9volt_12" size="12" eu="proc1v9volt"/><euPoly name ="proc3v3volt">    <coeff index="0" value="0"/>    <coeff index="1" value="0.001611722"/></euPoly><typeEU name="proc3v3volt_12" size="12" eu="proc3v3volt"/><euPoly name="hvpsbdtmp_seg1">    <coeff index="0" value="200.41374"/>    <coeff index="1" value="-0.20206987"/>         <coeff index="2" value="1.7540301e-4"/>    <coeff index="3" value="-9.7395475e-8"/>    <coeff index="4" value="2.8889322e-11"/>    <coeff index="5" value="-3.5456032e-15"/>                                           </euPoly><euPoly name="hvpsbdtmp_seg2">    <coeff index="0" value="1193.93"/>    <coeff index="1" value="-1.97726"/>         <coeff index="2" value="0.0014106"/>    <coeff index="3" value="-5.07894e-7"/>    <coeff index="4" value="9.11987e-11"/>    <coeff index="5" value="-6.55229e-15"/>        </euPoly>   <euPoly name="hvpsbdtmp_seg3">    <coeff index="0" value="170704.73"/>    <coeff index="1" value="-131.19806"/>         <coeff index="2" value="3.3637418e-2"/>            <coeff index="3" value="-2.8770114e-6"/>                  </euPoly>   <euPoly name="hvpsbdtmp_seg4">    <coeff index="0" value="-104713.89"/>    <coeff index="1" value="52.02446"/>         <coeff index="2" value="-0.0064633745"/>                  </euPoly>    <euSegmented name="hvpsbdtmp"><segment  low="0" high="2091" eu="hvpsbdtmp_seg1"/><segment  low="2091" high="3869" eu="hvpsbdtmp_seg2"/><segment  low="3869" high="4051" eu="hvpsbdtmp_seg3"/><segment  low="4051" high="4095" eu="hvpsbdtmp_seg4"/></euSegmented>    <typeEU name="hvpsbdtmp" size="12" eu="hvpsbdtmp"/><euPoly name="lvpsbdtmp_seg1">    <coeff index="0" value="200.41374"/>    <coeff index="1" value="-0.20206987"/>         <coeff index="2" value="1.7540301e-4"/>    <coeff index="3" value="-9.7395475e-8"/>    <coeff index="4" value="2.8889322e-11"/>    <coeff index="5" value="-3.5456032e-15"/>                                           </euPoly><euPoly name="lvpsbdtmp_seg2">    <coeff index="0" value="1193.93"/>    <coeff index="1" value="-1.97726"/>         <coeff index="2" value="0.0014106"/>    <coeff index="3" value="-5.07894e-7"/>    <coeff index="4" value="9.11987e-11"/>    <coeff index="5" value="-6.55229e-15"/>        </euPoly>   <euPoly name="lvpsbdtmp_seg3">    <coeff index="0" value="170704.73"/>    <coeff index="1" value="-131.19806"/>         <coeff index="2" value="3.3637418e-2"/>            <coeff index="3" value="-2.8770114e-6"/>                  </euPoly>   <euPoly name="lvpsbdtmp_seg4">    <coeff index="0" value="-104713.89"/>    <coeff index="1" value="52.02446"/>         <coeff index="2" value="-0.0064633745"/>                  </euPoly>    <euSegmented name="lvpsbdtmp"><segment  low="0" high="2091" eu="lvpsbdtmp_seg1"/><segment  low="2091" high="3869" eu="lvpsbdtmp_seg2"/><segment  low="3869" high="4051" eu="lvpsbdtmp_seg3"/><segment  low="4051" high="4095" eu="lvpsbdtmp_seg4"/></euSegmented>    <typeEU name="lvpsbdtmp" size="12" eu="lvpsbdtmp"/><euPoly name="procadctmp_seg1">    <coeff index="0" value="162.82764"/>    <coeff index="1" value="-0.26686868"/>         <coeff index="2" value="3.323794e-4"/>    <coeff index="3" value="-2.4315299e-7"/>    <coeff index="4" value="9.0345318e-11"/>    <coeff index="5" value="-1.3277352e-14"/>                                           </euPoly><euPoly name="procadctmp_seg2">    <coeff index="0" value="714.21239"/>    <coeff index="1" value="-1.1940107"/>         <coeff index="2" value="8.5990937e-4"/>    <coeff index="3" value="-3.1452664e-7"/>    <coeff index="4" value="5.7454164e-11"/>    <coeff index="5" value="-4.2082309e-15"/>        </euPoly>   <euPoly name="procadctmp_seg3">    <coeff index="0" value="136881.23"/>    <coeff index="1" value="-105.46444"/>         <coeff index="2" value="0.027102811"/>            <coeff index="3" value="-2.3235431e-6"/>                  </euPoly>   <euPoly name="procadctmp_seg4">    <coeff index="0" value="-100809.92"/>    <coeff index="1" value="50.038087"/>         <coeff index="2" value="-0.0062120904"/>                  </euPoly>    <euSegmented name="procadctmp"><segment  low="0" high="2063" eu="procadctmp_seg1"/><segment  low="2063" high="3853" eu="procadctmp_seg2"/><segment  low="3853" high="4051" eu="procadctmp_seg3"/><segment  low="4051" high="4095" eu="procadctmp_seg4"/></euSegmented>    <typeEU name="procadctmp" size="12" eu="procadctmp"/><euPoly name="procbdtmp_seg1">    <coeff index="0" value="162.82764"/>    <coeff index="1" value="-0.26686868"/>         <coeff index="2" value="3.323794e-4"/>    <coeff index="3" value="-2.4315299e-7"/>    <coeff index="4" value="9.0345318e-11"/>    <coeff index="5" value="-1.3277352e-14"/>                                           </euPoly><euPoly name="procbdtmp_seg2">    <coeff index="0" value="714.21239"/>    <coeff index="1" value="-1.1940107"/>         <coeff index="2" value="8.5990937e-4"/>    <coeff index="3" value="-3.1452664e-7"/>    <coeff index="4" value="5.7454164e-11"/>    <coeff index="5" value="-4.2082309e-15"/>        </euPoly>   <euPoly name="procbdtmp_seg3">    <coeff index="0" value="136881.23"/>    <coeff index="1" value="-105.46444"/>         <coeff index="2" value="0.027102811"/>            <coeff index="3" value="-2.3235431e-6"/>                  </euPoly>   <euPoly name="procbdtmp_seg4">    <coeff index="0" value="-100809.92"/>    <coeff index="1" value="50.038087"/>         <coeff index="2" value="-0.0062120904"/>                  </euPoly>    <euSegmented name="procbdtmp"><segment  low="0" high="2063" eu="procbdtmp_seg1"/><segment  low="2063" high="3853" eu="procbdtmp_seg2"/><segment  low="3853" high="4051" eu="procbdtmp_seg3"/><segment  low="4051" high="4095" eu="procbdtmp_seg4"/></euSegmented>    <typeEU name="procbdtmp" size="12" eu="procbdtmp"/></hydraDef>