<!-- IDEX-specific file to define IDEX Analog Housekeeping Telemetry Packet --><!-- This version includes EU conversions from ana_conv.xml --><hydraDef>  <!-- ====================================== -->  <!-- Analog HK Packet                       -->  <!-- ====================================== -->  <frameDef name="IDX_ana_hk_frame"><description text="Analog HK tlm contents"/>    <field>    <!--BEGIN: anaHkStatPkt_t -->    <itemDef name="IDX_ANAHKSP0" type="dn8"><alias namespace="IDEX" value="ANAHKSP0"/>      <description text="Spare"/></itemDef>    <itemDef name="IDX_PROC1V0CURRHI" type="proc1v0currhi_12"><units>MA</units><alias namespace="IDEX" value="PROC1V0CURRHI"/>      <description text="High side current reading on 1.0V bus (Proc ADC channel 0)"/></itemDef>    <itemDef name="IDX_PROC1V9CURRHI" type="proc1v9currhi_12"><units>MA</units><alias namespace="IDEX" value="PROC1V9CURRHI"/>      <description text="High side current reading on 1.9V bus (Proc ADC channel 1)"/></itemDef>    <itemDef name="IDX_ANAHKSP1" type="dn8"><alias namespace="IDEX" value="ANAHKSP1"/>      <description text="Spare"/></itemDef>    <itemDef name="IDX_PROCADCTEMP" type="procadctmp"><units>C</units><alias namespace="IDEX" value="PROCADCTEMP"/>      <description text="Processor Board temperature near HS ADCs (Proc ADC channel 2)"/></itemDef>    <itemDef name="IDX_PROCBDTEMP" type="procbdtmp"><units>C</units><alias namespace="IDEX" value="PROCBDTEMP"/>      <description text="Processor Board temperature near PWB center (Proc ADC channel 3)"/></itemDef>    <itemDef name="IDX_ANAHKSP2" type="dn8"><alias namespace="IDEX" value="ANAHKSP2"/>      <description text="Spare"/></itemDef>      <itemDef name="IDX_PROC1V0VOLT" type="proc1v0volt_12"><units>V</units><alias namespace="IDEX" value="PROC1V0VOLT"/>      <description text="Voltage reading on 1.0V bus (Proc ADC channel 4)"/></itemDef>    <itemDef name="IDX_FPGATEMP" type="fpgatemp_12"><units>C</units><alias namespace="IDEX" value="FPGATEMP"/>      <description text="Temperature reading internal to FPGA (Proc ADC channel 5)"/></itemDef>    <itemDef name="IDX_ANAHKSP3" type="dn8"><alias namespace="IDEX" value="ANAHKSP3"/>       <description text="Spare"/></itemDef>    <itemDef name="IDX_PROC1V9VOLT" type="proc1v9volt_12"><units>V</units><alias namespace="IDEX" value="PROC1V9VOLT"/>      <description text="Voltage reading on 1.9V bus (Proc ADC channel 6)"/></itemDef>    <itemDef name="IDX_PROC3V3VOLT" type="proc3v3volt_12"><units>V</units><alias namespace="IDEX" value="PROC3V3VOLT"/>      <description text="Voltage reading on 3.3V bus (Proc ADC channel 7)"/></itemDef>    <!--END: anaHkStatPkt_t -->    <!--BEGIN: comboStatPkt_t -->    <itemDef name="IDX_ANAHVPSSP0" type="dn8"> <alias namespace="IDEX" value="ANAHVPSSP0"/>      <description text="Spare"/></itemDef>    <itemDef name="IDX_HVPSDETVOLT" type="hvpsdetvolt_12"><units>V</units> <alias namespace="IDEX" value="HVPSDETVOLT"/>      <description text="Voltage reading on Detector (HVPS ADC channel 0)"/></itemDef>    <itemDef name="IDX_HVPSSENSVOLT" type="hvpssensvolt_12"><units>V</units> <alias namespace="IDEX" value="HVPSSENSVOLT"/>      <description text="Voltage reading on Sensor (HVPS ADC channel 1)"/></itemDef>    <!--END: hvps0, start hvps1 -->    <itemDef name="IDX_ANAHVPSSP1" type="dn8"> <alias namespace="IDEX" value="ANAHVPSSP1"/>      <description text="Spare"/></itemDef>    <itemDef name="IDX_HVPSTARGETVOLT" type="hvpstargetvolt_12"><units>V</units> <alias namespace="IDEX" value="HVPSTARGETVOLT"/>      <description text="Voltage reading on Target (HVPS ADC channel 2)"/></itemDef>    <itemDef name="IDX_HVPSREJCTNVOLT" type="hvpsrejctnvolt_12"><units>V</units> <alias namespace="IDEX" value="HVPSREJCTNVOLT"/>      <description text="Voltage reading on Rejection Grid (HVPS ADC channel 3)"/></itemDef>    <!--END: hvps1, start hvps2 -->    <itemDef name="IDX_ANAHVPSSP2" type="dn8"> <alias namespace="IDEX" value="ANAHVPSSP2"/>      <description text="Spare"/></itemDef>    <itemDef name="IDX_HVPSREFLCTVOLT" type="hvpsreflctvolt_12"><units>V</units> <alias namespace="IDEX" value="HVPSREFLCTVOLT"/>      <description text="Voltage reading on Reflectron Grid (HVPS ADC channel 4)"/></itemDef>    <itemDef name="IDX_HVPSDETCURR" type="hvpsdetcurr_12"><units>MA</units> <alias namespace="IDEX" value="HVPSDETCURR"/>      <description text="Current reading on Detector HVPS tap (HVPS ADC channel 5)"/></itemDef>    <!--END: hvps2, start hvps3 -->    <itemDef name="IDX_ANAHVPSSP3" type="dn8"> <alias namespace="IDEX" value="ANAHVPSSP3"/>      <description text="Spare"/></itemDef>    <itemDef name="IDX_HVPSSENSPCURR" type="hvpssenspcurr_12"><units>MA</units> <alias namespace="IDEX" value="HVPSSENSPCURR"/>       <description text="Current reading on Positive Sensor HVPS tap (HVPS ADC channel 6)"/></itemDef>    <itemDef name="IDX_HVPSSENSNCURR" type="hvpssensncurr_12"><units>MA</units> <alias namespace="IDEX" value="HVPSSENSNCURR"/>       <description text="Current reading on Negative Sensor HVPS tap (HVPS ADC channel 7)"/></itemDef>    <!--END: comboStatPkt_t -->    <!--BEGIN: lvpsStatPkt_t -->    <!-- adc0Ch1And0 -->    <itemDef name="IDX_LVPSANASP0" type="dn8"> <alias namespace="IDEX" value="LVPSANASP0"/>      <description text="Spare"/></itemDef>    <itemDef name="IDX_LVPS3V3REFOPVOLT" type="lvps3v3refopvolt_12"><units>V</units><alias namespace="IDEX" value="LVPS3V3REFOPVOLT"/>      <description text="Voltage reading on 3.3V bus OP reference bus (LVPS ADC 0 channel 1)"/></itemDef>    <itemDef name="IDX_LVPS3V3REFHKVOLT" type="lvps3v3refhkvolt_12"><units>V</units><alias namespace="IDEX" value="LVPS3V3REFHKVOLT"/>      <description text="Voltage reading on 3.3V bus HK reference (LVPS ADC 0 channel 0)"/></itemDef>    <!-- ADC0CH2And3 -->    <itemDef name="IDX_LVPSANASP1" type="dn8"> <alias namespace="IDEX" value="LVPSANASP1"/>      <description text="Spare"/></itemDef>    <itemDef name="IDX_LVPSP6V0VOLT" type="lvpsp6v0volt_12"><units>V</units><alias namespace="IDEX" value="LVPSP6V0VOLT"/>      <description text="Voltage reading on positive 16V bus (LVPS ADC 0 channel 3)"/></itemDef>    <itemDef name="IDX_LVPSN6V0VOLT" type="lvpsn6v0volt_12"><units>V</units><alias namespace="IDEX" value="LVPSN6V0VOLT"/>      <description text="Voltage reading on negative 16V bus (LVPS ADC 0 channel 2)"/></itemDef>    <!-- ADC0CH4And5 -->    <itemDef name="IDX_LVPSANASP2" type="dn8"> <alias namespace="IDEX" value="LVPSANASP2"/>      <description text="Spare"/></itemDef>    <itemDef name="IDX_LVPS3V3VOLT" type="lvps3v3volt_12"><units>V</units><alias namespace="IDEX" value="LVPS3V3VOLT"/>      <description text="Voltage reading on 3.3 bus (LVPS ADC 0 channel 5)"/></itemDef>    <itemDef name="IDX_LVPS16V0VOLT" type="lvps16v0volt_12"><units>V</units><alias namespace="IDEX" value="LVPS16V0VOLT"/>      <description text="Voltage reading on 16V bus (LVPS ADC 0 channel 4)"/></itemDef>    <!-- ADC0CH4And5 -->    <itemDef name="IDX_LVPSANASP3" type="dn8"> <alias namespace="IDEX" value="LVPSANASP3"/>      <description text="Spare"/></itemDef>    <itemDef name="IDX_LVPSP5V0VOLT" type="lvpsp5v0volt_12"><units>V</units><alias namespace="IDEX" value="LVPSP5V0VOLT"/>      <description text="Voltage reading on positive 5V bus (LVPS ADC 0 channel 7)"/></itemDef>    <itemDef name="IDX_LVPSN5V0VOLT" type="lvpsn5v0volt_12"><units>V</units><alias namespace="IDEX" value="LVPSN5V0VOLT"/>      <description text="Voltage reading on negative 5V bus (LVPS ADC 0 channel 6)"/></itemDef>    <!-- adc1CH0And1 -->    <itemDef name="IDX_LVPSANASP4" type="dn8"> <alias namespace="IDEX" value="LVPSANASP4"/>      <description text="Spare"/></itemDef>    <itemDef name="IDX_LVPS16V0CURR" type="lvps16v0curr_12"><units>A</units><alias namespace="IDEX" value="LVPS16V0CURR"/>      <description text="Current reading on 16V bus (LVPS ADC 1 channel 1)"/></itemDef>    <itemDef name="IDX_LVPS3V3CURR" type="lvps3v3curr_12"><units>A</units><alias namespace="IDEX" value="LVPS3V3CURR"/>      <description text="Current reading on 3.3V bus (LVPS ADC 1 channel 0)"/></itemDef>    <!-- ADC1CH2And3 -->    <itemDef name="IDX_LVPSANASP5" type="dn8"> <alias namespace="IDEX" value="LVPSANASP5"/>      <description text="Spare"/></itemDef>    <itemDef name="IDX_LVPSN6V0CURR" type="lvpsn6v0curr_12"><units>A</units><alias namespace="IDEX" value="LVPSN6V0CURR"/>      <description text="Current reading on negative 6V bus (LVPS ADC 1 channel 3)"/></itemDef>    <itemDef name="IDX_LVPSP6V0CURR" type="lvpsp6v0curr_12"><units>A</units><alias namespace="IDEX" value="LVPSP6V0CURR"/>      <description text="Current reading on positive 6V bus (LVPS ADC 1 channel 2)"/></itemDef>    <!-- ADC1CH4And5 -->    <itemDef name="IDX_ANAHKSP4" type="dn8"><alias namespace="IDEX" value="ANAHKSP4"/>       <description text="Spare"/></itemDef>    <itemDef name="IDX_LVPSN5V0CURR" type="lvpsn5v0curr_12"><units>A</units><alias namespace="IDEX" value="LVPSN5V0CURR"/>      <description text="Current reading on negative 5V bus (LVPS ADC 1 channel 5)"/></itemDef>    <itemDef name="IDX_LVPSP5V0CURR" type="lvpsp5v0curr_12"><units>A</units><alias namespace="IDEX" value="LVPSP5V0CURR"/>      <description text="Current reading on positive 5V bus (LVPS ADC 1 channel 4)"/></itemDef>    <!-- ADC1CH4And5 -->    <itemDef name="IDX_ANAHKSP5" type="dn8"><alias namespace="IDEX" value="ANAHKSP5"/>      <description text="Spare"/></itemDef>    <itemDef name="IDX_LVPSN2V5CURR" type="lvpsn2v5curr_12"><units>A</units><alias namespace="IDEX" value="LVPSN2V5CURR"/>      <description text="Current reading on negative 2.5V bus (LVPS ADC 1 channel 7)"/></itemDef>    <itemDef name="IDX_LVPSP2V5CURR" type="lvpsp2v5curr_12"><units>A</units><alias namespace="IDEX" value="LVPSP2V5CURR"/>      <description text="Current reading on positive 2.5V bus (LVPS ADC 1 channel 6)"/></itemDef>    <!-- ADC2CH0And1 -->    <itemDef name="IDX_ANAHKSP6" type="dn8"><alias namespace="IDEX" value="ANAHKSP6"/>      <description text="Spare"/></itemDef>    <itemDef name="IDX_DECON1TEMP" type="decon1temp_12"><units>C</units><alias namespace="IDEX" value="DECON1TEMP"/>      <description text="Temperature for target (redundant), used for decon control loop (LVPS ADC2ch1)"/></itemDef>    <itemDef name="IDX_DECON0TEMP" type="decon0temp_12"><units>C</units><alias namespace="IDEX" value="DECON0TEMP"/>      <description text="Temperature for target (primary), used for decon control loop (LVPS ADC2ch0)"/></itemDef>    <!-- ADC2CH2And3 -->    <itemDef name="IDX_ANAHKSP7" type="dn8"><alias namespace="IDEX" value="ANAHKSP7"/>      <description text="Spare"/></itemDef>    <itemDef name="IDX_LVPSBDTEMP" type="lvpsbdtmp"><units>C</units><alias namespace="IDEX" value="LVPSBDTEMP"/>      <description text="Temperature reading on LVPS Board (LVPS ADC 2 channel 3)"/></itemDef>    <itemDef name="IDX_DABTEMP" type="dabtemp_12"><units>C</units><alias namespace="IDEX" value="DABTEMP"/>      <description text="Temperature reading on DAB board (LVPS ADC 2 channel 2)"/></itemDef>    <!-- ADC2CH4And5 -->    <itemDef name="IDX_ANAHKSP8" type="dn8"><alias namespace="IDEX" value="ANAHKSP8"/>      <description text="Spare"/></itemDef>    <itemDef name="IDX_LVPSP2V5VOLT" type="lvpsp2v5volt_12"><units>V</units><alias namespace="IDEX" value="LVPSP2V5VOLT"/>      <description text="Voltage reading on positive 2.5V bus (LVPS ADC 2 channel 5)"/></itemDef>    <itemDef name="IDX_HVPSBDTEMP" type="hvpsbdtmp"><units>C</units><alias namespace="IDEX" value="HVPSBDTEMP"/>      <description text="Temperature reading on HVPS Board (LVPS ADC 2 channel 4)"/></itemDef>    <!-- ADC2CH4And5 -->    <itemDef name="IDX_ANAHKSP9" type="dn8"><alias namespace="IDEX" value="ANAHKSP9"/>      <description text="Spare"/></itemDef>    <itemDef name="IDX_LVPSSPAREADC" type="lvpsspareadc_12"><units>V</units><alias namespace="IDEX" value="LVPSSPAREADC"/>      <description text="Voltage reading on unused signal (LVPS ADC 2 channel 7)"/></itemDef>    <itemDef name="IDX_LVPSN2V5VOLT" type="lvpsn2v5volt_12"><units>V</units><alias namespace="IDEX" value="LVPSN2V5VOLT"/>      <description text="Voltage reading on negative 2.5V bus (LVPS ADC 2 channel 6)"/></itemDef>    <!--END: lvpsStatPkt_t -->    <!--With PT entry 0x43 set to 0x800050C0, the first configurable ANA pkt holds the FPGA register        Op Heater Power Enable Spares (SUDA had op htrs, IDEX does not thus the spares).  Bit 2        controls the IDEX Relay Board power, other bits are unused.          Before this change, the 32-bit field was called IDX_ANACFGREAD0.  GN 20231005 -->    <itemDef name="IDX_SPAREOPHTR3" type="dn29"><alias namespace="IDEX" value="SPAREOPHTR3"/>      <description text="Spare"/></itemDef>    <itemDef name="IDX_RELAYBDPWR" type="disEna"><alias namespace="IDEX" value="_RELAYBDPWR"/>      <description text="Relay Board power state, repurposed Op Htr Power Enable Spares Register"/></itemDef>    <itemDef name="IDX_SPAREOPHTR1" type="dn1"><alias namespace="IDEX" value="SPAREOPHTR1"/>      <description text="Unused bit 1 in obsolete Op Heater Power Enable Spares Register"/></itemDef>    <itemDef name="IDX_SPAREOPHTR0" type="dn1"><alias namespace="IDEX" value="SPAREOPHTR0"/>      <description text="Unused bit 0 in obsolete Op Heater Power Enable Spares Register"/></itemDef>    <!-- With PT entry 0x44 set to 0x020F9E44, the second configurable ANA pkt holds 32-bit cmd success cntr -->    <itemDef name="IDX_SuccCnt_ANA" type="dn32"><alias namespace="IDEX" value="SuccCnt_ANA"/>      <description text="Counts successful cmd executions, excludes time msgs"/></itemDef>    <!-- With PT entry 0x45 set to 0x020FA054, the third configurable ANA pkt holds 16-bit SciSentUnprocCnt         and 16-bit SciEvt_Cnt -->    <itemDef name="IDX_SCISENTUNPROCCNT_ANA" type="dn16"><alias namespace="IDEX" value="SCISENTUNPROCCNT_ANA"/>        <description text="Count of science events downlinked instead of being processed"/></itemDef>    <itemDef name="IDX_SCIEVT_CNT_ANA" type="dn16"><alias namespace="IDEX" value="SCIEVT_CNT_ANA"/>        <description text="Cntr for all acquired sci events, resets at start of acquisition or by cmd"/></itemDef>    <!-- With PT entry 0x46 set to 0x020FA060, the fourth configurable ANA pkt holds 8-bit SciSendErr,         16-bit SciParseErr, 1-bit SciStErr, and 7-bit SciState -->    <itemDef name="IDX_SCISENDERR_ANA" type="dn8"><alias namespace="IDEX" value="SCISENDERR_ANA"/>        <description text="Send Event Error Count"/></itemDef>    <itemDef name="IDX_SCIPARSEERR_ANA" type="dn16"><alias namespace="IDEX" value="SCIPARSEERR_ANA"/>        <description text="Parse Event Error Count"/></itemDef>    <itemDef name="IDX_SCISTERR_ANA" type="errOkay"><alias namespace="IDEX" value="SCISTERR_ANA"/>        <description text="Error flag for science state machine transition problems"/></itemDef>    <itemDef name="IDX_SCISTATE_ANA" type="sciState7"><alias namespace="IDEX" value="SCISTATE_ANA"/>        <description text="Current state of the science CSC"/></itemDef>    <itemDef name="IDX_ANACFGREAD4" type="dn32"><alias namespace="IDEX" value="ANACFGREAD4"/>      <description text="Configurable point, set address in param table entry 71"/></itemDef>    <itemDef name="IDX_ANACFGREAD5" type="dn32"><alias namespace="IDEX" value="ANACFGREAD5"/>      <description text="Configurable point, set address in param table entry 72"/></itemDef>    <itemDef name="IDX_ANACFGREAD6" type="dn32"><alias namespace="IDEX" value="ANACFGREAD6"/>      <description text="Configurable point, set address in param table entry 73"/></itemDef>    <itemDef name="IDX_ANACFGREAD7" type="dn32"><alias namespace="IDEX" value="ANACFGREAD7"/>      <description text="Configurable point, set address in param table entry 74"/></itemDef>    <itemDef name="IDX_SYNCMARKANAPKT" type="dn16"><alias namespace="IDEX" value="SYNCMARKANAPKT"/>      <description text="Synchronization marker"/></itemDef>    <itemDef name="IDX_CRCANAPKT" type="dn16"><alias namespace="IDEX" value="CRCANAPKT"/>      <description text="CRC CCITT-16"/></itemDef>  </field>  </frameDef>  <frameDef name="IDX_ana" id="0x0561"><description text="Analog HK packet"/>    <field>      <frameCopy name="CCSDSPriHeader" suffix="_anaPkt"/>      <frameCopy name="CCSDSSecHeader" suffix="_anaPkt"/>      <item name="IDX_ana_hk_frame"/>    </field>  </frameDef></hydraDef>