<!--
	File:    idex_cmd.xml
  Purpose: Defines IDEX command packets.  This is also where  
           other cmd packet files are included.           
-->

<hydraDef>


  <!-- Memory load cmds put in their own file, so include it -->
  <include>Config\idex_cmd_loads.xml</include>




  <command name="IDX_cmd_noop" decoder="cmdItfDecoder">
    <description text="Increments command counters, otherwise no instrument action"/>
    <!-- <ancillaryDataSet><ancillaryData name="telemetryResponse" value="ABCDEFG"/></ancillaryDataSet> -->
    <ancillaryDataSet>
      <ancillaryData name="safetyLevel"></ancillaryData>
      <ancillaryData name="constraints"></ancillaryData>
      <ancillaryData name="target"></ancillaryData>
      <ancillaryData name="telemetryResponse"></ancillaryData>
    </ancillaryDataSet>
    <field>
      <opcode value="0x1101" type="dn16"/>
      <itemDef name="noop_pad" type="dn16" value="0"/>
    </field>
  </command>
  <alias name="noop" command="IDX_cmd_noop"/>

  <command name="IDX_cmd_reset" decoder="cmdItfDecoder">
    <description text="Initiate instrument reboot that reloads FPGA/BootFSW from MRAM"/>
    <ancillaryDataSet>
      <ancillaryData name="safetyLevel"></ancillaryData>
      <ancillaryData name="constraints"></ancillaryData>
      <ancillaryData name="target"></ancillaryData>
      <ancillaryData name="telemetryResponse"></ancillaryData>
    </ancillaryDataSet>
    <field>
      <opcode value="0x8701" type="dn16"/>
      <itemDef name="reset_pad" type="dn16" value="0"/>
    </field>
  </command>
  <alias name="reset" command="IDX_cmd_reset"/>

  <command name="IDX_cmd_shutdown" decoder="cmdItfDecoder">
    <description text="Transition to (or remain in) a safe state, ready to be powered off"/>
    <ancillaryDataSet>
      <ancillaryData name="safetyLevel"></ancillaryData>
      <ancillaryData name="constraints"></ancillaryData>
      <ancillaryData name="target"></ancillaryData>
      <ancillaryData name="telemetryResponse"></ancillaryData>
    </ancillaryDataSet>
    <field>
      <opcode value="0x8703" type="dn16"/>
      <itemDef name="shutdown_pad" type="dn16" value="0"/>
    </field>
  </command>
  <alias name="shutdown" command="IDX_cmd_shutdown"/>

  <command name="IDX_cmd_setaidbin" decoder="cmdItfDecoder">
    <description text="Uniquely tag next acquired science dataset and selects which BDS storage bin"/>
    <ancillaryDataSet>
      <ancillaryData name="safetyLevel"></ancillaryData>
      <ancillaryData name="constraints"></ancillaryData>
      <ancillaryData name="target"></ancillaryData>
      <ancillaryData name="telemetryResponse"></ancillaryData>
    </ancillaryDataSet>
    <field>
      <opcode value="0x8E00" type="dn16"/>
      <argument id="AID" type="dn32" default="0"><description text="Accountability identifier to uniquely tag a science dataset"/></argument>
      <argument id="BIN" type="dn8" default="0"><description text="BDS storage bin (AKA filter ID) to use for this AID"/></argument>
      <argument id="INDEX" type="dn8" default="0"><description text="Index for this AID"/></argument>
    </field>
  </command>
  <alias name="setaidbin" command="IDX_cmd_setaidbin"/>


  <command name="IDX_cmd_setflag" decoder="cmdItfDecoder">
    <description text="Assert the selected flag or increment counter"/>
    <ancillaryDataSet>
      <ancillaryData name="safetyLevel"></ancillaryData>
      <ancillaryData name="constraints"></ancillaryData>
      <ancillaryData name="target"></ancillaryData>
      <ancillaryData name="telemetryResponse"></ancillaryData>
    </ancillaryDataSet>
    <field>
      <opcode value="0xCCC0" type="dn16"/>
      <argument id="FLAG" type="flagSel32" default="4"><description text="Select which flag to change"/></argument>
      <argument id="VALUE" type="dn32" default="0"><description text="Amount to add, for some fields"/></argument>
      <itemDef name="setflag_pad" type="dn16" value="0"/>
    </field>
  </command>
  <alias name="setflag" command="IDX_cmd_setflag"/>

  <command name="IDX_cmd_clrflag" decoder="cmdItfDecoder">
    <description text="De-assert the selected flag or set counter to zero"/>
    <ancillaryDataSet>
      <ancillaryData name="safetyLevel"></ancillaryData>
      <ancillaryData name="constraints"></ancillaryData>
      <ancillaryData name="target"></ancillaryData>
      <ancillaryData name="telemetryResponse"></ancillaryData>
    </ancillaryDataSet>
    <field>
      <opcode value="0xCCC1" type="dn16"/>
      <argument id="FLAG" type="flagSel32" default="4"><description text="Select which flag to change"/></argument>
      <itemDef name="clrflag_pad" type="dn16" value="0"/>
    </field>
  </command>
  <alias name="clrflag" command="IDX_cmd_clrflag"/>

  <command name="IDX_cmd_chgmode" decoder="cmdItfDecoder">
    <description text="Change the instrument mode"/>
    <ancillaryDataSet>
      <ancillaryData name="safetyLevel"></ancillaryData>
      <ancillaryData name="constraints"></ancillaryData>
      <ancillaryData name="target"></ancillaryData>
      <ancillaryData name="telemetryResponse"></ancillaryData>
    </ancillaryDataSet>
    <field>
      <opcode value="0xCCC3" type="dn16"/>
      <argument id="MODE" type="chgModeInputType32" default="3"><description text="Select mode to enter"/></argument>
      <itemDef name="chgmode_pad" type="dn16" value="0"/>
    </field>
  </command>
  <alias name="chgmode" command="IDX_cmd_chgmode"/>

  <command name="IDX_cmd_dumplog" decoder="cmdItfDecoder">
    <description text="Copy and telemeter the selected log"/>
    <ancillaryDataSet>
      <ancillaryData name="safetyLevel"></ancillaryData>
      <ancillaryData name="constraints"></ancillaryData>
      <ancillaryData name="target"></ancillaryData>
      <ancillaryData name="telemetryResponse"></ancillaryData>
    </ancillaryDataSet>
    <field>
      <opcode value="0xCCC4" type="dn16"/>
      <itemDef name="dumplog_pad" type="dn8" value="0"/>
      <argument id="LOG" type="logSel8" default="0"><description text="Select which log to dump"/></argument>
    </field>
  </command>
  <alias name="dumplog" command="IDX_cmd_dumplog"/>

  <command name="IDX_cmd_dwell" decoder="cmdItfDecoder">
    <description text="Initiate 1Hz collection of analog or digital data"/>
    <ancillaryDataSet>
      <ancillaryData name="safetyLevel"></ancillaryData>
      <ancillaryData name="constraints"></ancillaryData>
      <ancillaryData name="target"></ancillaryData>
      <ancillaryData name="telemetryResponse"></ancillaryData>
    </ancillaryDataSet>
    <field>
      <opcode value="0xCCC5" type="dn16"/>
      <itemDef name="dwell_pad" type="dn16" value="0"/>
    </field>
  </command>
  <alias name="dwell" command="IDX_cmd_dwell"/>

  <command name="IDX_cmd_cfghtr" decoder="cmdItfDecoder">
    <description text="Configure the decontamination heater"/>
    <ancillaryDataSet>
      <ancillaryData name="safetyLevel"></ancillaryData>
      <ancillaryData name="constraints"></ancillaryData>
      <ancillaryData name="target"></ancillaryData>
      <ancillaryData name="telemetryResponse"></ancillaryData>
    </ancillaryDataSet>
    <field>
      <opcode value="0xCCC6" type="dn16"/>
      <itemDef name="cfghtr0_pad" type="dn31" value="0"/>
      <argument id="SEL" type="deconSel1" default="THERM0"><description text="Select which thermistor settings to change"/></argument>
      <itemDef name="cfghtr1_pad" type="dn20" value="0"/>
      <argument id="LOW" type="dn12" default="0"><description text="Lower setpoint for decon control"/></argument>
      <itemDef name="cfghtr2_pad" type="dn20" value="0"/>
      <argument id="HIGH" type="dn12" default="0"><description text="Upper setpoint for decon control"/></argument>
      <itemDef name="cfghtr3_pad" type="dn16" value="0"/>
    </field>
  </command>
  <alias name="cfghtr" command="IDX_cmd_cfghtr"/>

  <command name="IDX_cmd_dshtr" decoder="cmdItfDecoder">
    <description text="Disable the decontamination heater"/>
    <ancillaryDataSet>
      <ancillaryData name="safetyLevel"></ancillaryData>
      <ancillaryData name="constraints"></ancillaryData>
      <ancillaryData name="target"></ancillaryData>
      <ancillaryData name="telemetryResponse"></ancillaryData>
    </ancillaryDataSet>
    <field>
      <opcode value="0xCCC7" type="dn16"/>
      <itemDef name="dshtr_pad" type="dn16" value="0"/>
    </field>
  </command>
  <alias name="dshtr" command="IDX_cmd_dshtr"/>

  <command name="IDX_cmd_clrupkeep" decoder="cmdItfDecoder">
    <description text="Clear the state/counters for upkeep component"/>
    <ancillaryDataSet>
      <ancillaryData name="safetyLevel"></ancillaryData>
      <ancillaryData name="constraints"></ancillaryData>
      <ancillaryData name="target"></ancillaryData>
      <ancillaryData name="telemetryResponse"></ancillaryData>
    </ancillaryDataSet>
    <field>
      <opcode value="0xCCF3" type="dn16"/>
      <itemDef name="clrupkeep_pad" type="dn16" value="0"/>
    </field>
  </command>
  <alias name="clrupkeep" command="IDX_cmd_clrupkeep"/>

  <command name="IDX_cmd_haltqb" decoder="cmdItfDecoder">
    <description text="Halt quickboot operation, if in progress (BootFSW only)"/>
    <ancillaryDataSet>
      <ancillaryData name="safetyLevel"></ancillaryData>
      <ancillaryData name="constraints"></ancillaryData>
      <ancillaryData name="target"></ancillaryData>
      <ancillaryData name="telemetryResponse"></ancillaryData>
    </ancillaryDataSet>
    <field>
      <opcode value="0xCCC8" type="dn16"/>
      <itemDef name="haltqb_pad" type="dn16" value="0"/>
    </field>
  </command>
  <alias name="haltqb" command="IDX_cmd_haltqb"/>

  <command name="IDX_cmd_dualcmd" decoder="cmdItfDecoder">
    <description text="Allow execution of subsequent protected command"/>
    <ancillaryDataSet>
      <ancillaryData name="safetyLevel"></ancillaryData>
      <ancillaryData name="constraints"></ancillaryData>
      <ancillaryData name="target"></ancillaryData>
      <ancillaryData name="telemetryResponse"></ancillaryData>
    </ancillaryDataSet>
    <field>
      <opcode value="0xCCC9" type="dn16"/>
      <itemDef name="dualcmd_pad" type="dn16" value="0"/>
    </field>
  </command>
  <alias name="dualcmd" command="IDX_cmd_dualcmd"/>

  <command name="IDX_cmd_clrcmdst" decoder="cmdItfDecoder">
    <description text="Clear command-related state/counters (excludes S/C-focused cntrs)"/>
    <ancillaryDataSet>
      <ancillaryData name="safetyLevel"></ancillaryData>
      <ancillaryData name="constraints"></ancillaryData>
      <ancillaryData name="target"></ancillaryData>
      <ancillaryData name="telemetryResponse"></ancillaryData>
    </ancillaryDataSet>
    <field>
      <opcode value="0xCCCA" type="dn16"/>
      <itemDef name="clrcmdst_pad" type="dn16" value="0"/>
    </field>
  </command>
  <alias name="clrcmdst" command="IDX_cmd_clrcmdst"/>

  <command name="IDX_cmd_clrtlmst" decoder="cmdItfDecoder">
    <description text="Clear telemetry-related state/counters"/>
    <ancillaryDataSet>
      <ancillaryData name="safetyLevel"></ancillaryData>
      <ancillaryData name="constraints"></ancillaryData>
      <ancillaryData name="target"></ancillaryData>
      <ancillaryData name="telemetryResponse"></ancillaryData>
    </ancillaryDataSet>
    <field>
      <opcode value="0xCCEB" type="dn16"/>
      <itemDef name="clrtlmst_pad" type="dn16" value="0"/>
    </field>
  </command>
  <alias name="clrtlmst" command="IDX_cmd_clrtlmst"/>

  <!-- Memory-related commands -->

  <command name="IDX_cmd_rawwrt" decoder="cmdItfDecoder">
    <description text="Write directly to memory"/>
    <ancillaryDataSet>
      <ancillaryData name="safetyLevel"></ancillaryData>
      <ancillaryData name="constraints"></ancillaryData>
      <ancillaryData name="target"></ancillaryData>
      <ancillaryData name="telemetryResponse"></ancillaryData>
    </ancillaryDataSet>
    <field>
      <opcode value="0xCCCC" type="dn16"/>
      <argument id="ADDR" type="dn32" default="0"><description text="Processor address to overwrite"/></argument>
      <argument id="VALUE" type="dn32" default="0"><description text="Value to write"/></argument>
      <itemDef name="rawwrt_pad" type="dn16" value="0"/>
    </field>
  </command>
  <alias name="rawwrt" command="IDX_cmd_rawwrt"/>

  <command name="IDX_cmd_rawread" decoder="cmdItfDecoder">
    <description text="Read directly from memory"/>
    <ancillaryDataSet>
      <ancillaryData name="safetyLevel"></ancillaryData>
      <ancillaryData name="constraints"></ancillaryData>
      <ancillaryData name="target"></ancillaryData>
      <ancillaryData name="telemetryResponse"></ancillaryData>
    </ancillaryDataSet>
    <field>
      <opcode value="0xCCCD" type="dn16"/>
      <argument id="ADDR" type="dn32" default="0"><description text="Processor address to read"/></argument>
      <itemDef name="rawread_pad" type="dn16" value="0"/>
    </field>
  </command>
  <alias name="rawread" command="IDX_cmd_rawread"/>

  <command name="IDX_cmd_rawcpy" decoder="cmdItfDecoder">
    <description text="Copy from one memory location to another, using processor addresses"/>
    <ancillaryDataSet>
      <ancillaryData name="safetyLevel"></ancillaryData>
      <ancillaryData name="constraints"></ancillaryData>
      <ancillaryData name="target"></ancillaryData>
      <ancillaryData name="telemetryResponse"></ancillaryData>
    </ancillaryDataSet>
    <field>
      <opcode value="0xCCCE" type="dn16"/>
      <argument id="SRC" type="dn32" default="0"><description text="Source processor address"/></argument>
      <argument id="DST" type="dn32" default="0"><description text="Destination processor address"/></argument>
      <argument id="LEN" type="dn32" default="0"><description text="Length of copy, in dwords"/></argument>
      <itemDef name="rawcpy_pad" type="dn16" value="0"/>
    </field>
  </command>
  <alias name="rawcpy" command="IDX_cmd_rawcpy"/>

  <command name="IDX_cmd_setprm" decoder="cmdItfDecoder">
    <description text="Set parameter directing FSW behavior (active PT not NVPT)"/>
    <ancillaryDataSet>
      <ancillaryData name="safetyLevel"></ancillaryData>
      <ancillaryData name="constraints"></ancillaryData>
      <ancillaryData name="target"></ancillaryData>
      <ancillaryData name="telemetryResponse"></ancillaryData>
    </ancillaryDataSet>
    <field>
      <opcode value="0xCCCF" type="dn16"/>
      <argument id="SEL" type="dn32" default="0"><description text="Select parameter to change"/></argument>
      <argument id="VALUE" type="dn32" default="0"><description text="New value for parameter"/></argument>
      <itemDef name="setprm_pad" type="dn16" value="0"/>
    </field>
  </command>
  <alias name="setprm" command="IDX_cmd_setprm"/>

  <command name="IDX_cmd_getprm" decoder="cmdItfDecoder">
    <description text="Get FSW-related parameter currently being used (may differ from stored value)"/>
    <ancillaryDataSet>
      <ancillaryData name="safetyLevel"></ancillaryData>
      <ancillaryData name="constraints"></ancillaryData>
      <ancillaryData name="target"></ancillaryData>
      <ancillaryData name="telemetryResponse"></ancillaryData>
    </ancillaryDataSet>
    <field>
      <opcode value="0xCCD0" type="dn16"/>
      <argument id="SEL" type="dn32" default="0"><description text="Select parameter to get"/></argument>
      <itemDef name="clrprm_pad" type="dn16" value="0"/>
    </field>
  </command>
  <alias name="getprm" command="IDX_cmd_getprm"/>

  <command name="IDX_cmd_wrftbl" decoder="cmdItfDecoder">
    <description text="Overwrite selected entry of the Flash Table"/>
    <ancillaryDataSet>
      <ancillaryData name="safetyLevel"></ancillaryData>
      <ancillaryData name="constraints"></ancillaryData>
      <ancillaryData name="target"></ancillaryData>
      <ancillaryData name="telemetryResponse"></ancillaryData>
    </ancillaryDataSet>
    <field>
      <opcode value="0xCCD1" type="dn16"/>
      <argument id="ENTRY" type="dn32" default="0"><description text="Select Flash block entry to be overwritten"/></argument>
      <argument id="STATE" type="blockState32" default="0"><description text="Overwrite entry with this state"/></argument>
      <itemDef name="wrftbl_pad" type="dn16" value="0"/>
    </field>
  </command>
  <alias name="wrftbl" command="IDX_cmd_wrftbl"/>

  <command name="IDX_cmd_dumpftbl" decoder="cmdItfDecoder">
    <description text="Summarize information from the Flash Table"/>
    <ancillaryDataSet>
      <ancillaryData name="safetyLevel"></ancillaryData>
      <ancillaryData name="constraints"></ancillaryData>
      <ancillaryData name="target"></ancillaryData>
      <ancillaryData name="telemetryResponse"></ancillaryData>
    </ancillaryDataSet>
    <field>
      <opcode value="0xCCD2" type="dn16"/>
      <itemDef name="dumpftbl_pad" type="dn16" value="0"/>
    </field>
  </command>
  <alias name="dumpftbl" command="IDX_cmd_dumpftbl"/>

  <command name="IDX_cmd_setmemhdr" decoder="cmdItfDecoder">
    <description text="Set metadata associated with a Flash region"/>
    <ancillaryDataSet>
      <ancillaryData name="safetyLevel"></ancillaryData>
      <ancillaryData name="constraints"></ancillaryData>
      <ancillaryData name="target"></ancillaryData>
      <ancillaryData name="telemetryResponse"></ancillaryData>
    </ancillaryDataSet>
    <field>
      <opcode value="0xCCD4" type="dn16"/>
      <argument id="REGION" type="memRegionSetHdr32" default="51"><description text="Select memory region"/></argument>
      <argument id="CKSUM" type="dn32" default="0"><description text="Select 32-bit XOR checksum for region"/></argument>
      <argument id="LEN" type="dn32" default="0"><description text="Select length field for region"/></argument>
      <argument id="DATA" type="dn32" default="0"><description text="Select other metadata field for region"/></argument>
      <argument id="KEY" type="dn8" default="0"><description text="For raw block, identifies region"/></argument>
      <argument id="EXTEND" type="dn24" default="0"><description text="For raw block, holds '1' if another block holds rest of region"/></argument>
      <itemDef name="setmemhdr_pad" type="dn16" value="0"/>
    </field>
  </command>
  <alias name="setmemhdr" command="IDX_cmd_setmemhdr"/>

  <command name="IDX_cmd_erasemem" decoder="cmdItfDecoder">
    <description text="Command to erase a region of memory (excludes science data)"/>
    <ancillaryDataSet>
      <ancillaryData name="safetyLevel"></ancillaryData>
      <ancillaryData name="constraints"></ancillaryData>
      <ancillaryData name="target"></ancillaryData>
      <ancillaryData name="telemetryResponse"></ancillaryData>
    </ancillaryDataSet>
    <field>
      <opcode value="0xCCD5" type="dn16"/>
      <argument id="REGION" type="memRegionErase32" default="51"><description text="Select region to erase"/></argument>
      <argument id="VALUE" type="dn32" default="0"><description text="Further specifies region, if needed"/></argument>
      <itemDef name="erasemem_pad" type="dn16" value="0"/>
    </field>
  </command>
  <alias name="erasemem" command="IDX_cmd_erasemem"/>

  <command name="IDX_cmd_cksummem" decoder="cmdItfDecoder">
    <description text="Checksum a region of memory"/>
    <ancillaryDataSet>
      <ancillaryData name="safetyLevel"></ancillaryData>
      <ancillaryData name="constraints"></ancillaryData>
      <ancillaryData name="target"></ancillaryData>
      <ancillaryData name="telemetryResponse"></ancillaryData>
    </ancillaryDataSet>
    <field>
      <opcode value="0xCCD6" type="dn16"/>
      <argument id="REGION" type="memRegionCksum32" default="16"><description text="Select region to checksum"/></argument>
      <argument id="VALUE" type="dn32" default="0"><description text="Further specifies region, if needed"/></argument>
      <itemDef name="cksummem_pad" type="dn16" value="0"/>
    </field>
  </command>
  <alias name="cksummem" command="IDX_cmd_cksummem"/>

  <command name="IDX_cmd_dumpmem" decoder="cmdItfDecoder">
    <description text="Dump a region of memory"/>
    <ancillaryDataSet>
      <ancillaryData name="safetyLevel"></ancillaryData>
      <ancillaryData name="constraints"></ancillaryData>
      <ancillaryData name="target"></ancillaryData>
      <ancillaryData name="telemetryResponse"></ancillaryData>
    </ancillaryDataSet>
    <field>
      <opcode value="0xCCD7" type="dn16"/>
      <argument id="REGION" type="memRegionDump32" default="51"><description text="Select region to dump"/></argument>
      <argument id="VALUE" type="dn32" default="0"><description text="Further specifies region, if needed"/></argument>
      <itemDef name="dumpmem_pad" type="dn16" value="0"/>
    </field>
  </command>
  <alias name="dumpmem" command="IDX_cmd_dumpmem"/>

  <command name="IDX_cmd_copytomem" decoder="cmdItfDecoder">
    <description text="Copy to a region of memory from scratchpad"/>
    <ancillaryDataSet>
      <ancillaryData name="safetyLevel"></ancillaryData>
      <ancillaryData name="constraints"></ancillaryData>
      <ancillaryData name="target"></ancillaryData>
      <ancillaryData name="telemetryResponse"></ancillaryData>
    </ancillaryDataSet>
    <field>
      <opcode value="0xCCD8" type="dn16"/>
      <argument id="REGION" type="memRegionCopyTo32" default="51"><description text="Select region to copy to"/></argument>
      <argument id="VALUE" type="dn32" default="0"><description text="Further specifies region, if needed"/></argument>
      <itemDef name="copytomem_pad" type="dn16" value="0"/>
    </field>
  </command>
  <alias name="copytomem" command="IDX_cmd_copytomem"/>

  <command name="IDX_cmd_copyfrommem" decoder="cmdItfDecoder">
    <description text="Copy from a region of memory to scratchpad"/>
    <ancillaryDataSet>
      <ancillaryData name="safetyLevel"></ancillaryData>
      <ancillaryData name="constraints"></ancillaryData>
      <ancillaryData name="target"></ancillaryData>
      <ancillaryData name="telemetryResponse"></ancillaryData>
    </ancillaryDataSet>
    <field>
      <opcode value="0xCCD9" type="dn16"/>
      <argument id="REGION" type="memRegionCopyFrom32" default="51"><description text="Select region to copy from"/></argument>
      <argument id="VALUE" type="dn32" default="0"><description text="Further specifies region, if needed"/></argument>
      <itemDef name="copyfrommem_pad" type="dn16" value="0"/>
    </field>
  </command>
  <alias name="copyfrommem" command="IDX_cmd_copyfrommem"/>

  <command name="IDX_cmd_rebuild" decoder="cmdItfDecoder">
    <description text="Rebuild the Flash Table by examining actual contents of Flash"/>
    <ancillaryDataSet>
      <ancillaryData name="safetyLevel"></ancillaryData>
      <ancillaryData name="constraints"></ancillaryData>
      <ancillaryData name="target"></ancillaryData>
      <ancillaryData name="telemetryResponse"></ancillaryData>
    </ancillaryDataSet>
    <field>
      <opcode value="0xCCEE" type="dn16"/>
      <argument id="REGION" type="memRegionRebuild32" default="51"><description text="Select region to rebuild"/></argument>
      <argument id="VALUE" type="dn32" default="0"><description text="Further specifies region, if needed"/></argument>
      <itemDef name="rebuild_pad" type="dn16" value="0"/>
    </field>
  </command>
  <alias name="rebuild" command="IDX_cmd_rebuild"/>

  <command name="IDX_cmd_shuffle" decoder="cmdItfDecoder">
    <description text="Erase all Flash memory blocks while preserving contents"/>
    <ancillaryDataSet>
      <ancillaryData name="safetyLevel"></ancillaryData>
      <ancillaryData name="constraints"></ancillaryData>
      <ancillaryData name="target"></ancillaryData>
      <ancillaryData name="telemetryResponse"></ancillaryData>
    </ancillaryDataSet>
    <field>
      <opcode value="0xCCEF" type="dn16"/>
      <argument id="REGION" type="memRegionShuffle32" default="51"><description text="Select region to shuffle"/></argument>
      <argument id="VALUE" type="dn32" default="0"><description text="Further specifies region, if needed"/></argument>
      <itemDef name="shuffle_pad" type="dn16" value="0"/>
    </field>
  </command>
  <alias name="shuffle" command="IDX_cmd_shuffle"/>

  <command name="IDX_cmd_haltmem" decoder="cmdItfDecoder">
    <description text="Halt memory operation within a few seconds if one is in progress"/>
    <ancillaryDataSet>
      <ancillaryData name="safetyLevel"></ancillaryData>
      <ancillaryData name="constraints"></ancillaryData>
      <ancillaryData name="target"></ancillaryData>
      <ancillaryData name="telemetryResponse"></ancillaryData>
    </ancillaryDataSet>
    <field>
      <opcode value="0xCCF2" type="dn16"/>
      <itemDef name="haltsmem_pad" type="dn16" value="0"/>
    </field>
  </command>
  <alias name="haltmem" command="IDX_cmd_haltmem"/>


  <!-- Science-related commands -->
  <itemDef name="pad1" type="dn1" value="0"/>
  <itemDef name="pad2" type="dn2" value="0"/>
  <itemDef name="pad3" type="dn3" value="0"/>
  <itemDef name="pad8" type="dn8" value="0"/>
  <itemDef name="pad11" type="dn11" value="0"/>
  <itemDef name="pad16" type="dn16" value="0"/>
  <itemDef name="pad24" type="dn24" value="0"/>

  <command name="IDX_cmd_pwradc" decoder="cmdItfDecoder">
    <description text="Set power state for TOF ADC analog front-end"/>
    <ancillaryDataSet>
      <ancillaryData name="safetyLevel"></ancillaryData>
      <ancillaryData name="constraints"></ancillaryData>
      <ancillaryData name="target"></ancillaryData>
      <ancillaryData name="telemetryResponse"></ancillaryData>
    </ancillaryDataSet>
    <field>
      <opcode value="0xCD00" type="dn16"/>
      <argument id="CHANNEL" type="hschan32" default="0"><description text="Select TOF (high-speed) ADC"/></argument>
      <argument id="PWR" type="enaDis32" default="0"><description text="Select power state"/></argument>
      <itemDef name="setsciadc_pad" type="dn16" value="0"/>
    </field>
  </command>
  <alias name="IDX_cmd_setsciadcpwr" command="IDX_cmd_pwradc"/>
  <alias name="setsciadcpwr" command="IDX_cmd_pwradc"/>
  <alias name="pwradc" command="IDX_cmd_pwradc"/>

  <command name="IDX_cmd_cfgadctof" decoder="cmdItfDecoder">
    <description text="Configure trigger settings for one TOF channel"/>
    <ancillaryDataSet>
      <ancillaryData name="safetyLevel"></ancillaryData>
      <ancillaryData name="constraints"></ancillaryData>
      <ancillaryData name="target"></ancillaryData>
      <ancillaryData name="telemetryResponse"></ancillaryData>
    </ancillaryDataSet>
    <field>
      <opcode value="0xCD01" type="dn16"/>
      <argument id="Channel" type="hschan32" default="0"><description text="Select TOF channel"/></argument>
      <argument id="Nmax2" type="dn8" default="0"><description text="Max consec samples above thresh for pulse2"/></argument>
      <argument id="Nmin2" type="dn8" default="0"><description text="Min consec samples below thresh for pulse2"/></argument>
      <argument id="Nmax1" type="dn8" default="0"><description text="Max consec samples above thresh for pulse1"/></argument>
      <argument id="Nmin1" type="dn8" default="0"><description text="Min consec samples below thresh for pulse1"/></argument>
      <argument id="TrigLvl" type="dn10" default="0"><description text="Trigger Threshold"/></argument>
      <argument id="Nmax12" type="dn11" default="0"><description text="Max consec samples above thresh between p1/p2"/></argument>
      <argument id="Nmin12" type="dn11" default="0"><description text="Min consec samples below thresh between p1/p2"/></argument>
      <item name="pad16"/>
    </field>
  </command>
  <alias name="IDX_cmd_sethsadctrig" command="IDX_cmd_cfgadctof"/>
  <alias name="sethsadctrig" command="IDX_cmd_cfgadctof"/>
  <alias name="cfgadctof" command="IDX_cmd_cfgadctof"/>

  <command name="IDX_cmd_cfgadctar" decoder="cmdItfDecoder">
    <description text="Configure trigger settings for low-speed channel Target High Range (THR) "/>
    <ancillaryDataSet>
      <ancillaryData name="safetyLevel"></ancillaryData>
      <ancillaryData name="constraints"></ancillaryData>
      <ancillaryData name="target"></ancillaryData>
      <ancillaryData name="telemetryResponse"></ancillaryData>
    </ancillaryDataSet>
    <field>
      <opcode value="0xCD02" type="dn16"/>
    <item name="pad8"/>
      <argument id="CoinWin" type="dn3" default="0"><description text="Coincidence Window"/></argument>
      <argument id="TrigPol" type="lspolarity1" default="0"><description text="Trigger Polarity"/></argument>
      <argument id="TrigLvl" type="dn12" default="0"><description text="Trigger Threshold"/></argument>
      <argument id="NMin" type="dn8" default="0"><description text="Min consec samples above/below thresh"/></argument>
      <item name="pad16"/>
    </field>
  </command>
  <alias name="IDX_cmd_setlsadctrig" command="IDX_cmd_cfgadctar"/>
  <alias name="setlsadctrig" command="IDX_cmd_cfgadctar"/>
  <alias name="cfgadctarget" command="IDX_cmd_cfgadctar"/>
  <alias name="cfgadctar" command="IDX_cmd_cfgadctar"/>

  <command name="IDX_cmd_cfgsciacq" decoder="cmdItfDecoder">
    <description text="Configure FPGA settings for data acquisition"/>
    <ancillaryDataSet>
      <ancillaryData name="safetyLevel"></ancillaryData>
      <ancillaryData name="constraints"></ancillaryData>
      <ancillaryData name="target"></ancillaryData>
      <ancillaryData name="telemetryResponse"></ancillaryData>
    </ancillaryDataSet>
    <field>
      <opcode value="0xCD03" type="dn16"/>
      <item name="pad2"/>
      <argument id="DeadBase" type="dn6" default="0"><description text="Dead Time Blocks Base"/></argument>
      <argument id="DeadShift" type="dn4" default="0"><description text="Dead Time Blocks Shift"/></argument>
      <argument id="hsPre" type="dn4" default="0"><description text="Add 1 to get the number of HS blocks for pre-trigger data"/></argument>
      <argument id="hsPost" type="dn4" default="0"><description text="Add 1 to get the number of HS blocks for post-trigger data"/></argument>
      <argument id="lsPre" type="dn6" default="0"><description text="Add 1 to get the number of LS blocks for pre-trigger data"/></argument>
      <argument id="lsPost" type="dn6" default="0"><description text="Add 1 to get the number of LS blocks for post-trigger data"/></argument>
      <item name="pad16"/>
    </field>
  </command>
  <alias name="IDX_cmd_setadcblock" command="IDX_cmd_cfgsciacq"/>
  <alias name="setadcblock" command="IDX_cmd_cfgsciacq"/>
  <alias name="cfgsciacq" command="IDX_cmd_cfgsciacq"/>

  <command name="IDX_cmd_cfgtrg" decoder="cmdItfDecoder">
    <description text="Set trigger modes for all three TOF channels and one low speed channel"/>
    <ancillaryDataSet>
      <ancillaryData name="safetyLevel"></ancillaryData>
      <ancillaryData name="constraints"></ancillaryData>
      <ancillaryData name="target"></ancillaryData>
      <ancillaryData name="telemetryResponse"></ancillaryData>
    </ancillaryDataSet>
    <field>
      <opcode value="0xCD04" type="dn16"/>
    <item name="pad24"/>
      <argument id="LsCoin" type="enaDis" default="0"><description text="LS ADC Coincidence Enable"/></argument>
      <argument id="LsTrig" type="enaDis" default="0"><description text="LS ADC Trigger Enable"/></argument>
      <argument id="TofMG" type="trigModeType2" default="0"><description text="TOF mid-gain trigger mode"/></argument>
      <argument id="TofLG" type="trigModeType2" default="0"><description text="TOF low-gain trigger mode"/></argument>
      <argument id="TofHG" type="trigModeType2" default="0"><description text="TOF high-gain trigger mode"/></argument>
    <item name="pad16"/>
    </field>
  </command>
  <alias name="IDX_cmd_setadctrigmode" command="IDX_cmd_cfgtrg"/>
  <alias name="setadctrigmode" command="IDX_cmd_cfgtrg"/>
  <alias name="cfgtrig" command="IDX_cmd_cfgtrg"/>

  <command name="IDX_cmd_initadc" decoder="cmdItfDecoder">
    <description text="Initialize TOF ADC after front-end powered up"/>
    <ancillaryDataSet>
      <ancillaryData name="safetyLevel"></ancillaryData>
      <ancillaryData name="constraints"></ancillaryData>
      <ancillaryData name="target"></ancillaryData>
      <ancillaryData name="telemetryResponse"></ancillaryData>
    </ancillaryDataSet>
    <field>
      <opcode value="0xCD05" type="dn16"/>
      <argument id="ADC" type="hsadc32" default="0"><description text="Select TOF (high speed) ADC"/></argument>
      <item name="pad16"/>
    </field>
  </command>
  <alias name="IDX_cmd_runsciadcinit" command="IDX_cmd_initadc"/>
  <alias name="runsciadcinit" command="IDX_cmd_initadc"/>
  <alias name="initadc" command="IDX_cmd_initadc"/>

  <command name="IDX_cmd_caladc" decoder="cmdItfDecoder">
    <description text="Begin self-calibration for the TOF ADC"/>
    <ancillaryDataSet>
      <ancillaryData name="safetyLevel"></ancillaryData>
      <ancillaryData name="constraints"></ancillaryData>
      <ancillaryData name="target"></ancillaryData>
      <ancillaryData name="telemetryResponse"></ancillaryData>
    </ancillaryDataSet>
    <field>
      <opcode value="0xCD06" type="dn16"/>
      <argument id="ADC" type="hsadc32" default="0"><description text="Select TOF (high speed) ADC"/></argument>
      <item name="pad16"/>
    </field>
  </command>
  <alias name="IDX_cmd_runsciadccal" command="IDX_cmd_caladc"/>
  <alias name="runsciadccal" command="IDX_cmd_caladc"/>
  <alias name="caladc" command="IDX_cmd_caladc"/>

  <command name="IDX_cmd_trainadcclk" decoder="cmdItfDecoder">
    <description text="Run clock training algorithm for both TOF ADCs"/>
    <ancillaryDataSet>
      <ancillaryData name="safetyLevel"></ancillaryData>
      <ancillaryData name="constraints"></ancillaryData>
      <ancillaryData name="target"></ancillaryData>
      <ancillaryData name="telemetryResponse"></ancillaryData>
    </ancillaryDataSet>
    <field>
      <opcode value="0xCD07" type="dn16"/>
      <item name="pad16"/>
    </field>
  </command>
  <alias name="IDX_cmd_runsciadcclk" command="IDX_cmd_trainadcclk"/>
  <alias name="runsciadcclk" command="IDX_cmd_trainadcclk"/>
  <alias name="trainadcclk" command="IDX_cmd_trainadcclk"/>

  <command name="IDX_cmd_readspi" decoder="cmdItfDecoder">
    <description text="Read internal register (AKA SPI register) for one TOF ADC"/>
    <ancillaryDataSet>
      <ancillaryData name="safetyLevel"></ancillaryData>
      <ancillaryData name="constraints"></ancillaryData>
      <ancillaryData name="target"></ancillaryData>
      <ancillaryData name="telemetryResponse"></ancillaryData>
    </ancillaryDataSet>
    <field>
      <opcode value="0xCD0F" type="dn16"/>
      <argument id="ADC" type="hsadc32" default="0"><description text="Select TOF (high speed) ADC"/></argument>
      <argument id="SpiAddr" type="dn32" default="0"><description text="Select SPI address"/></argument>
      <item name="pad16"/>
    </field>
  </command>
  <alias name="readspi" command="IDX_cmd_readspi"/>

  <command name="IDX_cmd_wrspi" decoder="cmdItfDecoder">
    <description text="Write internal register (AKA SPI register) for one TOF ADC"/>
    <ancillaryDataSet>
      <ancillaryData name="safetyLevel"></ancillaryData>
      <ancillaryData name="constraints"></ancillaryData>
      <ancillaryData name="target"></ancillaryData>
      <ancillaryData name="telemetryResponse"></ancillaryData>
    </ancillaryDataSet>
    <field>
      <opcode value="0xCCDF" type="dn16"/>
      <argument id="ADC" type="hsadc32" default="0"><description text="Select TOF (high speed) ADC"/></argument>
      <argument id="SpiAddr" type="dn32" default="0"><description text="Select SPI address"/></argument>
      <argument id="Value" type="dn32" default="0"><description text="Value to Write"/></argument>
      <item name="pad16"/>
    </field>
  </command>
  <alias name="writespi" command="IDX_cmd_wrspi"/>
  <alias name="wrspi" command="IDX_cmd_wrspi"/>

  <command name="IDX_cmd_fetchOne" decoder="cmdItfDecoder">
    <description text="Request single sci event xmit, specified by AID and Event ID (unused by IDEX)"/>
    <ancillaryDataSet>
      <ancillaryData name="safetyLevel"></ancillaryData>
      <ancillaryData name="constraints"></ancillaryData>
      <ancillaryData name="target"></ancillaryData>
      <ancillaryData name="telemetryResponse"></ancillaryData>
    </ancillaryDataSet>
    <field>
      <opcode value="0xCD10" type="dn16"/>
      <argument id="aid" type="dn32" default="0"><description text="Accountability Identifier for desired dataset"/></argument>
      <itemDef name="fetchOneEvtId_pad" type="dn16" value="0"/>
      <argument id="evtId" type="dn16" default="0"><description text="Event ID within dataset for desired science event"/></argument>
      <argument id="content" type="sciChanOneHot32" default="0"><description text="Select data to be transmitted"/></argument>
      <itemDef name="fetchOne_pad" type="dn16" value="0"/>
    </field>
  </command>
  <alias name="fetchone" command="IDX_cmd_fetchOne"/>

  <command name="IDX_cmd_fetch" decoder="cmdItfDecoder">
    <description text="Begin transmitting specific sci events from Fetch Table (unused by IDEX)"/>
    <ancillaryDataSet>
      <ancillaryData name="safetyLevel"></ancillaryData>
      <ancillaryData name="constraints"></ancillaryData>
      <ancillaryData name="target"></ancillaryData>
      <ancillaryData name="telemetryResponse"></ancillaryData>
    </ancillaryDataSet>
    <field>
      <opcode value="0xCD1A" type="dn16"/>
      <itemDef name="fetch_pad" type="dn16" value="0"/>
    </field>
  </command>
  <alias name="fetch" command="IDX_cmd_fetch"/>

  <command name="IDX_cmd_transmit" decoder="cmdItfDecoder">
    <description text="Request xmit sci events in AID fitting quality criteria (unused by IDEX)"/>
    <ancillaryDataSet>
      <ancillaryData name="safetyLevel"></ancillaryData>
      <ancillaryData name="constraints"></ancillaryData>
      <ancillaryData name="target"></ancillaryData>
      <ancillaryData name="telemetryResponse"></ancillaryData>
    </ancillaryDataSet>
    <field>
      <opcode value="0xCD1B" type="dn16"/>
      <argument id="aid" type="dn32" default="0"><description text="Accountability Identifier for dataset"/></argument>
      <itemDef name="transmit_pad" type="dn16" value="0"/>
    </field>
  </command>
  <alias name="transmit" command="IDX_cmd_transmit"/>

  <command name="IDX_cmd_sendcatalog" decoder="cmdItfDecoder">
    <description text="Request transmission of science catalog for selected AID  (unused by IDEX)"/>
    <ancillaryDataSet>
      <ancillaryData name="safetyLevel"></ancillaryData>
      <ancillaryData name="constraints"></ancillaryData>
      <ancillaryData name="target"></ancillaryData>
      <ancillaryData name="telemetryResponse"></ancillaryData>
    </ancillaryDataSet>
    <field>
      <opcode value="0xCD1C" type="dn16"/>
      <argument id="aid" type="dn32" default="0"><description text="Accountability Identifier for desired catalog"/></argument>
      <argument id="sel" type="catalogSel32" default="0"><description text="Data to send: entire catalog or header only"/></argument>
      <itemDef name="sendcatalog_pad" type="dn16" value="0"/>
    </field>
  </command>
  <alias name="sendcatalog" command="IDX_cmd_sendcatalog"/>

  <command name="IDX_cmd_listcatalogs" decoder="cmdItfDecoder">
    <description text="Identify NV science catalogs currently residing in memory"/>
    <ancillaryDataSet>
      <ancillaryData name="safetyLevel"></ancillaryData>
      <ancillaryData name="constraints"></ancillaryData>
      <ancillaryData name="target"></ancillaryData>
      <ancillaryData name="telemetryResponse"></ancillaryData>
    </ancillaryDataSet>
    <field>
      <opcode value="0xCCC2" type="dn16"/>
      <itemDef name="listcatalogs_pad" type="dn32" value="0"/>
      <itemDef name="listcatalogs_pad2" type="dn16" value="0"/>
    </field>
  </command>
  <alias name="listcatalogs" command="IDX_cmd_listcatalogs"/>

  <command name="IDX_cmd_suspidlesci" decoder="cmdItfDecoder">
    <description text="Suspend seq execution until science activity complete or timeout (seq only)"/>
    <ancillaryDataSet>
      <ancillaryData name="safetyLevel"></ancillaryData>
      <ancillaryData name="constraints"></ancillaryData>
      <ancillaryData name="target"></ancillaryData>
      <ancillaryData name="telemetryResponse"></ancillaryData>
    </ancillaryDataSet>
    <field>
      <opcode value="0xCD1D" type="dn16"/>
      <argument id="timeout" type="dn32" default="0"><description text="Seconds to timeout"/></argument>
      <itemDef name="suspidlesci_pad" type="dn16" value="0"/>
    </field>
  </command>
  <alias name="suspidlesci" command="IDX_cmd_suspidlesci"/>


  <command name="IDX_cmd_setalloc" decoder="cmdItfDecoder">
    <description text="Set allocation of spacecraft memory that IDEX can fill with sci data"/>
    <ancillaryDataSet>
      <ancillaryData name="safetyLevel"></ancillaryData>
      <ancillaryData name="constraints"></ancillaryData>
      <ancillaryData name="target"></ancillaryData>
      <ancillaryData name="telemetryResponse"></ancillaryData>
    </ancillaryDataSet>
    <field>
      <opcode value="0xCD1E" type="dn16"/>
      <argument id="type" type="setAllocType32" default="0"><description text="Type of change"/></argument>
      <argument id="bytes" type="dn32" default="0"><description text="Bytes of allocation"/></argument>
      <itemDef name="setalloc_pad" type="dn16" value="0"/>
    </field>
  </command>
  <alias name="setalloc" command="IDX_cmd_setalloc"/>


  <command name="IDX_cmd_addtofetch" decoder="cmdItfDecoder">
    <description text="Add entries to the existing on-board Fetch Table (unused by IDEX)"/>
    <ancillaryDataSet>
      <ancillaryData name="safetyLevel"></ancillaryData>
      <ancillaryData name="constraints"></ancillaryData>
      <ancillaryData name="target"></ancillaryData>
      <ancillaryData name="telemetryResponse"></ancillaryData>
    </ancillaryDataSet>
    <field>
      <opcode value="0xCD1F" type="dn16"/>
      <argument id="num" type="dn32" default="1"><description text="Number of entries to add to Fetch Table"/></argument>
      <itemDef name="addtofetch_pad" type="dn16" value="0"/>
    </field>
  </command>
  <alias name="addtofetch" command="IDX_cmd_addtofetch"/>


  <command name="IDX_cmd_acquire" decoder="cmdItfDecoder">
    <description text="Begin acquiring science data"/>
    <ancillaryDataSet>
      <ancillaryData name="safetyLevel"></ancillaryData>
      <ancillaryData name="constraints"></ancillaryData>
      <ancillaryData name="target"></ancillaryData>
      <ancillaryData name="telemetryResponse"></ancillaryData>
    </ancillaryDataSet>
    <field>
      <opcode value="0xCCDD" type="dn16"/>
      <argument id="DURATION" type="dn32" default="60"><description text="Duration in seconds for acquisition"/></argument>
      <item name="pad24"/>
      <argument id="SCIADCCOINCENA" type="enaDis" default="0"><description text="LS ADC Coincidence Enable"/></argument>
      <argument id="SCIADCMODELS" type="enaDis" default="0"><description text="LS ADC Trigger Enable"/></argument>
      <argument id="SCIADCMODETOFMG" type="trigModeType2" default="0"><description text="TOF MG Trigger Mode"/></argument>
      <argument id="SCIADCMODETOFLG" type="trigModeType2" default="0"><description text="TOF LG Trigger Mode"/></argument>
      <argument id="SCIADCMODETOFHG" type="trigModeType2" default="0"><description text="TOF HG Trigger Mode"/></argument>
      <itemDef name="acquire_pad" type="dn16" value="0"/>
    </field>
  </command>
  <alias name="acquire" command="IDX_cmd_acquire"/>

  <command name="IDX_cmd_process_xmit" decoder="cmdItfDecoder">
    <description text="Process and transmit science data for specified AID"/>
    <ancillaryDataSet>
      <ancillaryData name="safetyLevel"></ancillaryData>
      <ancillaryData name="constraints"></ancillaryData>
      <ancillaryData name="target"></ancillaryData>
      <ancillaryData name="telemetryResponse"></ancillaryData>
    </ancillaryDataSet>
    <field>
      <opcode value="0xCCDE" type="dn16"/>
      <argument id="AID" type="dn32" default="0"><description text="Accountability Identifier for dataset"/></argument>
      <itemDef name="process_xmit_pad" type="dn16" value="0"/>
    </field>
  </command>
  <alias name="process_xmit" command="IDX_cmd_process_xmit"/>
  <alias name="processXmit" command="IDX_cmd_process_xmit"/>

  <command name="IDX_cmd_erasesci" decoder="cmdItfDecoder">
    <description text="Erase stored science data within time range"/>
    <ancillaryDataSet>
      <ancillaryData name="safetyLevel"></ancillaryData>
      <ancillaryData name="constraints"></ancillaryData>
      <ancillaryData name="target"></ancillaryData>
      <ancillaryData name="telemetryResponse"></ancillaryData>
    </ancillaryDataSet>
    <field>
      <opcode value="0xCCE0" type="dn16"/>
      <argument id="AID" type="dn32" default="0"><description text="Select which data to erase"/></argument>
      <itemDef name="erasesci_pad" type="dn16" value="0"/>
    </field>
  </command>
  <alias name="erasesci" command="IDX_cmd_erasesci"/>

  <command name="IDX_cmd_setsciprm" decoder="cmdItfDecoder">
    <description text="Set science-related parameter in science parameter table (unused by IDEX)"/>
    <ancillaryDataSet>
      <ancillaryData name="safetyLevel"></ancillaryData>
      <ancillaryData name="constraints"></ancillaryData>
      <ancillaryData name="target"></ancillaryData>
      <ancillaryData name="telemetryResponse"></ancillaryData>
    </ancillaryDataSet>
    <field>
      <opcode value="0xCCE1" type="dn16"/>
      <argument id="SEL" type="dn32" default="0"><description text="Select science parameter to change"/></argument>
      <argument id="VALUE" type="dn32" default="0"><description text="New value for parameter"/></argument>
      <itemDef name="setsciprm_pad" type="dn16" value="0"/>
    </field>
  </command>
  <alias name="setsciprm" command="IDX_cmd_setsciprm"/>

  <command name="IDX_cmd_dumpadc" decoder="cmdItfDecoder">
    <description text="Read out and telemeter values of all internal registers from both TOF ADCs"/>
    <ancillaryDataSet>
      <ancillaryData name="safetyLevel"></ancillaryData>
      <ancillaryData name="constraints"></ancillaryData>
      <ancillaryData name="target"></ancillaryData>
      <ancillaryData name="telemetryResponse"></ancillaryData>
    </ancillaryDataSet>
    <field>
      <opcode value="0xCCF0" type="dn16"/>
      <itemDef name="dumpadc_pad" type="dn16" value="0"/>
    </field>
  </command>
  <alias name="dumpadc" command="IDX_cmd_dumpadc"/>

  <command name="IDX_cmd_clrsci" decoder="cmdItfDecoder">
    <description text="Clear science-related state/counters"/>
    <ancillaryDataSet>
      <ancillaryData name="safetyLevel"></ancillaryData>
      <ancillaryData name="constraints"></ancillaryData>
      <ancillaryData name="target"></ancillaryData>
      <ancillaryData name="telemetryResponse"></ancillaryData>
    </ancillaryDataSet>
    <field>
      <opcode value="0xCCED" type="dn16"/>
      <itemDef name="clrsci_pad" type="dn16" value="0"/>
    </field>
  </command>
  <alias name="clrsci" command="IDX_cmd_clrsci"/>

  <command name="IDX_cmd_haltsci" decoder="cmdItfDecoder">
    <description text="Halt science operation if one is in progress"/>
    <ancillaryDataSet>
      <ancillaryData name="safetyLevel"></ancillaryData>
      <ancillaryData name="constraints"></ancillaryData>
      <ancillaryData name="target"></ancillaryData>
      <ancillaryData name="telemetryResponse"></ancillaryData>
    </ancillaryDataSet>
    <field>
      <opcode value="0xCCF1" type="dn16"/>
      <itemDef name="haltsci_pad" type="dn16" value="0"/>
    </field>
  </command>
  <alias name="haltsci" command="IDX_cmd_haltsci"/>


  <!-- Sequence-related commands -->

  <command name="IDX_cmd_initseq" decoder="cmdItfDecoder">
    <description text="Execute SCS in selected seq buffer using selected engine"/>
    <ancillaryDataSet>
      <ancillaryData name="safetyLevel"></ancillaryData>
      <ancillaryData name="constraints"></ancillaryData>
      <ancillaryData name="target"></ancillaryData>
      <ancillaryData name="telemetryResponse"></ancillaryData>
    </ancillaryDataSet>
    <field>
      <opcode value="0xCCE2" type="dn16"/>
      <argument id="SEQBUF" type="dn32" default="0"><description text="Select sequence buffer"/></argument>
      <argument id="ENGINE" type="seqEngine" default="0"><description text="Select sequence engine"/></argument>
      <itemDef name="initseq_pad" type="dn16" value="0"/>
    </field>
  </command>
  <alias name="initseq" command="IDX_cmd_initseq"/>

  <command name="IDX_cmd_startseq" decoder="cmdItfDecoder">
    <description text="Execute SCS in selected seq buffer using engine executing this cmd (seq only)"/>
    <ancillaryDataSet>
      <ancillaryData name="safetyLevel"></ancillaryData>
      <ancillaryData name="constraints"></ancillaryData>
      <ancillaryData name="target"></ancillaryData>
      <ancillaryData name="telemetryResponse"></ancillaryData>
    </ancillaryDataSet>
    <field>
      <opcode value="0xCCE3" type="dn16"/>
      <argument id="SEQBUF" type="dn32" default="0"><description text="Select sequence buffer"/></argument>
      <itemDef name="startseq_pad" type="dn16" value="0"/>
    </field>
  </command>
  <alias name="startseq" command="IDX_cmd_startseq"/>

  <command name="IDX_cmd_setseqst" decoder="cmdItfDecoder">
    <description text="Change the state of an executing sequence engine"/>
    <ancillaryDataSet>
      <ancillaryData name="safetyLevel"></ancillaryData>
      <ancillaryData name="constraints"></ancillaryData>
      <ancillaryData name="target"></ancillaryData>
      <ancillaryData name="telemetryResponse"></ancillaryData>
    </ancillaryDataSet>
    <field>
      <opcode value="0xCCE4" type="dn16"/>
      <argument id="ENGINE" type="seqEngine" default="0"><description text="Select sequence engine"/></argument>
      <argument id="STATE" type="setSeqState" default="1"><description text="Select new state: pause execution, resume from pause, terminate"/></argument>
      <itemDef name="setseqst_pad" type="dn16" value="0"/>
    </field>
  </command>
  <alias name="setseqst" command="IDX_cmd_setseqst"/>

  <command name="IDX_cmd_suspabs" decoder="cmdItfDecoder">
    <description text="Suspend execution for current engine until absolute time reached (seq only)"/>
    <ancillaryDataSet>
      <ancillaryData name="safetyLevel"></ancillaryData>
      <ancillaryData name="constraints"></ancillaryData>
      <ancillaryData name="target"></ancillaryData>
      <ancillaryData name="telemetryResponse"></ancillaryData>
    </ancillaryDataSet>
    <field>
      <opcode value="0xCCE5" type="dn16"/>
      <argument id="SEC" type="dn32" default="0"><description text="Absolute time (seconds since epoch) to resume execution"/></argument>
      <itemDef name="suspabs_pad" type="dn16" value="0"/>
    </field>
  </command>
  <alias name="suspabs" command="IDX_cmd_suspabs"/>

  <command name="IDX_cmd_susprel" decoder="cmdItfDecoder">
    <description text="Suspend execution for current engine for relative amount of time (seq only)"/>
    <ancillaryDataSet>
      <ancillaryData name="safetyLevel"></ancillaryData>
      <ancillaryData name="constraints"></ancillaryData>
      <ancillaryData name="target"></ancillaryData>
      <ancillaryData name="telemetryResponse"></ancillaryData>
    </ancillaryDataSet>
    <field>
      <opcode value="0xCCE6" type="dn16"/>
      <argument id="SEC" type="dn32" default="0"><description text="Relative number of seconds to suspend"/></argument>
      <itemDef name="susprel_pad" type="dn16" value="0"/>
    </field>
  </command>
  <alias name="susprel" command="IDX_cmd_susprel"/>

  <command name="IDX_cmd_callsub" decoder="cmdItfDecoder">
    <description text="Call subsequence from main sequence (seq only)"/>
    <ancillaryDataSet>
      <ancillaryData name="safetyLevel"></ancillaryData>
      <ancillaryData name="constraints"></ancillaryData>
      <ancillaryData name="target"></ancillaryData>
      <ancillaryData name="telemetryResponse"></ancillaryData>
    </ancillaryDataSet>
    <field>
      <opcode value="0xCCE7" type="dn16"/>
      <argument id="SEQBUF" type="dn32" default="0"><description text="Select sequence buffer"/></argument>
      <itemDef name="callsub_pad" type="dn16" value="0"/>
    </field>
  </command>
  <alias name="callsub" command="IDX_cmd_callsub"/>

  <command name="IDX_cmd_verseq" decoder="cmdItfDecoder">
    <description text="Verify buffer holds valid sequence"/>
    <ancillaryDataSet>
      <ancillaryData name="safetyLevel"></ancillaryData>
      <ancillaryData name="constraints"></ancillaryData>
      <ancillaryData name="target"></ancillaryData>
      <ancillaryData name="telemetryResponse"></ancillaryData>
    </ancillaryDataSet>
    <field>
      <opcode value="0xCCE8" type="dn16"/>
      <argument id="SEQBUF" type="dn32" default="0"><description text="Select sequence buffer"/></argument>
      <itemDef name="verseq_pad" type="dn16" value="0"/>
    </field>
  </command>
  <alias name="verseq" command="IDX_cmd_verseq"/>

  <command name="IDX_cmd_pointseq" decoder="cmdItfDecoder">
    <description text="Point sequence buffer to its location in active SCS region"/>
    <ancillaryDataSet>
      <ancillaryData name="safetyLevel"></ancillaryData>
      <ancillaryData name="constraints"></ancillaryData>
      <ancillaryData name="target"></ancillaryData>
      <ancillaryData name="telemetryResponse"></ancillaryData>
    </ancillaryDataSet>
    <field>
      <opcode value="0xCCF4" type="dn16"/>
      <argument id="SEQBUF" type="dn32" default="0"><description text="Select sequence buffer"/></argument>
      <argument id="OFFSET" type="dn32" default="0"><description text="Offset within SCS region holding SCS"/></argument>
      <itemDef name="pointseq_pad" type="dn16" value="0"/>
    </field>
  </command>
  <alias name="pointseq" command="IDX_cmd_pointseq"/>

  <command name="IDX_cmd_stuffseq" decoder="cmdItfDecoder">
    <description text="Copy one SCS from scratchpad to SCS region"/>
    <ancillaryDataSet>
      <ancillaryData name="safetyLevel"></ancillaryData>
      <ancillaryData name="constraints"></ancillaryData>
      <ancillaryData name="target"></ancillaryData>
      <ancillaryData name="telemetryResponse"></ancillaryData>
    </ancillaryDataSet>
    <field>
      <opcode value="0xCCF5" type="dn16"/>
      <argument id="OFFSET" type="dn32" default="0"><description text="Destination offset within SCS region"/></argument>
      <itemDef name="stuffseq_pad" type="dn16" value="0"/>
    </field>
  </command>
  <alias name="stuffseq" command="IDX_cmd_stuffseq"/>

  <command name="IDX_cmd_eraseseq" decoder="cmdItfDecoder">
    <description text="Erase one SCS in SCS region pointed to by the SEQBUf"/>
    <ancillaryDataSet>
      <ancillaryData name="safetyLevel"></ancillaryData>
      <ancillaryData name="constraints"></ancillaryData>
      <ancillaryData name="target"></ancillaryData>
      <ancillaryData name="telemetryResponse"></ancillaryData>
    </ancillaryDataSet>
    <field>
      <opcode value="0xCCF6" type="dn16"/>
      <argument id="SEQBUF" type="dn32" default="0"><description text="Select sequence buffer"/></argument>
      <itemDef name="eraseseq_pad" type="dn16" value="0"/>
    </field>
  </command>
  <alias name="eraseseq" command="IDX_cmd_eraseseq"/>

  <command name="IDX_cmd_clrfaultcntrs" decoder="cmdItfDecoder">
    <description text="Clear fault-related state/counters"/>
    <ancillaryDataSet>
      <ancillaryData name="safetyLevel"></ancillaryData>
      <ancillaryData name="constraints"></ancillaryData>
      <ancillaryData name="target"></ancillaryData>
      <ancillaryData name="telemetryResponse"></ancillaryData>
    </ancillaryDataSet>
    <field>
      <opcode value="0xCCE9" type="dn16"/>
      <argument id="SEL" type="faultType" default="ALLFAULTS"><description text="Choose fault to clear"/></argument>
      <itemDef name="clrfaultcntrs_pad" type="dn16" value="0"/>
    </field>
  </command>
  <alias name="clrfaultcntrs" command="IDX_cmd_clrfaultcntrs"/>

  <command name="IDX_cmd_sethvpwr" decoder="cmdItfDecoder">
    <description text="Enable a high voltage power supply oscillator"/>
    <ancillaryDataSet>
      <ancillaryData name="safetyLevel"></ancillaryData>
      <ancillaryData name="constraints"></ancillaryData>
      <ancillaryData name="target"></ancillaryData>
      <ancillaryData name="telemetryResponse"></ancillaryData>
    </ancillaryDataSet>
    <field>
      <opcode value="0xCD08" type="dn16"/>
      <argument id="BOARD_POWER" type="onOff32" default="OFF"><description text="Set HVPS Board Power"/></argument>
      <itemDef name="sethvpwr_pad" type="dn16" value="0"/>
    </field>
  </command>
  <alias name="sethvpwr" command="IDX_cmd_sethvpwr"/>

  <command name="IDX_cmd_shutdownhv" decoder="cmdItfDecoder">
    <description text="Shutdown high voltage power supply"/>
    <ancillaryDataSet>
      <ancillaryData name="safetyLevel"></ancillaryData>
      <ancillaryData name="constraints"></ancillaryData>
      <ancillaryData name="target"></ancillaryData>
      <ancillaryData name="telemetryResponse"></ancillaryData>
    </ancillaryDataSet>
    <field>
      <opcode value="0xCCEA" type="dn16"/>
      <itemDef name="shutdownhv_pad" type="dn16" value="0"/>
   </field>
  </command>
  <alias name="shutdownhv" command="IDX_cmd_shutdownhv"/>

  <command name="IDX_cmd_dishvosc" decoder="cmdItfDecoder">
    <description text="Disable a high voltage power supply oscillator"/>
    <ancillaryDataSet>
      <ancillaryData name="safetyLevel"></ancillaryData>
      <ancillaryData name="constraints"></ancillaryData>
      <ancillaryData name="target"></ancillaryData>
      <ancillaryData name="telemetryResponse"></ancillaryData>
    </ancillaryDataSet>
    <field>
      <opcode value="0xCD0A" type="dn16"/>
      <argument id="OSCILLATOR" type="hvOscillator32" default="SENSOR"><description text="HVPS Oscillator"/></argument>
      <itemDef name="dishvosc_pad" type="dn16" value="0"/>
    </field>
  </command>
  <alias name="dishvosc" command="IDX_cmd_dishvosc"/>

  <command name="IDX_cmd_sethvsetpt" decoder="cmdItfDecoder">
    <description text="Set a high voltage power supply output setpoint COMMAND NOT USED BY OASIS-CC"/>
    <ancillaryDataSet>
      <ancillaryData name="safetyLevel"></ancillaryData>
      <ancillaryData name="constraints"></ancillaryData>
      <ancillaryData name="target"></ancillaryData>
      <ancillaryData name="telemetryResponse"></ancillaryData>
    </ancillaryDataSet>
    <field>
      <opcode value="0xCD0B" type="dn16"/>
      <argument id="OUTPUT" type="hvOutput32" default="SENSOR"><description text="HVPS output"/></argument>
      <argument id="SETPOINT" type="dn32" min="0" max="4095" default="0" 
    minCheck="enabled" maxCheck="enabled"><description text="HVPS setpoint"/></argument>
      <itemDef name="sethvsetpt_pad" type="dn16" value="0"/>
    </field>
  </command>
  <alias name="sethvsetpt" command="IDX_cmd_sethvsetpt"/>

  <command name="IDX_cmd_sethvmax" decoder="cmdItfDecoder">
    <description text="Set a high voltage power supply max (COMMAND NOT USED BY OASIS-CC)"/>
    <ancillaryDataSet>
      <ancillaryData name="safetyLevel"></ancillaryData>
      <ancillaryData name="constraints"></ancillaryData>
      <ancillaryData name="target"></ancillaryData>
      <ancillaryData name="telemetryResponse"></ancillaryData>
    </ancillaryDataSet>
    <field>
      <opcode value="0xCD0C" type="dn16"/>
      <argument id="OUTPUT" type="hvOutput32" default="SENSOR"><description text="HVPS output"/></argument>
      <argument id="MAX" type="dn32" min="0" max="4095" default="0" 
    minCheck="enabled" maxCheck="enabled"><description text="HVPS max"/></argument>
      <itemDef name="sethvmax_pad" type="dn16" value="0"/>
    </field>
  </command>
  <alias name="sethvmax" command="IDX_cmd_sethvmax"/>

  <command name="IDX_cmd_clrauto" decoder="cmdItfDecoder">
    <description text="Clear autonomy-related state/counters"/>
    <ancillaryDataSet>
      <ancillaryData name="safetyLevel"></ancillaryData>
      <ancillaryData name="constraints"></ancillaryData>
      <ancillaryData name="target"></ancillaryData>
      <ancillaryData name="telemetryResponse"></ancillaryData>
    </ancillaryDataSet>
    <field>
      <opcode value="0xCD0D" type="dn16"/>
      <itemDef name="clrauto_pad" type="dn16" value="0"/>
    </field>
  </command>
  <alias name="clrauto" command="IDX_cmd_clrauto"/>

  <command name="IDX_cmd_clrseq" decoder="cmdItfDecoder">
    <description text="Clear sequence-related state/counters"/>
    <ancillaryDataSet>
      <ancillaryData name="safetyLevel"></ancillaryData>
      <ancillaryData name="constraints"></ancillaryData>
      <ancillaryData name="target"></ancillaryData>
      <ancillaryData name="telemetryResponse"></ancillaryData>
    </ancillaryDataSet>
    <field>
      <opcode value="0xCD0E" type="dn16"/>
      <itemDef name="clrseq_pad" type="dn16" value="0"/>
    </field>
  </command>
  <alias name="clrseq" command="IDX_cmd_clrseq"/>

  <command name="IDX_cmd_enahvosc" decoder="cmdItfDecoder">
    <description text="Enable a high voltage power supply oscillator"/>
    <ancillaryDataSet>
      <ancillaryData name="safetyLevel"></ancillaryData>
      <ancillaryData name="constraints"></ancillaryData>
      <ancillaryData name="target"></ancillaryData>
      <ancillaryData name="telemetryResponse"></ancillaryData>
    </ancillaryDataSet>
    <field>
      <opcode value="0xEEEE" type="dn16"/>
      <argument id="OSCILLATOR" type="hvOscillator32" default="SENSOR"><description text="HVPS Oscillator"/></argument>
      <itemDef name="enahvosc_pad" type="dn16" value="0"/>
    </field>
  </command>
  <alias name="enahvosc" command="IDX_cmd_enahvosc"/>

  <command name="IDX_cmd_clrmem" decoder="cmdItfDecoder">
    <description text="Clear memory-related state/counters"/>
    <ancillaryDataSet>
      <ancillaryData name="safetyLevel"></ancillaryData>
      <ancillaryData name="constraints"></ancillaryData>
      <ancillaryData name="target"></ancillaryData>
      <ancillaryData name="telemetryResponse"></ancillaryData>
    </ancillaryDataSet>
    <field>
      <opcode value="0xCCEC" type="dn16"/>
      <itemDef name="clrmem_pad" type="dn16" value="0"/>
    </field>
  </command>
  <alias name="clrmem" command="IDX_cmd_clrmem"/>

  <command name="IDX_cmd_cfgstim" decoder="cmdItfDecoder">
    <description text="Configure stimulus pulser operation"/>
    <ancillaryDataSet>
      <ancillaryData name="safetyLevel"></ancillaryData>
      <ancillaryData name="constraints"></ancillaryData>
      <ancillaryData name="target"></ancillaryData>
      <ancillaryData name="telemetryResponse"></ancillaryData>
    </ancillaryDataSet>
    <field>
      <opcode value="0xCD20" type="dn16"/>
      <itemDef name="cfgstim0_pad" type="dn29" value="0"/>
      <argument id="DETBUF" type="enaDis" default="DIS"><description text="Enable operation of the Detector Buffer CSA Pulser"/></argument>
      <argument id="ION" type="enaDis" default="DIS"><description text="Enable operation of the Ion Grid CSA Pulser"/></argument>
      <argument id="TAR" type="enaDis" default="DIS"><description text="Enable operation of the Target CSA Pulser"/></argument>
      <itemDef name="cfgstim1_pad" type="dn4" value="0"/>
      <argument id="ONTIME" type="dn12" default="1"><description text="On time, in millisec"/></argument>
      <argument id="OFFSHIFT" type="dn4" default="1"><description text="Shift value for the off time computation"/></argument>
      <argument id="OFFBASE" type="dn12" default="1"><description text="Base value for the off time computation"/></argument>
      <itemDef name="cfgstim2_pad" type="dn20" value="0"/>
      <argument id="DETBUFSP" type="cfgstim_dettar12" default="1"><description text="Setpoint for the detector buffer CSA pulser, ignored if det buffer disabled"/>
      <units>V</units></argument>
      <itemDef name="cfgstim3_pad" type="dn20" value="0"/>
      <argument id="IONSP" type="cfgstim_ion12" default="1"><description text="Setpoint for the ion grid CSA pulser, ignored if ion grid disabled"/>
      <units>V</units></argument>
      <itemDef name="cfgstim4_pad" type="dn20" value="0"/>
      <argument id="TARSP" type="cfgstim_dettar12" default="1"><description text="Setpoint for the target CSA pulser, ignored if target disabled"/>
      <units>V</units></argument>
      <itemDef name="cfgstim5_pad" type="dn16" value="0"/>
    </field>
  </command>
  <alias name="cfgstim" command="IDX_cmd_cfgstim"/>

  <command name="IDX_cmd_enstim" decoder="cmdItfDecoder">
    <description text="Enable stimulus pulser operation"/>
    <ancillaryDataSet>
      <ancillaryData name="safetyLevel"></ancillaryData>
      <ancillaryData name="constraints"></ancillaryData>
      <ancillaryData name="target"></ancillaryData>
      <ancillaryData name="telemetryResponse"></ancillaryData>
    </ancillaryDataSet>
    <field>
      <opcode value="0xCD21" type="dn16"/>
      <argument id="DUR" type="dn32" default="1"><description text="Duration of operation, in seconds"/></argument>
      <itemDef name="enstim_pad" type="dn16" value="0"/>
    </field>
  </command>
  <alias name="enstim" command="IDX_cmd_enstim"/>
  <alias name="enastim" command="IDX_cmd_enstim"/>
	
  <command name="IDX_cmd_haltstim" decoder="cmdItfDecoder">
    <description text="Halt a stimulus pulser operation if one is in progress"/>
    <ancillaryDataSet>
      <ancillaryData name="safetyLevel"></ancillaryData>
      <ancillaryData name="constraints"></ancillaryData>
      <ancillaryData name="target"></ancillaryData>
      <ancillaryData name="telemetryResponse"></ancillaryData>
    </ancillaryDataSet>
    <field>
      <opcode value="0xCD22" type="dn16"/>
      <itemDef name="haltstim_pad" type="dn16" value="0"/>
    </field>
  </command>
  <alias name="haltstim" command="IDX_cmd_haltstim"/>

  <command name="IDX_cmd_deploydoor" decoder="cmdItfDecoder">
    <description text="Deploy the one-time door"/>
    <ancillaryDataSet>
      <ancillaryData name="safetyLevel"></ancillaryData>
      <ancillaryData name="constraints"></ancillaryData>
      <ancillaryData name="target"></ancillaryData>
      <ancillaryData name="telemetryResponse"></ancillaryData>
    </ancillaryDataSet>
    <field>
      <opcode value="0xBBBB" type="dn16"/>
      <itemDef name="deploydoor0_pad" type="dn31" value="0"/>
      <argument id="SEL" type="redPri1" default="PRI"><description text="Select the primary or redundant pin-puller driver"/></argument>
      <itemDef name="deploydoor1_pad" type="dn20" value="0"/>
      <argument id="TMOUT" type="dn12" default="300"><description text="Maximum time period for driving the pin-puller drivers, in millisec"/></argument>
      <itemDef name="deploydoor2_pad" type="dn16" value="0"/>
    </field>
  </command>
  <alias name="deploydoor" command="IDX_cmd_deploydoor"/>



  <!-- Below here are only aliased commands, no new commands -->

  <!-- Often, it is convenient to have memory operations with fixed arguments -->
  <include>Config\idex_cmd_alias.xml</include>


  <!-- Less typing makes Greg happy during debugging -->
  <alias name="dual" command="IDX_cmd_dualcmd"/>

  <!-- Less typing makes Greg happy during debugging -->
  <command name="wr" decoder="cmdItfDecoder">
    <description text="Write directly to memory"/>
    <field>
      <opcode value="0xCCCC" type="dn16"/>
      <argument id="a" type="dn32" default="0"><description text="Processor address to overwrite"/></argument>
      <argument id="v" type="dn32" default="0"><description text="Value to write"/></argument>
      <itemDef name="rawwrt_alias_pad" type="dn16" value="0"/>
    </field>
  </command>

  <command name="rd" decoder="cmdItfDecoder">
    <description text="Read directly from memory"/>
    <field>
      <opcode value="0xCCCD" type="dn16"/>
      <argument id="a" type="dn32" default="0"><description text="Processor address to read"/></argument>
      <itemDef name="rawrd_alias_pad" type="dn16" value="0"/>
    </field>
  </command>

  <command name="cpy" decoder="cmdItfDecoder">
    <description text="Copy from one memory location to another, by processor address"/>
    <field>
      <opcode value="0xCCCE" type="dn16"/>
      <argument id="s" type="dn32" default="0"><description text="Source processor address"/></argument>
      <argument id="d" type="dn32" default="0"><description text="Destination processor address"/></argument>
      <argument id="l" type="dn32" default="0"><description text="Length of copy, in dwords"/></argument>
      <itemDef name="rawcpy_alias_pad" type="dn16" value="0"/>
    </field>
  </command>





  
  <command name="IDX_cmd_sethvsp_dn" decoder="cmdItfDecoder">
    <description text="Set output setpoint for any HVPS channel using DN not voltage"/>
    <ancillaryDataSet>
      <ancillaryData name="safetyLevel"></ancillaryData>
      <ancillaryData name="constraints"></ancillaryData>
      <ancillaryData name="target"></ancillaryData>
      <ancillaryData name="telemetryResponse"></ancillaryData>
    </ancillaryDataSet>
    <field>
      <opcode value="0xCD0B" type="dn16"/>
      <argument id="OUTPUT" type="hvOutput32" default="SENSOR"><description text="HVPS output in DN"/></argument>
      <itemDef name="sethvsp_dn_pad0" type="dn20" value="0"/>
      <argument id="SETPOINT" type="dn12" default="0"><description text="HVPS setpoint"/></argument>
      <itemDef name="sethvsp_dn_pad1" type="dn16" value="0"/>
    </field>
  </command>
  <alias name="sethvsp_dn" command="IDX_cmd_sethvsp_dn"/>

  <command name="IDX_cmd_sethvmax_dn" decoder="cmdItfDecoder">
    <description text="Set output maximum for any HVPS channel using DN not voltage"/>
    <ancillaryDataSet>
      <ancillaryData name="safetyLevel"></ancillaryData>
      <ancillaryData name="constraints"></ancillaryData>
      <ancillaryData name="target"></ancillaryData>
      <ancillaryData name="telemetryResponse"></ancillaryData>
    </ancillaryDataSet>
    <field>
      <opcode value="0xCD0C" type="dn16"/>
      <argument id="OUTPUT" type="hvOutput32" default="SENSOR"><description text="HVPS output in DN"/></argument>
      <itemDef name="sethvmax_dn_pad0" type="dn20" value="0"/>
      <argument id="MAX" type="dn12" default="0"><description text="HVPS max in DN"/></argument>
      <itemDef name="sethvmax_dn_pad1" type="dn16" value="0"/>
    </field>
  </command>
  <alias name="sethvmax_dn" command="IDX_cmd_sethvmax_dn"/>

  <command name="IDX_cmd_cfghtr_dn" decoder="cmdItfDecoder">
    <description text="Configure either decontamination heater using DN not temperature"/>
    <ancillaryDataSet>
      <ancillaryData name="safetyLevel"></ancillaryData>
      <ancillaryData name="constraints"></ancillaryData>
      <ancillaryData name="target"></ancillaryData>
      <ancillaryData name="telemetryResponse"></ancillaryData>
    </ancillaryDataSet>
    <field>
      <opcode value="0xCCC6" type="dn16"/>
      <itemDef name="cfghtr0_dn_pad" type="dn31" value="0"/>
      <argument id="SEL" type="deconSel1" default="THERM0"><description text="Select which thermistor settings to change"/></argument>
      <itemDef name="cfghtr1_dn_pad" type="dn20" value="0"/>
      <argument id="LOW" type="dn12" default="0"><description text="Lower setpoint for decon control in DN"/></argument>
      <itemDef name="cfghtr2_dn_pad" type="dn20" value="0"/>
      <argument id="HIGH" type="dn12" default="0"><description text="Upper setpoint for decon control in DN"/></argument>
      <itemDef name="cfghtr3_dn_pad" type="dn16" value="0"/>
    </field>
  </command>
  <alias name="cfghtr_dn" command="IDX_cmd_cfghtr_dn"/>






  <!-- Divided sethvsetpt into two (so OASIS can use two different conversions correctly) -->
  <command name="IDX_cmd_sethvspDS" decoder="cmdItfDecoder">
    <description text="Set output setpoint for (primary) HVPS channels Detector or Sensor"/>
    <ancillaryDataSet>
      <ancillaryData name="safetyLevel"></ancillaryData>
      <ancillaryData name="constraints"></ancillaryData>
      <ancillaryData name="target"></ancillaryData>
      <ancillaryData name="telemetryResponse"></ancillaryData>
    </ancillaryDataSet>
    <field>
      <opcode value="0xCD0B" type="dn16"/>
      <argument id="OUTPUT" type="hvOutputOnlyDS32" default="SENSOR"><description text="HVPS output"/></argument>
      <argument id="SETPOINT" type="sethvds32" min="0" max="3142" default="200" minCheck="enabled" maxCheck="enabled"><description text="HVPS setpoint"/>
      <units>V</units></argument>
      <itemDef name="sethvspDS_pad" type="dn16" value="0"/>
    </field>
  </command>
  <alias name="sethvspDS" command="IDX_cmd_sethvspDS"/>

  <!-- Divided sethvsetpt into two (so OASIS can use two different conversions correctly) -->
  <command name="IDX_cmd_sethvspTR" decoder="cmdItfDecoder">
    <description text="Set output setpoint for (derived) HVPS channels Target or Rejection"/>
    <ancillaryDataSet>
      <ancillaryData name="safetyLevel"></ancillaryData>
      <ancillaryData name="constraints"></ancillaryData>
      <ancillaryData name="target"></ancillaryData>
      <ancillaryData name="telemetryResponse"></ancillaryData>
    </ancillaryDataSet>
    <field>
      <opcode value="0xCD0B" type="dn16"/>
      <argument id="OUTPUT" type="hvOutputOnlyTR32" default="RJCTN"><description text="HVPS output"/></argument>
      <argument id="SETPOINT" type="dn32" min="0" max="4095" default="0" minCheck="enabled" maxCheck="enabled"><description text="HVPS setpoint"/></argument>
      <itemDef name="sethvspTR_pad" type="dn16" value="0"/>
    </field>
  </command>
  <alias name="sethvspTR" command="IDX_cmd_sethvspTR"/>

  <!-- Divided sethvmax into two (so OASIS can use two different conversions correctly) -->
  <command name="IDX_cmd_sethvmaxDS" decoder="cmdItfDecoder">
    <description text="Set output maximum for (primary) HVPS channels Detector or Sensor"/>
    <ancillaryDataSet>
      <ancillaryData name="safetyLevel"></ancillaryData>
      <ancillaryData name="constraints"></ancillaryData>
      <ancillaryData name="target"></ancillaryData>
      <ancillaryData name="telemetryResponse"></ancillaryData>
    </ancillaryDataSet>
    <field>
      <opcode value="0xCD0C" type="dn16"/>
      <argument id="OUTPUT" type="hvOutputOnlyDS32" default="SENSOR"><description text="HVPS output"/></argument>
      <argument id="MAX" type="sethvds32" min="0" max="3143" default="200" minCheck="enabled" maxCheck="enabled"><description text="HVPS max"/>
      <units>V</units></argument>
      <itemDef name="sethvmaxDS_pad" type="dn16" value="0"/>
    </field>
  </command>
  <alias name="sethvmaxDS" command="IDX_cmd_sethvmaxDS"/>

  <!-- Divided sethvmax into two (so OASIS can use two different conversions correctly) -->
  <command name="IDX_cmd_sethvmaxTR" decoder="cmdItfDecoder">
    <description text="Set output maximum for (derived) HVPS channels Target or Rejection"/>
    <ancillaryDataSet>
      <ancillaryData name="safetyLevel"></ancillaryData>
      <ancillaryData name="constraints"></ancillaryData>
      <ancillaryData name="target"></ancillaryData>
      <ancillaryData name="telemetryResponse"></ancillaryData>
    </ancillaryDataSet>
    <field>
      <opcode value="0xCD0C" type="dn16"/>
      <argument id="OUTPUT" type="hvOutputOnlyTR32" default="RJCTN"><description text="HVPS output"/></argument>
      <argument id="MAX" type="dn32" min="0" max="4095" default="0" minCheck="enabled" maxCheck="enabled"><description text="HVPS max"/></argument>
      <itemDef name="sethvmaxTR_pad" type="dn16" value="0"/>
    </field>
  </command>
  <alias name="sethvmaxTR" command="IDX_cmd_sethvmaxTR"/>


</hydraDef>




