<!--
	File:    idex_cmd_config.xml
  Purpose: Defines the command-side serial communication data flow for IDEX, 
           including the decoders and logging.  Command packets are
           defined elsewhere.

  Important notes:
    The COM port object "idexSerialDevice" is defined in idex_tlm_config.xml, 
    but gets used here too.
										 
	Command flow:
    1. The decoderDef cmdItfDecoder builds an command interface transfer frame (ITF)
       containing the ITF header, ITF trailing checksum, and exactly one CCSDS
       command.
       - The overall frame uses frameDef itfCmdHdr, where <placeholder/> uses 
         command op code and arguments defined in file idex_cmd.xml
       Then the result is sent to
    2. idexSerialDevice which writes the data stream to the SeaLevel SeaLink RS422-to-USB 
       adapter cable (115200bps, 8-odd-1) and also saved to a file.
        
	Time message flow (see idex_cmd_timemsg.xml):
    1. The decoderDef timeMsgDecoder builds an command interface transfer frame (ITF)
       containing the ITF header, ITF trailing checksum, and exactly one CCSDS
       time message.
       - The overall frame uses frameDef timeMsgHdr, where <placeholder/> inserts 
         a 32-bit incrementing counter to simulate SCLK, defined in file idex_cmd.xml
       - Time messages have no op code, but use an unique APID
       Then the result is sent to
    2. idexSerialDevice which writes the data stream to the SeaLevel SeaLink RS422-to-USB 
       adapter cable (115200bps, 8-odd-1) and also saved to a file.
-->


<hydraDef>

  <!-- Reference frame for interface transfer frame (ITF) headers for IDEX commands -->
  <frameDef name="itfCmdHdr" decoder="cmdItfDecoder">
    <description text="ITF holding exactly one CCSDS command"/>
    <field>
      
      <!-- Start of CCSDS command.  In reality this would always be a time and status
			     message, but for FSW testing we are not adhering to that. -->
      <itemDef name="cmdCcsdsVersion"     type="dn3" value="0" />
      <itemDef name="cmdCcsdsPktType"     type="dn1" value="1" />
      <itemDef name="cmdCcsdsSecHdrFlag"  type="dn1" value="1" />
      <itemDef name="cmdCcsdsApID"        type="dn11" value="0x580"/>
      <itemDef name="cmdCcsdsGroup"       type="dn2"  value="3"/>
      <itemCounter name="cmdCcsdsSeqCnt"  type="dn14" value="1" min="0" max="0x3FFF" incr="1"/>
      <itemDef name="cmdCcsdsLength"      type="dn16" value="0"/>
      <!--  --> 
      <itemDef name="cmdCcsdsTimestamp"   type="dn32" value="0"/>
      <!--  --> 
      <placeholder/>
      <itemDef name="cmdCrc16Checksum" type="dn16" value="0"/>
      <!-- End of CCSDS command -->
      

    </field>
    
    <!-- Subtract the usual 7 bytes per CCSDS plus: 10 bytes ITF header, 2 bytes ITF cksum -->
		<!-- For command only, should be -56.  With ITF included, should be -152 -->
    <length item="cmdCcsdsLength" offset="-56"/>

    
    <checksum method="crc" seed="0xFFFF" start="cmdCcsdsVersion" item="cmdCrc16Checksum"
              stop="cmdCrc16Checksum" width="16" poly="0x1021"/>


  </frameDef>



  <hwOutFile name="serialCmdLog" prefix="serialCmd" maxSize="#LOG_FILE_MAX_SIZE"/>



  <!-- Decoder creates command ITFs which encompass CCSDS packets -->
  <decoderDef name="cmdItfDecoder" updateDB="false">
    <description text="Decoder creates command ITFs encompassing CCSDS commands"/>
    <outBuffer size="4096"/>

    <headerFrame name="itfCmdHdr"/>
<!--    <frameID name="4:0:dn11"/>  -->
    <outputDevice name="idexSerialDevice"/>
    <outputDevice name="serialCmdLog" enabled="true"/>
  </decoderDef>




  <!-- For XTCE output -->
  <xtceConfig type="cmdApidLoc">0:4:0x7FF</xtceConfig>
  <xtceConfig type="cmdOpcodeLoc">20:4:0xFFFF</xtceConfig>
  <!-- Each command has its own ancillary data for the XTCE output. The fields for constraints, target,
       and telemetryResponse just take a string.  The safetyLevel should use text 'hazardous', but
       this does not appear to work.  -->



</hydraDef>



