<!-- SUDA-specific file to DN-to-EU conversions for StatusPkt and HwPkt telemetry -->


<hydraDef>

    <!-- Example polynomial conversion
    This converts to a polynomial
    1 + 2*x^1 + 3*x^2
    <euPoly name="temp_conversion">
    <coeff index="0" value="1"/>
    <coeff index="1" value="2"/>
    <coeff index="2" value="3"/>
    </euPoly>
    -->

    <!-- Polynomials must be associated with a type
    This type must be used in definition of item with conversion
    Work with developer to make associations
    <typeEU name="temp_conversion16" size="16" eu="temp_conversion"/>
    -->

    <!-- PROC_ADC_IMON_SCALE -->
    <euPoly name ="proc1v0currhi">
        <coeff index="0" value="0"/>
        <coeff index="1" value="0.902925273"/>
    </euPoly>
    <typeEU name="proc1v0currhi_12" size="12" eu="proc1v0currhi"/>

    <euPoly name ="proc1v9currhi">
        <coeff index="0" value="0"/>
        <coeff index="1" value="0.902925273"/>
    </euPoly>
    <typeEU name="proc1v9currhi_12" size="12" eu="proc1v9currhi"/>

    <!-- PROC_ADC_VMON_SCALE -->
    <euPoly name ="proc1v0volt">
        <coeff index="0" value="0"/>
        <coeff index="1" value="0.000805861"/>
    </euPoly>
    <typeEU name="proc1v0volt_12" size="12" eu="proc1v0volt"/>

    <euPoly name ="proc1v9volt">
        <coeff index="0" value="0"/>
        <coeff index="1" value="0.000805861"/>
    </euPoly>
    <typeEU name="proc1v9volt_12" size="12" eu="proc1v9volt"/>

    <!-- PROC_ADC_V3.3_SCAL -->
    <euPoly name ="proc3v3volt">
        <coeff index="0" value="0"/>
        <coeff index="1" value="0.001611722"/>
    </euPoly>
    <typeEU name="proc3v3volt_12" size="12" eu="proc3v3volt"/>

    <!-- PROC_ADC_FPGA_SCALE -->

    <!-- PROC_ADC_FPGA_OFFSET -->

    <!-- PROC_ADC_TMON_SCALE -->

    <!-- SUDA_LVPSP2V5VOLT LVPS_ADC_V2.5_SCALE -->
    <euPoly name ="lvpsp2v5volt">
        <coeff index="0" value="0"/>
        <coeff index="1" value="0.00161172"/>
    </euPoly>
    <typeEU name="lvpsp2v5volt_12" size="12" eu="lvpsp2v5volt"/>

    <!-- LVPS_ADC_V3.3_SCALE -->
    <euPoly name ="lvps3v3volt">
        <coeff index="0" value="0"/>
        <coeff index="1" value="0.00161172"/>
    </euPoly>
    <typeEU name="lvps3v3volt_12" size="12" eu="lvps3v3volt"/>

    <!-- LVPS_ADC_V6_SCALE -->
    <euPoly name ="lvpsp6v0volt">
        <coeff index="0" value="0"/>
        <coeff index="1" value="0.00241758"/>
    </euPoly>
    <typeEU name="lvpsp6v0volt_12" size="12" eu="lvpsp6v0volt"/>

    <!-- LVPS_ADC_V16_SCALE -->
    <euPoly name ="lvps16v0volt">
        <coeff index="0" value="0"/>
        <coeff index="1" value="0.00482711"/>
    </euPoly>
    <typeEU name="lvps16v0volt_12" size="12" eu="lvps16v0volt"/>

    <!-- LVPS_ADC_N6V_SCALE, LVPS_ADC_N6V_OFFSET -->
    <euPoly name ="lvpsn6v0volt">
        <coeff index="0" value="-33"/>
        <coeff index="1" value="0.00886447"/>
    </euPoly>
    <typeEU name="lvpsn6v0volt_12" size="12" eu="lvpsn6v0volt"/>

    <!-- SUDA_LVPS3V3REFOPVOLT, LVPS_ADC_V3.3_SCALE -->
    <euPoly name ="lvps3v3refopvolt">
        <coeff index="0" value="0"/>
        <coeff index="1" value="0.00161172"/>
    </euPoly>
    <typeEU name="lvps3v3refopvolt_12" size="12" eu="lvps3v3refopvolt"/>

    <!-- SUDA_LVPS3V3REFHKVOLT, LVPS_ADC_V3.3_SCALE -->
    <euPoly name ="lvps3v3refhkvolt">
        <coeff index="0" value="0"/>
        <coeff index="1" value="0.00161172"/>
    </euPoly>
    <typeEU name="lvps3v3refhkvolt_12" size="12" eu="lvps3v3refhkvolt"/>

    <!-- SUDA_LVPSP5V0VOLT, LVPS_ADC_V3.3_SCALE -->
    <euPoly name ="lvpsp5v0volt">
        <coeff index="0" value="0"/>
        <coeff index="1" value="0.00161172"/>
    </euPoly>
    <typeEU name="lvpsp5v0volt_12" size="12" eu="lvpsp5v0volt"/>

    <!-- SUDA_LVPS_ADC_N6V_SCALE, LVPS_ADC_N6V_SCALE -->
    <euPoly name ="lvpsn5v0volt">
        <coeff index="0" value="-33"/>
        <coeff index="1" value="0.00886447"/>
    </euPoly>
    <typeEU name="lvpsn5v0volt_12" size="12" eu="lvpsn5v0volt"/>

    <!-- LVPS_ADC_I3.3_SCALE -->
    <euPoly name ="lvps3v3curr">
        <coeff index="0" value="0"/>
        <coeff index="1" value="0.00161172"/>
    </euPoly>
    <typeEU name="lvps3v3curr_12" size="12" eu="lvps3v3curr"/>

    <!-- LVPS_ADC_I16_SCALE -->
    <euPoly name ="lvps16v0curr">
        <coeff index="0" value="0"/>
        <coeff index="1" value="0.000161172"/>
    </euPoly>
    <typeEU name="lvps16v0curr_12" size="12" eu="lvps16v0curr"/>

    <!-- LVPS_ADC_I6_SCALE value="8.05861E-05" -->
    <euPoly name ="lvpsp6v0curr">
        <coeff index="0" value="0"/>
        <coeff index="1" value="0.0000805861"/>
    </euPoly>
    <typeEU name="lvpsp6v0curr_12" size="12" eu="lvpsp6v0curr"/>

    <!-- LVPS_ADC_IN6_SCALE value="-8.05861E-05" -->
    <euPoly name ="lvpsn6v0curr">
        <coeff index="0" value="0"/>
        <coeff index="1" value="-0.0000805861"/>
    </euPoly>
    <typeEU name="lvpsn6v0curr_12" size="12" eu="lvpsn6v0curr"/>

    <!-- LVPS_ADC_I5_SCALE value="2.01465E-05" -->
    <euPoly name ="lvpsp5v0curr">
        <coeff index="0" value="0"/>
        <coeff index="1" value="0.0000201465"/>
    </euPoly>
    <typeEU name="lvpsp5v0curr_12" size="12" eu="lvpsp5v0curr"/>

    <!-- LVPS_ADC_IN5_SCALE value="-2.01465E-05" -->
    <euPoly name ="lvpsn5v0curr">
        <coeff index="0" value="0"/>
        <coeff index="1" value="-0.0000201465"/>
    </euPoly>
    <typeEU name="lvpsn5v0curr_12" size="12" eu="lvpsn5v0curr"/>

    <!-- LVPS_ADC_V2.5_SCALE value="0.001611722" -->
    <euPoly name ="lvpsp2v5curr">
        <coeff index="0" value="0"/>
        <coeff index="1" value="0.00161172"/>
    </euPoly>
    <typeEU name="lvpsp2v5curr_12" size="12" eu="lvpsp2v5curr"/>

    <!-- LVPS_ADC_VN2.5_SCALE scale=0.008864469 offset=-33 -->
    <euPoly name ="lvpsn2v5volt">
        <coeff index="0" value="-33"/>
        <coeff index="1" value="0.008864469"/>
    </euPoly>
    <typeEU name="lvpsn2v5volt_12" size="12" eu="lvpsn2v5volt"/>

    <!-- LVPSN2V5CURR LVPS_ADC_IN2_SCALE -->
    <euPoly name ="lvpsn2v5curr">
        <coeff index="0" value="0"/>
        <coeff index="1" value="-0.000040293"/>
    </euPoly>
    <typeEU name="lvpsn2v5curr_12" size="12" eu="lvpsn2v5curr"/>

    <!-- HVPS_ADC_V_SCALE scale=1.4652 -->
    <euPoly name ="hvpssensvolt">
        <coeff index="0" value="0"/>
        <coeff index="1" value="1.4652"/>
    </euPoly>
    <typeEU name="hvpssensvolt_12" size="12" eu="hvpssensvolt"/>

    <euPoly name ="hvpstargetvolt">
        <coeff index="0" value="0"/>
        <coeff index="1" value="1.4652"/>
    </euPoly>
    <typeEU name="hvpstargetvolt_12" size="12" eu="hvpstargetvolt"/>

    <euPoly name ="hvpsdetvolt">
        <coeff index="0" value="0"/>
        <coeff index="1" value="1.4652"/>
    </euPoly>
    <typeEU name="hvpsdetvolt_12" size="12" eu="hvpsdetvolt"/>

    <euPoly name ="hvpsreflctvolt">
        <coeff index="0" value="0"/>
        <coeff index="1" value="1.4652"/>
    </euPoly>
    <typeEU name="hvpsreflctvolt_12" size="12" eu="hvpsreflctvolt"/>

    <euPoly name ="hvpsrejctnvolt">
        <coeff index="0" value="0"/>
        <coeff index="1" value="1.4652"/>
    </euPoly>
    <typeEU name="hvpsrejctnvolt_12" size="12" eu="hvpsrejctnvolt"/>

    <!-- HVPS_ADC_I_SCALE: SUDA_HVPSDETCURR, SUDA_HVPSSENSPCURR, SUDA_HVPSSENSNCURR scale=0.07326 ????  -->
    <euPoly name ="hvpsdetcurr">
        <coeff index="0" value="0"/>
        <coeff index="1" value="0.000007326"/>
    </euPoly>
    <typeEU name="hvpsdetcurr_12" size="12" eu="hvpsdetcurr"/>

    <euPoly name ="hvpssensncurr">
        <coeff index="0" value="0"/>
        <coeff index="1" value="0.000007326"/>
    </euPoly>
    <typeEU name="hvpssensncurr_12" size="12" eu="hvpssensncurr"/>

    <euPoly name ="hvpssenspcurr">
        <coeff index="0" value="0"/>
        <coeff index="1" value="0.000007326"/>
    </euPoly>
    <typeEU name="hvpssenspcurr_12" size="12" eu="hvpssenspcurr"/>

    <euPoly name ="fpgatemp">
        <coeff index="0" value="358.31"/>
        <coeff index="1" value="-0.1187104"/>
    </euPoly>
    <typeEU name="fpgatemp_12" size="12" eu="fpgatemp"/>

    <!-- PROCTEMP1 - THERM3_eu_type -->
    <euPoly name="PROCADCtempseg1">
        <description text="segment 1 goes from 0 to 2062 DN"/>
        <coeff index="0" value="162.82764"/>
        <coeff index="1" value="-0.26686868"/>
        <coeff index="2" value="3.323794e-4"/>
        <coeff index="3" value="-2.4315299e-7"/>
        <coeff index="4" value="9.0345318e-11"/>
        <coeff index="5" value="-1.3277352e-14"/>
    </euPoly>

    <euPoly name="PROCADCtempseg2">
        <description text="segment 2 goes from 2063 to 3852 DN"/>
        <coeff index="0" value="714.21239"/>
        <coeff index="1" value="-1.1940107"/>
        <coeff index="2" value="8.5990937e-4"/>
        <coeff index="3" value="-3.1452664e-7"/>
        <coeff index="4" value="5.7454164e-11"/>
        <coeff index="5" value="-4.2082309e-15"/>
    </euPoly>

    <euPoly name="PROCADCtempseg3">
        <description text="segment 3 goes from 3853 to 4050 DN"/>
        <coeff index="0" value="136881.23"/>
        <coeff index="1" value="-105.46444"/>
        <coeff index="2" value="0.027102811"/>
        <coeff index="3" value="-2.3235431e-6"/>
    </euPoly>

    <euPoly name="PROCADCtempseg4">
        <description text="segment 4 goes from 4051 to 4078 DN"/>
        <coeff index="0" value="-100809.92"/>
        <coeff index="1" value="50.038087"/>
        <coeff index="2" value="-0.0062120904"/>
    </euPoly>

    <euPoly name="PROCADCtempseg5">
        <description text="segment 5 goes from 4079 to 4095 DN"/>
        <coeff index="0" value="-1320220.6"/>
        <coeff index="1" value="647.69771"/>
        <coeff index="2" value="-0.079443616"/>
    </euPoly>

    <euPoly name="PROCADCtempseg6">
        <description text="segment 6 defines upper boundary"/>
        <coeff index="0" value="0.0"/>
        <coeff index="1" value="1.0"/>
        <coeff index="2" value="0.0"/>
        <coeff index="3" value="0.0"/>
    </euPoly>

    <euSegmented name="procadctmp">
        <segment eu="PROCADCtempseg1" low="0" high="2062"/>
        <segment eu="PROCADCtempseg2" low="2062" high="3852"/>
        <segment eu="PROCADCtempseg3" low="3852" high="4050"/>
        <segment eu="PROCADCtempseg4" low="4050" high="4078"/>
        <segment eu="PROCADCtempseg5" low="4078" high="4095"/>
        <segment eu="PROCADCtempseg6" low="4095" high="4096"/>
    </euSegmented>
    <typeEU name="procadctmp" size="12" eu="procadctmp"/>

    <!-- PROCTEMP2 - THERM3_eu_type -->
    <euPoly name="PROCBDtempseg1">
        <description text="segment 1 goes from 0 to 2062 DN"/>
        <coeff index="0" value="162.82764"/>
        <coeff index="1" value="-0.26686868"/>
        <coeff index="2" value="3.323794e-4"/>
        <coeff index="3" value="-2.4315299e-7"/>
        <coeff index="4" value="9.0345318e-11"/>
        <coeff index="5" value="-1.3277352e-14"/>
    </euPoly>

    <euPoly name="PROCBDtempseg2">
        <description text="segment 2 goes from 2063 to 3852 DN"/>
        <coeff index="0" value="714.21239"/>
        <coeff index="1" value="-1.1940107"/>
        <coeff index="2" value="8.5990937e-4"/>
        <coeff index="3" value="-3.1452664e-7"/>
        <coeff index="4" value="5.7454164e-11"/>
        <coeff index="5" value="-4.2082309e-15"/>
    </euPoly>

    <euPoly name="PROCBDtempseg3">
        <description text="segment 3 goes from 3853 to 4050 DN"/>
        <coeff index="0" value="136881.23"/>
        <coeff index="1" value="-105.46444"/>
        <coeff index="2" value="0.027102811"/>
        <coeff index="3" value="-2.3235431e-6"/>
    </euPoly>

    <euPoly name="PROCBDtempseg4">
        <description text="segment 4 goes from 4051 to 4078 DN"/>
        <coeff index="0" value="-100809.92"/>
        <coeff index="1" value="50.038087"/>
        <coeff index="2" value="-0.0062120904"/>
    </euPoly>

    <euPoly name="PROCBDtempseg5">
        <description text="segment 5 goes from 4079 to 4095 DN"/>
        <coeff index="0" value="-1320220.6"/>
        <coeff index="1" value="647.69771"/>
        <coeff index="2" value="-0.079443616"/>
    </euPoly>

    <euPoly name="PROCBDtempseg6">
        <description text="segment 6 defines upper boundary"/>
        <coeff index="0" value="0.0"/>
        <coeff index="1" value="1.0"/>
        <coeff index="2" value="0.0"/>
        <coeff index="3" value="0.0"/>
    </euPoly>

    <euSegmented name="procbdtmp">
        <segment eu="PROCBDtempseg1" low="0" high="2062"/>
        <segment eu="PROCBDtempseg2" low="2062" high="3852"/>
        <segment eu="PROCBDtempseg3" low="3852" high="4050"/>
        <segment eu="PROCBDtempseg4" low="4050" high="4078"/>
        <segment eu="PROCBDtempseg5" low="4078" high="4095"/>
        <segment eu="PROCBDtempseg6" low="4095" high="4096"/>
    </euSegmented>
    <typeEU name="procbdtmp" size="12" eu="procbdtmp"/>

    <!-- THERM_CSA0_HK THERM0_eu_type SUDA_CSA0TEMP -->
    <euPoly name="CSA0tempseg1">
        <description text="segment 1 goes from 0 to 2044 DN"/>
        <coeff index="0" value="-130.0"/>
        <coeff index="1" value="0.00440098"/>
        <coeff index="2" value="0.0"/>
        <coeff index="3" value="0.0"/>
    </euPoly>

    <euPoly name="CSA0tempseg2">
        <description text="segment 2 goes from 2045 to 2050 DN"/>
        <coeff index="0" value="-4543843.5"/>
        <coeff index="1" value="4432.4711"/>
        <coeff index="2" value="-1.0809791"/>
        <coeff index="3" value="0.0"/>
    </euPoly>

    <euPoly name="CSA0tempseg3">
        <description text="segment 3 goes from 2051 to 2099 DN"/>
        <coeff index="0" value="-1677291.0"/>
        <coeff index="1" value="2400.3668"/>
        <coeff index="2" value="-1.1451923"/>
        <coeff index="3" value="0.0001821353"/>
    </euPoly>

    <euPoly name="CSA0tempseg4">
        <description text="segment 4 goes from 2100 to 2299 DN"/>
        <coeff index="0" value="-12768.551"/>
        <coeff index="1" value="16.430963"/>
        <coeff index="2" value="-7.0988275e-3"/>
        <coeff index="3" value="1.0265009e-6"/>
    </euPoly>

    <euPoly name="CSA0tempseg5">
        <description text="segment 5 goes from 2300 to 3814 DN"/>
        <coeff index="0" value="-4088.0525"/>
        <coeff index="1" value="6.5131776"/>
        <coeff index="2" value="-0.0042475324"/>
        <coeff index="3" value="1.4001406e-6"/>
        <coeff index="4" value="-2.3213837e-10"/>
        <coeff index="5" value="1.5494804e-14"/>
    </euPoly>

    <euPoly name="CSA0tempseg6">
        <description text="segment 6 goes from 3815 to 3994 DN"/>
        <coeff index="0" value="-57341.06"/>
        <coeff index="1" value="45.695102"/>
        <coeff index="2" value="-0.012154636"/>
        <coeff index="3" value="1.079646e-6"/>
    </euPoly>

    <euPoly name="CSA0tempseg7">
        <description text="segment 7 goes from 3995 to 4041 DN"/>
        <coeff index="0" value="54971.375"/>
        <coeff index="1" value="-27.782989"/>
        <coeff index="2" value="0.0035139812"/>
        <coeff index="3" value="0.0"/>
    </euPoly>

    <euPoly name="CSA0tempseg8">
        <description text="segment 8 goes from 4042 to 4095 DN"/>
        <coeff index="0" value="359154.59"/>
        <coeff index="1" value="-178.27746"/>
        <coeff index="2" value="0.022128246"/>
        <coeff index="3" value="0.0"/>
    </euPoly>

    <euPoly name="CSA0tempseg9">
        <description text="segment 9 defines upper boundary prev segment"/>
        <coeff index="0" value="0.0"/>
        <coeff index="1" value="1.0"/>
        <coeff index="2" value="0.0"/>
        <coeff index="3" value="0.0"/>
    </euPoly>

    <euSegmented name="csa0temp">
        <segment eu="CSA0tempseg1" low="0" high="2044"/>
        <segment eu="CSA0tempseg2" low="2044" high="2050"/>
        <segment eu="CSA0tempseg3" low="2050" high="2099"/>
        <segment eu="CSA0tempseg4" low="2099" high="2299"/>
        <segment eu="CSA0tempseg5" low="2299" high="3814"/>
        <segment eu="CSA0tempseg6" low="3814" high="3994"/>
        <segment eu="CSA0tempseg7" low="3994" high="4041"/>
        <segment eu="CSA0tempseg8" low="4041" high="4095"/>
        <segment eu="CSA0tempseg9" low="4095" high="4096"/>
    </euSegmented>
    <typeEU name="csa0temp" size="12" eu="csa0temp"/>

    <!-- THERM_CSA1_HK THERM1_eu_type SUDA_CSA1TEMP -->
    <euPoly name="CSA1tempseg1">
        <description text="segment 1 goes from 0 to 2044 DN"/>
        <coeff index="0" value="-130.0"/>
        <coeff index="1" value="0.00440098"/>
        <coeff index="2" value="0.0"/>
        <coeff index="3" value="0.0"/>
    </euPoly>

    <euPoly name="CSA1tempseg2">
        <description text="segment 2 goes from 2045 to 2050 DN"/>
        <coeff index="0" value="-4543843.5"/>
        <coeff index="1" value="4432.4711"/>
        <coeff index="2" value="-1.0809791"/>
        <coeff index="3" value="0.0"/>
    </euPoly>

    <euPoly name="CSA1tempseg3">
        <description text="segment 3 goes from 2051 to 2099 DN"/>
        <coeff index="0" value="-1677291.0"/>
        <coeff index="1" value="2400.3668"/>
        <coeff index="2" value="-1.1451923"/>
        <coeff index="3" value="0.0001821353"/>
    </euPoly>

    <euPoly name="CSA1tempseg4">
        <description text="segment 4 goes from 2100 to 2299 DN"/>
        <coeff index="0" value="-12768.551"/>
        <coeff index="1" value="16.430963"/>
        <coeff index="2" value="-7.0988275e-3"/>
        <coeff index="3" value="1.0265009e-6"/>
    </euPoly>

    <euPoly name="CSA1tempseg5">
        <description text="segment 5 goes from 2300 to 3814 DN"/>
        <coeff index="0" value="-4088.0525"/>
        <coeff index="1" value="6.5131776"/>
        <coeff index="2" value="-0.0042475324"/>
        <coeff index="3" value="1.4001406e-6"/>
        <coeff index="4" value="-2.3213837e-10"/>
        <coeff index="5" value="1.5494804e-14"/>
    </euPoly>

    <euPoly name="CSA1tempseg6">
        <description text="segment 6 goes from 3815 to 3994 DN"/>
        <coeff index="0" value="-57341.06"/>
        <coeff index="1" value="45.695102"/>
        <coeff index="2" value="-0.012154636"/>
        <coeff index="3" value="1.079646e-6"/>
    </euPoly>

    <euPoly name="CSA1tempseg7">
        <description text="segment 7 goes from 3995 to 4041 DN"/>
        <coeff index="0" value="54971.375"/>
        <coeff index="1" value="-27.782989"/>
        <coeff index="2" value="0.0035139812"/>
        <coeff index="3" value="0.0"/>
    </euPoly>

    <euPoly name="CSA1tempseg8">
        <description text="segment 8 goes from 4042 to 4095 DN"/>
        <coeff index="0" value="359154.59"/>
        <coeff index="1" value="-178.27746"/>
        <coeff index="2" value="0.022128246"/>
        <coeff index="3" value="0.0"/>
    </euPoly>

    <euPoly name="CSA1tempseg9">
        <description text="defines upper boundary of previous segment"/>
        <coeff index="0" value="0.0"/>
        <coeff index="1" value="1.0"/>
        <coeff index="2" value="0.0"/>
        <coeff index="3" value="0.0"/>
    </euPoly>

    <euSegmented name="csa1temp">
        <segment eu="CSA1tempseg1" low="0" high="2044"/>
        <segment eu="CSA1tempseg2" low="2044" high="2050"/>
        <segment eu="CSA1tempseg3" low="2050" high="2099"/>
        <segment eu="CSA1tempseg4" low="2099" high="2299"/>
        <segment eu="CSA1tempseg5" low="2299" high="3814"/>
        <segment eu="CSA1tempseg6" low="3814" high="3994"/>
        <segment eu="CSA1tempseg7" low="3994" high="4041"/>
        <segment eu="CSA1tempseg8" low="4041" high="4095"/>
        <segment eu="CSA1tempseg9" low="4095" high="4096"/>
    </euSegmented>
    <typeEU name="csa1temp" size="12" eu="csa1temp"/>

    <!-- ITCSAOPSETPT -->
    <euPoly name="ITCSAOPSETPTseg1">
        <description text="segment 1 goes from 0 to 2044 DN"/>
        <coeff index="0" value="-130.0"/>
        <coeff index="1" value="0.00440098"/>
        <coeff index="2" value="0.0"/>
        <coeff index="3" value="0.0"/>
    </euPoly>

    <euPoly name="ITCSAOPSETPTseg2">
        <description text="segment 2 goes from 2045 to 2050 DN"/>
        <coeff index="0" value="-4543843.5"/>
        <coeff index="1" value="4432.4711"/>
        <coeff index="2" value="-1.0809791"/>
        <coeff index="3" value="0.0"/>
    </euPoly>

    <euPoly name="ITCSAOPSETPTseg3">
        <description text="segment 3 goes from 2051 to 2099 DN"/>
        <coeff index="0" value="-1677291.0"/>
        <coeff index="1" value="2400.3668"/>
        <coeff index="2" value="-1.1451923"/>
        <coeff index="3" value="0.0001821353"/>
    </euPoly>

    <euPoly name="ITCSAOPSETPTseg4">
        <description text="segment 4 goes from 2100 to 2299 DN"/>
        <coeff index="0" value="-12768.551"/>
        <coeff index="1" value="16.430963"/>
        <coeff index="2" value="-7.0988275e-3"/>
        <coeff index="3" value="1.0265009e-6"/>
    </euPoly>

    <euPoly name="ITCSAOPSETPTseg5">
        <description text="segment 5 goes from 2300 to 3814 DN"/>
        <coeff index="0" value="-4088.0525"/>
        <coeff index="1" value="6.5131776"/>
        <coeff index="2" value="-0.0042475324"/>
        <coeff index="3" value="1.4001406e-6"/>
        <coeff index="4" value="-2.3213837e-10"/>
        <coeff index="5" value="1.5494804e-14"/>
    </euPoly>

    <euPoly name="ITCSAOPSETPTseg6">
        <description text="segment 6 goes from 3815 to 3994 DN"/>
        <coeff index="0" value="-57341.06"/>
        <coeff index="1" value="45.695102"/>
        <coeff index="2" value="-0.012154636"/>
        <coeff index="3" value="1.079646e-6"/>
    </euPoly>

    <euPoly name="ITCSAOPSETPTseg7">
        <description text="segment 7 goes from 3995 to 4041 DN"/>
        <coeff index="0" value="54971.375"/>
        <coeff index="1" value="-27.782989"/>
        <coeff index="2" value="0.0035139812"/>
        <coeff index="3" value="0.0"/>
    </euPoly>

    <euPoly name="ITCSAOPSETPTseg8">
        <description text="segment 8 goes from 4042 to 4095 DN"/>
        <coeff index="0" value="359154.59"/>
        <coeff index="1" value="-178.27746"/>
        <coeff index="2" value="0.022128246"/>
        <coeff index="3" value="0.0"/>
    </euPoly>

    <euPoly name="ITCSAOPSETPTseg9">
        <description text="segment 9 defines upper boundary prev segment"/>
        <coeff index="0" value="0.0"/>
        <coeff index="1" value="1.0"/>
        <coeff index="2" value="0.0"/>
        <coeff index="3" value="0.0"/>
    </euPoly>

    <euSegmented name="itCsaOpSetpt">
        <segment eu="ITCSAOPSETPTseg1" low="0" high="2044"/>
        <segment eu="ITCSAOPSETPTseg2" low="2044" high="2050"/>
        <segment eu="ITCSAOPSETPTseg3" low="2050" high="2099"/>
        <segment eu="ITCSAOPSETPTseg4" low="2099" high="2299"/>
        <segment eu="ITCSAOPSETPTseg5" low="2299" high="3814"/>
        <segment eu="ITCSAOPSETPTseg6" low="3814" high="3994"/>
        <segment eu="ITCSAOPSETPTseg7" low="3994" high="4041"/>
        <segment eu="ITCSAOPSETPTseg8" low="4041" high="4095"/>
        <segment eu="ITCSAOPSETPTseg9" low="4095" high="4096"/>
    </euSegmented>
    <typeEU name="itCsaOpSetpt" size="12" eu="itCsaOpSetpt"/>

    <!-- VCSAOPSETPT -->

    <euPoly name="VCSAOPSETPTseg1">
        <description text="segment 1 goes from 0 to 2044 DN"/>
        <coeff index="0" value="-130.0"/>
        <coeff index="1" value="0.00440098"/>
        <coeff index="2" value="0.0"/>
        <coeff index="3" value="0.0"/>
    </euPoly>

    <euPoly name="VCSAOPSETPTseg2">
        <description text="segment 2 goes from 2045 to 2050 DN"/>
        <coeff index="0" value="-4543843.5"/>
        <coeff index="1" value="4432.4711"/>
        <coeff index="2" value="-1.0809791"/>
        <coeff index="3" value="0.0"/>
    </euPoly>

    <euPoly name="VCSAOPSETPTseg3">
        <description text="segment 3 goes from 2051 to 2099 DN"/>
        <coeff index="0" value="-1677291.0"/>
        <coeff index="1" value="2400.3668"/>
        <coeff index="2" value="-1.1451923"/>
        <coeff index="3" value="0.0001821353"/>
    </euPoly>

    <euPoly name="VCSAOPSETPTseg4">
        <description text="segment 4 goes from 2100 to 2299 DN"/>
        <coeff index="0" value="-12768.551"/>
        <coeff index="1" value="16.430963"/>
        <coeff index="2" value="-7.0988275e-3"/>
        <coeff index="3" value="1.0265009e-6"/>
    </euPoly>

    <euPoly name="VCSAOPSETPTseg5">
        <description text="segment 5 goes from 2300 to 3814 DN"/>
        <coeff index="0" value="-4088.0525"/>
        <coeff index="1" value="6.5131776"/>
        <coeff index="2" value="-0.0042475324"/>
        <coeff index="3" value="1.4001406e-6"/>
        <coeff index="4" value="-2.3213837e-10"/>
        <coeff index="5" value="1.5494804e-14"/>
    </euPoly>

    <euPoly name="VCSAOPSETPTseg6">
        <description text="segment 6 goes from 3815 to 3994 DN"/>
        <coeff index="0" value="-57341.06"/>
        <coeff index="1" value="45.695102"/>
        <coeff index="2" value="-0.012154636"/>
        <coeff index="3" value="1.079646e-6"/>
    </euPoly>

    <euPoly name="VCSAOPSETPTseg7">
        <description text="segment 7 goes from 3995 to 4041 DN"/>
        <coeff index="0" value="54971.375"/>
        <coeff index="1" value="-27.782989"/>
        <coeff index="2" value="0.0035139812"/>
        <coeff index="3" value="0.0"/>
    </euPoly>

    <euPoly name="VCSAOPSETPTseg8">
        <description text="segment 8 goes from 4042 to 4095 DN"/>
        <coeff index="0" value="359154.59"/>
        <coeff index="1" value="-178.27746"/>
        <coeff index="2" value="0.022128246"/>
        <coeff index="3" value="0.0"/>
    </euPoly>

    <euPoly name="VCSAOPSETPTseg9">
        <description text="segment 9 defines upper boundary prev segment"/>
        <coeff index="0" value="0.0"/>
        <coeff index="1" value="1.0"/>
        <coeff index="2" value="0.0"/>
        <coeff index="3" value="0.0"/>
    </euPoly>

    <euSegmented name="vCsaOpSetPt">
        <segment eu="VCSAOPSETPTseg1" low="0" high="2044"/>
        <segment eu="VCSAOPSETPTseg2" low="2044" high="2050"/>
        <segment eu="VCSAOPSETPTseg3" low="2050" high="2099"/>
        <segment eu="VCSAOPSETPTseg4" low="2099" high="2299"/>
        <segment eu="VCSAOPSETPTseg5" low="2299" high="3814"/>
        <segment eu="VCSAOPSETPTseg6" low="3814" high="3994"/>
        <segment eu="VCSAOPSETPTseg7" low="3994" high="4041"/>
        <segment eu="VCSAOPSETPTseg8" low="4041" high="4095"/>
        <segment eu="VCSAOPSETPTseg9" low="4095" high="4096"/>
    </euSegmented>
    <typeEU name="vCsaOpSetPt" size="12" eu="vCsaOpSetPt"/>

    <!-- THERM_LVPS_HK  type=THERM2_eu_type fact1=SUDA_LVPSBDTEMP -->

    <euPoly name="LVPSBDtempseg1">
        <description text="segment 1 goes from 0 to 2090 DN"/>
        <coeff index="0" value="200.41374"/>
        <coeff index="1" value="-0.202063987"/>
        <coeff index="2" value="1.7540301e-4"/>
        <coeff index="3" value="-9.7395475e-8"/>
        <coeff index="4" value="2.8889322e-11"/>
        <coeff index="5" value="-3.5456032e-15"/>
    </euPoly>

    <euPoly name="LVPSBDtempseg2">
        <description text="segment 2 goes from 2091 to 3868 DN"/>
        <coeff index="0" value="1193.93"/>
        <coeff index="1" value="-1.97726"/>
        <coeff index="2" value="0.0014106"/>
        <coeff index="3" value="-5.07894e-7"/>
        <coeff index="4" value="9.11987e-11"/>
        <coeff index="5" value="-6.55229e-15"/>
    </euPoly>

    <euPoly name="LVPSBDtempseg3">
        <description text="segment 3 goes from 3869 to 4050 DN"/>
        <coeff index="0" value="170704.73"/>
        <coeff index="1" value="-131.19806"/>
        <coeff index="2" value="3.3637418e-2"/>
        <coeff index="3" value="-2.8770114e-6"/>
    </euPoly>

    <euPoly name="LVPSBDtempseg4">
        <description text="segment 4 goes from 4051 to 4075 DN"/>
        <coeff index="0" value="-104713.89"/>
        <coeff index="1" value="52.02446"/>
        <coeff index="2" value="-0.0064633745"/>
    </euPoly>

    <euPoly name="LVPSBDtempseg5">
        <description text="segment 5 goes from 4076 to 4095 DN"/>
        <coeff index="0" value="-419086.28"/>
        <coeff index="1" value="206.46236"/>
        <coeff index="2" value="-0.025430565"/>
    </euPoly>

    <euPoly name="LVPSBDtempseg6">
        <description text="segment 6 defines upper boundary"/>
        <coeff index="0" value="0.0"/>
        <coeff index="1" value="1.0"/>
        <coeff index="2" value="0.0"/>
        <coeff index="3" value="0.0"/>
    </euPoly>

    <euSegmented name="lvpsbdtmp">
        <segment eu="LVPSBDtempseg1" low="0" high="2090"/>
        <segment eu="LVPSBDtempseg2" low="2090" high="3868"/>
        <segment eu="LVPSBDtempseg3" low="3868" high="4050"/>
        <segment eu="LVPSBDtempseg4" low="4050" high="4075"/>
        <segment eu="LVPSBDtempseg5" low="4075" high="4095"/>
        <segment eu="LVPSBDtempseg6" low="4095" high="4096"/>
    </euSegmented>
    <typeEU name="lvpsbdtmp" size="12" eu="lvpsbdtmp"/>

    <!-- THERM_HVPS_HK  type="THERM2_eu_type" fact1="SUDA_HVPSBDTEMP -->

    <euPoly name="HVPSBDtempseg1">
        <description text="segment 1 goes from 0 to 2090 DN"/>
        <coeff index="0" value="200.41374"/>
        <coeff index="1" value="-0.202063987"/>
        <coeff index="2" value="1.7540301e-4"/>
        <coeff index="3" value="-9.7395475e-8"/>
        <coeff index="4" value="2.8889322e-11"/>
        <coeff index="5" value="-3.5456032e-15"/>
    </euPoly>

    <euPoly name="HVPSBDtempseg2">
        <description text="segment 2 goes from 2091 to 3868 DN"/>
        <coeff index="0" value="1193.93"/>
        <coeff index="1" value="-1.97726"/>
        <coeff index="2" value="0.0014106"/>
        <coeff index="3" value="-5.07894e-7"/>
        <coeff index="4" value="9.11987e-11"/>
        <coeff index="5" value="-6.55229e-15"/>
    </euPoly>

    <euPoly name="HVPSBDtempseg3">
        <description text="segment 3 goes from 3869 to 4050 DN"/>
        <coeff index="0" value="170704.73"/>
        <coeff index="1" value="-131.19806"/>
        <coeff index="2" value="3.3637418e-2"/>
        <coeff index="3" value="-2.8770114e-6"/>
    </euPoly>

    <euPoly name="HVPSBDtempseg4">
        <description text="segment 4 goes from 4051 to 4075 DN"/>
        <coeff index="0" value="-104713.89"/>
        <coeff index="1" value="52.02446"/>
        <coeff index="2" value="-0.0064633745"/>
    </euPoly>

    <euPoly name="HVPSBDtempseg5">
        <description text="segment 5 goes from 4076 to 4095 DN"/>
        <coeff index="0" value="-419086.28"/>
        <coeff index="1" value="206.46236"/>
        <coeff index="2" value="-0.025430565"/>
    </euPoly>

    <euPoly name="HVPSBDtempseg6">
        <description text="segment 6 defines upper boundary"/>
        <coeff index="0" value="0.0"/>
        <coeff index="1" value="1.0"/>
        <coeff index="2" value="0.0"/>
        <coeff index="3" value="0.0"/>
    </euPoly>

    <euSegmented name="hvpsbdtmp">
        <segment eu="HVPSBDtempseg1" low="0" high="2090"/>
        <segment eu="HVPSBDtempseg2" low="2090" high="3868"/>
        <segment eu="HVPSBDtempseg3" low="3868" high="4050"/>
        <segment eu="HVPSBDtempseg4" low="4050" high="4075"/>
        <segment eu="HVPSBDtempseg5" low="4075" high="4095"/>
        <segment eu="HVPSBDtempseg6" low="4095" high="4096"/>
    </euSegmented>
    <typeEU name="hvpsbdtmp" size="12" eu="hvpsbdtmp" endian="LITTLE"/>

    <!-- THERM_BUFF_HK"  type="THERM1_eu_type" fact1="SUDA_DETTEMP -->

    <euPoly name="DETtempseg1">
        <description text="segment 1 goes from 0 to 2044 DN"/>
        <coeff index="0" value="-130.0"/>
        <coeff index="1" value="0.00440098"/>
        <coeff index="2" value="0.0"/>
        <coeff index="3" value="0.0"/>
    </euPoly>

    <euPoly name="DETtempseg2">
        <description text="segment 2 goes from 2045 to 2050 DN"/>
        <coeff index="0" value="-4543843.5"/>
        <coeff index="1" value="4432.4711"/>
        <coeff index="2" value="-1.0809791"/>
        <coeff index="3" value="0.0"/>
    </euPoly>

    <euPoly name="DETtempseg3">
        <description text="segment 3 goes from 2051 to 2099 DN"/>
        <coeff index="0" value="-1677291.0"/>
        <coeff index="1" value="2400.3668"/>
        <coeff index="2" value="-1.1451923"/>
        <coeff index="3" value="0.0001821353"/>
    </euPoly>

    <euPoly name="DETtempseg4">
        <description text="segment 4 goes from 2100 to 2299 DN"/>
        <coeff index="0" value="-12768.551"/>
        <coeff index="1" value="16.430963"/>
        <coeff index="2" value="-7.0988275e-3"/>
        <coeff index="3" value="1.0265009e-6"/>
    </euPoly>

    <euPoly name="DETtempseg5">
        <description text="segment 5 goes from 2300 to 3814 DN"/>
        <coeff index="0" value="-4088.0525"/>
        <coeff index="1" value="6.5131776"/>
        <coeff index="2" value="-0.0042475324"/>
        <coeff index="3" value="1.4001406e-6"/>
        <coeff index="4" value="-2.3213837e-10"/>
        <coeff index="5" value="1.5494804e-14"/>
    </euPoly>

    <euPoly name="DETtempseg6">
        <description text="segment 6 goes from 3815 to 3994 DN"/>
        <coeff index="0" value="-57341.06"/>
        <coeff index="1" value="45.695102"/>
        <coeff index="2" value="-0.012154636"/>
        <coeff index="3" value="1.079646e-6"/>
    </euPoly>

    <euPoly name="DETtempseg7">
        <description text="segment 7 goes from 3995 to 4041 DN"/>
        <coeff index="0" value="54971.375"/>
        <coeff index="1" value="-27.782989"/>
        <coeff index="2" value="0.0035139812"/>
        <coeff index="3" value="0.0"/>
    </euPoly>

    <euPoly name="DETtempseg8">
        <description text="segment 8 goes from 4042 to 4095 DN"/>
        <coeff index="0" value="359154.59"/>
        <coeff index="1" value="-178.27746"/>
        <coeff index="2" value="0.022128246"/>
        <coeff index="3" value="0.0"/>
    </euPoly>

    <euPoly name="DETtempseg9">
        <description text="segment 9 defines upper boundary prev segment"/>
        <coeff index="0" value="0.0"/>
        <coeff index="1" value="1.0"/>
        <coeff index="2" value="0.0"/>
        <coeff index="3" value="0.0"/>
    </euPoly>

    <euSegmented name="detTemp">
        <segment eu="DETtempseg1" low="0" high="2044"/>
        <segment eu="DETtempseg2" low="2044" high="2050"/>
        <segment eu="DETtempseg3" low="2050" high="2099"/>
        <segment eu="DETtempseg4" low="2099" high="2299"/>
        <segment eu="DETtempseg5" low="2299" high="3814"/>
        <segment eu="DETtempseg6" low="3814" high="3994"/>
        <segment eu="DETtempseg7" low="3994" high="4041"/>
        <segment eu="DETtempseg8" low="4041" high="4095"/>
        <segment eu="DETtempseg9" low="4095" high="4096"/>
    </euSegmented>
    <typeEU name="detTemp" size="12" eu="detTemp"/>

    <!-- DETOPSETPT -->
    <euPoly name="DETOPSETPTseg1">
        <description text="segment 1 goes from 0 to 2044 DN"/>
        <coeff index="0" value="-130.0"/>
        <coeff index="1" value="0.00440098"/>
        <coeff index="2" value="0.0"/>
        <coeff index="3" value="0.0"/>
    </euPoly>

    <euPoly name="DETOPSETPTseg2">
        <description text="segment 2 goes from 2045 to 2050 DN"/>
        <coeff index="0" value="-4543843.5"/>
        <coeff index="1" value="4432.4711"/>
        <coeff index="2" value="-1.0809791"/>
        <coeff index="3" value="0.0"/>
    </euPoly>

    <euPoly name="DETOPSETPTseg3">
        <description text="segment 3 goes from 2051 to 2099 DN"/>
        <coeff index="0" value="-1677291.0"/>
        <coeff index="1" value="2400.3668"/>
        <coeff index="2" value="-1.1451923"/>
        <coeff index="3" value="0.0001821353"/>
    </euPoly>

    <euPoly name="DETOPSETPTseg4">
        <description text="segment 4 goes from 2100 to 2299 DN"/>
        <coeff index="0" value="-12768.551"/>
        <coeff index="1" value="16.430963"/>
        <coeff index="2" value="-7.0988275e-3"/>
        <coeff index="3" value="1.0265009e-6"/>
    </euPoly>

    <euPoly name="DETOPSETPTseg5">
        <description text="segment 5 goes from 2300 to 3814 DN"/>
        <coeff index="0" value="-4088.0525"/>
        <coeff index="1" value="6.5131776"/>
        <coeff index="2" value="-0.0042475324"/>
        <coeff index="3" value="1.4001406e-6"/>
        <coeff index="4" value="-2.3213837e-10"/>
        <coeff index="5" value="1.5494804e-14"/>
    </euPoly>

    <euPoly name="DETOPSETPTseg6">
        <description text="segment 6 goes from 3815 to 3994 DN"/>
        <coeff index="0" value="-57341.06"/>
        <coeff index="1" value="45.695102"/>
        <coeff index="2" value="-0.012154636"/>
        <coeff index="3" value="1.079646e-6"/>
    </euPoly>

    <euPoly name="DETOPSETPTseg7">
        <description text="segment 7 goes from 3995 to 4041 DN"/>
        <coeff index="0" value="54971.375"/>
        <coeff index="1" value="-27.782989"/>
        <coeff index="2" value="0.0035139812"/>
        <coeff index="3" value="0.0"/>
    </euPoly>

    <euPoly name="DETOPSETPTseg8">
        <description text="segment 8 goes from 4042 to 4095 DN"/>
        <coeff index="0" value="359154.59"/>
        <coeff index="1" value="-178.27746"/>
        <coeff index="2" value="0.022128246"/>
        <coeff index="3" value="0.0"/>
    </euPoly>

    <euPoly name="DETOPSETPTseg9">
        <description text="segment 9 defines upper boundary prev segment"/>
        <coeff index="0" value="0.0"/>
        <coeff index="1" value="1.0"/>
        <coeff index="2" value="0.0"/>
        <coeff index="3" value="0.0"/>
    </euPoly>

    <euSegmented name="detOpSetpt">
        <segment eu="DETOPSETPTseg1" low="0" high="2044"/>
        <segment eu="DETOPSETPTseg2" low="2044" high="2050"/>
        <segment eu="DETOPSETPTseg3" low="2050" high="2099"/>
        <segment eu="DETOPSETPTseg4" low="2099" high="2299"/>
        <segment eu="DETOPSETPTseg5" low="2299" high="3814"/>
        <segment eu="DETOPSETPTseg6" low="3814" high="3994"/>
        <segment eu="DETOPSETPTseg7" low="3994" high="4041"/>
        <segment eu="DETOPSETPTseg8" low="4041" high="4095"/>
        <segment eu="DETOPSETPTseg9" low="4095" high="4096"/>
    </euSegmented>
    <typeEU name="detOpSetpt" size="12" eu="detOpSetpt"/>


</hydraDef>
