<!-- SUDA-specific file to define SUDA-specific commands -->

<hydraDef>

  <!-- Frame for Unified Message Structure SUDA Commands -->
  <frameDef name="ums_cmd_logical_addr">
    <field>
      <itemDef name="cmd_routing_addr"    type="dn2" value="3" /> <!-- SPW = 0b11, UART = 0b00 -->
      <itemDef name="cmd_logical_addr_offset" type="dn1" value="1" />
      <itemDef name="cmd_msg_hdr_type"      type="dn1" value="1" />
      <itemDef name="instrument_id"       type="dn4" value="0x8"/> <!-- SUDA = 0x8 -->
    </field>
  </frameDef>

  <frameDef name="ums_cmd_protocol_ID">
    <field>
      <itemDef name="ums_cmd_protocol_ID_val" type="dn8" value="0xF0" />
    </field>
  </frameDef>

  <frameDef name="UMS">
    <field>
      <frameCopy name="ums_cmd_logical_addr" suffix="_SUDAcmd0"/>
      <frameCopy name="ums_cmd_protocol_ID" suffix="_SUDAcmd"/>
      <frameCopy name="ums_cmd_logical_addr" suffix="_SUDAcmd1"/>
      <frameCopy name="ums_cmd_logical_addr" suffix="_SUDAcmd2"/>
    </field>
  </frameDef>

  <!-- Frame for CCSDS cmd headers -->
  <frameDef name="cmdHeader">
    <field>
      <frameCopy name="UMS" suffix="_suda_cmd"/>
      <itemDef name="cmdCcsdsVersion"     type="dn3" value="0" />
      <itemDef name="cmdCcsdsPktType"     type="dn1" value="1" />
      <itemDef name="cmdCcsdsSecHdrFlag"  type="dn1" value="1" />
      <itemDef name="cmdCcsdsApID"        type="dn11" value="0x580"/>
      <itemDef name="cmdCcsdsGroup"       type="dn2"  value="3"/>
      <itemCounter name="cmdCcsdsSeqCnt"  type="dn14" value="1" min="0" max="0x3FFF" incr="1"/>
      <itemDef name="cmdCcsdsLength"      type="dn16" value="0"/>
      <placeholder/>
      <itemDef name="cmdCrc16Checksum" type="dn16" value="0"/>
    </field>

    <!-- Subtract the usual 7 bytes per CCSDS, plus another 4 bytes for UMS (88 bits total) -->
    <length item="cmdCcsdsLength" offset="-88"/>
    <checksum method="crc" seed="0xFFFF" start="cmdCcsdsVersion" item="cmdCrc16Checksum"
      stop="cmdCrc16Checksum" width="16" poly="0x1021"/>
  </frameDef>


  <hwOutFile name="spwCmdLog" prefix="spwCmd" maxSize="#LOG_FILE_MAX_SIZE"/>

  <!-- Decoder to process commands -->
  <decoderDef name="cmdDecoder" updateDB="false">
  <description text="Decoder to process commands"/>
    <headerFrame name="cmdHeader"/>
    <outBuffer size="4096"/>
    <frameID name="4:0:dn11"/>
    <outputDevice name="spwBox"/>
    <outputDevice name="spwCmdLog" enabled="true"/>
    <!-- <outputDevice name="ssimDecoder"/> -->
    <!-- <frameHeader type="dn8" num="4" value="0xF8 0xF0 0xF8 0xF8"/>--> <!-- Unified message header -->
  </decoderDef>

  <!-- For XTCE output -->
  <xtceConfig type="cmdApidLoc">0:4:0x7FF</xtceConfig>
  <xtceConfig type="cmdOpcodeLoc">12:4:0xFFFF</xtceConfig>
  <!-- Each command has its own ancillary data for the XTCE output. The fields for constraints, target,
       and telemetryResponse just take a string.  The safetyLevel should use text 'hazardous', but
       this does not appear to work.  -->


  <!-- Memory load cmds put in their own file, so include it -->
  <include>Config\suda_cmd_loads.xml</include>


  <!-- Commands common for all Europa Clipper instruments -->

  <command name="STM" decoder="cmdDecoder">
    <field>
      <frameCopy name="UMS" suffix="_suda_stm" />
      <itemDef name="cmdCcsdsVersion_stm"     type="dn3" value="0" />
      <itemDef name="cmdCcsdsPktType_stm"     type="dn1" value="1" />
      <itemDef name="cmdCcsdsSecHdrFlag_stm"  type="dn1" value="1" />
      <itemDef name="cmdCcsdsApID_stm"        type="dn11" value="0x580"/>  
      <itemDef name="cmdCcsdsGroup_stm"       type="dn2"  value="3"/>
      <itemCounter name="cmdCcsdsSeqCnt_stm"  type="dn14" value="1" min="0" max="0x3FFF" incr="1"/>
      <itemDef name="cmdCcsdsLength_stm"      type="dn16" value="0"/>
      <opcode value="0x8001" type="dn16"/>
      <itemCounter name="STM_Time" type="dn32" value="0" incr="1" min="0" max="-1"/>
      <itemDef name="STM_Status" type="dn16" value="0xBEEF"/>
      <itemDef name="cmdCrc16Checksum_stm" type="dn16" value="0"/>
    </field>

    <length item="cmdCcsdsLength_stm" offset="-88"/>
    <checksum method="crc" seed="0xFFFF" start="cmdCcsdsVersion_stm" item="cmdCrc16Checksum_stm"
          stop="cmdCrc16Checksum_stm" width="16" poly="0x1021"/>
  </command>
  <alias name="timemsg" command="STM"/>

  <itemTime name="currentTime" type="dn32" method="secSinceEpoch" epoch="Jan 01 2010 00:00:00"/>

  <command name="suda_cmd_noop" decoder="cmdDecoder">
    <description text="Increments command counters, otherwise no instrument action"/>
    <!-- <ancillaryDataSet><ancillaryData name="telemetryResponse" value="ABCDEFG"/></ancillaryDataSet> -->
    <ancillaryDataSet>
      <ancillaryData name="safetyLevel"></ancillaryData>
      <ancillaryData name="constraints">TBD</ancillaryData>
      <ancillaryData name="target">TBD</ancillaryData>
      <ancillaryData name="telemetryResponse">TBD</ancillaryData>
    </ancillaryDataSet>
    <field>
      <opcode value="0x1101" type="dn16"/>
      <itemDef name="noop_pad" type="dn16" value="0"/>
    </field>
  </command>
  <alias name="noop" command="suda_cmd_noop"/>

  <command name="suda_cmd_reset" decoder="cmdDecoder">
    <description text="Initiate instrument reboot that reloads FPGA/BootFSW from MRAM"/>
    <ancillaryDataSet>
      <ancillaryData name="safetyLevel"></ancillaryData>
      <ancillaryData name="constraints"></ancillaryData>
      <ancillaryData name="target"></ancillaryData>
      <ancillaryData name="telemetryResponse"></ancillaryData>
    </ancillaryDataSet>
    <field>
      <opcode value="0x8701" type="dn16"/>
      <itemDef name="reset_pad" type="dn16" value="0"/>
    </field>
  </command>
  <alias name="reset" command="suda_cmd_reset"/>

  <command name="suda_cmd_shutdown" decoder="cmdDecoder">
    <description text="Transition to (or remain in) a safe state, ready to be powered off"/>
    <ancillaryDataSet>
      <ancillaryData name="safetyLevel"></ancillaryData>
      <ancillaryData name="constraints"></ancillaryData>
      <ancillaryData name="target"></ancillaryData>
      <ancillaryData name="telemetryResponse"></ancillaryData>
    </ancillaryDataSet>
    <field>
      <opcode value="0x8703" type="dn16"/>
      <itemDef name="shutdown_pad" type="dn16" value="0"/>
    </field>
  </command>
  <alias name="shutdown" command="suda_cmd_shutdown"/>

  <command name="suda_cmd_setaidbin" decoder="cmdDecoder">
    <description text="Uniquely tag next acquired science dataset and selects which BDS storage bin"/>
    <ancillaryDataSet>
      <ancillaryData name="safetyLevel"></ancillaryData>
      <ancillaryData name="constraints"></ancillaryData>
      <ancillaryData name="target"></ancillaryData>
      <ancillaryData name="telemetryResponse"></ancillaryData>
    </ancillaryDataSet>
    <field>
      <opcode value="0x8E00" type="dn16"/>
      <argument id="AID" type="dn32" default="0"><description text="Accountability identifier to uniquely tag a science dataset"/></argument>
      <argument id="BIN" type="dn8" default="0"><description text="BDS storage bin (AKA filter ID) to use for this AID"/></argument>
      <argument id="INDEX" type="dn8" default="0"><description text="Index for this AID"/></argument>
    </field>
  </command>
  <alias name="setaidbin" command="suda_cmd_setaidbin"/>

  <command name="suda_cmd_rstcomm" decoder="cmdDecoder">
    <description text="Clear SpW FIFOs and buffers; reset communication and try to re-establish"/>
    <ancillaryDataSet>
      <ancillaryData name="safetyLevel"></ancillaryData>
      <ancillaryData name="constraints"></ancillaryData>
      <ancillaryData name="target"></ancillaryData>
      <ancillaryData name="telemetryResponse"></ancillaryData>
    </ancillaryDataSet>
    <field>
      <opcode value="0x8E01" type="dn16"/>
      <itemDef name="rstcomm_pad" type="dn16" value="0"/>
    </field>
  </command>
  <alias name="rstcomm" command="suda_cmd_rstcomm"/>

  <command name="suda_cmd_clrcntrs" decoder="cmdDecoder">
    <description text="Clear S/C-centric communication-related counters and state in HS packet"/>
    <ancillaryDataSet>
      <ancillaryData name="safetyLevel"></ancillaryData>
      <ancillaryData name="constraints"></ancillaryData>
      <ancillaryData name="target"></ancillaryData>
      <ancillaryData name="telemetryResponse"></ancillaryData>
    </ancillaryDataSet>
    <field>
      <opcode value="0x8E02" type="dn16"/>
      <argument id="CNTR" type="clrCntrSelType6" default="0"><description text="Select counter(s) to clear"/></argument>
      <argument id="CLR" type="clrCntrFieldType2" default="0"><description text="Clear counter only, or overflow flag only, or both"/></argument>
      <itemDef name="clrcntrs_pad" type="dn8" value="0"/>
    </field>
  </command>
  <alias name="clrcntrs" command="suda_cmd_clrcntrs"/>

  <command name="suda_cmd_boostspw" decoder="cmdDecoder">
    <description text="Configure SpaceWire communication rate for telemetry (auto-rate change)"/>
    <ancillaryDataSet>
      <ancillaryData name="safetyLevel"></ancillaryData>
      <ancillaryData name="constraints"></ancillaryData>
      <ancillaryData name="target"></ancillaryData>
      <ancillaryData name="telemetryResponse"></ancillaryData>
    </ancillaryDataSet>
    <field>
      <opcode value="0x8E03" type="dn16"/>
      <argument id="STATE" type="enaDis8" default="0"><description text="Enable or disable 20 MHz jump"/></argument>
      <itemDef name="boostspw_pad" type="dn8" value="0"/>
    </field>
  </command>
  <alias name="boostspw" command="suda_cmd_boostspw"/>

  <command name="suda_cmd_loopback" decoder="cmdDecoder">
    <description text="Enable remote SpaceWire loopback (requires power cycle to stop)"/>
    <ancillaryDataSet>
      <ancillaryData name="safetyLevel"></ancillaryData>
      <ancillaryData name="constraints"></ancillaryData>
      <ancillaryData name="target"></ancillaryData>
      <ancillaryData name="telemetryResponse"></ancillaryData>
    </ancillaryDataSet>
    <field>
      <opcode value="0x8E0F" type="dn16"/>
      <itemDef name="loopback_pad" type="dn16" value="0"/>
    </field>
  </command>
  <alias name="loopback" command="suda_cmd_loopback"/>


  <!-- SUDA-specific commands below -->

  <command name="suda_cmd_setflag" decoder="cmdDecoder">
    <description text="Assert the selected flag or increment counter"/>
    <ancillaryDataSet>
      <ancillaryData name="safetyLevel"></ancillaryData>
      <ancillaryData name="constraints"></ancillaryData>
      <ancillaryData name="target"></ancillaryData>
      <ancillaryData name="telemetryResponse"></ancillaryData>
    </ancillaryDataSet>
    <field>
      <opcode value="0xCCC0" type="dn16"/>
      <argument id="FLAG" type="flagSel32" default="4"><description text="Select which flag to change"/></argument>
      <argument id="VALUE" type="dn32" default="0"><description text="Amount to add, for some fields"/></argument>
      <itemDef name="setflag_pad" type="dn16" value="0"/>
    </field>
  </command>
  <alias name="setflag" command="suda_cmd_setflag"/>

  <command name="suda_cmd_clrflag" decoder="cmdDecoder">
    <description text="De-assert the selected flag or set counter to zero"/>
    <ancillaryDataSet>
      <ancillaryData name="safetyLevel"></ancillaryData>
      <ancillaryData name="constraints"></ancillaryData>
      <ancillaryData name="target"></ancillaryData>
      <ancillaryData name="telemetryResponse"></ancillaryData>
    </ancillaryDataSet>
    <field>
      <opcode value="0xCCC1" type="dn16"/>
      <argument id="FLAG" type="flagSel32" default="4"><description text="Select which flag to change"/></argument>
      <itemDef name="clrflag_pad" type="dn16" value="0"/>
    </field>
  </command>
  <alias name="clrflag" command="suda_cmd_clrflag"/>

  <command name="suda_cmd_chgmode" decoder="cmdDecoder">
    <description text="Change the instrument mode"/>
    <ancillaryDataSet>
      <ancillaryData name="safetyLevel"></ancillaryData>
      <ancillaryData name="constraints"></ancillaryData>
      <ancillaryData name="target"></ancillaryData>
      <ancillaryData name="telemetryResponse"></ancillaryData>
    </ancillaryDataSet>
    <field>
      <opcode value="0xCCC3" type="dn16"/>
      <argument id="MODE" type="chgModeInputType32" default="3"><description text="Select mode to enter"/></argument>
      <itemDef name="chgmode_pad" type="dn16" value="0"/>
    </field>
  </command>
  <alias name="chgmode" command="suda_cmd_chgmode"/>

  <command name="suda_cmd_dumplog" decoder="cmdDecoder">
    <description text="Copy and telemeter the selected log"/>
    <ancillaryDataSet>
      <ancillaryData name="safetyLevel"></ancillaryData>
      <ancillaryData name="constraints"></ancillaryData>
      <ancillaryData name="target"></ancillaryData>
      <ancillaryData name="telemetryResponse"></ancillaryData>
    </ancillaryDataSet>
    <field>
      <opcode value="0xCCC4" type="dn16"/>
      <itemDef name="dumplog_pad" type="dn8" value="0"/>
      <argument id="LOG" type="logSel8" default="0"><description text="Select which log to dump"/></argument>
    </field>
  </command>
  <alias name="dumplog" command="suda_cmd_dumplog"/>

  <command name="suda_cmd_dwell" decoder="cmdDecoder">
    <description text="Initiate 1Hz collection of analog or digital data"/>
    <ancillaryDataSet>
      <ancillaryData name="safetyLevel"></ancillaryData>
      <ancillaryData name="constraints"></ancillaryData>
      <ancillaryData name="target"></ancillaryData>
      <ancillaryData name="telemetryResponse"></ancillaryData>
    </ancillaryDataSet>
    <field>
      <opcode value="0xCCC5" type="dn16"/>
      <itemDef name="dwell_pad" type="dn16" value="0"/>
    </field>
  </command>
  <alias name="dwell" command="suda_cmd_dwell"/>

  <command name="suda_cmd_cfghtr" decoder="cmdDecoder">
    <description text="Configure one operational heater"/>
    <ancillaryDataSet>
      <ancillaryData name="safetyLevel"></ancillaryData>
      <ancillaryData name="constraints"></ancillaryData>
      <ancillaryData name="target"></ancillaryData>
      <ancillaryData name="telemetryResponse"></ancillaryData>
    </ancillaryDataSet>
    <field>
      <opcode value="0xCCC6" type="dn16"/>
      <argument id="SEL" type="htrSel32" default="0"><description text="Select one heater to configure"/></argument>
      <argument id="PWR" type="onOff32" default="0"><description text="Enable or disable heater power"/></argument>
      <argument id="SETPOINT" type="dn32" default="0"><description text="Choose heater setpoint (DN)"/></argument>
      <!-- GMN20210914: following replacement takes argument as converted value, but prevents DN
      <itemDef name="cfghtrsp_pad" type="dn20" value="0"/>
      <argument id="SETPOINT" type="CMD_CFGHTR" default="0"><description text="Choose heater setpoint (DN)"/></argument>
      -->
      <itemDef name="cfghtr_pad" type="dn16" value="0"/>
    </field>
  </command>
  <alias name="cfghtr" command="suda_cmd_cfghtr"/>

  <command name="suda_cmd_dishtrs" decoder="cmdDecoder">
    <description text="Disable output of selected operational heater(s)"/>
    <ancillaryDataSet>
      <ancillaryData name="safetyLevel"></ancillaryData>
      <ancillaryData name="constraints"></ancillaryData>
      <ancillaryData name="target"></ancillaryData>
      <ancillaryData name="telemetryResponse"></ancillaryData>
    </ancillaryDataSet>
    <field>
      <opcode value="0xCCC7" type="dn16"/>
      <argument id="SEL" type="htrSelMulti32" default="7"><description text="Select one or more heaters to disable"/></argument>
      <itemDef name="dishtrs_pad" type="dn16" value="0"/>
    </field>
  </command>
  <alias name="dishtrs" command="suda_cmd_dishtrs"/>

  <command name="suda_cmd_clrupkeep" decoder="cmdDecoder">
    <description text="Clear the state/counters for upkeep component"/>
    <ancillaryDataSet>
      <ancillaryData name="safetyLevel"></ancillaryData>
      <ancillaryData name="constraints"></ancillaryData>
      <ancillaryData name="target"></ancillaryData>
      <ancillaryData name="telemetryResponse"></ancillaryData>
    </ancillaryDataSet>
    <field>
      <opcode value="0xCCF3" type="dn16"/>
      <itemDef name="clrupkeep_pad" type="dn16" value="0"/>
    </field>
  </command>
  <alias name="clrupkeep" command="suda_cmd_clrupkeep"/>

  <command name="suda_cmd_haltqb" decoder="cmdDecoder">
    <description text="Halt quickboot operation, if in progress (BootFSW only)"/>
    <ancillaryDataSet>
      <ancillaryData name="safetyLevel"></ancillaryData>
      <ancillaryData name="constraints"></ancillaryData>
      <ancillaryData name="target"></ancillaryData>
      <ancillaryData name="telemetryResponse"></ancillaryData>
    </ancillaryDataSet>
    <field>
      <opcode value="0xCCC8" type="dn16"/>
      <itemDef name="haltqb_pad" type="dn16" value="0"/>
    </field>
  </command>
  <alias name="haltqb" command="suda_cmd_haltqb"/>

  <command name="suda_cmd_dualcmd" decoder="cmdDecoder">
    <description text="Allow execution of subsequent protected command"/>
    <ancillaryDataSet>
      <ancillaryData name="safetyLevel"></ancillaryData>
      <ancillaryData name="constraints"></ancillaryData>
      <ancillaryData name="target"></ancillaryData>
      <ancillaryData name="telemetryResponse"></ancillaryData>
    </ancillaryDataSet>
    <field>
      <opcode value="0xCCC9" type="dn16"/>
      <itemDef name="dualcmd_pad" type="dn16" value="0"/>
    </field>
  </command>
  <alias name="dualcmd" command="suda_cmd_dualcmd"/>

  <command name="suda_cmd_clrcmdst" decoder="cmdDecoder">
    <description text="Clear command-related state/counters (excludes S/C-focused cntrs)"/>
    <ancillaryDataSet>
      <ancillaryData name="safetyLevel"></ancillaryData>
      <ancillaryData name="constraints"></ancillaryData>
      <ancillaryData name="target"></ancillaryData>
      <ancillaryData name="telemetryResponse"></ancillaryData>
    </ancillaryDataSet>
    <field>
      <opcode value="0xCCCA" type="dn16"/>
      <itemDef name="clrcmdst_pad" type="dn16" value="0"/>
    </field>
  </command>
  <alias name="clrcmdst" command="suda_cmd_clrcmdst"/>

  <command name="suda_cmd_clrtlmst" decoder="cmdDecoder">
    <description text="Clear telemetry-related state/counters"/>
    <ancillaryDataSet>
      <ancillaryData name="safetyLevel"></ancillaryData>
      <ancillaryData name="constraints"></ancillaryData>
      <ancillaryData name="target"></ancillaryData>
      <ancillaryData name="telemetryResponse"></ancillaryData>
    </ancillaryDataSet>
    <field>
      <opcode value="0xCCEB" type="dn16"/>
      <itemDef name="clrtlmst_pad" type="dn16" value="0"/>
    </field>
  </command>
  <alias name="clrtlmst" command="suda_cmd_clrtlmst"/>

  <!-- Memory-related commands -->

  <command name="suda_cmd_rawwrt" decoder="cmdDecoder">
    <description text="Write directly to memory"/>
    <ancillaryDataSet>
      <ancillaryData name="safetyLevel"></ancillaryData>
      <ancillaryData name="constraints"></ancillaryData>
      <ancillaryData name="target"></ancillaryData>
      <ancillaryData name="telemetryResponse"></ancillaryData>
    </ancillaryDataSet>
    <field>
      <opcode value="0xCCCC" type="dn16"/>
      <argument id="ADDR" type="dn32" default="0"><description text="Processor address to overwrite"/></argument>
      <argument id="VALUE" type="dn32" default="0"><description text="Value to write"/></argument>
      <itemDef name="rawwrt_pad" type="dn16" value="0"/>
    </field>
  </command>
  <alias name="rawwrt" command="suda_cmd_rawwrt"/>

  <command name="suda_cmd_rawread" decoder="cmdDecoder">
    <description text="Read directly from memory"/>
    <ancillaryDataSet>
      <ancillaryData name="safetyLevel"></ancillaryData>
      <ancillaryData name="constraints"></ancillaryData>
      <ancillaryData name="target"></ancillaryData>
      <ancillaryData name="telemetryResponse"></ancillaryData>
    </ancillaryDataSet>
    <field>
      <opcode value="0xCCCD" type="dn16"/>
      <argument id="ADDR" type="dn32" default="0"><description text="Processor address to read"/></argument>
      <itemDef name="rawread_pad" type="dn16" value="0"/>
    </field>
  </command>
  <alias name="rawread" command="suda_cmd_rawread"/>

  <command name="suda_cmd_rawcpy" decoder="cmdDecoder">
    <description text="Copy from one memory location to another, using processor addresses"/>
    <ancillaryDataSet>
      <ancillaryData name="safetyLevel"></ancillaryData>
      <ancillaryData name="constraints"></ancillaryData>
      <ancillaryData name="target"></ancillaryData>
      <ancillaryData name="telemetryResponse"></ancillaryData>
    </ancillaryDataSet>
    <field>
      <opcode value="0xCCCE" type="dn16"/>
      <argument id="SRC" type="dn32" default="0"><description text="Source processor address"/></argument>
      <argument id="DST" type="dn32" default="0"><description text="Destination processor address"/></argument>
      <argument id="LEN" type="dn32" default="0"><description text="Length of copy, in dwords"/></argument>
      <itemDef name="rawcpy_pad" type="dn16" value="0"/>
    </field>
  </command>
  <alias name="rawcpy" command="suda_cmd_rawcpy"/>

  <command name="suda_cmd_setprm" decoder="cmdDecoder">
    <description text="Set parameter directing FSW behavior (active PT not NVPT)"/>
    <ancillaryDataSet>
      <ancillaryData name="safetyLevel"></ancillaryData>
      <ancillaryData name="constraints"></ancillaryData>
      <ancillaryData name="target"></ancillaryData>
      <ancillaryData name="telemetryResponse"></ancillaryData>
    </ancillaryDataSet>
    <field>
      <opcode value="0xCCCF" type="dn16"/>
      <argument id="SEL" type="dn32" default="0"><description text="Select parameter to change"/></argument>
      <argument id="VALUE" type="dn32" default="0"><description text="New value for parameter"/></argument>
      <itemDef name="setprm_pad" type="dn16" value="0"/>
    </field>
  </command>
  <alias name="setprm" command="suda_cmd_setprm"/>

  <command name="suda_cmd_getprm" decoder="cmdDecoder">
    <description text="Get FSW-related parameter currently being used (may differ from stored value)"/>
    <ancillaryDataSet>
      <ancillaryData name="safetyLevel"></ancillaryData>
      <ancillaryData name="constraints"></ancillaryData>
      <ancillaryData name="target"></ancillaryData>
      <ancillaryData name="telemetryResponse"></ancillaryData>
    </ancillaryDataSet>
    <field>
      <opcode value="0xCCD0" type="dn16"/>
      <argument id="SEL" type="dn32" default="0"><description text="Select parameter to get"/></argument>
      <itemDef name="clrprm_pad" type="dn16" value="0"/>
    </field>
  </command>
  <alias name="getprm" command="suda_cmd_getprm"/>

  <command name="suda_cmd_wrftbl" decoder="cmdDecoder">
    <description text="Overwrite selected entry of the Flash Table"/>
    <ancillaryDataSet>
      <ancillaryData name="safetyLevel"></ancillaryData>
      <ancillaryData name="constraints"></ancillaryData>
      <ancillaryData name="target"></ancillaryData>
      <ancillaryData name="telemetryResponse"></ancillaryData>
    </ancillaryDataSet>
    <field>
      <opcode value="0xCCD1" type="dn16"/>
      <argument id="ENTRY" type="dn32" default="0"><description text="Select Flash block entry to be overwritten"/></argument>
      <argument id="STATE" type="blockState32" default="0"><description text="Overwrite entry with this state"/></argument>
      <itemDef name="wrftbl_pad" type="dn16" value="0"/>
    </field>
  </command>
  <alias name="wrftbl" command="suda_cmd_wrftbl"/>

  <command name="suda_cmd_dumpftbl" decoder="cmdDecoder">
    <description text="Summarize information from the Flash Table"/>
    <ancillaryDataSet>
      <ancillaryData name="safetyLevel"></ancillaryData>
      <ancillaryData name="constraints"></ancillaryData>
      <ancillaryData name="target"></ancillaryData>
      <ancillaryData name="telemetryResponse"></ancillaryData>
    </ancillaryDataSet>
    <field>
      <opcode value="0xCCD2" type="dn16"/>
      <itemDef name="dumpftbl_pad" type="dn16" value="0"/>
    </field>
  </command>
  <alias name="dumpftbl" command="suda_cmd_dumpftbl"/>

  <command name="suda_cmd_setmemhdr" decoder="cmdDecoder">
    <description text="Set metadata associated with a Flash region"/>
    <ancillaryDataSet>
      <ancillaryData name="safetyLevel"></ancillaryData>
      <ancillaryData name="constraints"></ancillaryData>
      <ancillaryData name="target"></ancillaryData>
      <ancillaryData name="telemetryResponse"></ancillaryData>
    </ancillaryDataSet>
    <field>
      <opcode value="0xCCD4" type="dn16"/>
      <argument id="REGION" type="memRegionSetHdr32" default="51"><description text="Select memory region"/></argument>
      <argument id="CKSUM" type="dn32" default="0"><description text="Select 32-bit XOR checksum for region"/></argument>
      <argument id="LEN" type="dn32" default="0"><description text="Select length field for region"/></argument>
      <argument id="DATA" type="dn32" default="0"><description text="Select other metadata field for region"/></argument>
      <argument id="KEY" type="dn8" default="0"><description text="For raw block, identifies region"/></argument>
      <argument id="EXTEND" type="dn24" default="0"><description text="For raw block, holds '1' if another block holds rest of region"/></argument>
      <itemDef name="setmemhdr_pad" type="dn16" value="0"/>
    </field>
  </command>
  <alias name="setmemhdr" command="suda_cmd_setmemhdr"/>

  <command name="suda_cmd_erasemem" decoder="cmdDecoder">
    <description text="Command to erase a region of memory (excludes science data)"/>
    <ancillaryDataSet>
      <ancillaryData name="safetyLevel"></ancillaryData>
      <ancillaryData name="constraints"></ancillaryData>
      <ancillaryData name="target"></ancillaryData>
      <ancillaryData name="telemetryResponse"></ancillaryData>
    </ancillaryDataSet>
    <field>
      <opcode value="0xCCD5" type="dn16"/>
      <argument id="REGION" type="memRegionErase32" default="51"><description text="Select region to erase"/></argument>
      <argument id="VALUE" type="dn32" default="0"><description text="Further specifies region, if needed"/></argument>
      <itemDef name="erasemem_pad" type="dn16" value="0"/>
    </field>
  </command>
  <alias name="erasemem" command="suda_cmd_erasemem"/>

  <command name="suda_cmd_cksummem" decoder="cmdDecoder">
    <description text="Checksum a region of memory"/>
    <ancillaryDataSet>
      <ancillaryData name="safetyLevel"></ancillaryData>
      <ancillaryData name="constraints"></ancillaryData>
      <ancillaryData name="target"></ancillaryData>
      <ancillaryData name="telemetryResponse"></ancillaryData>
    </ancillaryDataSet>
    <field>
      <opcode value="0xCCD6" type="dn16"/>
      <argument id="REGION" type="memRegionCksum32" default="16"><description text="Select region to checksum"/></argument>
      <argument id="VALUE" type="dn32" default="0"><description text="Further specifies region, if needed"/></argument>
      <itemDef name="cksummem_pad" type="dn16" value="0"/>
    </field>
  </command>
  <alias name="cksummem" command="suda_cmd_cksummem"/>

  <command name="suda_cmd_dumpmem" decoder="cmdDecoder">
    <description text="Dump a region of memory"/>
    <ancillaryDataSet>
      <ancillaryData name="safetyLevel"></ancillaryData>
      <ancillaryData name="constraints"></ancillaryData>
      <ancillaryData name="target"></ancillaryData>
      <ancillaryData name="telemetryResponse"></ancillaryData>
    </ancillaryDataSet>
    <field>
      <opcode value="0xCCD7" type="dn16"/>
      <argument id="REGION" type="memRegionDump32" default="51"><description text="Select region to dump"/></argument>
      <argument id="VALUE" type="dn32" default="0"><description text="Further specifies region, if needed"/></argument>
      <itemDef name="dumpmem_pad" type="dn16" value="0"/>
    </field>
  </command>
  <alias name="dumpmem" command="suda_cmd_dumpmem"/>

  <command name="suda_cmd_copytomem" decoder="cmdDecoder">
    <description text="Copy to a region of memory from scratchpad"/>
    <ancillaryDataSet>
      <ancillaryData name="safetyLevel"></ancillaryData>
      <ancillaryData name="constraints"></ancillaryData>
      <ancillaryData name="target"></ancillaryData>
      <ancillaryData name="telemetryResponse"></ancillaryData>
    </ancillaryDataSet>
    <field>
      <opcode value="0xCCD8" type="dn16"/>
      <argument id="REGION" type="memRegionCopyTo32" default="51"><description text="Select region to copy to"/></argument>
      <argument id="VALUE" type="dn32" default="0"><description text="Further specifies region, if needed"/></argument>
      <itemDef name="copytomem_pad" type="dn16" value="0"/>
    </field>
  </command>
  <alias name="copytomem" command="suda_cmd_copytomem"/>

  <command name="suda_cmd_copyfrommem" decoder="cmdDecoder">
    <description text="Copy from a region of memory to scratchpad"/>
    <ancillaryDataSet>
      <ancillaryData name="safetyLevel"></ancillaryData>
      <ancillaryData name="constraints"></ancillaryData>
      <ancillaryData name="target"></ancillaryData>
      <ancillaryData name="telemetryResponse"></ancillaryData>
    </ancillaryDataSet>
    <field>
      <opcode value="0xCCD9" type="dn16"/>
      <argument id="REGION" type="memRegionCopyFrom32" default="51"><description text="Select region to copy from"/></argument>
      <argument id="VALUE" type="dn32" default="0"><description text="Further specifies region, if needed"/></argument>
      <itemDef name="copyfrommem_pad" type="dn16" value="0"/>
    </field>
  </command>
  <alias name="copyfrommem" command="suda_cmd_copyfrommem"/>

  <command name="suda_cmd_rebuild" decoder="cmdDecoder">
    <description text="Rebuild the Flash Table by examining actual contents of Flash"/>
    <ancillaryDataSet>
      <ancillaryData name="safetyLevel"></ancillaryData>
      <ancillaryData name="constraints"></ancillaryData>
      <ancillaryData name="target"></ancillaryData>
      <ancillaryData name="telemetryResponse"></ancillaryData>
    </ancillaryDataSet>
    <field>
      <opcode value="0xCCEE" type="dn16"/>
      <argument id="REGION" type="memRegionRebuild32" default="51"><description text="Select region to rebuild"/></argument>
      <argument id="VALUE" type="dn32" default="0"><description text="Further specifies region, if needed"/></argument>
      <itemDef name="rebuild_pad" type="dn16" value="0"/>
    </field>
  </command>
  <alias name="rebuild" command="suda_cmd_rebuild"/>

  <command name="suda_cmd_shuffle" decoder="cmdDecoder">
    <description text="Erase all Flash memory blocks while preserving contents"/>
    <ancillaryDataSet>
      <ancillaryData name="safetyLevel"></ancillaryData>
      <ancillaryData name="constraints"></ancillaryData>
      <ancillaryData name="target"></ancillaryData>
      <ancillaryData name="telemetryResponse"></ancillaryData>
    </ancillaryDataSet>
    <field>
      <opcode value="0xCCEF" type="dn16"/>
      <argument id="REGION" type="memRegionShuffle32" default="51"><description text="Select region to shuffle"/></argument>
      <argument id="VALUE" type="dn32" default="0"><description text="Further specifies region, if needed"/></argument>
      <itemDef name="shuffle_pad" type="dn16" value="0"/>
    </field>
  </command>
  <alias name="shuffle" command="suda_cmd_shuffle"/>

  <command name="suda_cmd_haltmem" decoder="cmdDecoder">
    <description text="Halt memory operation within a few seconds if one is in progress"/>
    <ancillaryDataSet>
      <ancillaryData name="safetyLevel"></ancillaryData>
      <ancillaryData name="constraints"></ancillaryData>
      <ancillaryData name="target"></ancillaryData>
      <ancillaryData name="telemetryResponse"></ancillaryData>
    </ancillaryDataSet>
    <field>
      <opcode value="0xCCF2" type="dn16"/>
      <itemDef name="haltsmem_pad" type="dn16" value="0"/>
    </field>
  </command>
  <alias name="haltmem" command="suda_cmd_haltmem"/>


  <!-- Science-related commands -->
  <itemDef name="pad1" type="dn1" value="0"/>
  <itemDef name="pad2" type="dn2" value="0"/>
  <itemDef name="pad3" type="dn3" value="0"/>
  <itemDef name="pad8" type="dn8" value="0"/>
  <itemDef name="pad11" type="dn11" value="0"/>
  <itemDef name="pad16" type="dn16" value="0"/>
  <itemDef name="pad24" type="dn24" value="0"/>

  <command name="suda_cmd_pwradc" decoder="cmdDecoder">
    <description text="Set power state for TOF ADC analog front-end"/>
    <ancillaryDataSet>
      <ancillaryData name="safetyLevel"></ancillaryData>
      <ancillaryData name="constraints"></ancillaryData>
      <ancillaryData name="target"></ancillaryData>
      <ancillaryData name="telemetryResponse"></ancillaryData>
    </ancillaryDataSet>
    <field>
      <opcode value="0xCD00" type="dn16"/>
      <argument id="CHANNEL" type="hschan32" default="0"><description text="Select TOF (high-speed) ADC"/></argument>
      <argument id="PWR" type="enaDis32" default="0"><description text="Select power state"/></argument>
      <itemDef name="setsciadc_pad" type="dn16" value="0"/>
    </field>
  </command>
  <alias name="suda_cmd_setsciadcpwr" command="suda_cmd_pwradc"/>
  <alias name="setsciadcpwr" command="suda_cmd_pwradc"/>
  <alias name="pwradc" command="suda_cmd_pwradc"/>

  <command name="suda_cmd_cfgadctof" decoder="cmdDecoder">
    <description text="Configure trigger settings for one TOF channel"/>
    <ancillaryDataSet>
      <ancillaryData name="safetyLevel"></ancillaryData>
      <ancillaryData name="constraints"></ancillaryData>
      <ancillaryData name="target"></ancillaryData>
      <ancillaryData name="telemetryResponse"></ancillaryData>
    </ancillaryDataSet>
    <field>
      <opcode value="0xCD01" type="dn16"/>
      <argument id="Channel" type="hschan32" default="0"><description text="Select TOF channel"/></argument>
      <argument id="Nmax2" type="dn8" default="0"><description text="Max consec samples above thresh for pulse2"/></argument>
      <argument id="Nmin2" type="dn8" default="0"><description text="Min consec samples below thresh for pulse2"/></argument>
      <argument id="Nmax1" type="dn8" default="0"><description text="Max consec samples above thresh for pulse1"/></argument>
      <argument id="Nmin1" type="dn8" default="0"><description text="Min consec samples below thresh for pulse1"/></argument>
      <argument id="TrigLvl" type="dn10" default="0"><description text="Trigger Threshold"/></argument>
      <argument id="Nmax12" type="dn11" default="0"><description text="Max consec samples above thresh between p1/p2"/></argument>
      <argument id="Nmin12" type="dn11" default="0"><description text="Min consec samples below thresh between p1/p2"/></argument>
      <item name="pad16"/>
    </field>
  </command>
  <alias name="suda_cmd_sethsadctrig" command="suda_cmd_cfgadctof"/>
  <alias name="sethsadctrig" command="suda_cmd_cfgadctof"/>
  <alias name="cfgadctof" command="suda_cmd_cfgadctof"/>

  <command name="suda_cmd_cfgadctar" decoder="cmdDecoder">
    <description text="Configure trigger settings for target low-speed channel"/>
    <ancillaryDataSet>
      <ancillaryData name="safetyLevel"></ancillaryData>
      <ancillaryData name="constraints"></ancillaryData>
      <ancillaryData name="target"></ancillaryData>
      <ancillaryData name="telemetryResponse"></ancillaryData>
    </ancillaryDataSet>
    <field>
      <opcode value="0xCD02" type="dn16"/>
    <item name="pad8"/>
      <argument id="CoinWin" type="dn3" default="0"><description text="Coincidence Window"/></argument>
      <argument id="TrigPol" type="lspolarity1" default="0"><description text="Trigger Polarity"/></argument>
      <argument id="TrigLvl" type="dn12" default="0"><description text="Trigger Threshold"/></argument>
      <argument id="NMin" type="dn8" default="0"><description text="Min consec samples above/below thresh"/></argument>
      <item name="pad16"/>
    </field>
  </command>
  <alias name="suda_cmd_setlsadctrig" command="suda_cmd_cfgadctar"/>
  <alias name="setlsadctrig" command="suda_cmd_cfgadctar"/>
  <alias name="cfgadctarget" command="suda_cmd_cfgadctar"/>
  <alias name="cfgadctar" command="suda_cmd_cfgadctar"/>

  <command name="suda_cmd_cfgsciacq" decoder="cmdDecoder">
    <description text="Configure FPGA settings for data acquisition"/>
    <ancillaryDataSet>
      <ancillaryData name="safetyLevel"></ancillaryData>
      <ancillaryData name="constraints"></ancillaryData>
      <ancillaryData name="target"></ancillaryData>
      <ancillaryData name="telemetryResponse"></ancillaryData>
    </ancillaryDataSet>
    <field>
      <opcode value="0xCD03" type="dn16"/>
      <item name="pad2"/>
      <argument id="DeadBase" type="dn6" default="0"><description text="Dead Time Blocks Base"/></argument>
      <argument id="DeadShift" type="dn4" default="0"><description text="Dead Time Blocks Shift"/></argument>
      <argument id="hsPre" type="dn4" default="0"><description text="Add 1 to get the number of HS blocks for pre-trigger data"/></argument>
      <argument id="hsPost" type="dn4" default="0"><description text="Add 1 to get the number of HS blocks for post-trigger data"/></argument>
      <argument id="lsPre" type="dn6" default="0"><description text="Add 1 to get the number of LS blocks for pre-trigger data"/></argument>
      <argument id="lsPost" type="dn6" default="0"><description text="Add 1 to get the number of LS blocks for post-trigger data"/></argument>
      <item name="pad16"/>
    </field>
  </command>
  <alias name="suda_cmd_setadcblock" command="suda_cmd_cfgsciacq"/>
  <alias name="setadcblock" command="suda_cmd_cfgsciacq"/>
  <alias name="cfgsciacq" command="suda_cmd_cfgsciacq"/>

  <command name="suda_cmd_cfgtrg" decoder="cmdDecoder">
    <description text="Set trigger modes for all three TOF channels and one low speed channel"/>
    <ancillaryDataSet>
      <ancillaryData name="safetyLevel"></ancillaryData>
      <ancillaryData name="constraints"></ancillaryData>
      <ancillaryData name="target"></ancillaryData>
      <ancillaryData name="telemetryResponse"></ancillaryData>
    </ancillaryDataSet>
    <field>
      <opcode value="0xCD04" type="dn16"/>
    <item name="pad24"/>
      <argument id="LsCoin" type="enaDis" default="0"><description text="LS ADC Coincidence Enable"/></argument>
      <argument id="LsTrig" type="enaDis" default="0"><description text="LS ADC Trigger Enable"/></argument>
      <argument id="TofMG" type="trigModeType2" default="0"><description text="TOF mid-gain trigger mode"/></argument>
      <argument id="TofLG" type="trigModeType2" default="0"><description text="TOF low-gain trigger mode"/></argument>
      <argument id="TofHG" type="trigModeType2" default="0"><description text="TOF high-gain trigger mode"/></argument>
    <item name="pad16"/>
    </field>
  </command>
  <alias name="suda_cmd_setadctrigmode" command="suda_cmd_cfgtrg"/>
  <alias name="setadctrigmode" command="suda_cmd_cfgtrg"/>
  <alias name="cfgtrig" command="suda_cmd_cfgtrg"/>

  <command name="suda_cmd_initadc" decoder="cmdDecoder">
    <description text="Initialize TOF ADC after front-end powered up"/>
    <ancillaryDataSet>
      <ancillaryData name="safetyLevel"></ancillaryData>
      <ancillaryData name="constraints"></ancillaryData>
      <ancillaryData name="target"></ancillaryData>
      <ancillaryData name="telemetryResponse"></ancillaryData>
    </ancillaryDataSet>
    <field>
      <opcode value="0xCD05" type="dn16"/>
      <argument id="ADC" type="hsadc32" default="0"><description text="Select TOF (high speed) ADC"/></argument>
      <item name="pad16"/>
    </field>
  </command>
  <alias name="suda_cmd_runsciadcinit" command="suda_cmd_initadc"/>
  <alias name="runsciadcinit" command="suda_cmd_initadc"/>
  <alias name="initadc" command="suda_cmd_initadc"/>

  <command name="suda_cmd_caladc" decoder="cmdDecoder">
    <description text="Begin self-calibration for the TOF ADC"/>
    <ancillaryDataSet>
      <ancillaryData name="safetyLevel"></ancillaryData>
      <ancillaryData name="constraints"></ancillaryData>
      <ancillaryData name="target"></ancillaryData>
      <ancillaryData name="telemetryResponse"></ancillaryData>
    </ancillaryDataSet>
    <field>
      <opcode value="0xCD06" type="dn16"/>
      <argument id="ADC" type="hsadc32" default="0"><description text="Select TOF (high speed) ADC"/></argument>
      <item name="pad16"/>
    </field>
  </command>
  <alias name="suda_cmd_runsciadccal" command="suda_cmd_caladc"/>
  <alias name="runsciadccal" command="suda_cmd_caladc"/>
  <alias name="caladc" command="suda_cmd_caladc"/>

  <command name="suda_cmd_trainadcclk" decoder="cmdDecoder">
    <description text="Run clock training algorithm for both TOF ADCs"/>
    <ancillaryDataSet>
      <ancillaryData name="safetyLevel"></ancillaryData>
      <ancillaryData name="constraints"></ancillaryData>
      <ancillaryData name="target"></ancillaryData>
      <ancillaryData name="telemetryResponse"></ancillaryData>
    </ancillaryDataSet>
    <field>
      <opcode value="0xCD07" type="dn16"/>
      <item name="pad16"/>
    </field>
  </command>
  <alias name="suda_cmd_runsciadcclk" command="suda_cmd_trainadcclk"/>
  <alias name="runsciadcclk" command="suda_cmd_trainadcclk"/>
  <alias name="trainadcclk" command="suda_cmd_trainadcclk"/>

  <command name="suda_cmd_readspi" decoder="cmdDecoder">
    <description text="Read internal register (AKA SPI register) for one TOF ADC"/>
    <ancillaryDataSet>
      <ancillaryData name="safetyLevel"></ancillaryData>
      <ancillaryData name="constraints"></ancillaryData>
      <ancillaryData name="target"></ancillaryData>
      <ancillaryData name="telemetryResponse"></ancillaryData>
    </ancillaryDataSet>
    <field>
      <opcode value="0xCD0F" type="dn16"/>
      <argument id="ADC" type="hsadc32" default="0"><description text="Select TOF (high speed) ADC"/></argument>
      <argument id="SpiAddr" type="dn32" default="0"><description text="Select SPI address"/></argument>
      <item name="pad16"/>
    </field>
  </command>
  <alias name="readspi" command="suda_cmd_readspi"/>

  <command name="suda_cmd_wrspi" decoder="cmdDecoder">
    <description text="Write internal register (AKA SPI register) for one TOF ADC"/>
    <ancillaryDataSet>
      <ancillaryData name="safetyLevel"></ancillaryData>
      <ancillaryData name="constraints"></ancillaryData>
      <ancillaryData name="target"></ancillaryData>
      <ancillaryData name="telemetryResponse"></ancillaryData>
    </ancillaryDataSet>
    <field>
      <opcode value="0xCCDF" type="dn16"/>
      <argument id="ADC" type="hsadc32" default="0"><description text="Select TOF (high speed) ADC"/></argument>
      <argument id="SpiAddr" type="dn32" default="0"><description text="Select SPI address"/></argument>
      <argument id="Value" type="dn32" default="0"><description text="Value to Write"/></argument>
      <item name="pad16"/>
    </field>
  </command>
  <alias name="writespi" command="suda_cmd_wrspi"/>
  <alias name="wrspi" command="suda_cmd_wrspi"/>

  <command name="suda_cmd_fetchOne" decoder="cmdDecoder">
    <description text="Request transmission of a single science event, specified by AID and Event ID"/>
    <ancillaryDataSet>
      <ancillaryData name="safetyLevel"></ancillaryData>
      <ancillaryData name="constraints"></ancillaryData>
      <ancillaryData name="target"></ancillaryData>
      <ancillaryData name="telemetryResponse"></ancillaryData>
    </ancillaryDataSet>
    <field>
      <opcode value="0xCD10" type="dn16"/>
      <argument id="aid" type="dn32" default="0"><description text="Accountability Identifier for desired dataset"/></argument>
      <itemDef name="fetchOneEvtId_pad" type="dn16" value="0"/>
      <argument id="evtId" type="dn16" default="0"><description text="Event ID within dataset for desired science event"/></argument>
      <argument id="content" type="sciChanOneHot32" default="0"><description text="Select data to be transmitted"/></argument>
      <itemDef name="fetchOne_pad" type="dn16" value="0"/>
    </field>
  </command>
  <alias name="fetchone" command="suda_cmd_fetchOne"/>

  <command name="suda_cmd_fetch" decoder="cmdDecoder">
    <description text="Begin transmitting specific science events contains in Fetch Table"/>
    <ancillaryDataSet>
      <ancillaryData name="safetyLevel"></ancillaryData>
      <ancillaryData name="constraints"></ancillaryData>
      <ancillaryData name="target"></ancillaryData>
      <ancillaryData name="telemetryResponse"></ancillaryData>
    </ancillaryDataSet>
    <field>
      <opcode value="0xCD1A" type="dn16"/>
      <itemDef name="fetch_pad" type="dn16" value="0"/>
    </field>
  </command>
  <alias name="fetch" command="suda_cmd_fetch"/>

  <command name="suda_cmd_transmit" decoder="cmdDecoder">
    <description text="Request transmission of sci events with specified AID that fit Quality criteria"/>
    <ancillaryDataSet>
      <ancillaryData name="safetyLevel"></ancillaryData>
      <ancillaryData name="constraints"></ancillaryData>
      <ancillaryData name="target"></ancillaryData>
      <ancillaryData name="telemetryResponse"></ancillaryData>
    </ancillaryDataSet>
    <field>
      <opcode value="0xCD1B" type="dn16"/>
      <argument id="aid" type="dn32" default="0"><description text="Accountability Identifier for dataset"/></argument>
      <itemDef name="transmit_pad" type="dn16" value="0"/>
    </field>
  </command>
  <alias name="transmit" command="suda_cmd_transmit"/>

  <command name="suda_cmd_sendcatalog" decoder="cmdDecoder">
    <description text="Request transmission of science catalog for selected AID"/>
    <ancillaryDataSet>
      <ancillaryData name="safetyLevel"></ancillaryData>
      <ancillaryData name="constraints"></ancillaryData>
      <ancillaryData name="target"></ancillaryData>
      <ancillaryData name="telemetryResponse"></ancillaryData>
    </ancillaryDataSet>
    <field>
      <opcode value="0xCD1C" type="dn16"/>
      <argument id="aid" type="dn32" default="0"><description text="Accountability Identifier for desired catalog"/></argument>
      <argument id="sel" type="catalogSel32" default="0"><description text="Data to send: entire catalog or header only"/></argument>
      <itemDef name="sendcatalog_pad" type="dn16" value="0"/>
    </field>
  </command>
  <alias name="sendcatalog" command="suda_cmd_sendcatalog"/>

  <command name="suda_cmd_listcatalogs" decoder="cmdDecoder">
    <description text="Identify NV science catalogs currently residing in memory"/>
    <ancillaryDataSet>
      <ancillaryData name="safetyLevel"></ancillaryData>
      <ancillaryData name="constraints"></ancillaryData>
      <ancillaryData name="target"></ancillaryData>
      <ancillaryData name="telemetryResponse"></ancillaryData>
    </ancillaryDataSet>
    <field>
      <opcode value="0xCCC2" type="dn16"/>
      <itemDef name="listcatalogs_pad" type="dn32" value="0"/>
      <itemDef name="listcatalogs_pad2" type="dn16" value="0"/>
    </field>
  </command>
  <alias name="listcatalogs" command="suda_cmd_listcatalogs"/>

  <command name="suda_cmd_suspidlesci" decoder="cmdDecoder">
    <description text="Suspend seq execution until science activity complete or timeout (seq only)"/>
    <ancillaryDataSet>
      <ancillaryData name="safetyLevel"></ancillaryData>
      <ancillaryData name="constraints"></ancillaryData>
      <ancillaryData name="target"></ancillaryData>
      <ancillaryData name="telemetryResponse"></ancillaryData>
    </ancillaryDataSet>
    <field>
      <opcode value="0xCD1D" type="dn16"/>
      <argument id="timeout" type="dn32" default="0"><description text="Seconds to timeout"/></argument>
      <itemDef name="suspidlesci_pad" type="dn16" value="0"/>
    </field>
  </command>
  <alias name="suspidlesci" command="suda_cmd_suspidlesci"/>


  <command name="suda_cmd_setalloc" decoder="cmdDecoder">
    <description text="Set allocation of spacecraft memory that SUDA can fill with sci data"/>
    <ancillaryDataSet>
      <ancillaryData name="safetyLevel"></ancillaryData>
      <ancillaryData name="constraints"></ancillaryData>
      <ancillaryData name="target"></ancillaryData>
      <ancillaryData name="telemetryResponse"></ancillaryData>
    </ancillaryDataSet>
    <field>
      <opcode value="0xCD1E" type="dn16"/>
      <argument id="type" type="setAllocType32" default="0"><description text="Type of change"/></argument>
      <argument id="bytes" type="dn32" default="0"><description text="Bytes of allocation"/></argument>
      <itemDef name="setalloc_pad" type="dn16" value="0"/>
    </field>
  </command>
  <alias name="setalloc" command="suda_cmd_setalloc"/>


  <command name="suda_cmd_addtofetch" decoder="cmdDecoder">
    <description text="Add entries to the existing on-board Fetch Table"/>
    <ancillaryDataSet>
      <ancillaryData name="safetyLevel"></ancillaryData>
      <ancillaryData name="constraints"></ancillaryData>
      <ancillaryData name="target"></ancillaryData>
      <ancillaryData name="telemetryResponse"></ancillaryData>
    </ancillaryDataSet>
    <field>
      <opcode value="0xCD1F" type="dn16"/>
      <argument id="num" type="dn32" default="1"><description text="Number of entries to add to Fetch Table"/></argument>
      <itemDef name="addtofetch_pad" type="dn16" value="0"/>
    </field>
  </command>
  <alias name="addtofetch" command="suda_cmd_addtofetch"/>



  <command name="suda_cmd_goflyby" decoder="cmdDecoder">
    <description text="Begin acquiring science data"/>
    <ancillaryDataSet>
      <ancillaryData name="safetyLevel"></ancillaryData>
      <ancillaryData name="constraints"></ancillaryData>
      <ancillaryData name="target"></ancillaryData>
      <ancillaryData name="telemetryResponse"></ancillaryData>
    </ancillaryDataSet>
    <field>
      <opcode value="0xCCDC" type="dn16"/>
      <argument id="DURATION" type="dn32" default="60"><description text="Duration in seconds of encounter"/></argument>
      <item name="pad24"/>
      <argument id="SCIADCCOINCENA" type="enaDis" default="0"><description text="LS ADC Coincidence Enable"/></argument>
      <argument id="SCIADCMODELS" type="enaDis" default="0"><description text="LS ADC Trigger Enable"/></argument>
      <argument id="SCIADCMODETOFMG" type="trigModeType2" default="0"><description text="TOF MG Trigger Mode"/></argument>
      <argument id="SCIADCMODETOFLG" type="trigModeType2" default="0"><description text="TOF LG Trigger Mode"/></argument>
      <argument id="SCIADCMODETOFHG" type="trigModeType2" default="0"><description text="TOF HG Trigger Mode"/></argument>
      <itemDef name="goflyby_pad" type="dn16" value="0"/>
    </field>
  </command>
  <alias name="goflyby" command="suda_cmd_goflyby"/>

  <command name="suda_cmd_gosurvey" decoder="cmdDecoder">
    <description text="Begin acquiring science data"/>
    <ancillaryDataSet>
      <ancillaryData name="safetyLevel"></ancillaryData>
      <ancillaryData name="constraints"></ancillaryData>
      <ancillaryData name="target"></ancillaryData>
      <ancillaryData name="telemetryResponse"></ancillaryData>
    </ancillaryDataSet>
    <field>
      <opcode value="0xCCDD" type="dn16"/>
      <argument id="DURATION" type="dn32" default="60"><description text="Duration in seconds of encounter"/></argument>
      <item name="pad24"/>
      <argument id="SCIADCCOINCENA" type="enaDis" default="0"><description text="LS ADC Coincidence Enable"/></argument>
      <argument id="SCIADCMODELS" type="enaDis" default="0"><description text="LS ADC Trigger Enable"/></argument>
      <argument id="SCIADCMODETOFMG" type="trigModeType2" default="0"><description text="TOF MG Trigger Mode"/></argument>
      <argument id="SCIADCMODETOFLG" type="trigModeType2" default="0"><description text="TOF LG Trigger Mode"/></argument>
      <argument id="SCIADCMODETOFHG" type="trigModeType2" default="0"><description text="TOF HG Trigger Mode"/></argument>
      <itemDef name="gosurvey_pad" type="dn16" value="0"/>
    </field>
  </command>
  <alias name="gosurvey" command="suda_cmd_gosurvey"/>

  <command name="suda_cmd_process" decoder="cmdDecoder">
    <description text="Process science data for specified AID"/>
    <ancillaryDataSet>
      <ancillaryData name="safetyLevel"></ancillaryData>
      <ancillaryData name="constraints"></ancillaryData>
      <ancillaryData name="target"></ancillaryData>
      <ancillaryData name="telemetryResponse"></ancillaryData>
    </ancillaryDataSet>
    <field>
      <opcode value="0xCCDE" type="dn16"/>
      <argument id="AID" type="dn32" default="0"><description text="Accountability Identifier for dataset"/></argument>
      <itemDef name="process_pad" type="dn16" value="0"/>
    </field>
  </command>
  <alias name="process" command="suda_cmd_process"/>

  <command name="suda_cmd_erasesci" decoder="cmdDecoder">
    <description text="Erase stored science data within time range"/>
    <ancillaryDataSet>
      <ancillaryData name="safetyLevel"></ancillaryData>
      <ancillaryData name="constraints"></ancillaryData>
      <ancillaryData name="target"></ancillaryData>
      <ancillaryData name="telemetryResponse"></ancillaryData>
    </ancillaryDataSet>
    <field>
      <opcode value="0xCCE0" type="dn16"/>
      <argument id="AID" type="dn32" default="0"><description text="Select which data to erase"/></argument>
      <itemDef name="erasesci_pad" type="dn16" value="0"/>
    </field>
  </command>
  <alias name="erasesci" command="suda_cmd_erasesci"/>

  <command name="suda_cmd_setsciprm" decoder="cmdDecoder">
    <description text="Set science-related parameter in science parameter table"/>
    <ancillaryDataSet>
      <ancillaryData name="safetyLevel"></ancillaryData>
      <ancillaryData name="constraints"></ancillaryData>
      <ancillaryData name="target"></ancillaryData>
      <ancillaryData name="telemetryResponse"></ancillaryData>
    </ancillaryDataSet>
    <field>
      <opcode value="0xCCE1" type="dn16"/>
      <argument id="SEL" type="dn32" default="0"><description text="Select science parameter to change"/></argument>
      <argument id="VALUE" type="dn32" default="0"><description text="New value for parameter"/></argument>
      <itemDef name="setsciprm_pad" type="dn16" value="0"/>
    </field>
  </command>
  <alias name="setsciprm" command="suda_cmd_setsciprm"/>

  <command name="suda_cmd_dumpadc" decoder="cmdDecoder">
    <description text="Read out and telemeter values of all internal registers from both TOF ADCs"/>
    <ancillaryDataSet>
      <ancillaryData name="safetyLevel"></ancillaryData>
      <ancillaryData name="constraints"></ancillaryData>
      <ancillaryData name="target"></ancillaryData>
      <ancillaryData name="telemetryResponse"></ancillaryData>
    </ancillaryDataSet>
    <field>
      <opcode value="0xCCF0" type="dn16"/>
      <itemDef name="dumpadc_pad" type="dn16" value="0"/>
    </field>
  </command>
  <alias name="dumpadc" command="suda_cmd_dumpadc"/>

  <command name="suda_cmd_clrsci" decoder="cmdDecoder">
    <description text="Clear science-related state/counters"/>
    <ancillaryDataSet>
      <ancillaryData name="safetyLevel"></ancillaryData>
      <ancillaryData name="constraints"></ancillaryData>
      <ancillaryData name="target"></ancillaryData>
      <ancillaryData name="telemetryResponse"></ancillaryData>
    </ancillaryDataSet>
    <field>
      <opcode value="0xCCED" type="dn16"/>
      <itemDef name="clrsci_pad" type="dn16" value="0"/>
    </field>
  </command>
  <alias name="clrsci" command="suda_cmd_clrsci"/>

  <command name="suda_cmd_haltsci" decoder="cmdDecoder">
    <description text="Halt science operation if one is in progress"/>
    <ancillaryDataSet>
      <ancillaryData name="safetyLevel"></ancillaryData>
      <ancillaryData name="constraints"></ancillaryData>
      <ancillaryData name="target"></ancillaryData>
      <ancillaryData name="telemetryResponse"></ancillaryData>
    </ancillaryDataSet>
    <field>
      <opcode value="0xCCF1" type="dn16"/>
      <itemDef name="haltsci_pad" type="dn16" value="0"/>
    </field>
  </command>
  <alias name="haltsci" command="suda_cmd_haltsci"/>


  <!-- Sequence-related commands -->

  <command name="suda_cmd_initseq" decoder="cmdDecoder">
    <description text="Execute SCS in selected seq buffer using selected engine"/>
    <ancillaryDataSet>
      <ancillaryData name="safetyLevel"></ancillaryData>
      <ancillaryData name="constraints"></ancillaryData>
      <ancillaryData name="target"></ancillaryData>
      <ancillaryData name="telemetryResponse"></ancillaryData>
    </ancillaryDataSet>
    <field>
      <opcode value="0xCCE2" type="dn16"/>
      <argument id="SEQBUF" type="dn32" default="0"><description text="Select sequence buffer"/></argument>
      <argument id="ENGINE" type="seqEngine" default="0"><description text="Select sequence engine"/></argument>
      <itemDef name="initseq_pad" type="dn16" value="0"/>
    </field>
  </command>
  <alias name="initseq" command="suda_cmd_initseq"/>

  <command name="suda_cmd_startseq" decoder="cmdDecoder">
    <description text="Execute SCS in selected seq buffer using engine executing this cmd (seq only)"/>
    <ancillaryDataSet>
      <ancillaryData name="safetyLevel"></ancillaryData>
      <ancillaryData name="constraints"></ancillaryData>
      <ancillaryData name="target"></ancillaryData>
      <ancillaryData name="telemetryResponse"></ancillaryData>
    </ancillaryDataSet>
    <field>
      <opcode value="0xCCE3" type="dn16"/>
      <argument id="SEQBUF" type="dn32" default="0"><description text="Select sequence buffer"/></argument>
      <itemDef name="startseq_pad" type="dn16" value="0"/>
    </field>
  </command>
  <alias name="startseq" command="suda_cmd_startseq"/>

  <command name="suda_cmd_setseqst" decoder="cmdDecoder">
    <description text="Change the state of an executing sequence engine"/>
    <ancillaryDataSet>
      <ancillaryData name="safetyLevel"></ancillaryData>
      <ancillaryData name="constraints"></ancillaryData>
      <ancillaryData name="target"></ancillaryData>
      <ancillaryData name="telemetryResponse"></ancillaryData>
    </ancillaryDataSet>
    <field>
      <opcode value="0xCCE4" type="dn16"/>
      <argument id="ENGINE" type="seqEngine" default="0"><description text="Select sequence engine"/></argument>
      <argument id="STATE" type="setSeqState" default="1"><description text="Select new state: pause execution, resume from pause, terminate"/></argument>
      <itemDef name="setseqst_pad" type="dn16" value="0"/>
    </field>
  </command>
  <alias name="setseqst" command="suda_cmd_setseqst"/>

  <command name="suda_cmd_suspabs" decoder="cmdDecoder">
    <description text="Suspend execution for current engine until absolute time reached (seq only)"/>
    <ancillaryDataSet>
      <ancillaryData name="safetyLevel"></ancillaryData>
      <ancillaryData name="constraints"></ancillaryData>
      <ancillaryData name="target"></ancillaryData>
      <ancillaryData name="telemetryResponse"></ancillaryData>
    </ancillaryDataSet>
    <field>
      <opcode value="0xCCE5" type="dn16"/>
      <argument id="SEC" type="dn32" default="0"><description text="Absolute time (seconds since epoch) to resume execution"/></argument>
      <itemDef name="suspabs_pad" type="dn16" value="0"/>
    </field>
  </command>
  <alias name="suspabs" command="suda_cmd_suspabs"/>

  <command name="suda_cmd_susprel" decoder="cmdDecoder">
    <description text="Suspend execution for current engine for relative amount of time (seq only)"/>
    <ancillaryDataSet>
      <ancillaryData name="safetyLevel"></ancillaryData>
      <ancillaryData name="constraints"></ancillaryData>
      <ancillaryData name="target"></ancillaryData>
      <ancillaryData name="telemetryResponse"></ancillaryData>
    </ancillaryDataSet>
    <field>
      <opcode value="0xCCE6" type="dn16"/>
      <argument id="SEC" type="dn32" default="0"><description text="Relative number of seconds to suspend"/></argument>
      <itemDef name="susprel_pad" type="dn16" value="0"/>
    </field>
  </command>
  <alias name="susprel" command="suda_cmd_susprel"/>

  <command name="suda_cmd_callsub" decoder="cmdDecoder">
    <description text="Call subsequence from main sequence (seq only)"/>
    <ancillaryDataSet>
      <ancillaryData name="safetyLevel"></ancillaryData>
      <ancillaryData name="constraints"></ancillaryData>
      <ancillaryData name="target"></ancillaryData>
      <ancillaryData name="telemetryResponse"></ancillaryData>
    </ancillaryDataSet>
    <field>
      <opcode value="0xCCE7" type="dn16"/>
      <argument id="SEQBUF" type="dn32" default="0"><description text="Select sequence buffer"/></argument>
      <itemDef name="callsub_pad" type="dn16" value="0"/>
    </field>
  </command>
  <alias name="callsub" command="suda_cmd_callsub"/>

  <command name="suda_cmd_verseq" decoder="cmdDecoder">
    <description text="Verify buffer holds valid sequence"/>
    <ancillaryDataSet>
      <ancillaryData name="safetyLevel"></ancillaryData>
      <ancillaryData name="constraints"></ancillaryData>
      <ancillaryData name="target"></ancillaryData>
      <ancillaryData name="telemetryResponse"></ancillaryData>
    </ancillaryDataSet>
    <field>
      <opcode value="0xCCE8" type="dn16"/>
      <argument id="SEQBUF" type="dn32" default="0"><description text="Select sequence buffer"/></argument>
      <itemDef name="verseq_pad" type="dn16" value="0"/>
    </field>
  </command>
  <alias name="verseq" command="suda_cmd_verseq"/>

  <command name="suda_cmd_pointseq" decoder="cmdDecoder">
    <description text="Point sequence buffer to its location in active SCS region"/>
    <ancillaryDataSet>
      <ancillaryData name="safetyLevel"></ancillaryData>
      <ancillaryData name="constraints"></ancillaryData>
      <ancillaryData name="target"></ancillaryData>
      <ancillaryData name="telemetryResponse"></ancillaryData>
    </ancillaryDataSet>
    <field>
      <opcode value="0xCCF4" type="dn16"/>
      <argument id="SEQBUF" type="dn32" default="0"><description text="Select sequence buffer"/></argument>
      <argument id="OFFSET" type="dn32" default="0"><description text="Offset within SCS region holding SCS"/></argument>
      <itemDef name="pointseq_pad" type="dn16" value="0"/>
    </field>
  </command>
  <alias name="pointseq" command="suda_cmd_pointseq"/>

  <command name="suda_cmd_stuffseq" decoder="cmdDecoder">
    <description text="Copy one SCS from scratchpad to SCS region"/>
    <ancillaryDataSet>
      <ancillaryData name="safetyLevel"></ancillaryData>
      <ancillaryData name="constraints"></ancillaryData>
      <ancillaryData name="target"></ancillaryData>
      <ancillaryData name="telemetryResponse"></ancillaryData>
    </ancillaryDataSet>
    <field>
      <opcode value="0xCCF5" type="dn16"/>
      <argument id="OFFSET" type="dn32" default="0"><description text="Destination offset within SCS region"/></argument>
      <itemDef name="stuffseq_pad" type="dn16" value="0"/>
    </field>
  </command>
  <alias name="stuffseq" command="suda_cmd_stuffseq"/>

  <command name="suda_cmd_eraseseq" decoder="cmdDecoder">
    <description text="Erase one SCS in SCS region pointed to by the SEQBUf"/>
    <ancillaryDataSet>
      <ancillaryData name="safetyLevel"></ancillaryData>
      <ancillaryData name="constraints"></ancillaryData>
      <ancillaryData name="target"></ancillaryData>
      <ancillaryData name="telemetryResponse"></ancillaryData>
    </ancillaryDataSet>
    <field>
      <opcode value="0xCCF6" type="dn16"/>
      <argument id="SEQBUF" type="dn32" default="0"><description text="Select sequence buffer"/></argument>
      <itemDef name="eraseseq_pad" type="dn16" value="0"/>
    </field>
  </command>
  <alias name="eraseseq" command="suda_cmd_eraseseq"/>

  <command name="suda_cmd_clrfaultcntrs" decoder="cmdDecoder">
    <description text="Clear fault-related state/counters"/>
    <ancillaryDataSet>
      <ancillaryData name="safetyLevel"></ancillaryData>
      <ancillaryData name="constraints"></ancillaryData>
      <ancillaryData name="target"></ancillaryData>
      <ancillaryData name="telemetryResponse"></ancillaryData>
    </ancillaryDataSet>
    <field>
      <opcode value="0xCCE9" type="dn16"/>
      <argument id="SEL" type="faultType" default="0"><description text="Choose fault to clear"/></argument>
      <itemDef name="clrfaultcntrs_pad" type="dn16" value="0"/>
    </field>
  </command>
  <alias name="clrfaultcntrs" command="suda_cmd_clrfaultcntrs"/>

  <command name="suda_cmd_sethvpwr" decoder="cmdDecoder">
    <description text="Enable a high voltage power supply oscillator"/>
    <ancillaryDataSet>
      <ancillaryData name="safetyLevel"></ancillaryData>
      <ancillaryData name="constraints"></ancillaryData>
      <ancillaryData name="target"></ancillaryData>
      <ancillaryData name="telemetryResponse"></ancillaryData>
    </ancillaryDataSet>
    <field>
      <opcode value="0xCD08" type="dn16"/>
      <argument id="BOARD_POWER" type="onOff32" default="off"><description text="Set HVPS Board Power"/></argument>
      <itemDef name="sethvpwr_pad" type="dn16" value="0"/>
    </field>
  </command>
  <alias name="sethvpwr" command="suda_cmd_sethvpwr"/>

  <command name="suda_cmd_shutdownhv" decoder="cmdDecoder">
    <description text="Shutdown high voltage power supply"/>
    <ancillaryDataSet>
      <ancillaryData name="safetyLevel"></ancillaryData>
      <ancillaryData name="constraints"></ancillaryData>
      <ancillaryData name="target"></ancillaryData>
      <ancillaryData name="telemetryResponse"></ancillaryData>
    </ancillaryDataSet>
    <field>
      <opcode value="0xCCEA" type="dn16"/>
      <itemDef name="shutdownhv_pad" type="dn16" value="0"/>
   </field>
  </command>
  <alias name="shutdownhv" command="suda_cmd_shutdownhv"/>

  <command name="suda_cmd_sethvpol" decoder="cmdDecoder">
    <description text="Set the high voltage power supply polarity"/>
    <ancillaryDataSet>
      <ancillaryData name="safetyLevel"></ancillaryData>
      <ancillaryData name="constraints"></ancillaryData>
      <ancillaryData name="target"></ancillaryData>
      <ancillaryData name="telemetryResponse"></ancillaryData>
    </ancillaryDataSet>
    <field>
      <opcode value="0xCD09" type="dn16"/>
      <argument id="POLARITY" type="hvPolarity32" default="0"><description text="Set HVPS polarity"/></argument>
      <itemDef name="sethvpol_pad" type="dn16" value="0"/>
    </field>
  </command>
  <alias name="sethvpol" command="suda_cmd_sethvpol"/>

  <command name="suda_cmd_dishvosc" decoder="cmdDecoder">
    <description text="Disable a high voltage power supply oscillator"/>
    <ancillaryDataSet>
      <ancillaryData name="safetyLevel"></ancillaryData>
      <ancillaryData name="constraints"></ancillaryData>
      <ancillaryData name="target"></ancillaryData>
      <ancillaryData name="telemetryResponse"></ancillaryData>
    </ancillaryDataSet>
    <field>
      <opcode value="0xCD0A" type="dn16"/>
      <argument id="OSCILLATOR" type="hvOscillator32" default="SENSOR"><description text="HVPS Oscillator"/></argument>
      <itemDef name="dishvosc_pad" type="dn16" value="0"/>
    </field>
  </command>
  <alias name="dishvosc" command="suda_cmd_dishvosc"/>

  <command name="suda_cmd_sethvsetpt" decoder="cmdDecoder">
    <description text="Set a high voltage power supply output setpoint COMMAND NOT USED BY OASIS-CC"/>
    <ancillaryDataSet>
      <ancillaryData name="safetyLevel"></ancillaryData>
      <ancillaryData name="constraints"></ancillaryData>
      <ancillaryData name="target"></ancillaryData>
      <ancillaryData name="telemetryResponse"></ancillaryData>
    </ancillaryDataSet>
    <field>
      <opcode value="0xCD0B" type="dn16"/>
      <argument id="OUTPUT" type="hvOutput32" default="SENSOR"><description text="HVPS output"/></argument>
      <argument id="SETPOINT" type="dn32" min="0" max="4095"
    minCheck="enabled" maxCheck="enabled"><description text="HVPS setpoint"/></argument>
      <itemDef name="sethvsetpt_pad" type="dn16" value="0"/>
    </field>
  </command>
  <alias name="sethvsetpt" command="suda_cmd_sethvsetpt"/>

  <command name="suda_cmd_sethvmax" decoder="cmdDecoder">
    <description text="Set a high voltage power supply max (COMMAND NOT USED BY OASIS-CC)"/>
    <ancillaryDataSet>
      <ancillaryData name="safetyLevel"></ancillaryData>
      <ancillaryData name="constraints"></ancillaryData>
      <ancillaryData name="target"></ancillaryData>
      <ancillaryData name="telemetryResponse"></ancillaryData>
    </ancillaryDataSet>
    <field>
      <opcode value="0xCD0C" type="dn16"/>
      <argument id="OUTPUT" type="hvOutput32" default="SENSOR"><description text="HVPS output"/></argument>
      <argument id="MAX" type="dn32" min="0" max="4095"
    minCheck="enabled" maxCheck="enabled"><description text="HVPS max"/></argument>
      <itemDef name="sethvmax_pad" type="dn16" value="0"/>
    </field>
  </command>
  <alias name="sethvmax" command="suda_cmd_sethvmax"/>

  <command name="suda_cmd_clrauto" decoder="cmdDecoder">
    <description text="Clear autonomy-related state/counters"/>
    <ancillaryDataSet>
      <ancillaryData name="safetyLevel"></ancillaryData>
      <ancillaryData name="constraints"></ancillaryData>
      <ancillaryData name="target"></ancillaryData>
      <ancillaryData name="telemetryResponse"></ancillaryData>
    </ancillaryDataSet>
    <field>
      <opcode value="0xCD0D" type="dn16"/>
      <itemDef name="clrauto_pad" type="dn16" value="0"/>
    </field>
  </command>
  <alias name="clrauto" command="suda_cmd_clrauto"/>

  <command name="suda_cmd_clrseq" decoder="cmdDecoder">
    <description text="Clear sequence-related state/counters"/>
    <ancillaryDataSet>
      <ancillaryData name="safetyLevel"></ancillaryData>
      <ancillaryData name="constraints"></ancillaryData>
      <ancillaryData name="target"></ancillaryData>
      <ancillaryData name="telemetryResponse"></ancillaryData>
    </ancillaryDataSet>
    <field>
      <opcode value="0xCD0E" type="dn16"/>
      <itemDef name="clrseq_pad" type="dn16" value="0"/>
    </field>
  </command>
  <alias name="clrseq" command="suda_cmd_clrseq"/>

  <command name="suda_cmd_enahvosc" decoder="cmdDecoder">
    <description text="Enable a high voltage power supply oscillator"/>
    <ancillaryDataSet>
      <ancillaryData name="safetyLevel"></ancillaryData>
      <ancillaryData name="constraints"></ancillaryData>
      <ancillaryData name="target"></ancillaryData>
      <ancillaryData name="telemetryResponse"></ancillaryData>
    </ancillaryDataSet>
    <field>
      <opcode value="0xEEEE" type="dn16"/>
      <argument id="OSCILLATOR" type="hvOscillator32" default="SENSOR"><description text="HVPS Oscillator"/></argument>
      <itemDef name="enahvosc_pad" type="dn16" value="0"/>
    </field>
  </command>
  <alias name="enahvosc" command="suda_cmd_enahvosc"/>

  <command name="suda_cmd_clrmem" decoder="cmdDecoder">
    <description text="Clear memory-related state/counters"/>
    <ancillaryDataSet>
      <ancillaryData name="safetyLevel"></ancillaryData>
      <ancillaryData name="constraints"></ancillaryData>
      <ancillaryData name="target"></ancillaryData>
      <ancillaryData name="telemetryResponse"></ancillaryData>
    </ancillaryDataSet>
    <field>
      <opcode value="0xCCEC" type="dn16"/>
      <itemDef name="clrmem_pad" type="dn16" value="0"/>
    </field>
  </command>
  <alias name="clrmem" command="suda_cmd_clrmem"/>

  <!-- Below here are only aliased commands, no new commands -->

  <!-- Often, it is convenient to have memory operations with fixed arguments -->
  <include>Config\suda_cmd_alias.xml</include>


  <!-- Less typing makes Greg happy during debugging -->
  <alias name="dual" command="suda_cmd_dualcmd"/>

  <!-- Less typing makes Greg happy during debugging -->
  <command name="wr" decoder="cmdDecoder">
    <description text="Write directly to memory"/>
    <field>
      <opcode value="0xCCCC" type="dn16"/>
      <argument id="a" type="dn32" default="0"><description text="Processor address to overwrite"/></argument>
      <argument id="v" type="dn32" default="0"><description text="Value to write"/></argument>
      <itemDef name="rawwrt_alias_pad" type="dn16" value="0"/>
    </field>
  </command>

  <command name="rd" decoder="cmdDecoder">
    <description text="Read directly from memory"/>
    <field>
      <opcode value="0xCCCD" type="dn16"/>
      <argument id="a" type="dn32" default="0"><description text="Processor address to read"/></argument>
      <itemDef name="rawrd_alias_pad" type="dn16" value="0"/>
    </field>
  </command>

  <command name="cpy" decoder="cmdDecoder">
    <description text="Copy from one memory location to another, by processor address"/>
    <field>
      <opcode value="0xCCCE" type="dn16"/>
      <argument id="s" type="dn32" default="0"><description text="Source processor address"/></argument>
      <argument id="d" type="dn32" default="0"><description text="Destination processor address"/></argument>
      <argument id="l" type="dn32" default="0"><description text="Length of copy, in dwords"/></argument>
      <itemDef name="rawcpy_alias_pad" type="dn16" value="0"/>
    </field>
  </command>


  <!-- Divided sethvsetpt into two (so OASIS can use two different conversions correctly) -->
  <command name="suda_cmd_sethvspDS" decoder="cmdDecoder">
    <description text="Set output setpoint for (primary) HVPS channels Detector or Sensor"/>
    <ancillaryDataSet>
      <ancillaryData name="safetyLevel"></ancillaryData>
      <ancillaryData name="constraints"></ancillaryData>
      <ancillaryData name="target"></ancillaryData>
      <ancillaryData name="telemetryResponse"></ancillaryData>
    </ancillaryDataSet>
    <field>
      <opcode value="0xCD0B" type="dn16"/>
      <argument id="OUTPUT" type="hvOutputOnlyDS32" default="SENSOR"><description text="HVPS output"/></argument>
      <argument id="SETPOINT" type="dn32" min="0" max="4095" minCheck="enabled" maxCheck="enabled"><description text="HVPS setpoint"/></argument>
      <itemDef name="sethvspDS_pad" type="dn16" value="0"/>
    </field>
  </command>
  <alias name="sethvspDS" command="suda_cmd_sethvspDS"/>

  <!-- Divided sethvsetpt into two (so OASIS can use two different conversions correctly) -->
  <command name="suda_cmd_sethvspTR" decoder="cmdDecoder">
    <description text="Set output setpoint for (derived) HVPS channels Target or Reflectron"/>
    <ancillaryDataSet>
      <ancillaryData name="safetyLevel"></ancillaryData>
      <ancillaryData name="constraints"></ancillaryData>
      <ancillaryData name="target"></ancillaryData>
      <ancillaryData name="telemetryResponse"></ancillaryData>
    </ancillaryDataSet>
    <field>
      <opcode value="0xCD0B" type="dn16"/>
      <argument id="OUTPUT" type="hvOutputOnlyTR32" default="REFLEC"><description text="HVPS output"/></argument>
      <argument id="SETPOINT" type="dn32" min="0" max="4095" minCheck="enabled" maxCheck="enabled"><description text="HVPS setpoint"/></argument>
      <itemDef name="sethvspTR_pad" type="dn16" value="0"/>
    </field>
  </command>
  <alias name="sethvspTR" command="suda_cmd_sethvspTR"/>

  <!-- Divided sethvmax into two (so OASIS can use two different conversions correctly) -->
  <command name="suda_cmd_sethvmaxDS" decoder="cmdDecoder">
    <description text="Set output maximum for (primary) HVPS channels Detector or Sensor"/>
    <ancillaryDataSet>
      <ancillaryData name="safetyLevel"></ancillaryData>
      <ancillaryData name="constraints"></ancillaryData>
      <ancillaryData name="target"></ancillaryData>
      <ancillaryData name="telemetryResponse"></ancillaryData>
    </ancillaryDataSet>
    <field>
      <opcode value="0xCD0C" type="dn16"/>
      <argument id="OUTPUT" type="hvOutputOnlyDS32" default="SENSOR"><description text="HVPS output"/></argument>
      <argument id="MAX" type="dn32" min="0" max="4095" minCheck="enabled" maxCheck="enabled"><description text="HVPS max"/></argument>
      <itemDef name="sethvmaxDS_pad" type="dn16" value="0"/>
    </field>
  </command>
  <alias name="sethvmaxDS" command="suda_cmd_sethvmaxDS"/>

  <!-- Divided sethvmax into two (so OASIS can use two different conversions correctly) -->
  <command name="suda_cmd_sethvmaxTR" decoder="cmdDecoder">
    <description text="Set output maximum for (derived) HVPS channels Target or Reflectron"/>
    <ancillaryDataSet>
      <ancillaryData name="safetyLevel"></ancillaryData>
      <ancillaryData name="constraints"></ancillaryData>
      <ancillaryData name="target"></ancillaryData>
      <ancillaryData name="telemetryResponse"></ancillaryData>
    </ancillaryDataSet>
    <field>
      <opcode value="0xCD0C" type="dn16"/>
      <argument id="OUTPUT" type="hvOutputOnlyTR32" default="REFLEC"><description text="HVPS output"/></argument>
      <argument id="MAX" type="dn32" min="0" max="4095" minCheck="enabled" maxCheck="enabled"><description text="HVPS max"/></argument>
      <itemDef name="sethvmaxTR_pad" type="dn16" value="0"/>
    </field>
  </command>
  <alias name="sethvmaxTR" command="suda_cmd_sethvmaxTR"/>





 <!-- Used to manually send s/c time messages, has no other use (not related to automatic time generation) -->
  <frameDef name="manualstmHeader">
    <field>
      <frameCopy name="UMS" suffix="_suda_stmstm"/>
      <itemDef name="stmstmCcsdsVersion"     type="dn3" value="0" />
      <itemDef name="stmstmCcsdsPktType"     type="dn1" value="1" />
      <itemDef name="stmstmCcsdsSecHdrFlag"  type="dn1" value="1" />
      <itemDef name="stmstmCcsdsApID"        type="dn11" value="0x580"/>
      <itemDef name="stmstmCcsdsGroup"       type="dn2"  value="3"/>
      <itemCounter name="stmstmCcsdsSeqCnt"  type="dn14" value="1" min="0" max="0x3FFF" incr="1"/>
      <itemDef name="stmstmCcsdsLength"      type="dn16" value="0"/>
      <placeholder/>
      <itemDef name="stmstmCrc16Checksum" type="dn16" value="0"/>
    </field>
    <!-- Subtract the usual 7 bytes per CCSDS, plus another 4 bytes for UMS (88 bits total) -->
    <length item="stmstmCcsdsLength" offset="-88"/>
    <checksum method="crc" seed="0xFFFF" start="stmstmCcsdsVersion" item="stmstmCrc16Checksum"
                 stop="stmstmCrc16Checksum" width="16" poly="0x1021"/>
  </frameDef>

  <!-- Decoder to process commands -->
  <decoderDef name="manualstmDecoder" updateDB="false">
  <description text="Decoder to process manually-generated s/c time messages"/>
    <headerFrame name="manualstmHeader"/>
    <outBuffer size="4096"/>
    <frameID name="4:0:dn11"/>
    <outputDevice name="spwBox"/>
    <outputDevice name="spwCmdLog" enabled="true"/>
   </decoderDef>

  <command name="suda_cmd_manualstm" decoder="manualstmDecoder">
    <description text="Use this to manually send a s/c time message"/>
    <field>
      <opcode value="0x8001" type="dn16"/>
      <argument id="manualstm_integer_seconds" type="dn32" default="0"></argument>
      <argument id="manualstm_status_flags" type="dn16" default="0"></argument>
    </field>
  </command>
  <alias name="manualstm" command="suda_cmd_manualstm"/>


</hydraDef>




