<!-- SUDA-specific file to define SUDA Telemetry Software Packet -->

<hydraDef>

	
  
  <!-- ====================================== -->
  <!-- Software-Centric Packet              -->
  <!-- ====================================== -->

  <frameDef name="suda_sw_hk_frame"><description text="Software pkt contents"/>
    <field>
   <!-- Begin: cmdSwTlm_t cmdStat --> 
    <!-- Begin: cmdCritTlm_t cmdCritTlm -->      
      <itemDef name="SUDA_SSZERO_SWP" type="dn16"> 
        <alias namespace="SUDA" value="ssZero"/>
        <description text="Subsecond value when SpaceWire time tick was received"/> 
      </itemDef>
      
      <itemDef name="SUDA_INTFTYPE_SWP" type="commIntfType"> 
        <alias namespace="SUDA" value="intfType"/>
        <description text="Declares the communication interface type"/> 
      </itemDef>
      
      <itemDef name="SUDA_SELINTF_SWP" type="spwSideType"> 
        <alias namespace="SUDA" value="selIntf"/>
        <description text="Declares which SpaceWire side is active"/> 
      </itemDef>
      
      <itemDef name="SUDA_BUSY_SWP" type="busyStateType"> 
        <alias namespace="SUDA" value="currBusy"/>
        <description text="Set when SUDA unable to respond to a new command"/> 
      </itemDef>
      
      <itemDef name="SUDA_PANIC_SWP" type="panicStateType"> 
        <alias namespace="SUDA" value="currPanic"/>
        <description text="Significant error condition or illegal state"/> 
      </itemDef>
      
      <itemDef name="SUDA_MODE_SWP" type="sudaModeType4"> 
        <alias namespace="SUDA" value="currMode"/>
        <description text="Current instrument mode"/> 
      </itemDef>
      
      <itemDef name="SUDA_ACPTOV_SWP" type="ovrflwStateType"> 
        <alias namespace="SUDA" value="acptOvrflw"/>
        <description text="Persistent overflow flag for cmd accept counter"/> 
      </itemDef>
      
      <itemDef name="SUDA_ACTCNT_SWP" type="dn7"> 
        <alias namespace="SUDA" value="acptCnt"/>
        <description text="Command accept count"/> 
      </itemDef>
      
      <itemDef name="SUDA_EXECOV_SWP" type="ovrflwStateType"> 
        <alias namespace="SUDA" value="execOvrflw"/>
        <description text="Persistent overflow flag for cmd execute counter"/> 
      </itemDef>
      
      <itemDef name="SUDA_EXECCNT_SWP" type="dn7"> 
        <alias namespace="SUDA" value="execCnt"/>
        <description text="Command execute count"/> 
      </itemDef>
      
      <itemDef name="SUDA_RJCTOV_SWP" type="ovrflwStateType"> 
        <alias namespace="SUDA" value="rjctOvrflw"/>
        <description text="Persistent overflow flag for cmd reject counter"/> 
      </itemDef>
      
      <itemDef name="SUDA_RJCTCNT_SWP" type="dn7"> 
        <alias namespace="SUDA" value="rjctCnt"/>
        <description text="Command reject count"/> 
      </itemDef>
      
      <itemDef name="SUDA_CMDSEQ1_SWP" type="dn5"> 
        <alias namespace="SUDA" value="cmdSeq1"/>
        <description text="Lowest CCSDS src seq cntr bits for command history buffer entry 1"/> 
      </itemDef>
      
      <itemDef name="SUDA_CMDST1_SWP" type="cmdHistoryStateType"> 
        <alias namespace="SUDA" value="cmdState1"/>
        <description text="State for command history buffer entry 1"/> 
      </itemDef>
      
      <itemDef name="SUDA_CMDOP1_SWP" type="dn16"> 
        <alias namespace="SUDA" value="cmdOp1"/>
        <description text="Op code for command history buffer entry 1"/> 
      </itemDef>
      
      <itemDef name="SUDA_CMDSEQ2_SWP" type="dn5"> 
        <alias namespace="SUDA" value="cmdSeq2"/>
        <description text="Lowest CCSDS src seq cntr bits for command history buffer entry 2"/> 
      </itemDef>
      
      <itemDef name="SUDA_CMDST2_SWP" type="cmdHistoryStateType"> 
        <alias namespace="SUDA" value="cmdState2"/>
        <description text="State for command history buffer entry 2"/> 
      </itemDef>
      
      <itemDef name="SUDA_CMDOP2_SWP" type="dn16"> 
        <alias namespace="SUDA" value="cmdOp2"/>
        <description text="Op code for command history buffer entry 2"/> 
      </itemDef>
      
      <itemDef name="SUDA_CMDSEQ3_SWP" type="dn5"> 
        <alias namespace="SUDA" value="cmdSeq3"/>
        <description text="Lowest CCSDS src seq cntr bits for command history buffer entry 3"/> 
      </itemDef>
      
      <itemDef name="SUDA_CMDST3_SWP" type="cmdHistoryStateType"> 
        <alias namespace="SUDA" value="cmdState3"/>
        <description text="State for command history buffer entry 3"/> 
      </itemDef>
      
      <itemDef name="SUDA_CMDOP3_SWP" type="dn16"> 
        <alias namespace="SUDA" value="cmdOp3"/>
        <description text="Op code for command history buffer entry 3"/> 
      </itemDef>
      
      <itemDef name="SUDA_CMDSEQ4_SWP" type="dn5"> 
        <alias namespace="SUDA" value="cmdSeq4"/>
        <description text="Lowest CCSDS src seq cntr bits for command history buffer entry 4"/> 
      </itemDef>
      
      <itemDef name="SUDA_CMDST4_SWP" type="cmdHistoryStateType"> 
        <alias namespace="SUDA" value="cmdState4"/>
        <description text="State for command history buffer entry 4"/> 
      </itemDef>
      
      <itemDef name="SUDA_CMDOP4_SWP" type="dn16"> 
        <alias namespace="SUDA" value="cmdOp4"/>
        <description text="Op code for command history buffer entry 4"/> 
      </itemDef>
      
      <itemDef name="SUDA_CMDSEQ5_SWP" type="dn5"> 
        <alias namespace="SUDA" value="cmdSeq5"/>
        <description text="Lowest CCSDS src seq cntr bits for command history buffer entry 5"/> 
      </itemDef>
      
      <itemDef name="SUDA_CMDST5_SWP" type="cmdHistoryStateType"> 
        <alias namespace="SUDA" value="cmdState5"/>
        <description text="State for command history buffer entry 5"/> 
      </itemDef>
      
      <itemDef name="SUDA_CMDOP5_SWP" type="dn16"> 
        <alias namespace="SUDA" value="cmdOp5"/>
        <description text="Op code for command history buffer entry 5"/> 
      </itemDef>
      
      <itemDef name="SUDA_SPWERROV_SWP" type="ovrflwStateType"> 
        <alias namespace="SUDA" value="spwErrOvrflw"/>
        <description text="Persistent overflow flag for SpW error counter"/> 
      </itemDef>
      
      <itemDef name="SUDA_SPWERRCNT_SWP" type="dn7"> 
        <alias namespace="SUDA" value="spwErrCnt"/>
        <description text="Command SpW error count"/> 
      </itemDef>
      
      <itemDef name="SUDA_UNUSEDHS1_SWP" type="dn16">
        <alias namespace="SUDA" value="unusedHS1"/>
        <description text="Unused"/> 
      </itemDef>  

      <itemDef name="SUDA_rxTickNum_SWP" type="dn8">
          <alias namespace="SUDA" value="rxTickNum"/>
        <description text="Rx Tick Number register"/>
      </itemDef>
      
      <itemDef name="SUDA_autoRateCfg_SWP" type="enaDis">
          <alias namespace="SUDA" value="autoRateCfg"/>
        <description text="Configuration of SpW auto-rate change"/>
      </itemDef>

      <itemDef name="SUDA_LINK_STAT_PAD_SWP" type="dn2">
          <alias namespace="SUDA" value="LINK_STAT_PAD_SWP"/>
        <description text="2 bit pad for link status"/>
      </itemDef>
      
      <itemDef name="SUDA_SPW_RXFIFO_CLR_LATCH_SWP" type="yesNo">
          <alias namespace="SUDA" value="SPW_RXFIFO_CLR_LATCH_SWP"/>
        <description text="Latched RxFIFO clear history (clears on read)"/>
      </itemDef>

      <itemDef name="SUDA_SPW_LINK_DOWN_LATCH_SWP" type="errOkay">
          <alias namespace="SUDA" value="SPW_LINK_DOWN_LATCH_SWP"/>
        <description text="Latched link down history (clears on read)"/>
      </itemDef>

      <itemDef name="SUDA_SPW_RXFIFO_CLR_SWP" type="yesNo">
          <alias namespace="SUDA" value="SPW_RXFIFO_CLR_MASK_SWP"/>
        <description text="RxFIFO cleared due to init/reinit"/>
      </itemDef>
      
      <itemDef name="SUDA_SPW_PR_SELECT_SWP" type="secPri">
          <alias namespace="SUDA" value="SPW_PR_SELECT_MASK_SWP"/>
        <description text="Active SpaceWire port (primary/redundant)"/>
      </itemDef>

      <itemDef name="SUDA_SPW_LINK_DOWN_SWP" type="errOkay">
          <alias namespace="SUDA" value="SPW_LINK_DOWN_SWP"/>
        <description text="SpaceWire Link is now down"/>
      </itemDef>  
      
      <itemDef name="SUDA_SPW_GOT_NULL_SWP" type="yesNo">
          <alias namespace="SUDA" value="SPW_GOT_NULL_SWP"/>
        <description text="SpaceWire Null character received"/>
      </itemDef>
      
      <itemDef name="SUDA_SPW_GOT_FCT_SWP" type="yesNo">
          <alias namespace="SUDA" value="SPW_GOT_FCT_SWP"/>
        <description text="SpaceWire Flow control character received"/>
      </itemDef>
      
      <itemDef name="SUDA_SPW_GOT_DATA_SWP" type="yesNo">
          <alias namespace="SUDA" value="SPW_GOT_DATA_SWP"/>
        <description text="SpaceWire Data character received"/>
      </itemDef>

      <itemDef name="SUDA_SPW_LINK_STATE_SWP" type="linkStateType">
          <alias namespace="SUDA" value="SPW_LINK_STATE_SWP"/>
        <description text="SpaceWire Link state machine"/>
      </itemDef>

      <itemDef name="SUDA_SPW_GOT_ESC_ERR_SWP" type="yesNo">
          <alias namespace="SUDA" value="SPW_GOT_ESC_ERR_SWP"/>
        <description text="SpaceWire Escape error character received"/>
      </itemDef>

      <itemDef name="SUDA_SPW_PARITY_CNT_SWP" type="dn3">
          <alias namespace="SUDA" value="SPW_PARITY_CNT_SWP"/>
        <description text="Counts SpaceWire odd parity errors (no rollover)"/>
      </itemDef>

      <itemDef name="SUDA_SPW_DISCON_CNT_SWP" type="dn3">
          <alias namespace="SUDA" value="SPW_DISCON_CNT_SWP"/>
        <description text="Counts SpaceWire disconnect errors (no rollover)"/>
      </itemDef>

      <itemDef name="SUDA_SPW_FLOW_ERR1_SWP" type="errOkay">
          <alias namespace="SUDA" value="SPW_FLOW_ERR1_SWP"/>
        <description text="SpaceWire flow control token error type 1 (see FPGA spec)"/>
      </itemDef>

      <itemDef name="SUDA_SPW_FLOW_ERR2_SWP" type="errOkay">
          <alias namespace="SUDA" value="SPW_FLOW_ERR2_SWP"/>
        <description text="SpaceWire flow control token error type 2 (see FPGA spec)"/>
      </itemDef>

      <itemDef name="SUDA_SPW_LINK_TIMEOUT_SWP" type="dn1">
          <alias namespace="SUDA" value="SPW_LINK_TIMEOUT_SWP"/>
        <description text="SpaceWire Output port blocked longer than link timeout period (LTO), reinit'd"/>
      </itemDef>    
      
      <itemDef name="SUDA_cmdCritSpare_SWP" type="dn32">
          <alias namespace="SUDA" value="cmdCritSpare_SWP"/>
        <description text="32 spare bits for cmdCritTlm_t"/>
      </itemDef>      
      <!-- End: cmdCritTlm_t cmdCritTlm -->
    
      <!-- Begin: spwIntfTlmSW_t spwIntfTlm -->
      <itemDef name="SUDA_rxFifoClrCnt" type="dn8">
          <alias namespace="SUDA" value="rxFifoClrCnt"/>
        <description text="RX FIFO Clear Counter"/>
      </itemDef>

      <itemDef name="SUDA_linkDownCnt" type="dn8">
          <alias namespace="SUDA" value="linkDownCnt"/>
        <description text="Link Down Counter"/>
      </itemDef>
      
      <itemDef name="SUDA_eepCnt1" type="dn8">
          <alias namespace="SUDA" value="eepCnt"/>
        <description text="EEP Counter"/>
      </itemDef>

      <itemDef name="SUDA_parityCnt" type="dn8">
          <alias namespace="SUDA" value="parityCnt"/>
        <description text="Parity Counter"/>
      </itemDef>
      
      <itemDef name="SUDA_flowCtrl1Cnt" type="dn8">
          <alias namespace="SUDA" value="flowCtrl1Cnt"/>
        <description text="Flow Control 1 Counter"/>
      </itemDef>

      <itemDef name="SUDA_flowCtrl2Cnt" type="dn8">
          <alias namespace="SUDA" value="flowCtrl2Cnt"/>
        <description text="Flow Control 2 Counter"/>
      </itemDef>
      
      <itemDef name="SUDA_timeoutCnt" type="dn8">
          <alias namespace="SUDA" value="timeoutCnt"/>
        <description text="Timeout Counter"/>
      </itemDef>

      <itemDef name="SUDA_dropCnt" type="dn8">
          <alias namespace="SUDA" value="dropCnt"/>
        <description text="Drop Counter"/>
      </itemDef>
      
      <itemDef name="SUDA_tooLargeCnt" type="dn8">
          <alias namespace="SUDA" value="tooLargeCnt"/>
        <description text="Too Large Counter"/>
      </itemDef>      

      <itemDef name="SUDA_rxUerrCnt" type="dn8">
          <alias namespace="SUDA" value="rxUerrCnt"/>
        <description text="RX Uerr Counter"/>
      </itemDef>      
      
      <itemDef name="SUDA_rxCerrCnt" type="dn8">
          <alias namespace="SUDA" value="rxCerrCnt"/>
        <description text="RX Cerr Counter"/>
      </itemDef>      

      <itemDef name="SUDA_bufFullCnt" type="dn8">
          <alias namespace="SUDA" value="bufFullCnt"/>
        <description text="Buffer Full Counter"/>
      </itemDef>      

      <itemDef name="SUDA_spwCntrs4Spare" type="dn6">
          <alias namespace="SUDA" value="spwCntrsSpare"/>
        <description text="Spare bits for SPW Counter 4"/>
      </itemDef>  

      <itemDef name="SUDA_buffOvrflwFlg" type="errOkay">
          <alias namespace="SUDA" value="buffOvrflwCnt"/>
        <description text="Buffer Overflow Flag"/>
      </itemDef>  
          
      <itemDef name="SUDA_buffUndflwFlg" type="errOkay">
          <alias namespace="SUDA" value="buffUndflwCnt"/>
        <description text="Buffer Underflow Flag"/>
      </itemDef> 
        
      <itemDef name="SUDA_discntCnt" type="dn24">
          <alias namespace="SUDA" value="discntCnt"/>
        <description text="Disconnect Counter"/>
      </itemDef> 
      <!-- End: spwIntfTlmSW_t spwIntfTlm -->

      <!-- Begin: protocolTlm_t protocolTlm-->
      <itemDef name="SUDA_lastUms" type="dn32">
          <alias namespace="SUDA" value="lastUms"/>
        <description text="Unified Msg Structure value for last processed cmd"/>
      </itemDef>      

      <itemDef name="SUDA_lastCrc" type="dn32">
          <alias namespace="SUDA" value="lastCrc"/>
        <description text="Cyclic Redundancy Check value for last processed cmd"/>
      </itemDef>  
    
      <!-- End: protocolTlm_t protocolTlm -->
      
      <!-- Begin: cmdEngineTlm_t engineTlmm-->
      <itemDef name="SUDA_succCnt" type="dn32">
          <alias namespace="SUDA" value="succCnt"/>
        <description text="Counts successful cmd executions, excludes msgs"/>
      </itemDef>    

      <itemDef name="SUDA_isArmed" type="yesNo">
          <alias namespace="SUDA" value="isArmed"/>
        <description text="Cyclic Redundancy Check value for last processed cmd"/>
      </itemDef>   

      <itemDef name="SUDA_failCnt" type="dn15">
          <alias namespace="SUDA" value="failCnt"/>
        <description text="Count of failed commands"/>
      </itemDef>  

      <itemDef name="SUDA_lastResult" type="cmdStatus">
          <alias namespace="SUDA" value="lastResult"/>
        <description text="Last result of command execution (excludes STM)"/>
      </itemDef>    

      <itemDef name="SUDA_failReason" type="cmdStatus">
          <alias namespace="SUDA" value="failReason"/>
        <description text="Reason for last failure"/>
      </itemDef>      

      <itemDef name="SUDA_lastSuccess_ccsds1" type="dn32">
          <alias namespace="SUDA" value="lastSuccess_ccsds1"/>
        <description text="CCSDS header field #1 for last successful cmd, includes APID and seq cnt"/>
      </itemDef>  
      
      <itemDef name="SUDA_lastSuccess_ccsds2" type="dn32">
          <alias namespace="SUDA" value="lastSuccess_ccsds2"/>
        <description text="CCSDS header field #2 for last successful cmd, includes length"/>
      </itemDef>   

      <itemDef name="SUDA_lastSuccess_arg1" type="dn32">
          <alias namespace="SUDA" value="lastSuccess_arg1"/>
        <description text="First argument for last successful cmd"/>
      </itemDef>      
      
      <itemDef name="SUDA_lastFailure_ccsds1" type="dn32">
          <alias namespace="SUDA" value="lastFailure_ccsds1"/>
        <description text="CCSDS header field #1 for last failing cmd, includes APID and seq cnt"/>
      </itemDef>  
      
      <itemDef name="SUDA_lastFailure_ccsds2" type="dn32">
          <alias namespace="SUDA" value="lastFailure_ccsds2"/>
        <description text="CCSDS header field #2 for last failing cmd, includes length"/>
      </itemDef>   

      <itemDef name="SUDA_lastFailure_arg1" type="dn32">
          <alias namespace="SUDA" value="lastFailure_arg1"/>
        <description text="First argument of last failing cmd"/>
      </itemDef>          
      <!-- End: cmdEngineTlm_t engineTlm -->

      <!-- Begin: paramBucketStatus_t parBucketTlm -->
      <itemDef name="SUDA_cmdParamBucketStatus_UNUSED" type="dn16">
          <alias namespace="SUDA" value="cmdParamBucketStatus_UNUSED"/>
        <description text="Unused"/>
      </itemDef>

      <itemDef name="SUDA_cmdParamBucketStatus_initialized" type="okayErr">
          <alias namespace="SUDA" value="cmdParamBucketStatus_initialized"/>
        <description text="'1' if param bucket is initialized"/>
      </itemDef>

      <itemDef name="SUDA_cmdParamBucketStatus_numParams" type="dn7">
          <alias namespace="SUDA" value="cmdParamBucketStatus_numParams"/>
        <description text="Number of parameters in bucket"/>
      </itemDef>      

      <itemDef name="SUDA_cmdParamBucketStatus_errCount" type="dn8">
          <alias namespace="SUDA" value="cmdParamBucketStatus_errCount"/>
        <description text="Counts errors seen by param bucket"/>
      </itemDef>      
      <!-- End: paramBucketStatus_t parBucketTlm -->

      <!-- Begin: cmdBucketStatus_t cmdBucketTlm -->
      <itemDef name="SUDA_cmdCmdBucketStatus_UNUSED" type="dn16">
          <alias namespace="SUDA" value="cmdCmdBucketStatus_UNUSED"/>
        <description text="Unused"/>
      </itemDef>

      <itemDef name="SUDA_cmdCmdBucketStatus_initialized" type="okayErr">
          <alias namespace="SUDA" value="cmdCmdBucketStatus_initialized"/>
        <description text="'1' if cmd bucket is initialized"/>
      </itemDef>

      <itemDef name="SUDA_cmdCmdBucketStatus_numCmds" type="dn7">
          <alias namespace="SUDA" value="cmdCmdBucketStatus_numCmds"/>
        <description text="Number of commands in bucket"/>
      </itemDef>      

      <itemDef name="SUDA_cmdCmdBucketStatus_errCount" type="dn8">
          <alias namespace="SUDA" value="cmdCmdBucketStatus_errCount"/>
        <description text="Counts errors seen by cmd bucket"/>
      </itemDef>      
      <!-- End: cmdBucketStatus_t parBucketTlm -->

      <!-- Begin: statBucketStatus_t parBucketTlm -->
      <itemDef name="SUDA_cmdStatBucketStatus_UNUSED" type="dn16">
          <alias namespace="SUDA" value="cmdStatBucketStatus_UNUSED"/>
        <description text="Unused"/>
      </itemDef>

      <itemDef name="SUDA_cmdStatBucketStatus_initialized" type="okayErr">
          <alias namespace="SUDA" value="cmdStatBucketStatus_initialized"/>
        <description text="'1' if status bucket is initialized"/>
      </itemDef>

      <itemDef name="SUDA_cmdStatBucketStatus_numLogs" type="dn7">
          <alias namespace="SUDA" value="cmdStatBucketStatus_numLogs"/>
        <description text="Number of logs in bucket"/>
      </itemDef>      

      <itemDef name="SUDA_cmdStatBucketStatus_errCount" type="dn8">
          <alias namespace="SUDA" value="cmdStatBucketStatus_errCount"/>
        <description text="Counts errors seen by status bucket"/>
      </itemDef>
      <!-- End: statBucketStatus_t parBucketTlm -->

    <!-- End: cmdSwTlm_t cmdStat -->

      <itemDef name="SUDA_cmdSWPktSpare" type="dn32">
          <alias namespace="SUDA" value="cmdSWPktSpare"/>
        <description text="32 bit spare bit at the end of cmdSwTlm"/>
      </itemDef>
      
    <!-- Begin: tlmSwTlm_t tlmStat -->
      <!-- Begin: tlmCritTlm_t tlmStat -->
      <itemDef name="SUDA_tlmFailCnt_SWP" type="dn4">
          <alias namespace="SUDA" value="tlmFailCnt_SWP"/>
        <description text="Counts packet transmission failures"/>
      </itemDef> 

      <itemDef name="SUDA_tlmBusyCnt_SWP" type="dn8">
          <alias namespace="SUDA" value="tlmBusyCnt_SWP"/>
        <description text="Counts times unable to transmit due to busy"/>
      </itemDef> 

      <itemDef name="SUDA_tlmSentCnt_SWP" type="dn20">
          <alias namespace="SUDA" value="tlmSentCnt_SWP"/>
        <description text="Counts successful packet transmissions"/>
      </itemDef>    
      
      <itemDef name="SUDA_tlmCritSpare_SWP" type="dn32">
          <alias namespace="SUDA" value="tlmCritSpare_SWP"/>
        <description text="32 spare bits for tlmCritTlm_t"/>
      </itemDef>      
      <!-- End: tlmCritTlm_t tlmStat -->
      
      <!-- Begin: lastTxPkt_t lastTxPkt -->
      <itemDef name="SUDA_tlmSeqCnt" type="dn16">
          <alias namespace="SUDA" value="tlmSeqCnt"/>
        <description text="CCSDS source sequence cntr of last tx packet"/>
      </itemDef> 

      <itemDef name="SUDA_tlmApid" type="dn16">
          <alias namespace="SUDA" value="tlmApid"/>
        <description text="CCSDS APID of last tx packet"/>
      </itemDef>    
      
      <itemDef name="SUDA_tlmCRC" type="dn32">
          <alias namespace="SUDA" value="tlmCRC"/>
        <description text="16-bit CRC of last tx packet"/>
      </itemDef>    
      <!-- End: lastTxPkt_t lastTxPkt -->
    
        <!-- Begin: tlmCollectorTlm_t   tlmColl -->
      <itemDef name="SUDA_tlmWrapper" type="dn6">
          <alias namespace="SUDA" value="tlmWrapper"/>
        <description text="Identifies 'wrapper' packets awaiting tx"/>
      </itemDef> 

      <itemDef name="SUDA_tlmCritLen" type="dn10">
          <alias namespace="SUDA" value="tlmCritLen"/>
        <description text="Length of critical telemetry collected"/>
      </itemDef>    
      
      <itemDef name="SUDA_tlmSwLen" type="dn16">
          <alias namespace="SUDA" value="tlmSwLen"/>
        <description text="Length of software-centric telemetry collected"/>
      </itemDef>  
        <!-- End: tlmCollectorTlm_t   tlmColl -->

        <!-- Begin: spwTxIntfTlm_t   spwTxIntfTlm -->
      <itemDef name="SUDA_tlmSentToBds" type="dn32">
          <alias namespace="SUDA" value="tlmSentToBds"/>
        <description text="Number of dwords transmitted to BDS"/>
      </itemDef> 

      <itemDef name="SUDA_tlmSentToFsw" type="dn32">
          <alias namespace="SUDA" value="tlmSentToFsw"/>
        <description text="Number of dwords transmitted to S/C FSW"/>
      </itemDef>    

      <itemDef name="SUDA_lastTxCcsds1" type="dn32">
          <alias namespace="SUDA" value="lastTxCcsds1"/>
        <description text="Last transmitted CCSDS dword1, incl APID"/>
      </itemDef>    

      <itemDef name="SUDA_lastTxCcsds2" type="dn32">
          <alias namespace="SUDA" value="lastTxCcsds2"/>
        <description text="Last transmitted CCSDS dword2, incl length"/>
      </itemDef>    

      <itemDef name="SUDA_lastTxCrc" type="dn32">
          <alias namespace="SUDA" value="lastTxCrc"/>
        <description text="Value of CRC transmitted in last packet"/>
      </itemDef>    
        <!-- End: spwTxIntfTlm_t   spwTxIntfTlm -->

        <!-- Begin: fswVersion_t        version -->
      <itemDef name="SUDA_FSWVERMAJOR" type="dn8">
          <alias namespace="SUDA" value="major"/>
        <description text="Major version number for FSW"/>
      </itemDef> 

      <itemDef name="SUDA_FSWVERMINOR" type="dn8">
          <alias namespace="SUDA" value="minor"/>
        <description text="Minor version number for FSW"/>
      </itemDef>    
      
      <itemDef name="SUDA_FSWVERPATCH" type="dn16">
          <alias namespace="SUDA" value="patch"/>
        <description text="Patch version number for FSW (zero for none)"/>
      </itemDef>  
        <!-- End: fswVersion_t        version -->

      <!-- Begin: paramBucketStatus_t parBucketTlm -->
      <itemDef name="SUDA_tlmParamBucketStatus_UNUSED" type="dn16">
          <alias namespace="SUDA" value="tlmParamBucketStatus_UNUSED"/>
        <description text="Unused"/>
      </itemDef>

      <itemDef name="SUDA_tlmParamBucketStatus_initialized" type="okayErr">
          <alias namespace="SUDA" value="tlmParamBucketStatus_initialized"/>
        <description text="'1' if param bucket is initialized"/>
      </itemDef>

      <itemDef name="SUDA_tlmParamBucketStatus_numParams" type="dn7">
          <alias namespace="SUDA" value="tlmParamBucketStatus_numParams"/>
        <description text="Number of parameters in bucket"/>
      </itemDef>      

      <itemDef name="SUDA_tlmParamBucketStatus_errCount" type="dn8">
          <alias namespace="SUDA" value="tlmParamBucketStatus_errCount"/>
        <description text="Counts errors seen by param bucket"/>
      </itemDef>      
      <!-- End: paramBucketStatus_t parBucketTlm -->

      <!-- Begin: cmdBucketStatus_t cmdBucketTlm -->
      <itemDef name="SUDA_tlmCmdBucketStatus_UNUSED" type="dn16">
          <alias namespace="SUDA" value="tlmCmdBucketStatus_UNUSED"/>
        <description text="Unused"/>
      </itemDef>

      <itemDef name="SUDA_tlmCmdBucketStatus_initialized" type="okayErr">
          <alias namespace="SUDA" value="tlmCmdBucketStatus_initialized"/>
        <description text="'1' if cmd bucket is initialized"/>
      </itemDef>

      <itemDef name="SUDA_tlmCmdBucketStatus_numCmds" type="dn7">
          <alias namespace="SUDA" value="tlmCmdBucketStatus_numCmds"/>
        <description text="Number of commands in bucket"/>
      </itemDef>      

      <itemDef name="SUDA_tlmCmdBucketStatus_errCount" type="dn8">
          <alias namespace="SUDA" value="tlmCmdBucketStatus_errCount"/>
        <description text="Counts errors seen by cmd bucket"/>
      </itemDef>      
      <!-- End: cmdBucketStatus_t parBucketTlm -->

      <!-- Begin: statBucketStatus_t parBucketTlm -->
      <itemDef name="SUDA_tlmStatBucketStatus_UNUSED" type="dn16">
          <alias namespace="SUDA" value="tlmStatBucketStatus_UNUSED"/>
        <description text="Unused"/>
      </itemDef>

      <itemDef name="SUDA_tlmStatBucketStatus_initialized" type="okayErr">
          <alias namespace="SUDA" value="tlmStatBucketStatus_initialized"/>
        <description text="'1' if status bucket is initialized"/>
      </itemDef>

      <itemDef name="SUDA_tlmStatBucketStatus_numLogs" type="dn7">
          <alias namespace="SUDA" value="tlmStatBucketStatus_numLogs"/>
        <description text="Number of logs in bucket"/>
      </itemDef>      

      <itemDef name="SUDA_tlmStatBucketStatus_errCount" type="dn8">
          <alias namespace="SUDA" value="tlmStatBucketStatus_errCount"/>
        <description text="Counts errors seen by status bucket"/>
      </itemDef>
      <!-- End: statBucketStatus_t parBucketTlm -->

      <itemDef name="SUDA_tlmSWPktSpare" type="dn32">
          <alias namespace="SUDA" value="tlmSWPktSpare"/>
        <description text="32 bit spare bit at the end of tlmSwTlm"/>
      </itemDef>      
      <!-- End: tlmSwTlm_t tlmStat -->

      <!-- Begin: upkeepSwTlm_t upkeepStat -->
      <itemDef name="SUDA_SWSTMCNT" type="dn32"><alias namespace="SUDA" value="SWSTMCNT"/>
        <description text="Reserved for upkeep component"/> </itemDef>
      <itemDef name="SUDA_UPKSWCritTlm01" type="dn32"><alias namespace="SUDA" value="upkswCritTlm01"/>
        <description text="Reserved for upkeep component"/> </itemDef>

      <!-- Begin: perfMonSw_t perfMonStatus -->
      <itemDef name="SUDA_PERFMONINIT" type="errOkay"><alias namespace="SUDA" value="PERFMONINIT"/>
        <description text="State of performance monitor successful initialization"/></itemDef>
      <itemDef name="SUDA_PERFMONENA" type="enaDis"><alias namespace="SUDA" value="PERFMONENA"/>
        <description text="Perforamnce monitor is enabled or disabled"/></itemDef>
      <itemDef name="SUDA_CPUUTIL" type="dn30"><alias namespace="SUDA" value="CPUUTIL"/>
        <description text="CPU utilization over the last second in subsecs"/></itemDef>
      <itemDef name="SUDA_PERFCMD" type="dn16"><alias namespace="SUDA" value="PERFCMD"/>
        <description text="PerfMon's high water mark for command task"/></itemDef>
      <itemDef name="SUDA_PERFTLM" type="dn16"><alias namespace="SUDA" value="PERFTLM"/>
        <description text="PerfMon's high water mark for telemetry task"/></itemDef>
      <itemDef name="SUDA_PERFUPK" type="dn16"><alias namespace="SUDA" value="PERFUPK"/>
        <description text="PerfMon's high water mark for upkeep task"/></itemDef>
      <itemDef name="SUDA_PERFQBT" type="dn16"><alias namespace="SUDA" value="PERFQBT"/>
        <description text="PerfMon's high water mark for quickboot task"/></itemDef>
      <itemDef name="SUDA_PERFMEM" type="dn16"><alias namespace="SUDA" value="PERFMEM"/>
        <description text="PerfMon's high water mark for memory task"/></itemDef>
      <itemDef name="SUDA_PERFAUTO" type="dn16"><alias namespace="SUDA" value="PERFAUTO"/>
        <description text="PerfMon's high water mark for autonomy task"/></itemDef>
      <itemDef name="SUDA_PERFSCI" type="dn16"><alias namespace="SUDA" value="PERFSCI"/>
        <description text="PerfMon's high water mark for science task"/></itemDef>
      <itemDef name="SUDA_PERFSEQ" type="dn16"><alias namespace="SUDA" value="PERFSEQ"/>
        <description text="PerfMon's high water mark for sequence task"/></itemDef>

      <!-- Begin: timeIntfSw_t timeIntfStatus -->      
      <itemDef name="SUDA_LASTSTMSEC" type="dn32"><alias namespace="SUDA" value="LASTSTMSEC"/>
        <description text="Integer seconds value held in last received STM, or 0 if none"/></itemDef>
      <itemDef name="SUDA_LASTSTMFLAG" type="dn16"><alias namespace="SUDA" value="LASTSTMFLAG"/>
        <description text="Flag field for last received STM, or 0 if none"/></itemDef>
      <itemDef name="SUDA_TIMEJUMPCNT" type="dn16"><alias namespace="SUDA" value="TIMEJUMPCNT"/>
        <description text="Counts non-monotonically increasing seconds field in consecutive STMs"/></itemDef>      
      <itemDef name="SUDA_SSZEROHI" type="dn16"><alias namespace="SUDA" value="SSZEROHI"/>
        <description text="Greatest observed 'subsecond zero' reading of consecutive time codes"/></itemDef>      
      <itemDef name="SUDA_SSZEROLO" type="dn16"><alias namespace="SUDA" value="SSZEROLO"/>
        <description text="Lowest observed 'subsecond zero' reading of consecutive time codes"/></itemDef>
      
      <!-- Begin: resetCtrlSwCrit_t rstCtrlStatus -->
      <itemDef name="SUDA_rstCtrlStatus_UNUSED" type="dn24">
          <alias namespace="SUDA" value="rstCtrlStatus_UNUSED"/>
        <description text="Unused"/>
      </itemDef>

      <itemDef name="SUDA_upkeep_resetPending" type="yesNo">
          <alias namespace="SUDA" value="upkeep_resetPending"/>
        <description text="TRUE if reset is pending"/>
      </itemDef>

      <itemDef name="SUDA_upkeep_resetType" type="resetType">
          <alias namespace="SUDA" value="upkeepParamBucketStatus_UNUSED"/>
        <description text="Identifies type of rest"/>
      </itemDef>    
      <!-- End: resetCtrlSwCrit_t rstCtrlStatus -->
      
      <!-- Begin: resetCtrlSwCrit_t rstCtrlStatus -->
      <itemDef name="SUDA_MODEOBJECTUNUSED" type="dn26"><alias namespace="SUDA" value="MODEOBJECTUNUSED"/>
        <description text="Unused"/></itemDef>
      <itemDef name="SUDA_FAULTSAFEENTRY" type="yesNo"><alias namespace="SUDA" value="FAULTSAFEENTRY"/>
        <description text="True if Safe Mode has been entered since last reboot"/></itemDef>
      <itemDef name="SUDA_JUMPPENDING" type="yesNo"><alias namespace="SUDA" value="JUMPPENDING"/>
        <description text="True if jump to OperFSW is in progress"/></itemDef>
      <itemDef name="SUDA_LASTMODE" type="sudaModeType4"><alias namespace="SUDA" value="LASTMODE"/>
        <description text="Identifies instrument mode before this one (or NONE if invalid)"/></itemDef>    
      <!-- End: resetCtrlSwCrit_t rstCtrlStatus -->

      <!-- Begin: logStatus_t logSwStatus -->
      <itemDef name="SUDA_pmLogIndex" type="dn10">
          <alias namespace="SUDA" value="pmLogIndex"/>
        <description text="Write index for postmortem log"/>
      </itemDef>

      <itemDef name="SUDA_pmLogDisabled" type="yesNo">
          <alias namespace="SUDA" value="pmLogDisabled"/>
        <description text="State of postmortem log"/>
      </itemDef>

      <itemDef name="SUDA_pmLogInitFail" type="yesNo">
          <alias namespace="SUDA" value="pmLogInitFail"/>
        <description text="Initialization error for postmortem log"/>
      </itemDef>    
      
      <itemDef name="SUDA_evtLogIndex" type="dn8">
          <alias namespace="SUDA" value="evtLogIndex"/>
        <description text="Write index for event log"/>
      </itemDef>

      <itemDef name="SUDA_evtLogDisabled" type="yesNo">
          <alias namespace="SUDA" value="evtLogDisabled"/>
        <description text="State of event log"/>
      </itemDef>

      <itemDef name="SUDA_evtLogInitFail" type="yesNo">
          <alias namespace="SUDA" value="evtLogInitFail"/>
        <description text="Initialization error for event log"/>
      </itemDef>

      <itemDef name="SUDA_cmdLogIndex" type="dn8">
          <alias namespace="SUDA" value="cmdLogIndex"/>
        <description text="Write index for command lo"/>
      </itemDef>

      <itemDef name="SUDA_cmdLogDisabled" type="yesNo">
          <alias namespace="SUDA" value="cmdLogDisabled"/>
        <description text="State of command log"/>
      </itemDef>

      <itemDef name="SUDA_cmdLogInitFail" type="yesNo">
          <alias namespace="SUDA" value="cmdLogInitFail"/>
        <description text="Initialization error for command log"/>
      </itemDef>    
      
      <itemDef name="SUDA_upkeep_sentCnt" type="dn22">
          <alias namespace="SUDA" value="upkeep_sentCnt"/>
        <description text="Number event messages sent successfully"/>
      </itemDef>

      <itemDef name="SUDA_upkeep_dropCnt" type="dn10">
          <alias namespace="SUDA" value="upkeep_dropCnt"/>
        <description text="Number events messages overwritten before sent"/>
      </itemDef>

      <itemDef name="SUDA_pmEntryCnt" type="dn32">
          <alias namespace="SUDA" value="pmEntryCnt"/>
        <description text="Total number of entries added to postmortem log"/>
      </itemDef>

      <itemDef name="SUDA_cmdEntryCnt" type="dn32">
          <alias namespace="SUDA" value="cmdEntryCnt"/>
        <description text="Total number of entries added to command log"/>
      </itemDef>

      <itemDef name="SUDA_lastEvtMsgId1" type="logEntryId">
          <alias namespace="SUDA" value="lastEvtMsgId1"/>
        <description text="ID of first most recently added to event log"/>
      </itemDef>

      <itemDef name="SUDA_lastEvtMsgId2" type="logEntryId">
          <alias namespace="SUDA" value="lastEvtMsgId2"/>
        <description text="ID of second most recently added to event log"/>
      </itemDef>  

      <itemDef name="SUDA_lastEvtMsgId3" type="logEntryId">
          <alias namespace="SUDA" value="lastEvtMsgId3"/>
        <description text="ID of third most recently added to event log"/>
      </itemDef>  

      <itemDef name="SUDA_lastEvtMsgId4" type="logEntryId">
          <alias namespace="SUDA" value="lastEvtMsgId4"/>
        <description text="ID of fourth most recently added to event log"/>
      </itemDef>      
      <!-- End: logStatus_t logSwStatus -->
      
      <!-- Begin: paramBucketStatus_t parBucketTlm -->
      <itemDef name="SUDA_upkeepParamBucketStatus_UNUSED" type="dn16">
          <alias namespace="SUDA" value="upkeepParamBucketStatus_UNUSED"/>
        <description text="Unused"/>
      </itemDef>

      <itemDef name="SUDA_upkeepParamBucketStatus_initialized" type="okayErr">
          <alias namespace="SUDA" value="upkeepParamBucketStatus_initialized"/>
        <description text="'1' if param bucket is initialized"/>
      </itemDef>

      <itemDef name="SUDA_upkeepParamBucketStatus_numParams" type="dn7">
          <alias namespace="SUDA" value="upkeepParamBucketStatus_numParams"/>
        <description text="Number of parameters in bucket"/>
      </itemDef>      

      <itemDef name="SUDA_upkeepParamBucketStatus_errCount" type="dn8">
          <alias namespace="SUDA" value="upkeepParamBucketStatus_errCount"/>
        <description text="Counts errors seen by param bucket"/>
      </itemDef>      
      <!-- End: paramBucketStatus_t parBucketTlm -->

      <!-- Begin: cmdBucketStatus_t cmdBucketTlm -->
      <itemDef name="SUDA_upkeepCmdBucketStatus_UNUSED" type="dn16">
          <alias namespace="SUDA" value="upkeepCmdBucketStatus_UNUSED"/>
        <description text="Unused"/>
      </itemDef>

      <itemDef name="SUDA_upkeepCmdBucketStatus_initialized" type="okayErr">
          <alias namespace="SUDA" value="upkeepCmdBucketStatus_initialized"/>
        <description text="'1' if cmd bucket is initialized"/>
      </itemDef>

      <itemDef name="SUDA_upkeepCmdBucketStatus_numCmds" type="dn7">
          <alias namespace="SUDA" value="upkeepCmdBucketStatus_numCmds"/>
        <description text="Number of commands in bucket"/>
      </itemDef>      

      <itemDef name="SUDA_upkeepCmdBucketStatus_errCount" type="dn8">
          <alias namespace="SUDA" value="upkeepCmdBucketStatus_errCount"/>
        <description text="Counts errors seen by cmd bucket"/>
      </itemDef>      
      <!-- End: cmdBucketStatus_t parBucketTlm -->

      <!-- Begin: statBucketStatus_t parBucketTlm -->
      <itemDef name="SUDA_upkeepStatBucketStatus_UNUSED" type="dn16">
          <alias namespace="SUDA" value="upkeepStatBucketStatus_UNUSED"/>
        <description text="Unused"/>
      </itemDef>

      <itemDef name="SUDA_upkeepStatBucketStatus_initialized" type="okayErr">
          <alias namespace="SUDA" value="upkeepStatBucketStatus_initialized"/>
        <description text="'1' if status bucket is initialized"/>
      </itemDef>

      <itemDef name="SUDA_upkeepStatBucketStatus_numLogs" type="dn7">
          <alias namespace="SUDA" value="upkeepStatBucketStatus_numLogs"/>
        <description text="Number of logs in bucket"/>
      </itemDef>      

      <itemDef name="SUDA_upkeepStatBucketStatus_errCount" type="dn8">
          <alias namespace="SUDA" value="upkeepStatBucketStatus_errCount"/>
        <description text="Counts errors seen by status bucket"/>
      </itemDef>
      <!-- End: statBucketStatus_t parBucketTlm -->
    <!-- End: upkeepSwTlm_t upkeepStat -->
      
        <itemDef name="SUDA_QBTSW00" type="dn32"><alias namespace="SUDA" value="qbtsw00"/><description text="Reserved for quickboot component"/> </itemDef>
        <itemDef name="SUDA_QBTSW01" type="dn32"><alias namespace="SUDA" value="qbtsw01"/><description text="Reserved for quickboot component"/> </itemDef>
        <itemDef name="SUDA_QBTSW02" type="dn32"><alias namespace="SUDA" value="qbtsw02"/><description text="Reserved for quickboot component"/> </itemDef>
        <itemDef name="SUDA_QBTSW03" type="dn32"><alias namespace="SUDA" value="qbtsw03"/><description text="Reserved for quickboot component"/> </itemDef>
        <itemDef name="SUDA_QBTSW04" type="dn32"><alias namespace="SUDA" value="qbtsw04"/><description text="Reserved for quickboot component"/> </itemDef>
        <itemDef name="SUDA_QBTSW05" type="dn32"><alias namespace="SUDA" value="qbtsw05"/><description text="Reserved for quickboot component"/> </itemDef>
        <itemDef name="SUDA_QBTSW06" type="dn32"><alias namespace="SUDA" value="qbtsw06"/><description text="Reserved for quickboot component"/> </itemDef>
        <itemDef name="SUDA_QBTSW07" type="dn32"><alias namespace="SUDA" value="qbtsw07"/><description text="Reserved for quickboot component"/> </itemDef>
        <itemDef name="SUDA_QBTSW08" type="dn32"><alias namespace="SUDA" value="qbtsw08"/><description text="Reserved for quickboot component"/> </itemDef>
        <itemDef name="SUDA_QBTSW09" type="dn32"><alias namespace="SUDA" value="qbtsw09"/><description text="Reserved for quickboot component"/> </itemDef>
    
    <!-- Begin: memSwTlm_t memSwStat -->
      <!-- Begin: memCritTlm_t memCritTlm -->
      <itemDef name="SUDA_opSuccCnt_SWP" type="dn16"><alias namespace="SUDA" value="opSuccCnt_SWP"/>
        <description text="Count of successful memory operations (no rollover)"/></itemDef> 
      <itemDef name="SUDA_opFailCnt_SWP" type="dn10"><alias namespace="SUDA" value="opFailCnt_SWP"/>
        <description text="Count of failed memory operations (no rollover)"/></itemDef> 
      <itemDef name="SUDA_memState_SWP" type="memState6Type"><alias namespace="SUDA" value="memState_SWP"/>
        <description text="Counts successful packet transmissions"/></itemDef>          
      <itemDef name="SUDA_lastDirRead_SWP" type="dn32"><alias namespace="SUDA" value="lastDirRead_SWP"/>
        <description text="Read back value for last direct read command"/></itemDef>  
      <itemDef name="SUDA_sramCErrCnt_SWP" type="dn16"><alias namespace="SUDA" value="sramCErrCnt"/>
        <description text="Count of all correctable SRAM EDAC errors since clr/POR"/></itemDef>           
      <itemDef name="SUDA_sramUErrCnt_SWP" type="dn16"><alias namespace="SUDA" value="sramUErrCnt"/>
        <description text="Count of all uncorrectable SRAM EDAC errors since clr/POR"/></itemDef>      
      <itemDef name="SUDA_flashUErrCnt_SWP" type="dn32"><alias namespace="SUDA" value="flashUErrCnt"/>
        <description text="Count of all uncorrectable Flash EDAC errors since clr/POR"/></itemDef>            
      <itemDef name="SUDA_CritPrmVal1_SWP" type="dn32"><alias namespace="SUDA" value="CritPrmVal1_SWP"/>
        <description text="Value of PT entry, selected by PT entry"/></itemDef>             
      <itemDef name="SUDA_CritPrmVal2_SWP" type="dn32"><alias namespace="SUDA" value="CritPrmVal2_SWP"/>
        <description text="Value of another PT entry, selected by PT entry"/></itemDef>       
      
      <itemDef name="SUDA_POWERCYCLEREQ_SWP" type="yesNo"><alias namespace="SUDA" value="POWERCYCLEREQ"/>
        <description text="Request power cycle from the spacecraft if '1'"/></itemDef>    
      <itemDef name="SUDA_SUDADONE_SWP" type="yesNo"><alias namespace="SUDA" value="SUDADONE"/>
        <description text="Indicates to spacecraft that SUDA is done with tasks if '1'"/></itemDef>    
      <itemDef name="SUDA_WDOGCNT_SWP" type="dn14"><alias namespace="SUDA" value="WDOGCNT"/>
        <description text="Counts watchdog resets since last POR or clear command"/></itemDef>    
      <itemDef name="SUDA_PERSENTRY0_SWP" type="dn16"><alias namespace="SUDA" value="PERSENTRY0"/>
        <description text="Persistent table entry, available for future use"/></itemDef>    
      <itemDef name="SUDA_PERSENTRY1_SWP" type="dn32"><alias namespace="SUDA" value="PERSENTRY1"/>
        <description text="Persistent table entry, available for future use"/></itemDef>    
      <itemDef name="SUDA_PERSENTRY2_SWP" type="dn32"><alias namespace="SUDA" value="PERSENTRY2"/>
        <description text="Persistent table entry, available for future use"/></itemDef>          
      <!-- End: memCritTlm_t memCritTlm -->
      
      <!-- Begin: memTaskSwTlm_t memTaskSwtlm -->
      <itemDef name="SUDA_currMemOpType" type="memOp10Type"><alias namespace="SUDA" value="currMemOpType"/>
        <description text="Type of current memory operation (or none), see memOpType"/></itemDef> 
      <itemDef name="SUDA_currMemOpRegion" type="memregion6Type"><alias namespace="SUDA" value="currMemOpRegion"/>
        <description text="Memory region of current memory operation"/></itemDef>          
      <itemDef name="SUDA_currMemOpCallCnt" type="dn16"><alias namespace="SUDA" value="currMemOpCallCnt"/>
        <description text="Number of DES task calls for current memory operation"/></itemDef>      
      <itemDef name="SUDA_currMemOpParam" type="dn32"><alias namespace="SUDA" value="currMemOpParam"/>
        <description text="Parameter for current memory op (segment/length/offset)"/></itemDef> 
      <itemDef name="SUDA_currMemOpIter" type="dn32"><alias namespace="SUDA" value="currMemOpIter"/>
        <description text="Internal iterator recording index/block/etc for current memory op"/></itemDef>        
      <itemDef name="SUDA_lastMemOpType" type="memOp10Type"><alias namespace="SUDA" value="lastMemOpType"/>
        <description text="Type of last memory operation (or none), see memOpType"/></itemDef> 
      <itemDef name="SUDA_lastMemOpRegion" type="memregion6Type"><alias namespace="SUDA" value="lastMemOpRegion"/>
        <description text="Memory region of last memory operation"/></itemDef>          
      <itemDef name="SUDA_lastMemOpCallCnt" type="dn16"><alias namespace="SUDA" value="lastMemOpCallCnt"/>
        <description text="Number of DES task calls to complete last memory operation"/></itemDef>       
      <itemDef name="SUDA_lastMemOpParam" type="dn32"><alias namespace="SUDA" value="lastMemOpParam"/>
        <description text="Parameter for last memory op (segment/length/offset)"/></itemDef> 
      <itemDef name="SUDA_lastMemOpIter" type="dn32"><alias namespace="SUDA" value="lastMemOpIter"/>
        <description text="Internal iterator recording index/block/etc for last memory op"/></itemDef>   
      <itemDef name="SUDA_lastCksum" type="dn32"><alias namespace="SUDA" value="lastCksum"/>
        <description text="Read back value for last direct read command"/></itemDef>      
      <itemDef name="SUDA_memTaskSpare" type="dn32"><alias namespace="SUDA" value="memSpare2"/>
        <description text="Reserved for future use"/></itemDef> 
      <!-- End: memTaskSwTlm_t memTaskSwtlm -->

      <!-- Begin: sramMgrSwTlm_t sramMgrTlm -->
      <itemDef name="SUDA_UNUSEDSRAMDATASPARE" type="dn8"><alias namespace="SUDA" value="PFLASHTABLEDATASPARE"/>
        <description text="Spare"/></itemDef>      
                  
      <itemDef name="SUDA_FLASHTABLEDATASP" type="dn5"><alias namespace="SUDA" value="PFLASHTABLEDATASP"/>
        <description text="Spare"/></itemDef>                  
      <itemDef name="SUDA_FLASHTABLERECALC" type="yesNo"><alias namespace="SUDA" value="FLASHTABLERECALC"/>
        <description text="Need to recalculate checksum for active Flash Table"/></itemDef>                  
      <itemDef name="SUDA_FLASHTABLEUNSAVE" type="yesNo"><alias namespace="SUDA" value="FLASHTABLEUNSAVE"/>
        <description text="Active Flash Table in SRAM has unsaved changes"/></itemDef>                  
      <itemDef name="SUDA_FLASHTABLEINIT" type="okayErr"><alias namespace="SUDA" value="FLASHTABLEINIT"/>
        <description text="Active Flash Table in SRAM is successfully initialized"/></itemDef>           
      <itemDef name="SUDA_PERSTABLEDATASP" type="dn5"><alias namespace="SUDA" value="PERSTABLEDATASP"/>
        <description text="Spare"/></itemDef>                  
      <itemDef name="SUDA_PERSTABLERECALC" type="yesNo"><alias namespace="SUDA" value="PERSTABLERECALC"/>
        <description text="Need to recalculate checksum for active Persistent Table"/></itemDef>                  
      <itemDef name="SUDA_PERSTABLEUNSAVED" type="yesNo"><alias namespace="SUDA" value="PERSTABLEUNSAVED"/>
        <description text="Active Persistent Table in SRAM has unsaved changes"/></itemDef>                  
      <itemDef name="SUDA_PERSTABLEINIT" type="okayErr"><alias namespace="SUDA" value="PERSTABLEINIT"/>
        <description text="Active Persistent Table in SRAM is successfully initialized"/></itemDef>            
      <itemDef name="SUDA_PARAMTABLEDATASP" type="dn5"><alias namespace="SUDA" value="PARAMTABLEDATASP"/>
        <description text="Spare"/></itemDef>                  
      <itemDef name="SUDA_PARAMTABLERECALC" type="yesNo"><alias namespace="SUDA" value="PARAMTABLERECALC"/>
        <description text="Need to recalculate checksum for active Parameter Table"/></itemDef>                  
      <itemDef name="SUDA_PARAMTABLEUNSAVE" type="yesNo"><alias namespace="SUDA" value="PARAMTABLEUNSAVE"/>
        <description text="Active Parameter Table in SRAM has unsaved changes"/></itemDef>                  
      <itemDef name="SUDA_PARAMTABLEINIT" type="okayErr"><alias namespace="SUDA" value="PARAMTABLEINIT"/>
        <description text="Active Parameter Table in SRAM is successfully initialized"/></itemDef>                
      <itemDef name="SUDA_FLASHTABLECKSUM" type="dn32"><alias namespace="SUDA" value="FLASHTABLECKSUM"/>
        <description text="Checksum of the active Flash Table in SRAM"/></itemDef>           
      <itemDef name="SUDA_PERSTABLECKSUM" type="dn32"><alias namespace="SUDA" value="PERSTABLECKSUM"/>
        <description text="Checksum of the active Persistant Table in SRAM"/></itemDef>           
      <itemDef name="SUDA_PARAMTABLECKSUM" type="dn32"><alias namespace="SUDA" value="PARAMTABLECKSUM"/>
        <description text="Checksum of the active Parameter Table in SRAM"/></itemDef>            
      <itemDef name="SUDA_SRAMMGRSPARE0" type="dn32"><alias namespace="SUDA" value="SRAMMGRSPARE0"/>
        <description text="Spare"/></itemDef>         
      <itemDef name="SUDA_SRAMMGRSPARE1" type="dn32"><alias namespace="SUDA" value="SRAMMGRSPARE1"/>
        <description text="Spare"/></itemDef>              
      <!-- End: sramMgrSwTlm_t sramMgrTlm -->
      
      <!-- Begin: flashMgrSwTlm_t flashMgrTlm -->
      <itemDef name="SUDA_FLASHeraseBlock" type="dn16"><alias namespace="SUDA" value="FLASH_erase"/>
        <description text="Block number of last erase, or 0 if none"/></itemDef>          
      <itemDef name="SUDA_FLASHeraseCnt" type="dn16"><alias namespace="SUDA" value="FLASH_eraseCnt"/>
        <description text="Counts blocks of Flash erased"/></itemDef>    
      <itemDef name="SUDA_FLASHcksumBlock" type="dn16"><alias namespace="SUDA" value="FLASH_block"/>
        <description text="Block number of last cksum, or 0 if none"/></itemDef>         
      <itemDef name="SUDA_FLASHlongestOp" type="dn16"><alias namespace="SUDA" value="FLASH_longestOp"/>
        <description text="Longest Flash operation, or 0 if none"/></itemDef>    
      <itemDef name="SUDA_FLASHwriteCnt" type="dn32"><alias namespace="SUDA" value="FLASH_writeCnt"/>
        <description text="Counts pages of Flash written"/></itemDef>
      <itemDef name="SUDA_FLASHwriteBlock" type="dn32"><alias namespace="SUDA" value="FLASH_eraseCnt"/>
        <description text="Block and page number of last write, or 0 if none"/></itemDef>         
      <itemDef name="SUDA_NVFSW1INIT" type="okayErr"><alias namespace="SUDA" value="NVFSW1INIT"/>
        <description text="NV FSW Image1 initialized"/></itemDef>          
      <itemDef name="SUDA_NVFSW1LEN" type="dn15"><alias namespace="SUDA" value="NVFSW1LEN"/>
        <description text="NV FSW Image1 Row# in Flash"/></itemDef>         
      <itemDef name="SUDA_NVFSW2INIT" type="okayErr"><alias namespace="SUDA" value="NVFSW2INIT"/>
        <description text="NV FSW Image2 initialized"/></itemDef>         
      <itemDef name="SUDA_NVFSW2LEN" type="dn15"><alias namespace="SUDA" value="NVFSW2LEN"/>
        <description text="NV FSW Image2 Row# in Flash"/></itemDef>         
      <itemDef name="SUDA_NVFSW3INIT" type="okayErr"><alias namespace="SUDA" value="NVFSW3INIT"/>
        <description text="NV FSW Image3 initialized"/></itemDef>         
      <itemDef name="SUDA_NVFSW3LEN" type="dn15"><alias namespace="SUDA" value="NVFSW3LEN"/>
        <description text="NV FSW Image3 Row# in Flash"/></itemDef>         
      <itemDef name="SUDA_NVPMLOGINIT" type="okayErr"><alias namespace="SUDA" value="NVPMLOGINIT"/>
        <description text="NV Postmortem Log initialized"/></itemDef>          
      <itemDef name="SUDA_NVPMLOGLEN" type="dn15"><alias namespace="SUDA" value="NVPMLOGLEN"/>
        <description text="NV Postmortem Log Row# in Flash"/></itemDef>         
      <itemDef name="SUDA_NVFTBLINIT" type="okayErr"><alias namespace="SUDA" value="NVFTBLINIT"/>
        <description text="NV Flash Table initialized"/></itemDef>         
      <itemDef name="SUDA_NVFTBLLEN" type="dn15"><alias namespace="SUDA" value="NVFTBLLEN"/>
        <description text="NV Flash Table Row# in Flash"/></itemDef>         
      <itemDef name="SUDA_PERSTBLINIT" type="okayErr"><alias namespace="SUDA" value="PERSTBLINIT"/>
        <description text="NV Persistent Table initialized"/></itemDef>         
      <itemDef name="SUDA_PERSTBLLEN" type="dn15"><alias namespace="SUDA" value="PERSTBLLEN"/>
        <description text="NV Persistent Table Row# in Flash"/></itemDef>         
      <itemDef name="SUDA_NVPTBLINIT" type="okayErr"><alias namespace="SUDA" value="NVPTBLINIT"/>
        <description text="NV Parameter Table initialized"/></itemDef>         
      <itemDef name="SUDA_NVPTBLLEN" type="dn15"><alias namespace="SUDA" value="NVPTBLLEN"/>
        <description text="NV Parameter Table Row# in Flash"/></itemDef>       
      <itemDef name="SUDA_NVSTBLINIT" type="okayErr"><alias namespace="SUDA" value="NVSTBLINIT"/>
        <description text="NV Science Table initialized"/></itemDef>         
      <itemDef name="SUDA_NVSTBLLEN" type="dn15"><alias namespace="SUDA" value="NVSTBLLEN"/>
        <description text="NV Science Table Row# in Flash"/></itemDef>               
      <itemDef name="SUDA_NVFSW1CKSUM" type="dn32"><alias namespace="SUDA" value="NVFSW1CKSUM"/>
        <description text="NV FSW Image #1 in Flash"/></itemDef>          
      <itemDef name="SUDA_NVFSW2CKSUM" type="dn32"><alias namespace="SUDA" value="NVFSW2CKSUM"/>
        <description text="NV FSW Image #2 in Flash"/></itemDef>          
      <itemDef name="SUDA_NVFSW3CKSUM" type="dn32"><alias namespace="SUDA" value="NVFSW3CKSUM"/>
        <description text="NV FSW Image #3 Checksum in Flash"/></itemDef>          
      <itemDef name="SUDA_NVPMLOGCKSUM" type="dn32"><alias namespace="SUDA" value="NVPMLOGCKSUM"/>
        <description text="NV Postmortem Log Checksum in Flash"/></itemDef>          
      <itemDef name="SUDA_NVFTBLCKSUM" type="dn32"><alias namespace="SUDA" value="NVFTBLCKSUM"/>
        <description text="NV Flash Table Checksum in Flash"/></itemDef>          
      <itemDef name="SUDA_PERSTBLCKSUM" type="dn32"><alias namespace="SUDA" value="PERSTBLCKSUM"/>
        <description text="NV Persistent Table Checksum in Flash"/></itemDef>          
      <itemDef name="SUDA_NVPTBLCKSUM" type="dn32"><alias namespace="SUDA" value="NVPTBLCKSUM"/>
        <description text="NV Parameter Table Checksum in Flash"/></itemDef>          
      <itemDef name="SUDA_NVSTBLCKSUM" type="dn32"><alias namespace="SUDA" value="NVSTBLCKSUM"/>
        <description text="NV Science Table Checksum in Flash"/></itemDef>          
      <itemDef name="SUDA_flashCErrCnt" type="dn32"><alias namespace="SUDA" value="flashCErrCnt"/>
        <description text="Count of all correctable Flash EDAC errors since clr/POR"/></itemDef>           
      <itemDef name="SUDA_FLASHspare0" type="dn32"><alias namespace="SUDA" value="FLASH_spare0"/>
        <description text="Reserved for future use"/></itemDef>            
      <itemDef name="SUDA_FLASHspare1" type="dn32"><alias namespace="SUDA" value="FLASH_spare1"/>
        <description text="Reserved for future use"/></itemDef>            
      <itemDef name="SUDA_FLASHspare2" type="dn32"><alias namespace="SUDA" value="FLASH_spare2"/>
        <description text="Reserved for future use"/></itemDef>      
      <!-- End: flashMgrSwTlm_t flashMgrTlm -->   
      
      <!-- Begin: paramTableStatus_t paramTableTlm -->
      <itemDef name="SUDA_LastPrmChangeId" type="dn32"><alias namespace="SUDA" value="LastPrmChangeId"/>
        <description text="Unique ID for the last changed parameter"/></itemDef>      
      <itemDef name="SUDA_LastPrmChangeVal" type="dn32"><alias namespace="SUDA" value="LastPrmChangeVal"/>
        <description text="New value for the last changed parameter"/></itemDef>      
      <itemDef name="SUDA_LastPrmFindId" type="dn32"><alias namespace="SUDA" value="LastPrmFindId"/>
        <description text="Unique ID of the last parameter gotten"/></itemDef>      
      <itemDef name="SUDA_LastPrmFindVal" type="dn32"><alias namespace="SUDA" value="LastPrmFindVal"/>
        <description text="Value of the last parameter gotten"/></itemDef>      
      <!-- End: paramTableStatus_t paramTableTlm -->   
             
      <!-- Begin: flashTableStatus_t flashTableTlm -->
      <itemDef name="SUDA_RowLocSciStart" type="dn16"><alias namespace="SUDA" value="RowLocSciStart"/>
        <description text="Location of first start of science data per Flash Table"/></itemDef>      
      <itemDef name="SUDA_BlockCntSciStart" type="dn16"><alias namespace="SUDA" value="BlockCntSciStart"/>
        <description text="Number of blocks holding start of science data per Flash Table"/></itemDef> 
      
      <itemDef name="SUDA_RowLocFsw1" type="dn16"><alias namespace="SUDA" value="RowLocFsw1"/>
        <description text="Location of first OperFSW Image #1 per Flash Table"/></itemDef>      
      <itemDef name="SUDA_BlockCntFsw1" type="dn16"><alias namespace="SUDA" value="BlockCntFsw1"/>
        <description text="Number of blocks holding OperFSW Image #1 per Flash Table"/></itemDef> 
      
      <itemDef name="SUDA_RowLocFsw2" type="dn16"><alias namespace="SUDA" value="RowLocFsw2"/>
        <description text="Location of first OperFSW Image #2 per Flash Table"/></itemDef>      
      <itemDef name="SUDA_BlockCntFsw2" type="dn16"><alias namespace="SUDA" value="BlockCntFsw2"/>
        <description text="Number of blocks holding OperFSW Image #2 per Flash Table"/></itemDef> 
      
      <itemDef name="SUDA_RowLocFsw3" type="dn16"><alias namespace="SUDA" value="RowLocFsw3"/>
        <description text="Location of first OperFSW Image #3 per Flash Table"/></itemDef>      
      <itemDef name="SUDA_BlockCntFsw3" type="dn16"><alias namespace="SUDA" value="BlockCntFsw3"/>
        <description text="Number of blocks holding OperFSW Image #3 per Flash Table"/></itemDef> 
      
      <itemDef name="SUDA_RowLocPT" type="dn16"><alias namespace="SUDA" value="RowLocPT"/>
        <description text="Location of first Parameter Table per Flash Table"/></itemDef>      
      <itemDef name="SUDA_BlockCntPT" type="dn16"><alias namespace="SUDA" value="BlockCntPT"/>
        <description text="Number of blocks holding Parameter Table per Flash Table"/></itemDef> 
      
      <itemDef name="SUDA_RowLocSciCont" type="dn16"><alias namespace="SUDA" value="RowLocSciCont"/>
        <description text="Location of first continuation of science data per Flash Table"/></itemDef>      
      <itemDef name="SUDA_BlockCntSciCont" type="dn16"><alias namespace="SUDA" value="BlockCntSciCont"/>
        <description text="Number of blocks holding continued science data per Flash Table"/></itemDef> 
      
      <itemDef name="SUDA_RowLocPersT" type="dn16"><alias namespace="SUDA" value="RowLocPersT"/>
        <description text="Location of first Persistent Table per Flash Table"/></itemDef>      
      <itemDef name="SUDA_BlockCntPersT" type="dn16"><alias namespace="SUDA" value="BlockCntPersT"/>
        <description text="Number of blocks holding Persistent Table per Flash Table"/></itemDef> 
      
      <itemDef name="SUDA_RowLocFT" type="dn16"><alias namespace="SUDA" value="RowLocFT"/>
        <description text="Location of first Flash Table per Flash Table"/></itemDef>      
      <itemDef name="SUDA_BlockCntFT" type="dn16"><alias namespace="SUDA" value="BlockCntFT"/>
        <description text="Number of blocks holding Flash Table per Flash Table"/></itemDef> 

      <itemDef name="SUDA_RowLocPmLog" type="dn16"><alias namespace="SUDA" value="RowLocPmLog"/>
        <description text="Location of first Postmortem Log per Flash Table"/></itemDef>      
      <itemDef name="SUDA_BlockCntPmLog" type="dn16"><alias namespace="SUDA" value="BlockCntPmLog"/>
        <description text="Number of blocks holding Postmortem Log per Flash Table"/></itemDef> 
      
      <itemDef name="SUDA_RowLocSciT" type="dn16"><alias namespace="SUDA" value="RowLocSciT"/>
        <description text="Location of first Science Table per Flash Table"/></itemDef>      
      <itemDef name="SUDA_BlockCntSciT" type="dn16"><alias namespace="SUDA" value="BlockCntSciT"/>
        <description text="Number of blocks holding Science Table per Flash Table"/></itemDef> 
      
      <itemDef name="SUDA_RowLocSciRsvd" type="dn16"><alias namespace="SUDA" value="RowLocSciRsvd"/>
        <description text="Location of first reserved area for science data per Flash Table"/></itemDef>      
      <itemDef name="SUDA_BlockCntSciRsvd" type="dn16"><alias namespace="SUDA" value="BlockCntSciRsvd"/>
        <description text="Number of blocks holding Region10 per Flash Table"/></itemDef> 
      
      <itemDef name="SUDA_RowLocSciDiv" type="dn16"><alias namespace="SUDA" value="RowLocSciDiv"/>
        <description text="Location of first divider of science data per Flash Table"/></itemDef>      
      <itemDef name="SUDA_BlockCntSciDiv" type="dn16"><alias namespace="SUDA" value="BlockCntSciDiv"/>
        <description text="Number of blocks holding Region11 per Flash Table"/></itemDef> 
      
      <itemDef name="SUDA_RowLocSCS" type="dn16"><alias namespace="SUDA" value="RowLocSCS"/>
        <description text="Location of first stored cmd sequence per Flash Table"/></itemDef>      
      <itemDef name="SUDA_BlockCntSCS" type="dn16"><alias namespace="SUDA" value="BlockCntSCS"/>
        <description text="Number of blocks holding stored cmd sequence per Flash Table"/></itemDef> 
            
      <itemDef name="SUDA_RowLocRegion13" type="dn16"><alias namespace="SUDA" value="RowLocRegion13"/>
        <description text="Location of first Region13 per Flash Table"/></itemDef>      
      <itemDef name="SUDA_BlockCntRegion13" type="dn16"><alias namespace="SUDA" value="BlockCntRegion13"/>
        <description text="Number of blocks holding Region13 per Flash Table"/></itemDef> 
      
      <itemDef name="SUDA_RowLocRegion14" type="dn16"><alias namespace="SUDA" value="RowLocRegion14"/>
        <description text="Location of first Region14 per Flash Table"/></itemDef>      
      <itemDef name="SUDA_BlockCntRegion14" type="dn16"><alias namespace="SUDA" value="BlockCntRegion14"/>
        <description text="Number of blocks holding Region14 per Flash Table"/></itemDef> 
      
      <itemDef name="SUDA_RowLocRegion15" type="dn16"><alias namespace="SUDA" value="RowLocRegion15"/>
        <description text="Location of first Region15 per Flash Table"/></itemDef>      
      <itemDef name="SUDA_BlockCntRegion15" type="dn16"><alias namespace="SUDA" value="BlockCntRegion15"/>
        <description text="Number of blocks holding Region15 per Flash Table"/></itemDef> 
      
      <itemDef name="SUDA_RowLocEmpty" type="dn16"><alias namespace="SUDA" value="RowLocEmpty"/>
        <description text="Location of first block in the empty state per Flash Table"/></itemDef>    
      <itemDef name="SUDA_BlockCntEmpty" type="dn16"><alias namespace="SUDA" value="BlockCntEmpty"/>
        <description text="Number of blocks in the empty state per Flash Table"/></itemDef>      
      <itemDef name="SUDA_RowLocBad" type="dn16"><alias namespace="SUDA" value="RowLocBad"/>
        <description text="Location of first block in the bad state per Flash Table"/></itemDef>      
      <itemDef name="SUDA_BlockCntBad" type="dn16"><alias namespace="SUDA" value="BlockCntBad"/>
        <description text="Number of blocks in the bad state per Flash Table"/></itemDef>       
      <itemDef name="SUDA_RowLocUnknown" type="dn16"><alias namespace="SUDA" value="RowLocUnknown"/>
        <description text="Location of first block in the unknown state per Flash Table"/></itemDef>      
      <itemDef name="SUDA_BlockCntUnknown" type="dn16"><alias namespace="SUDA" value="BlockCntUnknown"/>
        <description text="Number of blocks in the unknown state per Flash Table"/></itemDef>      

      <itemDef name="SUDA_RegionRow2" type="dn16"><alias namespace="SUDA" value="RegionRow2"/>
        <description text="Second row containing selected region (selected in PT), or 0xFFFF if none"/></itemDef> 
      <itemDef name="SUDA_RegionRow3" type="dn16"><alias namespace="SUDA" value="RegionRow3"/>
        <description text="Third row containing selected region (selected in PT), or 0xFFFF if none"/></itemDef> 
      <itemDef name="SUDA_RegionRow4" type="dn16"><alias namespace="SUDA" value="RegionRow4"/>
        <description text="Fourth row containing selected region (selected in PT), or 0xFFFF if none"/></itemDef> 
      <itemDef name="SUDA_FlshTblErrCnt" type="dn16"><alias namespace="SUDA" value="FlshTblErrCnt"/>
        <description text="Error count for Flash Table"/></itemDef> 
      <!-- End: flashTableStatus_t flashTableTlm -->   
      
      <!-- Begin: paramBucketStatus_t parBucketTlm -->
      <itemDef name="SUDA_memParamBucketStatus_UNUSED" type="dn16">
          <alias namespace="SUDA" value="memParamBucketStatus_UNUSED"/>
        <description text="Unused"/>
      </itemDef>

      <itemDef name="SUDA_memParamBucketStatus_initialized" type="okayErr">
          <alias namespace="SUDA" value="memParamBucketStatus_initialized"/>
        <description text="'1' if param bucket is initialized"/>
      </itemDef>

      <itemDef name="SUDA_memParamBucketStatus_numParams" type="dn7">
          <alias namespace="SUDA" value="memParamBucketStatus_numParams"/>
        <description text="Number of parameters in bucket"/>
      </itemDef>      

      <itemDef name="SUDA_memParamBucketStatus_errCount" type="dn8">
          <alias namespace="SUDA" value="memParamBucketStatus_errCount"/>
        <description text="Counts errors seen by param bucket"/>
      </itemDef>      
      <!-- End: paramBucketStatus_t parBucketTlm -->
      
      <!-- Begin: cmdBucketStatus_t cmdBucketTlm -->
      <itemDef name="SUDA_memCmdBucketStatus_UNUSED" type="dn16">
          <alias namespace="SUDA" value="memCmdBucketStatus_UNUSED"/>
        <description text="Unused"/>
      </itemDef>

      <itemDef name="SUDA_memCmdBucketStatus_initialized" type="okayErr">
          <alias namespace="SUDA" value="memCmdBucketStatus_initialized"/>
        <description text="Cmd bucket initialized"/>
      </itemDef>

      <itemDef name="SUDA_memCmdBucketStatus_numCmds" type="dn7">
          <alias namespace="SUDA" value="memCmdBucketStatus_numCmds"/>
        <description text="Number of commands in bucket"/>
      </itemDef>      

      <itemDef name="SUDA_memCmdBucketStatus_errCount" type="dn8">
          <alias namespace="SUDA" value="memCmdBucketStatus_errCount"/>
        <description text="Counts errors seen by cmd bucket"/>
      </itemDef>      
      <!-- End: cmdBucketStatus_t parBucketTlm -->

      <!-- Begin: statBucketStatus_t parBucketTlm -->
      <itemDef name="SUDA_memStatBucketStatus_UNUSED" type="dn16">
          <alias namespace="SUDA" value="memStatBucketStatus_UNUSED"/>
        <description text="Unused"/>
      </itemDef>

      <itemDef name="SUDA_memStatBucketStatus_initialized" type="okayErr">
          <alias namespace="SUDA" value="memStatBucketStatus_initialized"/>
        <description text="Status bucket initialized"/>
      </itemDef>

      <itemDef name="SUDA_memStatBucketStatus_numLogs" type="dn7">
          <alias namespace="SUDA" value="memStatBucketStatus_numLogs"/>
        <description text="Number of logs in bucket"/>
      </itemDef>      

      <itemDef name="SUDA_memStatBucketStatus_errCount" type="dn8">
          <alias namespace="SUDA" value="memStatBucketStatus_errCount"/>
        <description text="Counts errors seen by status bucket"/>
      </itemDef>
      <!-- End: statBucketStatus_t parBucketTlm -->   
      <!-- End: memSwTlm_t memSwStat -->
    
      <!-- Begin: autoSwTlm_t autoSwStat -->
      <!-- Begin: autoCritTlm_t autoCritTlm -->
      <!-- Begin: intrCtrlCritTlm_t intrCtrlCritTlm -->
      <itemDef name="SUDA_IRQFLAGS" type="dn9"><alias namespace="SUDA" value="IRQFLAGS"/>
        <description text="If '1', interrupt handled for Wishbone error"/></itemDef>      
      <itemDef name="SUDA_SWLASTIRQ" type="dn4"><alias namespace="SUDA" value="SWLASTIRQ"/>
        <description text="Last interrupt handled"/></itemDef>      
      <itemDef name="SUDA_SWIRQTOTCNT" type="dn19"><alias namespace="SUDA" value="SWIRQTOTCNT"/>
        <description text="Total count of all interrupts"/></itemDef>      
      <!-- End: intrCtrlCritTlm_t intrCtrlCritTlm -->

      <itemDef name="SUDA_AUTOCRITSW01" type="dn32"><alias namespace="SUDA" value="autocsw01"/><description text="Reserved for autonomy subsystem"/> </itemDef>
      <itemDef name="SUDA_AUTOCRITSW02" type="dn32"><alias namespace="SUDA" value="autocsw02"/><description text="Reserved for autonomy subsystem"/> </itemDef>
      <itemDef name="SUDA_AUTOCRITSW03" type="dn32"><alias namespace="SUDA" value="autocsw03"/><description text="Reserved for autonomy subsystem"/> </itemDef>
      <itemDef name="SUDA_AUTOCRITSW04" type="dn32"><alias namespace="SUDA" value="autocsw04"/><description text="Reserved for autonomy subsystem"/> </itemDef>
      <itemDef name="SUDA_AUTOCRITSW05" type="dn32"><alias namespace="SUDA" value="autocsw05"/><description text="Reserved for autonomy subsystem"/> </itemDef>
      <itemDef name="SUDA_AUTOCRITSW06" type="dn32"><alias namespace="SUDA" value="autocsw06"/><description text="Reserved for autonomy subsystem"/> </itemDef>
      <itemDef name="SUDA_AUTOCRITSW07" type="dn32"><alias namespace="SUDA" value="autocsw07"/><description text="Reserved for autonomy subsystem"/> </itemDef>
      <itemDef name="SUDA_AUTOCRITSW08" type="dn32"><alias namespace="SUDA" value="autocsw08"/><description text="Reserved for autonomy subsystem"/> </itemDef>
      <itemDef name="SUDA_AUTOCRITSW09" type="dn32"><alias namespace="SUDA" value="autocsw09"/><description text="Reserved for autonomy subsystem"/> </itemDef>
      <!-- End: autoSwTlm_t autoSwStat -->

      <!-- Begin: intrCtrlSwTlm_t intrCtrlSwTlm -->
      <itemDef name="SUDA_INTRCNTIBRAM" type="dn8"><alias namespace="SUDA" value="INTRCNTIBRAM"/>
        <description text="Counts interrupts handled for instr BRAM EDAC error"/></itemDef>      
      <itemDef name="SUDA_INTRCNTDBRAM" type="dn8"><alias namespace="SUDA" value="INTRCNTSRAM"/>
        <description text="Counts interrupts handled for data BRAM EDAC error"/></itemDef>      
      <itemDef name="SUDA_INTRCNTSRAM" type="dn8"><alias namespace="SUDA" value="INTRCNTSRAM"/>
        <description text="Counts interrupts handled for SRAM EDAC error"/></itemDef>      
      <itemDef name="SUDA_INTRCNTTIMER" type="dn8"><alias namespace="SUDA" value="INTRCNTTIMER"/>
        <description text="Counts interrupts handled for Xilinx Xcore timer"/></itemDef>      
      <itemDef name="SUDA_INTRCNTSPW" type="dn8"><alias namespace="SUDA" value="INTRCNTSPW"/>
        <description text="Counts interrupts handled for SpaceWire time code"/></itemDef>      
      <itemDef name="SUDA_INTRCNTPLL" type="dn8"><alias namespace="SUDA" value="INTRCNTPLL"/>
        <description text="Counts interrupts handled for Science ADC PLL error"/></itemDef>      
      <itemDef name="SUDA_INTRCNTFLASH" type="dn8"><alias namespace="SUDA" value="INTRCNTFLASH"/>
        <description text="Counts interrupts handled for Flash operation done"/></itemDef>      
      <itemDef name="SUDA_INTRCNTWBONE" type="dn8"><alias namespace="SUDA" value="INTRCNTWBONE"/>
        <description text="Counts interrupts handled for Wishbone error"/></itemDef>      
      <itemDef name="SUDA_MERREG" type="dn8"><alias namespace="SUDA" value="MERREG"/>
        <description text="Master enable register"/></itemDef>      
      <itemDef name="SUDA_IERREG" type="dn8"><alias namespace="SUDA" value="IERREG"/>
        <description text="Interrupt enable (individual) register"/></itemDef>      
      <itemDef name="SUDA_IPRREG" type="dn8"><alias namespace="SUDA" value="IPRREG"/>
        <description text="Interrupt pending register"/></itemDef>      
      <itemDef name="SUDA_ISRREG" type="dn8"><alias namespace="SUDA" value="ISRREG"/>
        <description text="Interrupt status register"/></itemDef>      
      <itemDef name="SUDA_EXCSTATREG" type="dn16"><alias namespace="SUDA" value="EXCSTATREG"/>
        <description text="Exception status register"/></itemDef>      
      <itemDef name="SUDA_EXCCNT" type="dn16"><alias namespace="SUDA" value="EXCCNT"/>
        <description text="Total exception counter"/></itemDef>      
      <itemDef name="SUDA_EXCADDR" type="dn32"><alias namespace="SUDA" value="EXCADDR"/>
        <description text="Holds exception address reg for last exception"/></itemDef>      
      <!-- End: intrCtrlSwTlm_t intrCtrlSwTlm -->

      <itemDef name="SUDA_AUTOSW01" type="dn32"><alias namespace="SUDA" value="autosw01"/><description text="Reserved for autonomy subsystem"/> </itemDef>
      <itemDef name="SUDA_AUTOSW02" type="dn32"><alias namespace="SUDA" value="autosw02"/><description text="Reserved for autonomy subsystem"/> </itemDef>
      
      <!-- Begin: paramBucketStatus_t parBucketTlm -->
      <itemDef name="SUDA_autoParamBucketStatus_UNUSED" type="dn16">
          <alias namespace="SUDA" value="autoParamBucketStatus_UNUSED"/>
        <description text="Unused"/>
      </itemDef>

      <itemDef name="SUDA_autoParamBucketStatus_initialized" type="okayErr">
          <alias namespace="SUDA" value="autoParamBucketStatus_initialized"/>
        <description text="Param bucket initialized"/>
      </itemDef>

      <itemDef name="SUDA_autoParamBucketStatus_numParams" type="dn7">
          <alias namespace="SUDA" value="autoParamBucketStatus_numParams"/>
        <description text="Number of parameters in bucket"/>
      </itemDef>      

      <itemDef name="SUDA_autoParamBucketStatus_errCount" type="dn8">
          <alias namespace="SUDA" value="autoParamBucketStatus_errCount"/>
        <description text="Counts errors seen by param bucket"/>
      </itemDef>      
      <!-- End: paramBucketStatus_t parBucketTlm -->
      <!-- Begin: cmdBucketStatus_t cmdBucketTlm -->
      <itemDef name="SUDA_autoCmdBucketStatus_UNUSED" type="dn16">
          <alias namespace="SUDA" value="autoCmdBucketStatus_UNUSED"/>
        <description text="Unused"/>
      </itemDef>

      <itemDef name="SUDA_autoCmdBucketStatus_initialized" type="okayErr">
          <alias namespace="SUDA" value="autoCmdBucketStatus_initialized"/>
        <description text="Cmd bucket initialized"/>
      </itemDef>

      <itemDef name="SUDA_autoCmdBucketStatus_numCmds" type="dn7">
          <alias namespace="SUDA" value="autoCmdBucketStatus_numCmds"/>
        <description text="Number of commands in bucket"/>
      </itemDef>      

      <itemDef name="SUDA_autoCmdBucketStatus_errCount" type="dn8">
          <alias namespace="SUDA" value="autoCmdBucketStatus_errCount"/>
        <description text="Counts errors seen by cmd bucket"/>
      </itemDef>      
      <!-- End: cmdBucketStatus_t parBucketTlm -->

      <!-- Begin: statBucketStatus_t parBucketTlm -->
      <itemDef name="SUDA_autoStatBucketStatus_UNUSED" type="dn16">
          <alias namespace="SUDA" value="autoStatBucketStatus_UNUSED"/>
        <description text="Unused"/>
      </itemDef>

      <itemDef name="SUDA_autoStatBucketStatus_initialized" type="okayErr">
          <alias namespace="SUDA" value="autoStatBucketStatus_initialized"/>
        <description text="Status bucket initialized"/>
      </itemDef>

      <itemDef name="SUDA_autoStatBucketStatus_numLogs" type="dn7">
          <alias namespace="SUDA" value="autoStatBucketStatus_numLogs"/>
        <description text="Number of logs in bucket"/>
      </itemDef>      

      <itemDef name="SUDA_autoStatBucketStatus_errCount" type="dn8">
          <alias namespace="SUDA" value="autoStatBucketStatus_errCount"/>
        <description text="Counts errors seen by status bucket"/>
      </itemDef>
      <!-- End: statBucketStatus_t parBucketTlm -->   
      <!-- End: autoSwTlm_t autoSwStat -->

      <itemDef name="SUDA_SCISW00" type="dn32"><alias namespace="SUDA" value="scisw00"/><description text="Reserved for science component"/> </itemDef>
      <itemDef name="SUDA_SCISW01" type="dn32"><alias namespace="SUDA" value="scisw01"/><description text="Reserved for science component"/> </itemDef>
      <itemDef name="SUDA_SCISW02" type="dn32"><alias namespace="SUDA" value="scisw02"/><description text="Reserved for science component"/> </itemDef>
      <itemDef name="SUDA_SCISW03" type="dn32"><alias namespace="SUDA" value="scisw03"/><description text="Reserved for science component"/> </itemDef>
      <itemDef name="SUDA_SCISW04" type="dn32"><alias namespace="SUDA" value="scisw04"/><description text="Reserved for science component"/> </itemDef>
      <itemDef name="SUDA_SCISW05" type="dn32"><alias namespace="SUDA" value="scisw05"/><description text="Reserved for science component"/> </itemDef>
      <itemDef name="SUDA_SCISW06" type="dn32"><alias namespace="SUDA" value="scisw06"/><description text="Reserved for science component"/> </itemDef>
      <itemDef name="SUDA_SCISW07" type="dn32"><alias namespace="SUDA" value="scisw07"/><description text="Reserved for science component"/> </itemDef>
      <itemDef name="SUDA_SCISW08" type="dn32"><alias namespace="SUDA" value="scisw08"/> <description text="Reserved for science component"/> </itemDef>
      <itemDef name="SUDA_SCISW09" type="dn32"><alias namespace="SUDA" value="scisw09"/><description text="Reserved for science component"/> </itemDef>

      <itemDef name="SUDA_FLTSTCLEANUP_SWP" type="faultArbState3"><alias namespace="SUDA" value="FLTSTCLEANUP"/>
        <description text="Fault arbiter state for fault 0: command failed in sequence engine"/></itemDef>      
      <itemDef name="SUDA_FLTCNTCLEANUP_SWP" type="dn13"><alias namespace="SUDA" value="FLTCNTCLEANUP"/>
        <description text="Counts detections of fault 0: command failed in sequence engine"/></itemDef>      
      
      <itemDef name="SUDA_FLTSTCOMMLOSS_SWP" type="faultArbState3"><alias namespace="SUDA" value="FLTSTCOMMLOSS"/>
        <description text="Fault arbiter state for fault 1: long term loss of SpaceWire"/></itemDef>      
      <itemDef name="SUDA_FLTCNTCOMMLOSS_SWP" type="dn13"><alias namespace="SUDA" value="FLTCNTCOMMLOSS"/>
        <description text="Counts detections of fault 1: long term loss of SpaceWire"/></itemDef>      
        
      <itemDef name="SUDA_FLTSTPERSDETLV_SWP" type="faultArbState3"><alias namespace="SUDA" value="FLTSTPERSDETLV"/>
        <description text="Fault arbiter state for fault 2: persistent low voltage on detector"/></itemDef>      
      <itemDef name="SUDA_FLTCNTPERSDETLV_SWP" type="dn13"><alias namespace="SUDA" value="FLTCNTPERSDETLV"/>
        <description text="Counts detections of fault 2: persistent low voltage on detector"/></itemDef>      
        
      <itemDef name="SUDA_FLTSTPERSSENSLV_SWP" type="faultArbState3"><alias namespace="SUDA" value="FLTSTPERSSENSLV"/>
        <description text="Fault arbiter state for fault 3: persistent low voltage on sensor"/></itemDef>      
      <itemDef name="SUDA_FLTCNTPERSSENSLV_SWP" type="dn13"><alias namespace="SUDA" value="FLTCNTPERSSENSLV"/>
        <description text="Counts detections of fault 3: persistent low voltage on sensor"/></itemDef>      
      
      <itemDef name="SUDA_FLTSTHIDETI_SWP" type="faultArbState3"><alias namespace="SUDA" value="FLTSTHIDETI"/>
        <description text="Fault arbiter state for fault 4: fast high detector current"/></itemDef>      
      <itemDef name="SUDA_FLTCNTHIDETI_SWP" type="dn13"><alias namespace="SUDA" value="FLTCNTHIDETI"/>
        <description text="Counts detections of fault 4: fast high detector current"/></itemDef>      
        
      <itemDef name="SUDA_FLTSTHIPERS16I_SWP" type="faultArbState3"><alias namespace="SUDA" value="FLTSTHIPERS16I"/>
        <description text="Fault arbiter state for fault 5: persistent high LVPS 16V current"/></itemDef>      
      <itemDef name="SUDA_FLTCNTHIPERS16I_SWP" type="dn13"><alias namespace="SUDA" value="FLTCNTHIPERS16I"/>
        <description text="Counts detections of fault 5: persistent high LVPS 16V current"/></itemDef>      
      
      <itemDef name="SUDA_FLTSTHITEMPCSA_SWP" type="faultArbState3"><alias namespace="SUDA" value="FLTSTHITEMPCSA"/>
        <description text="Fault arbiter state for fault 6: High CSA (0 or 1) temperature"/></itemDef>      
      <itemDef name="SUDA_FLTCNTHITEMPCSA_SWP" type="dn13"><alias namespace="SUDA" value="FLTCNTHITEMPCSA"/>
        <description text="Counts detections of fault 6: High CSA (0 or 1) temperature"/></itemDef>      
        
      <itemDef name="SUDA_FLTSTLOTEMPCSA_SWP" type="faultArbState3"><alias namespace="SUDA" value="FLTSTLOTEMPCSA"/>
        <description text="Fault arbiter state for fault 7: Low CSA (0 or 1) temperature"/></itemDef>      
      <itemDef name="SUDA_FLTCNTLOTEMPCSA_SWP" type="dn13"><alias namespace="SUDA" value="FLTCNTLOTEMPCSA"/>
        <description text="Counts detections of fault 7: Low CSA (0 or 1) temperature"/></itemDef>      
      
      <itemDef name="SUDA_FLTSTHITEMPBUF_SWP" type="faultArbState3"><alias namespace="SUDA" value="FLTSTHITEMPBUF"/>
        <description text="Fault arbiter state for fault 8: high buffer board temperature"/></itemDef>      
      <itemDef name="SUDA_FLTCNTHITEMPBUF_SWP" type="dn13"><alias namespace="SUDA" value="FLTCNTHITEMPBUF"/>
        <description text="Counts detections of fault 8: high buffer board temperature"/></itemDef>      
        
      <itemDef name="SUDA_FLTSTLOTEMPBUF_SWP" type="faultArbState3"><alias namespace="SUDA" value="FLTSTLOTEMPBUF"/>
        <description text="Fault arbiter state for fault 9: low buffer board temperature"/></itemDef>      
      <itemDef name="SUDA_FLTCNTLOTEMPBUF_SWP" type="dn13"><alias namespace="SUDA" value="FLTCNTLOTEMPBUF"/>
        <description text="Counts detections of fault 9: low buffer board temperature"/></itemDef>      
      
      <itemDef name="SUDA_FLTSTHILVPSTEMP_SWP" type="faultArbState3"><alias namespace="SUDA" value="FLTSTHILVPSTEMP"/>
        <description text="Fault arbiter state for fault 10: high LVPS board temperature"/></itemDef>      
      <itemDef name="SUDA_FLTCNTHILVPSTEMP_SWP" type="dn13"><alias namespace="SUDA" value="FLTCNTHILVPSTEMP"/>
        <description text="Counts detections of fault 10: high LVPS board temperature"/></itemDef>      
        
      <itemDef name="SUDA_FLTSTLOLVPSTEMP_SWP" type="faultArbState3"><alias namespace="SUDA" value="FLTSTLOLVPSTEMP"/>
        <description text="Fault arbiter state for fault 11: low LVPS board temperature"/></itemDef>      
      <itemDef name="SUDA_FLTCNTLOLVPSTEMP_SWP" type="dn13"><alias namespace="SUDA" value="FLTCNTLOLVPSTEMP"/>
        <description text="Counts detections of fault 11: low LVPS board temperature"/></itemDef>      
      
      <itemDef name="SUDA_FLTSTHIHVPSTEMP_SWP" type="faultArbState3"><alias namespace="SUDA" value="FLTSTHIHVPSTEMP"/>
        <description text="Fault arbiter state for fault 12: high HVPS board temperature"/></itemDef>      
      <itemDef name="SUDA_FLTCNTHIHVPSTEMP_SWP" type="dn13"><alias namespace="SUDA" value="FLTCNTHIHVPSTEMP"/>
        <description text="Counts detections of fault 12: high HVPS board temperature"/></itemDef>      
        
      <itemDef name="SUDA_FLTSTLOHVPSTEMP_SWP" type="faultArbState3"><alias namespace="SUDA" value="FLTSTLOHVPSTEMP"/>
        <description text="Fault arbiter state for fault 13: low HVPS board temperature"/></itemDef>      
      <itemDef name="SUDA_FLTCNTLOHVPSTEMP_SWP" type="dn13"><alias namespace="SUDA" value="FLTCNTLOHVPSTEMP"/>
        <description text="Counts detections of fault 13: low HVPS board temperature"/></itemDef>      
            
      <itemDef name="SUDA_FLTSTPLLNOLOCK_SWP" type="faultArbState3"><alias namespace="SUDA" value="FLTSTPLLNOLOCK"/>
        <description text="Fault arbiter state for fault 14: PLL loss of lock"/></itemDef>      
      <itemDef name="SUDA_FLTCNTPLLNOLOCK_SWP" type="dn13"><alias namespace="SUDA" value="FLTCNTPLLNOLOCK"/>
        <description text="Counts detections of fault 14: PLL loss of lock"/></itemDef>      
        
      <itemDef name="SUDA_FLTSTPLLBADFREQ_SWP" type="faultArbState3"><alias namespace="SUDA" value="FLTSTPLLBADFREQ"/>
        <description text="Fault arbiter state for fault 15: PLL frequencey error"/></itemDef>      
      <itemDef name="SUDA_FLTCNTPLLBADFREQ_SWP" type="dn13"><alias namespace="SUDA" value="FLTCNTPLLBADFREQ"/>
        <description text="Counts detections of fault 15: PLL frequency error"/></itemDef>      
      
      <itemDef name="SUDA_SEQSYS00_SWP" type="dn32"><alias namespace="SUDA" value="seqsys00"/><description text="Reserved for sequence component"/></itemDef>      
      <itemDef name="SUDA_SEQSYS01_SWP" type="dn32"><alias namespace="SUDA" value="seqsys01"/><description text="Reserved for sequence component"/></itemDef>      
      <itemDef name="SUDA_SEQSYS02_SWP" type="dn32"><alias namespace="SUDA" value="seqsys02"/><description text="Reserved for sequence component"/></itemDef>      

      <itemDef name="SUDA_SEQSW00" type="dn32"><alias namespace="SUDA" value="seqsw00"/><description text="Reserved for sequence component"/> </itemDef>
      <itemDef name="SUDA_SEQSW01" type="dn32"><alias namespace="SUDA" value="seqsw01"/><description text="Reserved for sequence component"/> </itemDef>
      <itemDef name="SUDA_SEQSW02" type="dn32"><alias namespace="SUDA" value="seqsw02"/><description text="Reserved for sequence component"/> </itemDef>
      <itemDef name="SUDA_SEQSW03" type="dn32"><alias namespace="SUDA" value="seqsw03"/><description text="Reserved for sequence component"/> </itemDef>
      <itemDef name="SUDA_SEQSW04" type="dn32"><alias namespace="SUDA" value="seqsw04"/><description text="Reserved for sequence component"/> </itemDef>
      <itemDef name="SUDA_SEQSW05" type="dn32"><alias namespace="SUDA" value="seqsw05"/><description text="Reserved for sequence component"/> </itemDef>
      <itemDef name="SUDA_SEQSW06" type="dn32"><alias namespace="SUDA" value="seqsw06"/><description text="Reserved for sequence component"/> </itemDef>
      <itemDef name="SUDA_SEQSW07" type="dn32"><alias namespace="SUDA" value="seqsw07"/><description text="Reserved for sequence component"/> </itemDef>

      <itemDef name="SUDA_SWCFG0" type="dn32"><alias namespace="SUDA" value="swcfg0"/><description text="Configurable point, set address in param table"/> </itemDef>
      <itemDef name="SUDA_SWCFG1" type="dn32"><alias namespace="SUDA" value="swcfg1"/><description text="Configurable point, set address in param table"/> </itemDef>
      <itemDef name="SUDA_SWCFG2" type="dn32"><alias namespace="SUDA" value="swcfg2"/><description text="Configurable point, set address in param table"/> </itemDef>
      <itemDef name="SUDA_SWCFG3" type="dn32"><alias namespace="SUDA" value="swcfg3"/><description text="Configurable point, set address in param table"/> </itemDef>

      <itemDef name="SUDA_SYNCMARKSWPKT" type="dn16"> <description text="Checksum Pad"/></itemDef>
      <itemDef name="SUDA_CRCSWPKT" type="dn16"> <description text="Checksum"/></itemDef>
    </field>
  </frameDef>

  <frameDef name="suda_sw" id="0x0586"><description text="Software-Centric Packet"/>
    <field>
      <frameCopy name="CCSDSPriHeader" suffix="_swPkt"/>
      <frameCopy name="CCSDSSecHeader" suffix="_swPkt"/>
      <item name="suda_sw_hk_frame"/>
    </field>
  </frameDef>

</hydraDef>
