<!-- SUDA-specific file to define types used in SUDA telemetry and commands -->
<!-- Note: Event log messages split out into suda_dicts_logs.xml -->

<hydraDef>
  
  <!-- Include dictionary for these types -->
  <include>Config\suda_dicts.xml</include>
  <include>Config\suda_dicts_logs.xml</include>

  <!--Number Types not already defined elsewhere -->
  <typeDN name="dn17" size="17"/>
  <typeDN name="dn18" size="18"/>
  <typeDN name="dn19" size="19"/>
  <typeDN name="dn20" size="20"/>
  <typeDN name="dn21" size="21"/>
  <typeDN name="dn27" size="27"/>
  <typeDN name="dn28" size="28"/>
  <typeDN name="dn29" size="29"/>
  <typeDN name="dn30" size="30"/>
  <typeDN name="dn31" size="31"/>

  <!-- File starts with definitions specific to SUDA -->
  <typeDN name="logEntryId" size="8" dict="logEntryIdDictionary"/>
  <typeDN name="commIntfType" size="1" dict="commIntfTypeDictionary"/>
  <typeDN name="spwSideType" size="1" dict="spwSideTypeDictionary"/>
  <typeDN name="busyStateType" size="1" dict="busyStateTypeDictionary"/>
  <typeDN name="sudaModeType4" size="4" dict="sudaModeType4Dictionary"/>
  <typeDN name="sudaModeType8" size="8" dict="sudaModeType8Dictionary"/>
  <typeDN name="sudaModeType32" size="32" dict="sudaModeType32Dictionary"/>
  <typeDN name="ovrflwStateType" size="1" dict="ovrflwStateTypeDictionary"/>  
  <typeDN name="cmdHistoryStateType" size="3" dict="cmdHistoryStateTypeDictionary"/>
  <typeDN name="region32" size="32" dict="region32Dictionary"/>
  <typeDN name="regionModify32" size="32" dict="regionModify32Dictionary"/>
  <typeDN name="memregion6Type" size="6" dict="region32Dictionary"/>
  <typeDN name="memOp10Type" size="10" dict="memOp10Dictionary"/>
  <typeDN name="memState6Type" size="6" dict="memState6Dictionary"/>
  <typeDN name="memState16Type" size="16" dict="memState16Dictionary"/>
  <typeDN name="memCollab8" size="8" dict="memCollab8Dictionary"/>
  
  <typeDN name="logSel8" size="8" dict="logSel8Dictionary"/>
  <typeDN name="flagSel32" size="32" dict="flagSel32Dictionary"/>
  <typeDN name="clrCntrSelType6" size="6" dict="clrCntrSelType6Dictionary"/>  
  <typeDN name="clrCntrFieldType2" size="2" dict="clrCntrFieldType2Dictionary"/>
  <typeDN name="panicStateType" size="1" dict="panicStateTypeDictionary"/>
  <typeDN name="resetType" size="7" dict="resetTypeDictionary"/>
  <typeDN name="htrSel32" size="32" dict="htrSel32Dictionary"/>
  <typeDN name="htrSelMulti32" size="32" dict="htrSelMulti32Dictionary"/>
  <typeDN name="injectErrType3" size="3" dict="injectingErrorDictionary"/>
  <typeDN name="trigModeType2" size="2" dict="triggerModeDictionary"/>
  <typeDN name="trigPolType1" size="1" dict="triggerPolarityDictionary"/>
  <typeDN name="depthSelType1" size="1" dict="depthSelTypeDictionary"/>
  
  <!-- This group prelates to space wire link -->
  <typeDN name="linkStateType" size="3" dict="linkStateDictionary"/>
  
  <!-- This group relates to commands and command sequence engines -->
  <typeDN name="cmdEngine8" size="8" dict="cmdEngine8Dictionary"/>
  <typeDN name="cmdEngine16" size="16" dict="cmdEngine16Dictionary"/>
  <typeDN name="setSeqState" size="32" dict="setSeqStateDictionary"/>
  <typeDN name="seqEngine" size="32" dict="seqEngineDictionary"/>
  <typeDN name="seqBuffer32" size="32" dict="seqBuffer32Dictionary"/>
  <typeDN name="seqBuffer5" size="5" dict="seqBuffer5Dictionary"/>
  <typeDN name="seqEngineState" size="3" dict="seqEngineStateDictionary"/>
  <typeDN name="seqEngStopCode" size="3" dict="seqEngStopCodeDictionary"/>
  <typeDN name="seqEngWaitType" size="2" dict="seqEngWaitTypeDictionary"/>
  <typeDN name="faultArbState3" size="3" dict="faultArbState3Dictionary"/>
  <typeDN name="cmdStatus" size="8" dict="cmdStatusDictionary"/>
  
  <!-- This group are the most basic SUDA definitions -->
  <typeDN name="opCode" size="16" dict="opCodeDictionary"/>
  <typeDN name="opCodeHex" size="16" dict="opCodeHexDictionary"/>
  <typeDN name="qbootState32" size="32" dict="qbootState32Dictionary"/>
  <typeDN name="blockStateShort8" size="8" dict="blockStateShort8Dictionary"/>
  <typeDN name="blockState8" size="8" dict="blockState8Dictionary"/>
  <typeDN name="blockState32" size="32" dict="blockState32Dictionary"/>
     
  
  <!-- Generic definitions below -->

  <typeDN name="enaDis" size="1" dict="enaDisDictionary"/>
  <typeDN name="enaDis3" size="3" dict="enaDis3Dictionary"/>
  <typeDN name="enaDis8" size="8" dict="enaDis32Dictionary"/>
  <typeDN name="enaDis32" size="32" dict="enaDis32Dictionary"/>
  <typeDN name="busyIdle" size="1" dict="busyIdleDictionary"/>
  <typeDN name="onOff" size="1" dict="onOffDictionary"/>
  <typeDN name="onOff32" size="32" dict="onOff32Dictionary"/>
  <typeDN name="errOkay" size="1" dict="errOkayDictionary"/>
  <typeDN name="okayErr" size="1" dict="okayErrDictionary"/>
  <typeDN name="yesNo" size="1" dict="yesNoDictionary"/>
  <typeDN name="noYes" size="1" dict="noYesDictionary"/>  
  <typeDN name="secPri" size="1" dict="secPriDictionary"/>

  <!-- HVPS command definitions below -->

  <typeDN name="hvOscillator32" size="32" dict="hvOscillatorDictionary"/>
  <typeDN name="hvPolarity32" size="32" dict="hvPolarityDictionary"/>
  <typeDN name="hvOutput32" size="32" dict="hvOutputDictionary"/>

</hydraDef>



