<!-- SUDA-specific file to correlate value of types (from suda_types.xml) to text -->

<hydraDef>

  <!-- File starts with definitions specific to SUDA -->


  <dictionary name="commIntfTypeDictionary">
    <pair key="1" str="SPW"/>
    <pair key="0" str="UART"/>
  </dictionary>

  <dictionary name="spwSideTypeDictionary">
    <pair key="1" str="B"/>
    <pair key="0" str="A"/>
  </dictionary>

  <dictionary name="busyStateTypeDictionary">
    <pair key="1" str="BUSY"/>
    <pair key="0" str="OK"/>
  </dictionary>

  <dictionary name="sudaModeType4Dictionary">
    <pair key="0" str="NONE"/>
    <pair key="1" str="BOOT"/>
    <pair key="2" str="SAFE"/>
    <pair key="3" str="IDLE"/>
    <pair key="4" str="FLYBY"/>
    <pair key="5" str="SURVEY"/>
    <pair key="6" str="PROCESS"/>
  </dictionary>

  <dictionary name="sudaModeType8Dictionary">
    <pair key="0" str="NONE"/>
    <pair key="1" str="BOOT"/>
    <pair key="2" str="SAFE"/>
    <pair key="3" str="IDLE"/>
    <pair key="4" str="FLYBY"/>
    <pair key="5" str="SURVEY"/>
    <pair key="6" str="PROCESS"/>
  </dictionary>

  <dictionary name="sudaModeType32Dictionary">
    <pair key="0" str="NONE"/>
    <pair key="1" str="BOOT"/>
    <pair key="2" str="SAFE"/>
    <pair key="3" str="IDLE"/>
    <pair key="4" str="FLYBY"/>
    <pair key="5" str="SURVEY"/>
    <pair key="6" str="PROCESS"/>
  </dictionary>

  <dictionary name="ovrflwStateTypeDictionary">
    <pair key="1" str="ERR"/>
    <pair key="0" str="OK"/>
  </dictionary>

  <dictionary name="cmdHistoryStateTypeDictionary">
    <pair key="0" str="NONE"/>
    <pair key="1" str="OKAY"/>
    <pair key="2" str="BUSY"/>
    <pair key="3" str="CRCLEN"/>
    <pair key="4" str="ID"/>
    <pair key="5" str="OTHER"/>
    <pair key="6" str="PARAM"/>
    <pair key="7" str="MODE"/>
  </dictionary>

  <dictionary name="region32Dictionary">
    <pair key="0" str="SCISTART"/>
    <pair key="1" str="NVFSW1"/>
    <pair key="2" str="NVFSW2"/>
    <pair key="3" str="NVFSW3"/>
    <pair key="4" str="NVPT"/>
    <pair key="5" str="SCICONT"/>
    <pair key="6" str="NVPERST"/>
    <pair key="7" str="NVFT"/>
    <pair key="8" str="NVPM"/>
    <pair key="9" str="NVSCIT"/>
    <pair key="10" str="SCIRSVP"/>
    <pair key="11" str="SCIDIV"/>
    <pair key="12" str="CMDSEQ"/>
    <pair key="13" str="REG13"/>
    <pair key="14" str="REG14"/>
    <pair key="15" str="REG15"/>

    <pair key="16" str="SCRATCH"/>
    <pair key="17" str="ACTFSW"/>
    <pair key="18" str="PT"/>
    <pair key="19" str="FT"/>
    <pair key="20" str="PERST"/>
    <pair key="21" str="SCIT"/>
    <pair key="22" str="SEQBUF"/>

    <pair key="51" str="BLOCK"/>
    <pair key="52" str="SCIBLOCK"/>
    <pair key="63" str="NONE"/>
  </dictionary>

  <dictionary name="regionModify32Dictionary">
    <pair key="1" str="NVFSW1"/>
    <pair key="2" str="NVFSW2"/>
    <pair key="3" str="NVFSW3"/>
    <pair key="4" str="NVPT"/>
    <pair key="6" str="NVPERST"/>
    <pair key="7" str="NVFT"/>
    <pair key="8" str="NVPM"/>
    <pair key="9" str="NVSCIT"/>
    <pair key="12" str="CMDSEQ"/>
    <pair key="16" str="SCRATCH"/>
    <pair key="17" str="ACTFSW"/>
    <pair key="18" str="PT"/>
    <pair key="19" str="FT"/>
    <pair key="20" str="PERST"/>
    <pair key="21" str="SCIT"/>
    <pair key="22" str="SEQBUF"/>
    <pair key="51" str="BLOCK"/>
  </dictionary>

  <dictionary name="memOp10Dictionary">
    <pair key="0" str="NONE"/>
    <pair key="1" str="DUMP"/>
    <pair key="2" str="CKSUM"/>
    <pair key="4" str="ERASE"/>
    <pair key="8" str="CPYTO"/>
    <pair key="16" str="CPYFROM"/>
    <pair key="32" str="REBUILD"/>
    <pair key="64" str="SHUFFLE"/>
  </dictionary>

  <dictionary name="memState6Dictionary">
    <pair key="1" str="NOTINIT"/>
    <pair key="2" str="IDLE"/>
    <pair key="4" str="DUMPSRAM"/>
    <pair key="5" str="CKSUMSRAM"/>
    <pair key="6" str="ERASESRAM"/>
    <pair key="7" str="CPY2SRAM"/>
    <pair key="8" str="CPYSRAM"/>
    <pair key="9" str="SETUPSCI"/>
    <pair key="10" str="CLEANSCI"/>
    <pair key="11" str="COPYFLASH"/>
    <pair key="12" str="COPY2FLASH"/>
    <pair key="13" str="ERASEFLASH"/>
    <pair key="14" str="DUMPFLASH"/>
    <pair key="15" str="CKSUMFLASH"/>
    <pair key="16" str="REBUILD"/>
    <pair key="17" str="SHUFFLE"/>
    <pair key="18" str="CLEANUP"/>
  </dictionary>

  <dictionary name="memState16Dictionary">
    <pair key="0x0001" str="NOTINIT"/>
    <pair key="0x0002" str="IDLE"/>
    <pair key="0x0004" str="DUMPSRAM"/>
    <pair key="0x0005" str="CKSUMSRAM"/>
    <pair key="0x0006" str="ERASESRAM"/>
    <pair key="0x0007" str="CPY2SRAM"/>
    <pair key="0x0008" str="CPYSRAM"/>
    <pair key="0x0009" str="SETUPSCI"/>
    <pair key="0x000A" str="CLEANSCI"/>
    <pair key="0x000B" str="COPYFLASH"/>
    <pair key="0x000C" str="COPY2FLASH"/>
    <pair key="0x000D" str="ERASEFLASH"/>
    <pair key="0x000E" str="DUMPFLASH"/>
    <pair key="0x000F" str="CKSUMFLASH"/>
    <pair key="0x0010" str="REBUILD"/>
    <pair key="0x0011" str="SHUFFLE"/>
    <pair key="0x0012" str="CLEANUP"/>
  </dictionary>

  <dictionary name="memCollab8Dictionary">
    <pair key="0" str="SCISETUP"/>
    <pair key="1" str="SCICLEANUP"/>
    <pair key="2" str="SCIFIND"/>
    <pair key="3" str="SCICOPY"/>
  </dictionary>

  <dictionary name="logSel8Dictionary">
    <pair key="0" str="EVT"/>
    <pair key="1" str="PM"/>
    <pair key="2" str="CMD"/>
  </dictionary>

  <dictionary name="flagSel32Dictionary">
    <pair key="0" str="INVLD"/>
    <pair key="1" str="PWRCYC"/>
    <pair key="2" str="PANIC"/>
    <pair key="3" str="BUSY"/>
    <pair key="4" str="DONE"/>
    <pair key="5" str="SAFE"/>
    <pair key="6" str="WDOG"/>
    <pair key="7" str="SPARE0"/>
    <pair key="8" str="SPARE1"/>
    <pair key="9" str="SPARE2"/>
  </dictionary>

  <dictionary name="clrCntrSelType6Dictionary">
    <pair key="0" str="NONE"/>
    <pair key="1" str="RJCT"/>
    <pair key="2" str="EXEC"/>
    <pair key="4" str="ACPT"/>
    <pair key="8" str="SPWERR"/>
    <pair key="15" str="ALL"/>
  </dictionary>

  <dictionary name="clrCntrFieldType2Dictionary">
    <pair key="0" str="NONE"/>
    <pair key="1" str="CNTR"/>
    <pair key="2" str="OVRFLW"/>
    <pair key="3" str="BOTH"/>
  </dictionary>

  <dictionary name="panicStateTypeDictionary">
    <pair key="1" str="PANIC"/>
    <pair key="0" str="OK"/>
  </dictionary>

  <dictionary name="resetTypeDictionary">
    <pair key="0" str="UNKWN"/>
    <pair key="1" str="POR"/>
    <pair key="2" str="WDOG"/>
    <pair key="3" str="CMD"/>
    <pair key="4" str="PROC"/>
    <pair key="5" str="BOOT"/>
  </dictionary>

  <dictionary name="htrSel32Dictionary">
    <pair key="0" str="HTR0"/>
    <pair key="1" str="HTR1"/>
    <pair key="2" str="HTR2"/>
  </dictionary>

  <dictionary name="htrSelMulti32Dictionary">
    <pair key="1" str="HTR0"/>
    <pair key="2" str="HTR1"/>
    <pair key="4" str="HTR2"/>
    <pair key="7" str="ALL"/>
  </dictionary>

  <dictionary name="injectingErrorDictionary">
    <pair key="0x00" str="OKAY"/>
    <pair key="0x01" str="BADBLOCK"/>
    <pair key="0x02" str="CERR"/>
    <pair key="0x03" str="BBCERR"/>
    <pair key="0x04" str="MERR"/>
    <pair key="0x05" str="BBMERR"/>
  </dictionary>

  <dictionary name="triggerModeDictionary">
    <pair key="0x00" str="None"/>
    <pair key="0x01" str="THOLD"/>
    <pair key="0x02" str="1PULSE"/>
    <pair key="0x03" str="2PULSE"/>
  </dictionary>

  <dictionary name="triggerPolarityDictionary">
    <pair key="0x00" str="ABOVE"/>
    <pair key="0x01" str="BELOW"/>
  </dictionary>

  <dictionary name="sciState16Dictionary">
    <pair key="0x0000" str="IDLE"/>
    <pair key="0x0001" str="CAL"/>
    <pair key="0x0002" str="CLKPATTERN"/>
    <pair key="0x0004" str="CLK"/>
    <pair key="0x0008" str="ACQSETUP"/>
    <pair key="0x0010" str="ACQCLEANUP"/>
    <pair key="0x0020" str="ACQ"/>
    <pair key="0x0040" str="CHILL"/>
    <pair key="0x0080" str="MEMFIND"/>
    <pair key="0x0100" str="MEMREAD"/>
    <pair key="0x0200" str="PROCESS"/>
  </dictionary>

  <dictionary name="depthSelTypeDictionary">
    <pair key="0x00" str="10BIT"/>
    <pair key="0x01" str="12BIT"/>
  </dictionary>

  <!-- Next group relates to space wire link -->

  <dictionary name="linkStateDictionary">
    <pair key="0" str="RST"/>
    <pair key="1" str="ERR_RST"/>
	  <pair key="2" str="ERR_WAIT"/>
    <pair key="3" str="RDY"/>
    <pair key="4" str="STARTED"/>
    <pair key="5" str="PRE_CONN"/>
    <pair key="6" str="CONN"/>
    <pair key="7" str="RUN"/>
  </dictionary>

  <!-- Next group relates to command sequence engines -->

  <dictionary name="cmdEngine8Dictionary">
    <pair key="0" str="FAULT"/>
    <pair key="1" str="MODE"/>
    <pair key="2" str="OPER"/>
    <pair key="3" str="RT"/>
  </dictionary>

  <dictionary name="cmdEngine16Dictionary">
    <pair key="0" str="FAULT"/>
    <pair key="1" str="MODE"/>
    <pair key="2" str="OPER"/>
    <pair key="3" str="RT"/>
  </dictionary>

  <dictionary name="setSeqStateDictionary">
    <pair key="0" str="INVALID"/>
    <pair key="1" str="PAUSE"/>
    <pair key="2" str="RESUME"/>
    <pair key="3" str="TERM"/>
  </dictionary>

  <dictionary name="seqEngineDictionary">
    <pair key="0" str="FAULT"/>
    <pair key="1" str="MODE"/>
    <pair key="2" str="OPER"/>
  </dictionary>

  <dictionary name="seqBuffer32Dictionary">
    <pair key="0" str="BUF0"/>
    <pair key="1" str="BUF1"/>
    <pair key="2" str="BUF2"/>
    <pair key="3" str="BUF3"/>
    <pair key="4" str="BUF4"/>
    <pair key="5" str="BUF5"/>
    <pair key="6" str="BUF6"/>
    <pair key="7" str="BUF7"/>
    <pair key="8" str="BUF8"/>
    <pair key="9" str="BUF9"/>
    <pair key="10" str="BUF10"/>
    <pair key="11" str="BUF11"/>
    <pair key="12" str="BUF12"/>
    <pair key="13" str="BUF13"/>
    <pair key="14" str="BUF14"/>
    <pair key="15" str="BUF15"/>
    <pair key="16" str="BUF16"/>
    <pair key="17" str="BUF17"/>
    <pair key="18" str="BUF18"/>
    <pair key="19" str="BUF19"/>
    <pair key="20" str="NONE"/>
  </dictionary>

  <dictionary name="seqBuffer5Dictionary">
    <pair key="0" str="BUF0"/>
    <pair key="1" str="BUF1"/>
    <pair key="2" str="BUF2"/>
    <pair key="3" str="BUF3"/>
    <pair key="4" str="BUF4"/>
    <pair key="5" str="BUF5"/>
    <pair key="6" str="BUF6"/>
    <pair key="7" str="BUF7"/>
    <pair key="8" str="BUF8"/>
    <pair key="9" str="BUF9"/>
    <pair key="10" str="BUF10"/>
    <pair key="11" str="BUF11"/>
    <pair key="12" str="BUF12"/>
    <pair key="13" str="BUF13"/>
    <pair key="14" str="BUF14"/>
    <pair key="15" str="BUF15"/>
    <pair key="16" str="BUF16"/>
    <pair key="17" str="BUF17"/>
    <pair key="18" str="BUF18"/>
    <pair key="19" str="BUF19"/>
    <pair key="20" str="NONE"/>
  </dictionary>

  <dictionary name="seqEngineStateDictionary">
    <pair key="0" str="IDLE"/>
    <pair key="1" str="ACTIV"/>
    <pair key="2" str="SUSPN"/>
    <pair key="3" str="PAUSE"/>
    <pair key="4" str="STALE"/>
  </dictionary>

  <dictionary name="seqEngStopCodeDictionary">
    <pair key="0" str="NOM"/>
    <pair key="1" str="CMD"/>
    <pair key="2" str="VRFY"/>
    <pair key="3" str="RJCT"/>
    <pair key="4" str="STALE"/>
    <pair key="5" str="ZERO"/>
  </dictionary>

  <dictionary name="seqEngWaitTypeDictionary">
    <pair key="0" str="NONE"/>
    <pair key="1" str="ABS"/>
    <pair key="2" str="REL"/>
  </dictionary>

  <dictionary name="faultArbState3Dictionary">
    <pair key="0" str="Clear"/>
    <pair key="1" str="Start"/>
    <pair key="2" str="Done"/>
    <pair key="3" str="FAIL"/>
    <pair key="4" str="Intr"/>
  </dictionary>

  <dictionary name="cmdStatusDictionary">
    <pair key="0" str="NONE"/>
    <pair key="1" str="OKAY"/>
    <pair key="2" str="BUSY"/>
    <pair key="3" str="LENGTH"/>
    <pair key="4" str="ID"/>
    <pair key="5" str="PROT"/>
    <pair key="6" str="RANGE"/>
    <pair key="7" str="MODE"/>
    <pair key="8" str="SRC"/>
    <pair key="9" str="ARG#"/>
    <pair key="10" str="NULL"/>
    <pair key="11" str="CRC"/>
    <pair key="12" str="OKAY2"/>    <!-- Special case for clr cmd cntr -->
    <pair key="13" str="STM"/>
  </dictionary>



  <!-- Next group are the most basic SUDA definitions -->
  <dictionary name="opCodeDictionary">
    <pair key="0" str="NONE"/>
    <pair key="4353" str="NOOP"/>
    <pair key="32769" str="TIMEMSG"/>
    <pair key="34561" str="RESET"/>
    <pair key="34562" str="ABORT"/>
    <pair key="34563" str="SHUTDOWN"/>
    <pair key="36352" str="SETAIDBIN"/>
    <pair key="36353" str="RSTCOMM"/>
    <pair key="36354" str="CLRCNTRS"/>
    <pair key="36355" str="BOOSTSPW"/>
    <pair key="36367" str="LOOPBACK"/>
    <pair key="52416" str="SETFLAG"/>
    <pair key="52417" str="CLRFLAG"/>
    <pair key="52418" str="WRTPERSIST"/>
    <pair key="52419" str="CHGMODE"/>
    <pair key="52420" str="DUMPLOG"/>
    <pair key="52421" str="ANADWELL"/>
    <pair key="52422" str="CFGHTR"/>
    <pair key="52423" str="DISHTRS"/>
    <pair key="52424" str="HALTQB"/>
    <pair key="52425" str="DUALCMD"/>
    <pair key="52426" str="CLRCMDST"/>
    <pair key="52427" str="LOADMEM"/>
    <pair key="52428" str="RAWWRT"/>
    <pair key="52429" str="RAWREAD"/>
    <pair key="52430" str="RAWCPY"/>
    <pair key="52431" str="SETPRM"/>
    <pair key="52432" str="GETPRM"/>
    <pair key="52433" str="WRFTBL"/>
    <pair key="52434" str="DUMPFTBL"/>
    <pair key="52436" str="SETMEMREG"/>
    <pair key="52437" str="ERASEMEM"/>
    <pair key="52438" str="CSUMMEM"/>
    <pair key="52439" str="DUMPMEM"/>
    <pair key="52440" str="COPYTOMEM"/>
    <pair key="52441" str="COPYFROMMEM"/>
    <pair key="52444" str="GOFLYBY"/>
    <pair key="52445" str="GOSURVEY"/>
    <pair key="52446" str="PROCESS"/>
    <pair key="52447" str="REPROCESS"/>
    <pair key="52448" str="ERASESCI"/>
    <pair key="52449" str="SETSCIPRM"/>
    <pair key="52450" str="INITSEQ"/>
    <pair key="52451" str="STARTSEQ"/>
    <pair key="52452" str="SETSEQST"/>
    <pair key="52453" str="SUSPABS"/>
    <pair key="52454" str="SUSPREL"/>
    <pair key="52455" str="CALLSUB"/>
    <pair key="52456" str="VERSEQ"/>
    <pair key="52457" str="CLRFAULT"/>
    <pair key="52458" str="SHUTDOWNHV"/>
    <pair key="52459" str="CLRTLM"/>
    <pair key="52460" str="CLRMEM"/>
    <pair key="52461" str="CLRSCI"/>
    <pair key="52462" str="REBUILD"/>
    <pair key="52463" str="SHUFFLE"/>
    <pair key="52464" str="DUMPADC"/>
    <pair key="52465" str="HALTSCI"/>
    <pair key="52466" str="HALTMEM"/>
    <pair key="52467" str="CLRUPKEEP"/>

    <pair key="52480" str="SETSCIADCHSPWR"/>
    <pair key="52481" str="SETSCIADCHSTRIG"/>
    <pair key="52482" str="SETSCIADCLSTRIG"/>
    <pair key="52483" str="SETSCIADCBLK"/>
    <pair key="52484" str="SETSCIADCTRIGMD"/>
    <pair key="52485" str="RUNSCIADCHSINIT"/>
    <pair key="52486" str="RUNSCIADCHSCAL"/>
    <pair key="52487" str="RUNSCIADCHSCLK"/>

    <pair key="52488" str="SETHVPWR"/>
    <pair key="52489" str="SETHVPOLARITY"/>
    <pair key="52490" str="DISHVOSC"/>
    <pair key="52491" str="SETHVSETPOINT"/>
    <pair key="52492" str="SETHVMAX"/>
    <pair key="52493" str="CLRAUTO"/>

    <pair key="61166" str="ENAHVOSC"/>
  </dictionary>

  <!-- Up to date dictionary for SUDA project -->
  <dictionary name="opCodeHexDictionary">
    <pair key="0x0000" str="NONE"/>
    <pair key="0x1101" str="NOOP"/>
    <pair key="0x8001" str="TIMEMSG"/>
    <pair key="0x8701" str="RESET"/>
    <pair key="0x8702" str="ABORT"/>
    <pair key="0x8703" str="SHUTDOWN"/>
    <pair key="0x8E00" str="SETAIDBIN"/>
    <pair key="0x8E01" str="RSTCOMM"/>
    <pair key="0x8E02" str="CLRCNTRS"/>
    <pair key="0x8E03" str="BOOSTSPW"/>
    <pair key="0x8E0F" str="LOOPBACK"/>
    <pair key="0xCCC0" str="SETFLAG"/>
    <pair key="0xCCC1" str="CLRFLAG"/>
    <pair key="0xCCC2" str="WRTPERSIST"/>
    <pair key="0xCCC3" str="CHGMODE"/>
    <pair key="0xCCC4" str="DUMPLOG"/>
    <pair key="0xCCC5" str="ANADWELL"/>
    <pair key="0xCCC6" str="CFGHTR"/>
    <pair key="0xCCC7" str="DISHTRS"/>
    <pair key="0xCCC8" str="HALTQB"/>
    <pair key="0xCCC9" str="DUALCMD"/>
    <pair key="0xCCCA" str="CLRCMDST"/>
    <pair key="0xCCCB" str="LOADMEM"/>
    <pair key="0xCCCC" str="RAWWRT"/>
    <pair key="0xCCCD" str="RAWREAD"/>
    <pair key="0xCCCE" str="RAWCPY"/>
    <pair key="0xCCCF" str="SETPRM"/>
    <pair key="0xCCD0" str="GETPRM"/>
    <pair key="0xCCD1" str="WRFTBL"/>
    <pair key="0xCCD2" str="DUMPFTBL"/>
    <pair key="0xCCD4" str="SETMEMREG"/>
    <pair key="0xCCD5" str="ERASEMEM"/>
    <pair key="0xCCD6" str="CSUMMEM"/>
    <pair key="0xCCD7" str="DUMPMEM"/>
    <pair key="0xCCD8" str="COPYTOMEM"/>
    <pair key="0xCCD9" str="COPYFROMMEM"/>
    <pair key="0xCCDC" str="GOFLYBY"/>
    <pair key="0xCCDD" str="GOSURVEY"/>
    <pair key="0xCCDE" str="PROCESS"/>
    <pair key="0xCCDF" str="REPROCESS"/>
    <pair key="0xCCE0" str="ERASESCI"/>
    <pair key="0xCCE1" str="SETSCIPRM"/>
    <pair key="0xCCE2" str="INITSEQ"/>
    <pair key="0xCCE3" str="STARTSEQ"/>
    <pair key="0xCCE4" str="SETSEQST"/>
    <pair key="0xCCE5" str="SUSPABS"/>
    <pair key="0xCCE6" str="SUSPREL"/>
    <pair key="0xCCE7" str="CALLSUB"/>
    <pair key="0xCCE8" str="VERSEQ"/>
    <pair key="0xCCE9" str="CLRFAULT"/>
    <pair key="0xCCEA" str="SHUTDOWNHV"/>
    <pair key="0xCCEB" str="CLRTLM"/>
    <pair key="0xCCEC" str="CLRMEM"/>
    <pair key="0xCCED" str="CLRSCI"/>
    <pair key="0xCCEE" str="REBUILD"/>
    <pair key="0xCCEF" str="SHUFFLE"/>
    <pair key="0xCCF0" str="DUMPADC"/>
    <pair key="0xCCF1" str="HALTSCI"/>
    <pair key="0xCCF2" str="HALTMEM"/>
    <pair key="0xCCF3" str="CLRUPKEEP"/>

    <pair key="0xCD00" str="SETSCIADCHSPWR"/>
    <pair key="0xCD01" str="SETSCIADCHSTRIG"/>
    <pair key="0xCD02" str="SETSCIADCLSTRIG"/>
    <pair key="0xCD03" str="SETSCIADCBLK"/>
    <pair key="0xCD04" str="SETSCIADCTRIGMD"/>
    <pair key="0xCD05" str="RUNSCIADCHSINIT"/>
    <pair key="0xCD06" str="RUNSCIADCHSCAL"/>
    <pair key="0xCD07" str="RUNSCIADCHSCLK"/>

    <pair key="0xCD08" str="SETHVPWR"/>
    <pair key="0xCD09" str="SETHVPOLARITY"/>
    <pair key="0xCD0A" str="DISHVOSC"/>
    <pair key="0xCD0B" str="SETHVSETPOINT"/>
    <pair key="0xCD0C" str="SETHVMAX"/>
    <pair key="0xCD0D" str="CLRAUTO"/>

    <pair key="0xEEEE" str="ENAHVOSC"/>
  </dictionary>

  <!-- These are not up to date -->
  <dictionary name="tlmApIdLsbDictionary">
    <pair key="0x80" str="EVTMSG"/>
    <pair key="0x81" str="ALIVE"/>
    <pair key="0x82" str="EVTLOG"/>
    <pair key="0x83" str="PMLOG"/>
    <pair key="0x84" str="CMDLOG"/>
    <pair key="0x85" str="HWPKT"/>
    <pair key="0x86" str="SWPKT"/>
    <pair key="0x87" str="DUMP"/>
    <pair key="0x88" str="DWELL"/>
  </dictionary>

  <dictionary name="qbootState32Dictionary">
    <pair key="0" str="IDLE"/>
    <pair key="1" str="UNINIT"/>
    <pair key="2" str="STARTING"/>
    <pair key="15" str="WAITING"/>
  </dictionary>

  <!-- Short string for Hydra, OASIS can't handle dashes -->
  <dictionary name="blockStateShort8Dictionary">
    <pair key="0x00" str="UNK"/>
    <pair key="0x10" str="BAD"/>
    <pair key="0x20" str="---"/>
    <pair key="0x30" str="SCIS"/>
    <pair key="0x31" str="FSW1"/>
    <pair key="0x32" str="FSW2"/>
    <pair key="0x33" str="FSW3"/>
    <pair key="0x34" str="PT"/>
    <pair key="0x35" str="SCIC"/>
    <pair key="0x36" str="PERS"/>
    <pair key="0x37" str="FT"/>
    <pair key="0x38" str="PM"/>
    <pair key="0x39" str="SCIT"/>
    <pair key="0x3A" str="RSVD"/>
    <pair key="0x3B" str="SDIV"/>
    <pair key="0x3C" str="SCS"/>
    <pair key="0x3D" str="D"/>
    <pair key="0x3E" str="E"/>
    <pair key="0x3F" str="F"/>
  </dictionary>

  <dictionary name="blockState8Dictionary">
    <pair key="0x00" str="UNKWN"/>
    <pair key="0x10" str="BAD"/>
    <pair key="0x20" str="EMPTY"/>
    <pair key="0x30" str="SCISTRT"/>
    <pair key="0x31" str="FSW1"/>
    <pair key="0x32" str="FSW2"/>
    <pair key="0x33" str="FSW3"/>
    <pair key="0x34" str="PT"/>
    <pair key="0x35" str="SCICONT"/>
    <pair key="0x36" str="PERST"/>
    <pair key="0x37" str="FT"/>
    <pair key="0x38" str="PMLOG"/>
    <pair key="0x39" str="SCIT"/>
    <pair key="0x3A" str="SCIRSVD"/>
    <pair key="0x3B" str="SCIDIV"/>
    <pair key="0x3C" str="SCS"/>
    <pair key="0x3D" str="SPARED"/>
    <pair key="0x3E" str="SPAREE"/>
    <pair key="0x3F" str="SPAREF"/>
  </dictionary>

  <dictionary name="blockState32Dictionary">
    <pair key="0x00" str="UNKWN"/>
    <pair key="0x10" str="BAD"/>
    <pair key="0x20" str="EMPTY"/>
    <pair key="0x30" str="SCISTRT"/>
    <pair key="0x31" str="FSW1"/>
    <pair key="0x32" str="FSW2"/>
    <pair key="0x33" str="FSW3"/>
    <pair key="0x34" str="PT"/>
    <pair key="0x35" str="SCICONT"/>
    <pair key="0x36" str="PERST"/>
    <pair key="0x37" str="FT"/>
    <pair key="0x38" str="PMLOG"/>
    <pair key="0x39" str="SCIT"/>
    <pair key="0x3A" str="SCIRSVD"/>
    <pair key="0x3B" str="SCIDIV"/>
    <pair key="0x3C" str="SCS"/>
    <pair key="0x3D" str="SPARED"/>
    <pair key="0x3E" str="SPAREE"/>
    <pair key="0x3F" str="SPAREF"/>
  </dictionary>

  <!-- Generic definitions below -->


  <!--Telemetry Dictionaries-->
  <dictionary name="enaDisDictionary">
    <pair key="1" str="ENA"/>
    <pair key="0" str="DIS"/>
  </dictionary>

  <dictionary name="enaDis3Dictionary">
    <pair key="7" str="ENA"/>
    <pair key="0" str="DIS"/>
  </dictionary>

  <dictionary name="enaDis8Dictionary">
    <pair key="1" str="ENA"/>
    <pair key="0" str="DIS"/>
  </dictionary>

  <dictionary name="enaDis32Dictionary">
    <pair key="1" str="ENA"/>
    <pair key="0" str="DIS"/>
  </dictionary>

  <dictionary name="busyIdleDictionary">
    <pair key="1" str="BUSY"/>
    <pair key="0" str="IDLE"/>
  </dictionary>

  <dictionary name="onOffDictionary">
    <pair key="1" str="ON"/>
    <pair key="0" str="OFF"/>
  </dictionary>

  <dictionary name="onOff32Dictionary">
    <pair key="1" str="ON"/>
    <pair key="0" str="OFF"/>
  </dictionary>

  <dictionary name="errOkayDictionary">
    <pair key="1" str="ERR"/>
    <pair key="0" str="OK"/>
  </dictionary>

  <dictionary name="okayErrDictionary">
    <pair key="1" str="OK"/>
    <pair key="0" str="ERR"/>
  </dictionary>

  <dictionary name="yesNoDictionary">
    <pair key="1" str="YES"/>
    <pair key="0" str="NO"/>
  </dictionary>

  <dictionary name="noYesDictionary">
    <pair key="1" str="NO"/>
    <pair key="0" str="YES"/>
  </dictionary>

  <dictionary name="secPriDictionary">
    <pair key="1" str="SEC"/>
    <pair key="0" str="PRI"/>
  </dictionary>

  <dictionary name="hvOscillatorDictionary">
    <pair key="1" str="DETECTOR"/>
    <pair key="0" str="SENSOR"/>
  </dictionary>

  <dictionary name="hvPolarityDictionary">
    <pair key="1" str="CATION"/>
    <pair key="0" str="ANION"/>
  </dictionary>

  <dictionary name="hvOutputDictionary">
    <pair key="0" str="SENSOR"/>
    <pair key="1" str="REFLECTRON"/>
    <pair key="2" str="TARGET"/>
    <pair key="3" str="DETECTOR"/>
  </dictionary>

</hydraDef>



