<!-- SUDA-specific file to correlate event message IDs into descriptive text -->
<!-- Separated into its own file due to length -->

<hydraDef>

  <!-- Short-form textual description of each event log ID -->
  <dictionary name="logEntryIdDictionary">
    <pair key="0x00" str="EMPTY"/>
    <pair key="0x08" str="PMLOG_INIT"/>
    <pair key="0x0A" str="TASK_STRT"/>
    <pair key="0x0B" str="SLICE_ERR"/>
    <pair key="0x0C" str="PERF_PARAM_ERR"/>
    <pair key="0x0D" str="PERF_DURR_ERR"/>
    <pair key="0x0E" str="TASK_OVERRUN"/>
    <pair key="0x0F" str="TASK_DONE"/>
    
    <pair key="0x11" str="EXEC_CMD"/>
    <pair key="0x12" str="GOT_RX_DATA"/>
    <pair key="0x13" str="GOOD_CCSDS"/>
    <pair key="0x14" str="EXEC_TIME"/>
    <pair key="0x15" str="EXEC_STAT"/>

    <pair key="0x20" str="RX_CSUM_ERR"/>
    <pair key="0x21" str="RX_LEN_ERR"/>
    <pair key="0x22" str="RX_UMS_ERR"/>
    <pair key="0x23" str="REINIT_SPW_LINK"/>
    <!--
    <pair key="0x24" str="RX_OVRFLW_ERR"/>
    <pair key="0x25" str="RX_DELAY_ERR"/>
    <pair key="0x26" str="RX_END_ERR"/>
    <pair key="0x27" str="RX_STRT_ERR"/>
    <pair key="0x28" str="RX_EXCESS_ERR"/>
    <pair key="0x2E" str="RST_RXUART"/>
    --> 
    <pair key="0x30" str="CMD_BAD_LEN"/>
    <pair key="0x31" str="CMD_UNKNOWN"/>
    <pair key="0x32" str="CMD_RJCT_UNARM"/>
    <pair key="0x33" str="CMD_RJCT_ENGINE"/>
    <pair key="0x34" str="CMD_RJCT_ARG#"/>
    <pair key="0x35" str="CMD_RJCT_NULL"/>
    <pair key="0x36" str="CMD_RJCT_RANGE"/>
    <pair key="0x37" str="CMD_RJCT_MODE"/>
    <pair key="0x38" str="CMD_RJCT_BUSY"/>

    <pair key="0x40" str="QBOOT_ST_CHANGE"/>
    <pair key="0x41" str="QBOOT_HALTED"/>
    <pair key="0x42" str="QBOOT_ALRDY_IDLE"/>

    <pair key="0x4A" str="BOTH_MIRROR_BAD"/>
    <pair key="0x4B" str="FOUND_SCI_DATA"/>
    <pair key="0x4C" str="MEM_QUEUE_RJCT"/>
    <pair key="0x4D" str="MEM_COLLAB_START"/>
    <pair key="0x4E" str="MEM_COLLAB_SUCC"/>
    <pair key="0x4F" str="MEM_COLLAB_FAIL"/>

    <pair key="0x50" str="BAD_FTBL_ENTRY"/>
    <pair key="0x51" str="CKSUM_MISMATCH"/>
    <pair key="0x52" str="BAD_FT_ROW"/>
    <pair key="0x53" str="FLASH_DIE_OFF"/>
    <pair key="0x54" str="NO_CHANGE_NVFSW3"/>
    <pair key="0x55" str="FLASH_DRIVER_ERR"/>
    <pair key="0x56" str="OPERATION_FAILED"/>
    <pair key="0x57" str="FOUND_BAD_BLOCK"/>
    <pair key="0x58" str="FLASH_UERR"/>
    <pair key="0x59" str="FLASH CERR"/>
    <pair key="0x5B" str="FLASH_DRIVER_ERR"/>
    <pair key="0x5C" str="MEM_OBJ_MISSING"/>
    <pair key="0x5D" str="MEMINIT_OBJ_MISS"/>
    <pair key="0x5E" str="FIXED_INVLD_FTBL"/>
    <pair key="0x5F" str="INIT_CKSUM_MISMT"/>

    <pair key="0x60" str="INIT_FLASH_FOUND"/>
    <pair key="0x61" str="MEM_FLASH_FOUND"/>
    <pair key="0x63" str="MEM_OP_START"/>
    <pair key="0x67" str="MEM_OP_DONE"/>    
    <pair key="0x68" str="DIR_RD_DONE"/>
    <pair key="0x69" str="DIR_WR_DONE"/>  
    <pair key="0x6A" str="MEM_STATE_CHG"/>        
    <pair key="0x6C" str="LOAD_SPILLOVER"/>
    <pair key="0x6D" str="MEM_GOT_PARAM"/>
    <pair key="0x6E" str="CKSUM_MATCH"/>
    <pair key="0x6F" str="FTABLE_CHANGED"/>


    <pair key="0x81" str="UPK_PROC_RST"/>
    <pair key="0x82" str="UPK_WDOG_RST"/>    
    <pair key="0x83" str="UPK_UNKWN_RST"/>
    <pair key="0x84" str="UPK_BOOT_ERR"/>  
    <pair key="0x88" str="AUTO_IBRAM_WDOG"/>        
    <pair key="0x89" str="AUTO_DBRAM_WDOG"/>
    <pair key="0x8A" str="AUTO_SBRAM_WDOG"/>
    <pair key="0x8B" str="HVPS_MMRMISMATCH"/>

    <pair key="0x90" str="UPK_BOOT2OPER"/>    
    <pair key="0x91" str="UPK_PWR_RST"/>
    <pair key="0x92" str="UPK_CMD_RST"/>  
    <pair key="0x93" str="UPK_BOOT_HELLO"/>        
    <pair key="0x94" str="UPK_OPER_HELLO"/>
    <pair key="0x95" str="HTR_INIT_BOOT"/>    
    <pair key="0x96" str="HTR_ENA"/>
    <pair key="0x97" str="HTR_DIS"/>  
    <pair key="0x98" str="MODE_CHANGE"/>  
    <pair key="0x9F" str="UPK_HAPPY_BYE"/>  
    
    <pair key="0xA2" str="START_TX_PKT"/>
    <pair key="0xA3" str="START_LOOPBACK"/>

	<!-- Science Messages -->
    <pair key="0xC0" str="SCI_STATE"/>
    <pair key="0xC1" str="SCI_MEM_SUCC"/>
    <pair key="0xC2" str="SCI_MEM_FAIL"/>
    <pair key="0xC3" str="SCI_MEM_NEVER"/>
    <pair key="0xC4" str="SCI_CLK_TIMEOUT"/>
    <pair key="0xC5" str="SCI_SPI_WRITE"/>
    <pair key="0xC6" str="SCI_EVENT_ID"/>
    <pair key="0xC7" str="SCI_EVENT_LEN"/>
    <pair key="0xC8" str="SCI_NULL_COLLECT"/>

    <pair key="0xEF" str="SEQ_CMD_SUCC"/>

    <pair key="0xFF" str="ENTRY_ID_INVAL"/>  <!-- For testing only -->
  </dictionary>
  
  <dictionary name="eventMsgDictionary">
    <pair key="0x08" str="DES Postmortem log initialized"/>
    <pair key="0x0A" str="DES Task execution started"/>
    <pair key="0x0B" str="DES Invalid DES slice, Invalid ID=0x%02x%02x%02x%02x"/>
    <pair key="0x0C" str="DES perfMonitor asked to add invalid entry, Task ID=0x%02x%02x, Slice value=0x%02x%02x, no entry added"/>
    <pair key="0x0D" str="DES PerfMon suspicious duration, task=0x%02x%02x, slice=0x%02x%02x"/>
    <pair key="0x0E" str="DES task OVERRUN, Start:End slice=0x%02x:%02x, TaskID=%02x"/>
    <pair key="0x0F" str="DES Task execution completed"/>
        
    <pair key="0x11" str="CMD success (APID=0x%02x%02x, $opCodeHexDictionary(0x%02x%02x))"/>
    <pair key="0x12" str="CMD RxSPW received data"/>
    <pair key="0x13" str="CMD UMS/CCSDS protocol found good on received pkt"/>
    <pair key="0x14" str="CMD Processed Sc time message"/>
    <pair key="0x15" str="CMD RT CmdEngine arm state expired"/>

    <pair key="0x20" str="CMD Cksum mismatch (discarding), Param=0x%02x%02x%02x%02x"/>
    <pair key="0x21" str="CMD Size error on rx pkt (discarding), Param=0x%02x%02x%02x%02x"/>
    <pair key="0x22" str="CMD Error with UMS header in rx pkt (discarding),  UMS=0x%02x%02x%02x%02x"/>
    <pair key="0x23" str="CMD SpW link timeout, reinitializing SpW link Param=0x%02x%02x%02x%02x"/>
    <pair key="0x24" str="CMD Error with CCSDS hdr in rx pkt (discarding), CCSDS1=0x%02x%02x%02x%02x"/>
    <!--
    <pair key="0x24" str="Dropping data-FPGA FIFO overflow, pkt discarded, RxUart reset, Param=0x%02x%02x%02x%02x"/>
    <pair key="0x25" str="Time gap >10 msec in middle of Rx pkt, Param=0x%02x%02x%02x%02x"/>
    <pair key="0x26" str="New pkt started in middle of previous pkt, pkt discarded, RxUart reset, Param=0x%02x%02x%02x%02x"/>
    <pair key="0x27" str="Unexpected data between packets, pkt discarded, RxUart reset, Param=0x%02x%02x%02x%02x"/>
    <pair key="0x28" str="Received pkt exceeds FSW's Rx pkt buffer, pkt discarded, RxUart reset, Param=0x%02x%02x%02x%02x"/>
    <pair key="0x2E" str="Auto reset RxUart after 0x%02x%02x%02x%02x secs no pkts"/>
    -->       
    <pair key="0x30" str="CMD OUT OF BOUNDS LENGTH, hdr field=0x%02x%02x%02x%02x"/>
    <pair key="0x31" str="CMD UNKNOWN, engine=$cmdEngine16Dictionary(%02x%02x), OpCode=0x%02x%02x"/>
    <pair key="0x32" str="CMD RJCT UNARM, engine=$cmdEngine8Dictionary(%02x), $sudaModeType8Dictionary(%02x), $opCodeHexDictionary(0x%02x%02x)"/>
    <pair key="0x33" str="CMD RJCT ENGINE, engine=$cmdEngine8Dictionary(%02x), $sudaModeType8Dictionary(%02x), $opCodeHexDictionary(0x%02x%02x)"/>
    <pair key="0x34" str="CMD RJCT ARG#, engine=$cmdEngine8Dictionary(%02x), $sudaModeType8Dictionary(%02x), $opCodeHexDictionary(0x%02x%02x)"/>
    <pair key="0x35" str="CMD RJCT NULL, engine=$cmdEngine8Dictionary(%02x), $sudaModeType8Dictionary(%02x), $opCodeHexDictionary(0x%02x%02x)"/>
    <pair key="0x36" str="CMD RJCT RANGE, engine=$cmdEngine8Dictionary(%02x), $sudaModeType8Dictionary(%02x), $opCodeHexDictionary(0x%02x%02x)"/>
    <pair key="0x37" str="CMD RJCT MODE, engine=$cmdEngine8Dictionary(%02x), $sudaModeType8Dictionary(%02x), $opCodeHexDictionary(0x%02x%02x)"/>
    <pair key="0x38" str="CMD RJCT BUSY, Param=0x%02x%02x%02x%02x"/>

    <pair key="0x40" str="QBT state change"/>
    <pair key="0x41" str="QBT qboot halted"/>
    <pair key="0x42" str="QBT qboot halted, but already idle"/>

    <pair key="0x4A" str="MEM BOTH MIRRORED BLOCKS FOUND BAD AT SAME TIME, Param=0x%02x%02x%02x%02x"/>
    <pair key="0x4B" str="MEM Found science data during collab cleanup, Param=0x%02x%02x%02x%02x"/>
    <pair key="0x4C" str="MEM QUEUED MEM CMD REJECTED, Param=0x%02x%02x%02x%02x"/>
    <pair key="0x4D" str="MEM collaboration started, $memCollab8Dictionary(%02x), Param=0x%02x%02x%02x"/>
    <pair key="0x4E" str="MEM collaboration succeeded, $memCollab8Dictionary(%02x), Param=0x%02x%02x%02x"/>
    <pair key="0x4F" str="MEM MEMORY COLLABORATION FAILED, $memCollab8Dictionary(%02x), Param=0x%02x%02x%02x"/>
    
    <!--
    <pair key="0x45" str="Analog dwell completed"/>
    <pair key="0x46" str="Dwell data dropped, tlm not keeping up"/>
    -->  

    <pair key="0x50" str="MEM FOUND BAD FLASH TABLE ENTRY, Param=0x%02x%02x%02x%02x"/>
    <pair key="0x51" str="MEM Cksum mismatch for object, Param=0x%02x%02x%02x%02x"/>
    <pair key="0x52" str="MEM FOUND BAD FLASH TABLE ROW, Param=0x%02x%02x%02x%02x"/>
    <pair key="0x53" str="MEM FLASH DIE UNPOWERED, Param=0x%02x%02x%02x%02x"/>
    <pair key="0x54" str="MEM REJECT MODIFY OperFSW#3, Param=0x%02x%02x%02x%02x"/>
    <pair key="0x55" str="MEM UNEXPECTED FLASH ERROR, Param=0x%02x%02x%02x%02x"/>
    <pair key="0x56" str="MEM OPERATION FAILED, Param=0x%02x%02x%02x%02x"/>
    <pair key="0x57" str="MEM FOUND BAD BLOCK, Param=0x%02x%02x%02x%02x"/>
    <pair key="0x58" str="MEM FLASH UErr FOUND, Param=0x%02x%02x%02x%02x"/>
    <pair key="0x59" str="MEM FLASH CErr FOUND, Param=0x%02x%02x%02x%02x"/>
    <pair key="0x5B" str="MEM FLASH DRIVER ERROR P=%02x%02x%02x%02x"/>
    <pair key="0x5C" str="MEM  OBJECT MISSING! $region32Dictionary(%02x%02x%02x%02x)"/>
    <pair key="0x5D" str="MEM  OBJECT MISSING INIT! $region32Dictionary(%02x%02x%02x%02x)"/>
    <pair key="0x5E" str="MEM FOUND INVALID FLASH TABLE ENTRIES, Cnt=%02x%02x%02x%02x"/>
    <pair key="0x5F" str="MEM CKSUM MISMATCH FOUND DURING INIT, Param=0x%02x%02x%02x%02x"/>

    <pair key="0x60" str="MEM Found object in Flash at init P=%02x%02x%02x%02x"/>
    <pair key="0x61" str="MEM Found object in Flash P=%02x%02x%02x%02x"/>
    <!--
    <pair key="0x62" str="Memory operation halted"/>
    -->
    <pair key="0x63" str="MEM Memory operation started"/> 
    <!--
    <pair key="0x64" str="Started scrub cycle, 0x%02x%02x%02x%02x"/>
    <pair key="0x65" str="Completed scrub cycle, 0x%02x%02x%02x%02x"/>
    <pair key="0x66" str="Scratchpad mem load started"/>
     --> 
    <pair key="0x67" str="MEM operation done"/>    
    <pair key="0x68" str="MEM Exec raw read, value=0x%02x%02x%02x%02x"/>
    <pair key="0x69" str="MEM Exec raw write, addr=0x%02x%02x%02x%02x"/>    
    <pair key="0x6A" str="MEM state change: Transition $memState16Dictionary(0x%02x%02x) &#60;== $memState16Dictionary(0x%02x%02x)"/>
    <!--
    <pair key="0x6B" str="Got halt mem op when already idle"/>
    -->
    <pair key="0x6C" str="MEM  load command spillover, Offset8=0x%05x Len8=%03x"/>
    <pair key="0x6D" str="MEM Got param cmd received and executed, Param=0x%02x%02x%02x%02x"/>
    <pair key="0x6E" str="MEM Checksum matched expected"/>
    <pair key="0x6F" str="MEM obj loaded from off die, P=%02x%02x%02x%02x"/>
        
    <!--
    <pair key="0x70" str="PTable write failed, Invalid table number=0x%02x%02x%02x%02x"/>
    <pair key="0x71" str="PTable write failed with bad input cksum, Last slot index=0x%02x%02x%02x%02x"/>
    <pair key="0x72" str="Success PTable write"/>
    <pair key="0x73" str="Active PTable cksum mismatch, result=0x%02x%02x%02x%02x"/>
    <pair key="0x74" str="Active PTable cksum match, result=0x%02x%02x%02x%02x"/>   
    <pair key="0x78" str="Wrote to persist table, P=0x%02x%02x%02x%02x"/>
    <pair key="0x79" str="Erased persist table, P=0x%02x%02x%02x%02x"/>
    <pair key="0x7A" str="Excess persist table erasures, P=0x%02x%02x%02x%02x"/>
    <pair key="0x7B" str="Persist table saw Flash error, P=0x%02x%02x%02x%02x"/>  
    -->
        
    <pair key="0x80" str="Reset imminent (0x%02x) - dubious goodbye!"/>
    <pair key="0x81" str="ERROR-Processor only reset, P=0x%02x%02x%02x%02x"/>
    <pair key="0x82" str="Watchdog reset, P=0x%02x%02x%02x%02x"/>
    <pair key="0x83" str="ERROR-Unkown reset, P=0x%02x%02x%02x%02x"/>
    <pair key="0x84" str="Boot stat error, P=0x%02x%02x%02x%02x"/>
    <!--
    <pair key="0x85" str="ResetCtlr saw Flash error, P=0x%02x%02x%02x%02x"/>
    <pair key="0x86" str="Unexpected watchdog signature, P=0x%02x%02x%02x%02x"/>
    -->
    <pair key="0x88" str="AUT IBRAM EDAC MERR causing intentional watchdog reset, P=0x%02x%02x%02x%02x"/>
    <pair key="0x89" str="AUT DBRAM EDAC MERR causing intentional watchdog reset, P=0x%02x%02x%02x%02x"/>
    <pair key="0x8A" str="AUT SRAM EDAC MERR causing intentional watchdog reset, P=0x%02x%02x%02x%02x"/>
	  <pair key="0x8B" str="AUT HVPS FPGA MMR fails last written value check, P=0x%02x%02x%02x%02x"/>

    <pair key="0x90" str="Advancing from %2x $sudaModeType8Dictionary(%d) to %2x $sudaModeType8Dictionary(%d)"/>
    <pair key="0x91" str="POR reset, P=0x%02x%02x%02x%02x"/>
    <pair key="0x92" str="Commanded Reset, P=0x%02x%02x%02x%02x"/>
    <pair key="0x93" str="BootFSW says hello, version=%02x.%02x.%02x%02x"/>
    <pair key="0x94" str="OperFSW says hello, version=%02x.%02x.%02x%02x"/>
    <pair key="0x95" str="Initialized heater settings in BootFSW"/>
    <pair key="0x96" str="Enabled heater"/>
    <pair key="0x97" str="Disabled heater"/>
    <pair key="0x98" str="Mode changed from %2x $sudaModeType8Dictionary(%d) to %2x $sudaModeType8Dictionary(%d)"/>
    <!--
    <pair key="0x9A" str="Fault response started, FaultId=0x%02x FaultState=%02x EngineState=%02x BufID=%02x"/>
    <pair key="0x9B" str="Fault response interrupted, FaultId=0x%02x FaultState=%02x EngineState=%02x BufID=%02x"/>
    <pair key="0x9C" str="Fault repsonse verify failed, FaultId=0x%02x FaultState=%02x EngineState=%02x BufID=%02x"/>
    <pair key="0x9D" str="Fault response ignored low priority, FaultId=0x%02x FaultState=%02x EngineState=%02x BufID=%02x"/>
    <pair key="0x9E" str="Aborted seq fault response itself failed, P=0x%02x%02x%02x%02x"/>
    -->
    <pair key="0x9F" str="CSCI change imminent (0x%02x) - goodbye"/>
    <!--
    <pair key="0xA0" str="TxUart busy when called, Transmit register expected value=0x%02x, Actual value=0x%02x, Aborted pkt len=0x%02x%02x dwords"/>
    <pair key="0xA1" str="TxUart called with bad pkt len (attempted len=0x%02x%02x), Allowed range 0x%02x - 0x%02x"/>
    -->
    <pair key="0xA2" str="TLM Started tlm pkt tx"/>
    <pair key="0xA3" str="TLM STARTING LOOPBACK - EXPECT SPW COMMUNICATION TO CEASE"/>

	<!-- Science Messages -->
    <pair key="0xC0" str="SCI state change: Transition $sciState16Dictionary(0x%02x%02x) to $sciState16Dictionary(0x%02x%02x)"/>
    <pair key="0xC1" str="SCI Mem Op Success: $memCollab8Dictionary(%02x%02x%02x%02x)"/>
    <pair key="0xC2" str="SCI Mem Op Fail: $memCollab8Dictionary(%02x%02x%02x%02x)"/>
    <pair key="0xC3" str="SCI Mem Op Never Scheduled: $memCollab8Dictionary(%02x%02x%02x%02x)"/>
    <pair key="0xC4" str="SCI Clock Training Failed.  Attempted: %d"/>
    <pair key="0xC5" str="SCI SPI write: (0x%02x%02x%02x%02x)"/>
    <pair key="0xC6" str="SCI event trigger (0x%02x%02x) id (0x%02x%02x)"/>
    <pair key="0xC7" str="SCI event length (%02x%02x%02x%02x)"/>
    <pair key="0xC8" str="SCI tlm collector not assigned"/>

    <!--    

    <pair key="0xE0" str="Sequence engine has changed state, P=0x%02x%02x%02x%02x"/>
    <pair key="0xE1" str="Got resume command when not paused, P=0x%02x%02x%02x%02x"/>
    <pair key="0xE2" str="Got terminate command when already idle, P=0x%02x%02x%02x%02x"/>
    <pair key="0xE3" str="Got pause command when already idle, P=0x%02x%02x%02x%02x"/>
    <pair key="0xE4" str="Got pause command when stale, P=0x%02x%02x%02x%02x"/>
    <pair key="0xE5" str="Sequence buffer successfully verified, P=0x%02x%02x%02x%02x"/>
    <pair key="0xE8" str="Sequence engine stopped due to error, P=0x%02x%02x%02x%02x"/>
    <pair key="0xE9" str="Attempted to call subseq while already in subseq, P=0x%02x%02x%02x%02x"/>
    <pair key="0xEA" str="Seq state is undefined, stopping and going to idle, P=0x%02x%02x%02x%02x"/>
    <pair key="0xEB" str="Attempting work on sequence that is not loaded, P=0x%02x%02x%02x%02x"/>
    <pair key="0xEC" str="Attempted subseq call from one buf to same buf, P=0x%02x%02x%02x%02x"/>
    <pair key="0xED" str="Attempted operation on unloaded buf, P=0x%02x%02x%02x%02x"/>
    <pair key="0xEE" str="Buf's calculated cksum does not match hdr, P=0x%02x%02x%02x%02x"/>
    -->
    <pair key="0xEF" str="SEQ success (len=0x%02x%02x, $opCodeHexDictionary(%d))"/>

    <pair key="0xFF" str="Invalid, P=0x%02x%02x%02x%02x"/>
  </dictionary>
 
</hydraDef>



