<!-- SUDA-specific file to define SUDA Telemetry Health and Status Packet -->

<hydraDef>


  <!-- ====================================== -->
  <!-- Health & Status Packet                 -->
  <!-- ====================================== -->

  <frameDef name="suda_stat_hk_frame"><description text="Health and status tlm contents"/>
    <field>
      <!-- Begin: telemetry content and format required by Europa IICD -->
    
      <!-- Begin: cmdCritTlm_t cmdStat -->
    
      <itemDef name="SUDA_SSZERO" type="dn16"> 
        <alias namespace="SUDA" value="ssZero"/>
        <description text="Subsecond value at the time of the tick receipt before it is cleared"/> 
      </itemDef>
      
      <itemDef name="SUDA_INTFTYPE" type="commIntfType"> 
        <alias namespace="SUDA" value="intfType"/>
        <description text="Declares the communication interface type"/> 
      </itemDef>
      
      <itemDef name="SUDA_SELINTF" type="spwSideType"> 
        <alias namespace="SUDA" value="selIntf"/>
        <description text="Declares which SpaceWire side is active"/> 
      </itemDef>
      
      <itemDef name="SUDA_BUSY" type="busyStateType"> 
        <alias namespace="SUDA" value="currBusy"/>
        <description text="Set when SUDA unable to respond to a new command"/> 
      </itemDef>
      
      <itemDef name="SUDA_PANIC" type="panicStateType"> 
        <alias namespace="SUDA" value="currPanic"/>
        <description text="Significant error condition or illegal state"/> 
      </itemDef>
      
      <itemDef name="SUDA_MODE" type="sudaModeType4"> 
        <alias namespace="SUDA" value="currMode"/>
        <description text="Current instrument mode"/> 
      </itemDef>
      
      <itemDef name="SUDA_ACPTOV" type="ovrflwStateType"> 
        <alias namespace="SUDA" value="acptOvrflw"/>
        <description text="Persistent overflow flag for cmd accept counter"/> 
      </itemDef>
      
      <itemDef name="SUDA_ACPTCNT" type="dn7"> 
        <alias namespace="SUDA" value="acptCnt"/>
        <description text="Command accept count"/> 
      </itemDef>
      
      <itemDef name="SUDA_EXECOV" type="ovrflwStateType"> 
        <alias namespace="SUDA" value="execOvrflw"/>
        <description text="Persistent overflow flag for cmd execute counter"/> 
      </itemDef>
      
      <itemDef name="SUDA_EXECCNT" type="dn7"> 
        <alias namespace="SUDA" value="execCnt"/>
        <description text="Command execute count"/> 
      </itemDef>
      
      <itemDef name="SUDA_RJCTOV" type="ovrflwStateType"> 
        <alias namespace="SUDA" value="rjctOvrflw"/>
        <description text="Persistent overflow flag for cmd reject counter"/> 
      </itemDef>
      
      <itemDef name="SUDA_RJCTCNT" type="dn7"> 
        <alias namespace="SUDA" value="rjctCnt"/>
        <description text="Command reject count"/> 
      </itemDef>
      
      <itemDef name="SUDA_CMDSEQ1" type="dn5"> 
        <alias namespace="SUDA" value="cmdSeq1"/>
        <description text="Lowest CCSDS src seq cntr bits for command history buffer entry 1"/> 
      </itemDef>
      
      <itemDef name="SUDA_CMDST1" type="cmdHistoryStateType"> 
        <alias namespace="SUDA" value="cmdState1"/>
        <description text="State for command history buffer entry 1"/> 
      </itemDef>
      
      <itemDef name="SUDA_CMDOP1" type="opCodeHex"> 
        <alias namespace="SUDA" value="cmdOp1"/>
        <description text="Op code for command history buffer entry 1"/> 
      </itemDef>
      
      <itemDef name="SUDA_CMDSEQ2" type="dn5"> 
        <alias namespace="SUDA" value="cmdSeq2"/>
        <description text="Lowest CCSDS src seq cntr bits for command history buffer entry 2"/> 
      </itemDef>
      
      <itemDef name="SUDA_CMDST2" type="cmdHistoryStateType"> 
        <alias namespace="SUDA" value="cmdState2"/>
        <description text="State for command history buffer entry 2"/> 
      </itemDef>
      
      <itemDef name="SUDA_CMDOP2" type="opCodeHex"> 
        <alias namespace="SUDA" value="cmdOp2"/>
        <description text="Op code for command history buffer entry 2"/> 
      </itemDef>
      
      <itemDef name="SUDA_CMDSEQ3" type="dn5"> 
        <alias namespace="SUDA" value="cmdSeq3"/>
        <description text="Lowest CCSDS src seq cntr bits for command history buffer entry 3"/> 
      </itemDef>
      
      <itemDef name="SUDA_CMDST3" type="cmdHistoryStateType"> 
        <alias namespace="SUDA" value="cmdState3"/>
        <description text="State for command history buffer entry 3"/> 
      </itemDef>
      
      <itemDef name="SUDA_CMDOP3" type="opCodeHex"> 
        <alias namespace="SUDA" value="cmdOp3"/>
        <description text="Op code for command history buffer entry 3"/> 
      </itemDef>
      
      <itemDef name="SUDA_CMDSEQ4" type="dn5"> 
        <alias namespace="SUDA" value="cmdSeq4"/>
        <description text="Lowest CCSDS src seq cntr bits for command history buffer entry 4"/> 
      </itemDef>
      
      <itemDef name="SUDA_CMDST4" type="cmdHistoryStateType"> 
        <alias namespace="SUDA" value="cmdState4"/>
        <description text="State for command history buffer entry 4"/> 
      </itemDef>
      
      <itemDef name="SUDA_CMDOP4" type="opCodeHex"> 
        <alias namespace="SUDA" value="cmdOp4"/>
        <description text="Op code for command history buffer entry 4"/> 
      </itemDef>
      
      <itemDef name="SUDA_CMDSEQ5" type="dn5"> 
        <alias namespace="SUDA" value="cmdSeq5"/>
        <description text="Lowest CCSDS src seq cntr bits for command history buffer entry 5"/> 
      </itemDef>
      
      <itemDef name="SUDA_CMDST5" type="cmdHistoryStateType"> 
        <alias namespace="SUDA" value="cmdState5"/>
        <description text="State for command history buffer entry 5"/> 
      </itemDef>
      
      <itemDef name="SUDA_CMDOP5" type="opCodeHex"> 
        <alias namespace="SUDA" value="cmdOp5"/>
        <description text="Op code for command history buffer entry 5"/> 
      </itemDef>
      
      <itemDef name="SUDA_SPWERROV" type="ovrflwStateType"> 
        <alias namespace="SUDA" value="spwErrOvrflw"/>
        <description text="Persistent overflow flag for SpW error counter"/> 
      </itemDef>
      
      <itemDef name="SUDA_SPWERRCNT" type="dn7"> 
        <alias namespace="SUDA" value="spwErrCnt"/>
        <description text="Command SpW error count"/> 
      </itemDef>
      
      <itemDef name="SUDA_UNUSEDHS1" type="dn16">
        <alias namespace="SUDA" value="unusedHS1"/>
        <description text="Unused"/> 
      </itemDef>  

      <itemDef name="SUDA_rxTickNum" type="dn8">
          <alias namespace="SUDA" value="rxTickNum"/>
        <description text="Rx Tick Number register"/>
      </itemDef>
      
      <itemDef name="SUDA_autoRateCfg" type="enaDis">
          <alias namespace="SUDA" value="autoRateCfg"/>
        <description text="Configuration of SpW auto-rate change"/>
      </itemDef>

      <itemDef name="SUDA_LINK_STAT_PAD" type="dn2">
          <alias namespace="SUDA" value="LINK_STAT_PAD"/>
        <description text="2 bit pad for link status"/>
      </itemDef>
      
      <itemDef name="SUDA_SPW_RXFIFO_CLR_LATCH" type="yesNo">
          <alias namespace="SUDA" value="SPW_RXFIFO_CLR_LATCH"/>
        <description text="Latched RxFIFO clear history (clears on read)"/>
      </itemDef>

      <itemDef name="SUDA_SPW_LINK_DOWN_LATCH" type="errOkay">
          <alias namespace="SUDA" value="SPW_LINK_DOWN_LATCH"/>
        <description text="Latched link down history (clears on read)"/>
      </itemDef>

      <itemDef name="SUDA_SPW_RXFIFO_CLR" type="yesNo">
          <alias namespace="SUDA" value="SPW_RXFIFO_CLR_MASK"/>
        <description text="RxFIFO cleared due to init/reinit"/>
      </itemDef>
      
      <itemDef name="SUDA_SPW_PR_SELECT" type="secPri">
          <alias namespace="SUDA" value="SPW_PR_SELECT_MASK"/>
        <description text="SpaceWire Primary/Redundant is currently active"/>
      </itemDef>

      <itemDef name="SUDA_SPW_LINK_DOWN" type="errOkay">
          <alias namespace="SUDA" value="SPW_LINK_DOWN"/>
        <description text="SpaceWire Link down"/>
      </itemDef>  
      
      <itemDef name="SUDA_SPW_GOT_NULL" type="yesNo">
          <alias namespace="SUDA" value="SPW_GOT_NULL"/>
        <description text="SpaceWire Null character received"/>
      </itemDef>
      
      <itemDef name="SUDA_SPW_GOT_FCT" type="yesNo">
          <alias namespace="SUDA" value="SPW_GOT_FCT"/>
        <description text="SpaceWire Flow control character received"/>
      </itemDef>
      
      <itemDef name="SUDA_SPW_GOT_DATA" type="yesNo">
          <alias namespace="SUDA" value="SPW_GOT_DATA"/>
        <description text="SpaceWire Data character received"/>
      </itemDef>

      <itemDef name="SUDA_SPW_LINK_STATE" type="linkStateType">
          <alias namespace="SUDA" value="SPW_LINK_STATE"/>
        <description text="SpaceWire Link state machine"/>
      </itemDef>

      <itemDef name="SUDA_SPW_GOT_ESC_ERR" type="yesNo">
          <alias namespace="SUDA" value="SPW_GOT_ESC_ERR"/>
        <description text="SpaceWire Escape error character received"/>
      </itemDef>

      <itemDef name="SUDA_SPW_PARITY_CNT" type="dn3">
          <alias namespace="SUDA" value="SPW_PARITY_CNT"/>
        <description text="Counts odd SpaceWire parity errors (no rollover)"/>
      </itemDef>

      <itemDef name="SUDA_SPW_DISCON_CNT" type="dn3">
          <alias namespace="SUDA" value="SPW_DISCON_CNT"/>
        <description text="Counts SpaceWire disconnect errors (no rollover)"/>
      </itemDef>

      <itemDef name="SUDA_SPW_FLOW_ERR1" type="errOkay">
          <alias namespace="SUDA" value="SPW_FLOW_ERR1"/>
        <description text="SpaceWire flow control token error type 1 (see FPGA spec)"/>
      </itemDef>

      <itemDef name="SUDA_SPW_FLOW_ERR2" type="errOkay">
          <alias namespace="SUDA" value="SPW_FLOW_ERR2"/>
        <description text="SpaceWire flow control token error type 2 (see fpga spec)"/>
      </itemDef>

      <itemDef name="SUDA_SPW_LINK_TIMEOUT" type="dn1">
          <alias namespace="SUDA" value="SPW_LINK_TIMEOUT"/>
        <description text="SpaceWire Output port blocked longer than link timeout period (LTO), reinit'd"/>
      </itemDef>
      
      <itemDef name="SUDA_cmdCritSpare" type="dn32">
          <alias namespace="SUDA" value="cmdCritSpare"/>
        <description text="32 spare bits for cmdCritTlm_t"/>
      </itemDef>    
      <!-- End: cmdCritTlm_t cmdStat -->   

      <!-- Begin: tlmCritTlm_t tlmStat -->
      <itemDef name="SUDA_tlmFailCnt" type="dn4">
        <alias namespace="SUDA" value="tlmFailCnt"/>
        <description text="Counts packet transmission failures"/>
      </itemDef> 

      <itemDef name="SUDA_tlmBusyCnt" type="dn8">
        <alias namespace="SUDA" value="tlmBusyCnt"/>
        <description text="Counts times unable to transmit due to busy"/>
      </itemDef> 

      <itemDef name="SUDA_tlmSentCnt" type="dn20">
        <alias namespace="SUDA" value="tlmSentCnt"/>
        <description text="Counts successful packet transmissions"/>
      </itemDef>    
      
      <itemDef name="SUDA_tlmCritSpare" type="dn32">
        <alias namespace="SUDA" value="tlmCritSpare"/>
        <description text="32 spare bits for tlmCritTlm_t"/>
      </itemDef>      
      <!-- End: tlmCritTlm_t tlmStat -->

      <!-- End: telemetry content and format required by Europa IICD -->

      <itemDef name="SUDA_STMCNT" type="dn32">
        <alias namespace="SUDA" value="stmcnt"/>
        <description text="Reserved for upkeep component"/>
      </itemDef>   
      
      <itemDef name="SUDA_UPKSYS01" type="dn32"><alias namespace="SUDA" value="upksys01"/>
        <description text="Reserved for upkeep component"/></itemDef>      

      <itemDef name="SUDA_QBOOTST" type="qbootState32">
        <alias namespace="SUDA" value="qbootst"/>
        <description text="Reserved for quickboot component"/>
      </itemDef>      
      
      <itemDef name="SUDA_QBTSYS01" type="dn32"><alias namespace="SUDA" value="qbtsys01"/>
        <description text="Reserved for quickboot component"/></itemDef>      

      <!-- Begin: memCritTlm_t memCritTlm -->
      <itemDef name="SUDA_opSuccCnt" type="dn16"><alias namespace="SUDA" value="opSuccCnt"/>
        <description text="Count of successful memory operations (no rollover)"/></itemDef> 
      <itemDef name="SUDA_opFailCnt" type="dn10"><alias namespace="SUDA" value="opFailCnt"/>
        <description text="Count of failed memory operations (no rollover)"/></itemDef> 
      <itemDef name="SUDA_memState" type="memState6Type"><alias namespace="SUDA" value="memState"/>
        <description text="Counts successful packet transmissions"/></itemDef>         
      <itemDef name="SUDA_lastDirRead" type="dn32"><alias namespace="SUDA" value="lastDirRead"/>
        <description text="Read back value for last direct read command"/></itemDef>  
      <itemDef name="SUDA_sramCErrCnt" type="dn16"><alias namespace="SUDA" value="sramCErrCnt"/>
        <description text="Count of all correctable SRAM EDAC errors since clr/POR"/></itemDef>           
      <itemDef name="SUDA_sramUErrCnt" type="dn16"><alias namespace="SUDA" value="sramUErrCnt"/>
        <description text="Count of all uncorrectable SRAM EDAC errors since clr/POR"/></itemDef>      
      <itemDef name="SUDA_flashUErrCnt" type="dn32"><alias namespace="SUDA" value="flashUErrCntHS"/>
        <description text="Count of all uncorrectable Flash EDAC errors since clr/POR"/></itemDef>           
      <itemDef name="SUDA_CritPrmVal1" type="dn32"><alias namespace="SUDA" value="CritPrmVal1"/>
        <description text="Value of PT entry, selected by PT entry"/></itemDef>             
      <itemDef name="SUDA_CritPrmVal2" type="dn32"><alias namespace="SUDA" value="CritPrmVal2"/>
        <description text="Value of another PT entry, selected by PT entry"/></itemDef>    
      
      <itemDef name="SUDA_POWERCYCLEREQ" type="yesNo"><alias namespace="SUDA" value="POWERCYCLEREQ"/>
        <description text="Request power cycle from S/C if '1', 20191213-S/C monitoring"/></itemDef>    
      <itemDef name="SUDA_SUDADONE" type="yesNo"><alias namespace="SUDA" value="SUDADONE"/>
        <description text="Indicates that SUDA is done with tasks if '1', 20191213-S/C monitoring"/></itemDef>    
      <itemDef name="SUDA_WDOGCNT" type="dn14"><alias namespace="SUDA" value="WDOGCNT"/>
        <description text="Counts watchdog resets since last POR or clear command"/></itemDef>    
      <itemDef name="SUDA_PERSENTRY0" type="dn16"><alias namespace="SUDA" value="PERSENTRY0"/>
        <description text="Persistent table entry, available for future use, 20191213-S/C monitoring"/></itemDef>    
      <itemDef name="SUDA_PERSENTRY1" type="dn32"><alias namespace="SUDA" value="PERSENTRY1"/>
        <description text="Persistent table entry, available for future use, 20191213-S/C monitoring"/></itemDef>    
      <itemDef name="SUDA_PERSENTRY2" type="dn32"><alias namespace="SUDA" value="PERSENTRY2"/>
        <description text="Persistent table entry, available for future use, 20191213-S/C monitoring"/></itemDef>          
      <!-- End: memCritTlm_t memCritTlm -->

      <!-- Start: intrCtrlCritTlm_t intrCtrlCritTlm -->
      <itemDef name="SUDA_IRQWDOG" type="dn1"><alias namespace="SUDA" value="IRQWDOG"/>
        <description text="If '1', interrupt handled for watchdog"/></itemDef>      
      <itemDef name="SUDA_IRQIBRAM" type="dn1"><alias namespace="SUDA" value="IRQIBRAM"/>
        <description text="If '1', interrupt handled for instr BRAM EDAC error"/></itemDef>      
      <itemDef name="SUDA_IRQDBRAM" type="dn1"><alias namespace="SUDA" value="IRQDBRAM"/>
        <description text="If '1', interrupt handled for data BRAM EDAC error"/></itemDef>      
      <itemDef name="SUDA_IRQSRAM" type="dn1"><alias namespace="SUDA" value="IRQSRAM"/>
        <description text="If '1', interrupt handled for SRAM EDAC error"/></itemDef>      
      <itemDef name="SUDA_IRQTIMER" type="dn1"><alias namespace="SUDA" value="IRQTIMER"/>
        <description text="If '1', interrupt handled for Xilinx Xcore timer"/></itemDef>      
      <itemDef name="SUDA_IRQSPW" type="dn1"><alias namespace="SUDA" value="IRQSPW"/>
        <description text="If '1', interrupt handled for SpaceWire time code"/></itemDef>      
      <itemDef name="SUDA_IRQPLL" type="dn1"><alias namespace="SUDA" value="IRQPLL"/>
        <description text="If '1', interrupt handled for Science ADC PLL error"/></itemDef>      
      <itemDef name="SUDA_IRQFLASH" type="dn1"><alias namespace="SUDA" value="IPRFLASH"/>
        <description text="If '1', interrupt handled for Flash operation done"/></itemDef>      
      <itemDef name="SUDA_IRQWBONE" type="dn1"><alias namespace="SUDA" value="IRQWBONE"/>
        <description text="If '1', interrupt handled for Wishbone error"/></itemDef>      
      <itemDef name="SUDA_LASTIRQ" type="dn4"><alias namespace="SUDA" value="LASTIRQ"/>
        <description text="Last interrupt handled"/></itemDef>      
      <itemDef name="SUDA_IRQTOTCNT" type="dn19"><alias namespace="SUDA" value="IRQTOTCNT"/>
        <description text="Total count of all interrupts"/></itemDef>      
      <!-- End: intrCtrlCritTlm_t intrCtrlCritTlm -->

      <!-- Start: hvpsCtrlCritTlm_t hvpsCtrlCritTlm -->
      <itemDef name="SUDA_HVPWRMM" type="dn1"><alias namespace="SUDA" value="HVPWRMM"/>
        <description text="If '1', HVPS power enable MMR mismatch"/></itemDef>      
      <itemDef name="SUDA_HVSENMM" type="dn1"><alias namespace="SUDA" value="HVSENMM"/>
        <description text="If '1', HVPS sensor enable MMR mismatch"/></itemDef>      
      <itemDef name="SUDA_HVDETMM" type="dn1"><alias namespace="SUDA" value="HVDETMM"/>
        <description text="If '1', HVPS detector enable MMR mismatch"/></itemDef>      
      <itemDef name="SUDA_HVPOLMM" type="dn1"><alias namespace="SUDA" value="HVPOLMM"/>
        <description text="If '1', HVPS polarity MMR mismatch"/></itemDef>      
      <itemDef name="SUDA_hvpsCtrlCritTlmSpare" type="dn28">
          <alias namespace="SUDA" value="hvpsCtrlCritTlmSpare"/>
        <description text="Spare bits for HVPS critical TLM"/>
      </itemDef>  
      <!-- End: hvpsCtrlCritTlm_t hvpsCtrlCritTlm -->

      <itemDef name="SUDA_AUTOSYS01" type="dn32"><alias namespace="SUDA" value="autosys01"/><description text="Reserved for autonomy subsystem"/></itemDef>      
      <itemDef name="SUDA_AUTOSYS02" type="dn32"><alias namespace="SUDA" value="autosys02"/><description text="Reserved for autonomy subsystem"/></itemDef>      
      <itemDef name="SUDA_AUTOSYS03" type="dn32"><alias namespace="SUDA" value="autosys03"/><description text="Reserved for autonomy subsystem"/></itemDef>      
      <itemDef name="SUDA_AUTOSYS04" type="dn32"><alias namespace="SUDA" value="autosys04"/><description text="Reserved for autonomy subsystem"/></itemDef>      
      <itemDef name="SUDA_AUTOSYS05" type="dn32"><alias namespace="SUDA" value="autosys05"/><description text="Reserved for autonomy subsystem"/></itemDef>      
      <itemDef name="SUDA_AUTOSYS06" type="dn32"><alias namespace="SUDA" value="autosys06"/><description text="Reserved for autonomy subsystem"/></itemDef>      
      <itemDef name="SUDA_AUTOSYS07" type="dn32"><alias namespace="SUDA" value="autosys07"/><description text="Reserved for autonomy subsystem, 20191213-S/C monitoring"/></itemDef>      
      <itemDef name="SUDA_AUTOSYS08" type="dn32"><alias namespace="SUDA" value="autosys08"/><description text="Reserved for autonomy subsystem, 20191213-S/C monitoring"/></itemDef>      

      <itemDef name="SUDA_SCISYS00" type="dn32"><alias namespace="SUDA" value="scisys00"/><description text="Reserved for science component"/></itemDef>      
      <itemDef name="SUDA_SCISYS01" type="dn32"><alias namespace="SUDA" value="scisys01"/><description text="Reserved for science component"/></itemDef>      
      <itemDef name="SUDA_SCISYS02" type="dn32"><alias namespace="SUDA" value="scisys02"/><description text="Reserved for science component"/></itemDef>      
      <itemDef name="SUDA_SCISYS03" type="dn32"><alias namespace="SUDA" value="scisys03"/><description text="Reserved for science component"/></itemDef>      

      <!-- Sequence component telemetry -->
      <itemDef name="SUDA_FLTSTCLEANUP" type="faultArbState3"><alias namespace="SUDA" value="FLTSTCLEANUP"/>
        <description text="Fault arbiter state for fault 0: command failed in sequence engine"/></itemDef>      
      <itemDef name="SUDA_FLTCNTCLEANUP" type="dn13"><alias namespace="SUDA" value="FLTCNTCLEANUP"/>
        <description text="Counts detections of fault 0: command failed in sequence engine"/></itemDef>      
      
      <itemDef name="SUDA_FLTSTCOMMLOSS" type="faultArbState3"><alias namespace="SUDA" value="FLTSTCOMMLOSS"/>
        <description text="Fault arbiter state for fault 1: long term loss of SpaceWire"/></itemDef>      
      <itemDef name="SUDA_FLTCNTCOMMLOSS" type="dn13"><alias namespace="SUDA" value="FLTCNTCOMMLOSS"/>
        <description text="Counts detections of fault 1: long term loss of SpaceWire"/></itemDef>      
        
      <itemDef name="SUDA_FLTSTPERSDETLV" type="faultArbState3"><alias namespace="SUDA" value="FLTSTPERSDETLV"/>
        <description text="Fault arbiter state for fault 2: persistent low voltage on detector"/></itemDef>      
      <itemDef name="SUDA_FLTCNTPERSDETLV" type="dn13"><alias namespace="SUDA" value="FLTCNTPERSDETLV"/>
        <description text="Counts detections of fault 2: persistent low voltage on detector"/></itemDef>      
        
      <itemDef name="SUDA_FLTSTPERSSENSLV" type="faultArbState3"><alias namespace="SUDA" value="FLTSTPERSSENSLV"/>
        <description text="Fault arbiter state for fault 3: persistent low voltage on sensor"/></itemDef>      
      <itemDef name="SUDA_FLTCNTPERSSENSLV" type="dn13"><alias namespace="SUDA" value="FLTCNTPERSSENSLV"/>
        <description text="Counts detections of fault 3: persistent low voltage on sensor"/></itemDef>      
      
      <itemDef name="SUDA_FLTSTHIDETI" type="faultArbState3"><alias namespace="SUDA" value="FLTSTHIDETI"/>
        <description text="Fault arbiter state for fault 4: fast high detector current"/></itemDef>      
      <itemDef name="SUDA_FLTCNTHIDETI" type="dn13"><alias namespace="SUDA" value="FLTCNTHIDETI"/>
        <description text="Counts detections of fault 4: fast high detector current"/></itemDef>      
        
      <itemDef name="SUDA_FLTSTHIPERS16I" type="faultArbState3"><alias namespace="SUDA" value="FLTSTHIPERS16I"/>
        <description text="Fault arbiter state for fault 5: persistent high LVPS 16V current"/></itemDef>      
      <itemDef name="SUDA_FLTCNTHIPERS16I" type="dn13"><alias namespace="SUDA" value="FLTCNTHIPERS16I"/>
        <description text="Counts detections of fault 5: persistent high LVPS 16V current"/></itemDef>      
      
      <itemDef name="SUDA_FLTSTHITEMPCSA" type="faultArbState3"><alias namespace="SUDA" value="FLTSTHITEMPCSA"/>
        <description text="Fault arbiter state for fault 6: High CSA (0 or 1) temperature"/></itemDef>      
      <itemDef name="SUDA_FLTCNTHITEMPCSA" type="dn13"><alias namespace="SUDA" value="FLTCNTHITEMPCSA"/>
        <description text="Counts detections of fault 6: High CSA (0 or 1) temperature"/></itemDef>      
        
      <itemDef name="SUDA_FLTSTLOTEMPCSA" type="faultArbState3"><alias namespace="SUDA" value="FLTSTLOTEMPCSA"/>
        <description text="Fault arbiter state for fault 7: Low CSA (0 or 1) temperature"/></itemDef>      
      <itemDef name="SUDA_FLTCNTLOTEMPCSA" type="dn13"><alias namespace="SUDA" value="FLTCNTLOTEMPCSA"/>
        <description text="Counts detections of fault 7: Low CSA (0 or 1) temperature"/></itemDef>      
      
      <itemDef name="SUDA_FLTSTHITEMPBUF" type="faultArbState3"><alias namespace="SUDA" value="FLTSTHITEMPBUF"/>
        <description text="Fault arbiter state for fault 8: high buffer board temperature"/></itemDef>      
      <itemDef name="SUDA_FLTCNTHITEMPBUF" type="dn13"><alias namespace="SUDA" value="FLTCNTHITEMPBUF"/>
        <description text="Counts detections of fault 8: high buffer board temperature"/></itemDef>      
        
      <itemDef name="SUDA_FLTSTLOTEMPBUF" type="faultArbState3"><alias namespace="SUDA" value="FLTSTLOTEMPBUF"/>
        <description text="Fault arbiter state for fault 9: low buffer board temperature"/></itemDef>      
      <itemDef name="SUDA_FLTCNTLOTEMPBUF" type="dn13"><alias namespace="SUDA" value="FLTCNTLOTEMPBUF"/>
        <description text="Counts detections of fault 9: low buffer board temperature"/></itemDef>      
      
      <itemDef name="SUDA_FLTSTHILVPSTEMP" type="faultArbState3"><alias namespace="SUDA" value="FLTSTHILVPSTEMP"/>
        <description text="Fault arbiter state for fault 10: high LVPS board temperature"/></itemDef>      
      <itemDef name="SUDA_FLTCNTHILVPSTEMP" type="dn13"><alias namespace="SUDA" value="FLTCNTHILVPSTEMP"/>
        <description text="Counts detections of fault 10: high LVPS board temperature"/></itemDef>      
        
      <itemDef name="SUDA_FLTSTLOLVPSTEMP" type="faultArbState3"><alias namespace="SUDA" value="FLTSTLOLVPSTEMP"/>
        <description text="Fault arbiter state for fault 11: low LVPS board temperature"/></itemDef>      
      <itemDef name="SUDA_FLTCNTLOLVPSTEMP" type="dn13"><alias namespace="SUDA" value="FLTCNTLOLVPSTEMP"/>
        <description text="Counts detections of fault 11: low LVPS board temperature"/></itemDef>      
      
      <itemDef name="SUDA_FLTSTHIHVPSTEMP" type="faultArbState3"><alias namespace="SUDA" value="FLTSTHIHVPSTEMP"/>
        <description text="Fault arbiter state for fault 12: high HVPS board temperature"/></itemDef>      
      <itemDef name="SUDA_FLTCNTHIHVPSTEMP" type="dn13"><alias namespace="SUDA" value="FLTCNTHIHVPSTEMP"/>
        <description text="Counts detections of fault 12: high HVPS board temperature"/></itemDef>      
        
      <itemDef name="SUDA_FLTSTLOHVPSTEMP" type="faultArbState3"><alias namespace="SUDA" value="FLTSTLOHVPSTEMP"/>
        <description text="Fault arbiter state for fault 13: low HVPS board temperature"/></itemDef>      
      <itemDef name="SUDA_FLTCNTLOHVPSTEMP" type="dn13"><alias namespace="SUDA" value="FLTCNTLOHVPSTEMP"/>
        <description text="Counts detections of fault 13: low HVPS board temperature"/></itemDef>      
            
      <itemDef name="SUDA_FLTSTPLLNOLOCK" type="faultArbState3"><alias namespace="SUDA" value="FLTSTPLLNOLOCK"/>
        <description text="Fault arbiter state for fault 14: PLL loss of lock"/></itemDef>      
      <itemDef name="SUDA_FLTCNTPLLNOLOCK" type="dn13"><alias namespace="SUDA" value="FLTCNTPLLNOLOCK"/>
        <description text="Counts detections of fault 14: PLL loss of lock"/></itemDef>      
        
      <itemDef name="SUDA_FLTSTPLLBADFREQ" type="faultArbState3"><alias namespace="SUDA" value="FLTSTPLLBADFREQ"/>
        <description text="Fault arbiter state for fault 15: PLL frequencey error"/></itemDef>      
      <itemDef name="SUDA_FLTCNTPLLBADFREQ" type="dn13"><alias namespace="SUDA" value="FLTCNTPLLBADFREQ"/>
        <description text="Counts detections of fault 15: PLL frequency error"/></itemDef>      
      
      <itemDef name="SUDA_SEQSYS00" type="dn32"><alias namespace="SUDA" value="seqsys00"/><description text="Reserved for sequence component"/></itemDef>      
      <itemDef name="SUDA_SEQSYS01" type="dn32"><alias namespace="SUDA" value="seqsys01"/><description text="Reserved for sequence component"/></itemDef>      
      <itemDef name="SUDA_SEQSYS02" type="dn32"><alias namespace="SUDA" value="seqsys02"/><description text="Reserved for sequence component, 20191213-S/C monitoring"/></itemDef>      
            	
    <!--BEGIN: globalStatPkt_t -->
    <itemDef name="SUDA_BOOTPLLUNUSED0" type="dn11">
        <alias namespace="SUDA" value="BOOTPLLUNUSED0"/>
      <description text="Unused)"/>
    </itemDef> 		
     <itemDef name="SUDA_PLLOVRFLW" type="yesNo">
        <alias namespace="SUDA" value="PLLOVRFLW"/>
      <description text="Overflow flag for lost lock count.  Clears on read."/>
    </itemDef> 		
     <itemDef name="SUDA_LOSSLCKCNT" type="dn3">
        <alias namespace="SUDA" value="LOSSLCKCNT"/>
      <description text="Counts lost PLL locks since last reg read (no rollover).  Clears on read."/>
    </itemDef> 		
     <itemDef name="SUDA_FPGACONFIGERR" type="dn1">
        <alias namespace="SUDA" value="FPGACONFIGERR"/>
      <description text=""/>
    </itemDef> 		
     <itemDef name="SUDA_FPGARBCRCERRL" type="dn1">
        <alias namespace="SUDA" value="FPGARBCRCERRL"/>
      <description text=""/>
    </itemDef> 		
     <itemDef name="SUDA_FPGAWRAPERRL" type="dn1">
        <alias namespace="SUDA" value="FPGAWRAPERRL"/>
      <description text=""/>
    </itemDef> 		
     <itemDef name="SUDA_FPGACRCERRL" type="dn1">
        <alias namespace="SUDA" value="FPGACRCERRL"/>
      <description text=""/>
    </itemDef> 		
     <itemDef name="SUDA_FPGAIDERRL" type="dn1">
        <alias namespace="SUDA" value="FPGAIDERRL"/>
      <description text=""/>
    </itemDef> 		
     <itemDef name="SUDA_FPGAWDOGERRL" type="dn1">
        <alias namespace="SUDA" value="FPGAWDOGERRL"/>
      <description text=""/>
    </itemDef> 		
     <itemDef name="SUDA_FPGAPROGINTL" type="dn1">
        <alias namespace="SUDA" value="FPGAPROGINTL"/>
      <description text=""/>
    </itemDef> 		
     <itemDef name="SUDA_FPGAFALLBACKL" type="dn1">
        <alias namespace="SUDA" value="FPGAFALLBACKL"/>
      <description text=""/>
    </itemDef> 		
     <itemDef name="SUDA_FPGAVALIDL" type="dn1">
        <alias namespace="SUDA" value="FPGAVALIDL"/>
      <description text=""/>
    </itemDef> 		
     <itemDef name="SUDA_FPGARBCRCERRC" type="dn1">
        <alias namespace="SUDA" value="FPGARBCRCERRC"/>
      <description text=""/>
    </itemDef> 		
     <itemDef name="SUDA_FPGAWRAPERRC" type="dn1">
        <alias namespace="SUDA" value="FPGAWRAPERRC"/>
      <description text=""/>
    </itemDef> 		
     <itemDef name="SUDA_FPGACRCERRC" type="dn1">
        <alias namespace="SUDA" value="FPGACRCERRC"/>
      <description text=""/>
    </itemDef> 		
     <itemDef name="SUDA_FPGAIDERRC" type="dn1">
        <alias namespace="SUDA" value="FPGAIDERRC"/>
      <description text=""/>
    </itemDef> 		
     <itemDef name="SUDA_FPGAWDOGERRC" type="dn1">
        <alias namespace="SUDA" value="FPGAWDOGERRC"/>
      <description text=""/>
    </itemDef> 		
     <itemDef name="SUDA_FPGAPROGINTC" type="dn1">
        <alias namespace="SUDA" value="FPGAPROGINTC"/>
      <description text=""/>
    </itemDef> 		
     <itemDef name="SUDA_FPGAFALLBACKC" type="dn1">
        <alias namespace="SUDA" value="FPGAFALLBACKC"/>
      <description text=""/>
    </itemDef> 		
     <itemDef name="SUDA_FPGAVALIDC" type="dn1">
        <alias namespace="SUDA" value="FPGAVALIDC"/>
      <description text=""/>
    </itemDef> 	
  <!--END: globalStatPkt_t -->

  <!--BEGIN: nandStatPkt_t -->
     <itemDef name="SUDA_NANDSTAT" type="dn32">
        <alias namespace="SUDA" value="NANDSTAT"/>
      <description text="NAND Flash Status Register"/>
    </itemDef> 	
  <!--END: nandStatPkt_t -->

  <!--BEGIN: sciBufStatPkt_t -->
	  <itemDef name="SUDA_MIRRORENA" type="enaDis">
        <alias namespace="SUDA" value="MIRRORENA"/>
      <description text="If '1', enable die mirroring when writing science data"/>
    </itemDef> 
     <itemDef name="SUDA_NANDWREN" type="enaDis">
        <alias namespace="SUDA" value="NANDWREN"/>
      <description text="FPGA has exclusive access to read/write NAND Flash"/>
    </itemDef> 
    <itemDef name="SCIBUFUNUSED00" type="dn14">
        <alias namespace="SUDA" value="SCIBUFUNUSED00"/>
      <description text="Unused"/>
    </itemDef> 
     <itemDef name="SUDA_btblUerr" type="yesNo">
        <alias namespace="SUDA" value="btblUerr"/>
      <description text="Block Table RAM uncorrectable upset"/>
    </itemDef> 
     <itemDef name="SUDA_btblCerr" type="yesNo">
        <alias namespace="SUDA" value="btblCerr"/>
      <description text="Block Table RAM correctable upset"/>
    </itemDef> 
     <itemDef name="SUDA_sciUerr" type="yesNo">
        <alias namespace="SUDA" value="sciUerr"/>
      <description text="Science Data FIFO uncorrectable upset."/>
    </itemDef> 
     <itemDef name="SUDA_sciCerr" type="yesNo">
        <alias namespace="SUDA" value="sciCerr"/>
      <description text="Science Data FIFO correctable upset."/>
    </itemDef> 
     <itemDef name="SUDA_ls2Uerr" type="yesNo">
        <alias namespace="SUDA" value="ls2Uerr"/>
      <description text="Low Speed FIFO #2 uncorrectable upset when."/>
    </itemDef> 
     <itemDef name="SUDA_ls1Uerr" type="yesNo">
        <alias namespace="SUDA" value="ls1Uerr"/>
      <description text="Low Speed FIFO #1 uncorrectable upset."/>
    </itemDef> 
     <itemDef name="SUDA_ls0Uerr" type="yesNo">
        <alias namespace="SUDA" value="ls0Uerr"/>
      <description text="Low Speed FIFO #0 uncorrectable upset"/>
    </itemDef> 
     <itemDef name="SUDA_ls2Cerr" type="yesNo">
        <alias namespace="SUDA" value="ls2Cerr"/>
      <description text="Low Speed FIFO #2 correctable upset"/>
    </itemDef> 
     <itemDef name="SUDA_ls1Cerr" type="yesNo">
        <alias namespace="SUDA" value="ls1Cerr"/>
      <description text="Low Speed FIFO #1 correctable upset"/>
    </itemDef> 
     <itemDef name="SUDA_ls0Cerr" type="yesNo">
        <alias namespace="SUDA" value="ls0Cerr"/>
      <description text="Low Speed FIFO #0 correctable upset"/>
    </itemDef> 
     <itemDef name="SUDA_hs2Uerr" type="yesNo">
        <alias namespace="SUDA" value="hs2Uerr"/>
      <description text="High Speed FIFO #2 uncorrectable upset"/>
    </itemDef> 
     <itemDef name="SUDA_hs1Uerr" type="yesNo">
        <alias namespace="SUDA" value="hs1Uerr"/>
      <description text="High Speed FIFO #1 uncorrectable upset"/>
    </itemDef> 
     <itemDef name="SUDA_hs0Uerr" type="yesNo">
        <alias namespace="SUDA" value="hs0Uerr"/>
      <description text="High Speed FIFO #0 uncorrectable upset"/>
    </itemDef> 
     <itemDef name="SUDA_hs2Cerr" type="yesNo">
        <alias namespace="SUDA" value="hs2Cerr"/>
      <description text="High Speed FIFO #2 correctable upset."/>
    </itemDef> 
     <itemDef name="SUDA_hs1Cerr" type="yesNo">
        <alias namespace="SUDA" value="hs1Cerr"/>
      <description text="High Speed FIFO #1 correctable upset"/>
    </itemDef> 
     <itemDef name="SUDA_hs0Cerr" type="yesNo">
        <alias namespace="SUDA" value="hs0Cerr"/>
      <description text="High Speed FIFO #0 correctable upset"/>
    </itemDef> 
  <!--END: sciBufStatPkt_t --> 

  <!--BEGIN: sciAdcStatPkt_t -->
    <itemDef name="SUDA_SCIADCDROPHS0I" type="dn10"><alias namespace="SUDA" value="SCIADCDROPHS0I"/>
      <description text="Counts dropped triggers for high speed science ADC0-I, since last read"/></itemDef> 
    <itemDef name="SUDA_SCIADCPILEUPHS0I" type="dn10"><alias namespace="SUDA" value="SCIADCPILEUPHS0I"/>
      <description text="Counts pile-ups for high speed science ADC0-I, since last read"/></itemDef> 
    <itemDef name="SUDA_SCIADCEVENTHS0I" type="dn12"><alias namespace="SUDA" value="SCIADCEVENTHS0I"/>
      <description text="Counts recorded events for high speed science ADC0-I, since last read"/></itemDef> 

    <itemDef name="SUDA_SCIADCDROPHS0Q" type="dn10"><alias namespace="SUDA" value="SCIADCDROPHS0Q"/>
      <description text="Counts dropped triggers for high speed science ADC0-Q, since last read"/></itemDef> 
    <itemDef name="SUDA_SCIADCPILEUPHS0Q" type="dn10"><alias namespace="SUDA" value="SCIADCPILEUPHS0Q"/>
      <description text="Counts pile-ups for high speed science ADC0-Q, since last read"/></itemDef> 
    <itemDef name="SUDA_SCIADCEVENTHS0Q" type="dn12"><alias namespace="SUDA" value="SCIADCEVENTHS0Q"/>
      <description text="Counts recorded events for high speed science ADC0-Q, since last read"/></itemDef> 

    <itemDef name="SUDA_SCIADCDROPHS1Q" type="dn10"><alias namespace="SUDA" value="SCIADCDROPHS1Q"/>
      <description text="Counts dropped triggers for high speed science ADC1-Q, since last read"/></itemDef> 
    <itemDef name="SUDA_SCIADCPILEUPHS1Q" type="dn10"><alias namespace="SUDA" value="SCIADCPILEUPHS1Q"/>
      <description text="Counts pile-ups for high speed science ADC1-Q, since last read"/></itemDef> 
    <itemDef name="SUDA_SCIADCEVENTHS1Q" type="dn12"><alias namespace="SUDA" value="SCIADCEVENTHS1Q"/>
      <description text="Counts recorded events for high speed science ADC1-Q, since last read"/></itemDef> 

    <itemDef name="SUDA_SCIADCDROPLS" type="dn10"><alias namespace="SUDA" value="SCIADCDROPLS"/>
      <description text="Counts dropped triggers for low speed science ADC/CSA, since last read"/></itemDef> 
    <itemDef name="SUDA_SCIADCPILEUPLS" type="dn10"><alias namespace="SUDA" value="SCIADCPILEUPLS"/>
      <description text="Counts pile-ups for low speed science ADC/CSA, since last read"/></itemDef> 
    <itemDef name="SUDA_SCIADCEVENTLS" type="dn12"><alias namespace="SUDA" value="SCIADCEVENTLS"/>
      <description text="Counts recorded events for los speed science ADC/CSA, since last read"/></itemDef> 

    <itemDef name="SUDA_SCIADCUNUSEDS0" type="dn2"><alias namespace="SUDA" value="SCIADCUNUSEDS0"/>
      <description text="Unused"/></itemDef> 
    <itemDef name="SUDA_SCIADCPATTERR" type="dn6"><alias namespace="SUDA" value="SCIADCPATTERR"/>
      <description text="Identifies errors related to high speed science ADC test patterns"/></itemDef> 
    <itemDef name="SUDA_SCIADCUNUSEDS1" type="dn4"><alias namespace="SUDA" value="SCIADCUNUSEDS1"/>
      <description text="Unused"/></itemDef> 
    <itemDef name="SUDA_SCIADCCOINCENA" type="enaDis"><alias namespace="SUDA" value="SCIADCCOINCENA"/>
      <description text="Config of coincidence triggering (low speed ADC trigger opens window)"/></itemDef> 
    <itemDef name="SUDA_SCIADCMODELS" type="enaDis"><alias namespace="SUDA" value="SCIADCMODELS"/>
      <description text="Config of coincidence triggering (low speed ADC trigger opens window)"/></itemDef> 
    <itemDef name="SUDA_SCIADCMODEHS1Q" type="trigModeType2"><alias namespace="SUDA" value="SCIADCMODEHS1Q"/>
      <description text="Trigger mode (or disable) for high speed science ADC1-Q"/></itemDef>    
    <itemDef name="SUDA_SCIADCMODEHS0Q" type="trigModeType2"><alias namespace="SUDA" value="SCIADCMODEHS0Q"/>
      <description text="Trigger mode (or disable) for high speed science ADC0-Q"/></itemDef>
    <itemDef name="SUDA_SCIADCMODEHS0I" type="trigModeType2"><alias namespace="SUDA" value="SCIADCMODEHS0I"/>
      <description text="Trigger mode (or disable) for high speed science ADC0-I"/></itemDef>    
    <itemDef name="SUDA_SCIADCEVTCNTTOT" type="dn12"><alias namespace="SUDA" value="SCIADCEVTCNTTOT"/>
      <description text="Total science events captured from all LS and HS ADCs"/></itemDef> 
    <!--END: sciAdcStatPkt_t -->
  
    <!--BEGIN: anaHkStatPkt_t -->
    <itemDef name="SUDA_ANAHKUNUSED0" type="dn8"><alias namespace="SUDA" value="ANAHKUNUSED0"/>
      <description text="Unused"/></itemDef> 
    <itemDef name="SUDA_CURRIN1V0" type="dn12"><alias namespace="SUDA" value="CURRIN1V0"/>
      <description text="Processor Board's 1.0 (input) current reading"/></itemDef> 
    <itemDef name="SUDA_CURRIN1V9" type="dn12"><alias namespace="SUDA" value="CURRIN1V9"/>
      <description text="Processor Board's 1.9 (input) current reading"/></itemDef> 

    <itemDef name="SUDA_ANAHKUNUSED1" type="dn8"><alias namespace="SUDA" value="ANAHKUNUSED1"/>
      <description text="Unused"/></itemDef> 
    <itemDef name="SUDA_CURROUT1V0" type="dn12"><alias namespace="SUDA" value="CURROUT1V0"/>
      <description text="Processor Board's 1.0 (output) current reading"/></itemDef> 
    <itemDef name="SUDA_CURROUT1V9" type="dn12"><alias namespace="SUDA" value="CURROUT1V9"/>
      <description text="Processor Board's 1.9 (output) current reading"/></itemDef> 

    <itemDef name="SUDA_ANAHKUNUSED2" type="dn8"><alias namespace="SUDA" value="ANAHKUNUSED2"/>
      <description text="Unused"/></itemDef> 
	  <itemDef name="SUDA_VOLT1V0" type="dn12"><alias namespace="SUDA" value="VOLT1V0"/>
      <description text="Processor Board's 1.0 voltage reading"/></itemDef> 
    <itemDef name="SUDA_FPGATEMP" type="dn12"><alias namespace="SUDA" value="FPGATEMP"/>
      <description text="Processor Board's FPGA die temperature reading"/></itemDef> 

    <itemDef name="SUDA_ANAHKUNUSED3" type="dn8"><alias namespace="SUDA" value="ANAHKUNUSED3"/>
      <description text="Unused"/></itemDef> 
    <itemDef name="SUDA_VOLT1V9" type="dn12"><alias namespace="SUDA" value="VOLT1V9"/>
      <description text="Processor Board's 1.9 voltage reading"/></itemDef> 
    <itemDef name="SUDA_VOLT3V3" type="dn12"><alias namespace="SUDA" value="VOLT3V3"/>
      <description text="Processor Board's 3.3 voltage reading"/></itemDef> 		
    <!--END: anaHkStatPkt_t -->
 
    <!--BEGIN: comboStatPkt_t -->
    <itemDef name="SUDA_OPHTRUNUSED0" type="dn5"> <alias namespace="SUDA" value="OPHTRUNUSED0"/>
      <description text="Unused"/></itemDef> 	
    <itemDef name="SUDA_HTR2ENA" type="enaDis"><alias namespace="SUDA" value="HTR2ENA"/>
      <description text="'1' if op heater #2 is enabled"/></itemDef> 	
    <itemDef name="SUDA_HTR1ENA" type="enaDis"><alias namespace="SUDA" value="HTR1ENA"/>
      <description text="'1' if op heater #1 is enabled"/></itemDef> 	
    <itemDef name="SUDA_HTR0ENA" type="enaDis"><alias namespace="SUDA" value="HTR0ENA"/>
      <description text="'1' if op heater #0 is enabled"/></itemDef> 		
    <itemDef name="SUDA_HVPSHKCH0" type="dn12"> <alias namespace="SUDA" value="HVPSHKCH0"/>
      <description text="Analog housekeeping reading from channel 0 on HVPS board"/></itemDef> 	
    <itemDef name="SUDA_HVPSHKCH1" type="dn12"> <alias namespace="SUDA" value="HVPSHKCH1"/>
      <description text="Analog housekeeping reading from channel 1 on HVPS board"/></itemDef> 	
    <!--END: hvps0, start hvps1 -->  
    <itemDef name="SUDA_HVPOLCTRL" type="dn1"><alias namespace="SUDA" value="HVPOLCTRL"/>
      <description text="HVPS Polarity Control: state of HVPS polarity control bit"/></itemDef> 	 
    <itemDef name="SUDA_HVPOLSTAT" type="dn1"><alias namespace="SUDA" value="HVPOLSTAT"/>
      <description text="HVPS Polarity Status: state of HVPS polarity status bit"/></itemDef> 	 
    <itemDef name="SUDA_HVARMPLUG" type="dn1"><alias namespace="SUDA" value="HVARMPLUG"/>
      <description text="HVPS External Limit: reflects state of external HVPS limit plug"/></itemDef> 	 
    <itemDef name="SUDA_HVPWRENASTAT" type="dn1"><alias namespace="SUDA" value="HVPWRENASTAT"/>
      <description text="HVPS Power Enable: state of HVPS power enable"/></itemDef> 	 
    <itemDef name="SUDA_HVSENSCTRL" type="dn1"><alias namespace="SUDA" value="HVSENSCTRL"/>
      <description text="Sensor HVPS Enable Control"/></itemDef> 	 
    <itemDef name="SUDA_HVDETCTRL" type="dn1"><alias namespace="SUDA" value="HVDETCTRL"/>
      <description text="Detector HVPS Enable Control"/></itemDef> 	 
    <itemDef name="SUDA_HVSENSSTAT" type="dn1"><alias namespace="SUDA" value="HVSENSSTAT"/>
      <description text="Sensor HVPS Enable: state of Sensor HVPS Enable"/></itemDef> 	 
    <itemDef name="SUDA_HVDETSTAT" type="dn1"><alias namespace="SUDA" value="HVDETSTAT"/>
      <description text="Detector HVPS Enable: state of Detector HVPS Enable"/></itemDef> 	
    <itemDef name="SUDA_HVPSHKCH2" type="dn12"> <alias namespace="SUDA" value="HVPSHKCH2"/>
      <description text="Analog housekeeping reading from channel 2 on HVPS board"/></itemDef> 	
    <itemDef name="SUDA_HVPSHKCH3" type="dn12"> <alias namespace="SUDA" value="HVPSHKCH3"/>
      <description text="Analog housekeeping reading from channel 3 on HVPS board"/></itemDef> 	
    <!--END: hvps1, start hvps2 -->  
    <itemDef name="SUDA_HVPSPWRENA" type="dn8"><alias namespace="SUDA" value="HVPSPWRENA"/>
     <description text="Control power enable for HVPS"/></itemDef> 	 	 	
    <itemDef name="SUDA_HVPSHKCH4" type="dn12"> <alias namespace="SUDA" value="HVPSHKCH4"/>
      <description text="Analog housekeeping reading from channel 4 on HVPS board"/></itemDef> 	
    <itemDef name="SUDA_HVPSHKCH5" type="dn12"> <alias namespace="SUDA" value="HVPSHKCH5"/>
      <description text="Analog housekeeping reading from channel 5 on HVPS board"/></itemDef> 	
    <!--END: hvps2, start hvps3 -->  
 
    <itemDef name="SUDA_SRAMSCRUBBUSY" type="yesNo"><alias namespace="SUDA" value="SRAMSCRUBBUSY"/>
      <description text="Scrubbing is busy (TBD: more info is needed here)"/></itemDef>  
    <itemDef name="SUDA_SRAMCERRFLAG" type="yesNo"><alias namespace="SUDA" value="SRAMCERRFLAG"/>
      <description text="Uncorrectable error found when reading SRAM"/></itemDef>  
    <itemDef name="SUDA_SRAMUERRFLAG" type="yesNo"><alias namespace="SUDA" value="SRAMUERRFLAG"/>
      <description text="Correctable error found when reading SRAM"/></itemDef>  
    <itemDef name="SUDA_SRAMCERRCURR" type="dn5"><alias namespace="SUDA" value="SRAMCERRCURR"/>
      <description text="Current count of correctable errors seen on SRAM reads"/></itemDef>  
    <itemDef name="SUDA_HVPSHKCH6" type="dn12"> <alias namespace="SUDA" value="HVPSHKCH6"/>
       <description text="Analog housekeeping reading from channel 6 on HVPS board"/></itemDef> 	
    <itemDef name="SUDA_HVPSHKCH7" type="dn12"> <alias namespace="SUDA" value="HVPSHKCH7"/>
       <description text="Analog housekeeping reading from channel 7 on HVPS board"/></itemDef> 	
    <!--END: comboStatPkt_t -->
  
    <!--BEGIN: lvpsStatPkt_t -->
    <!-- adc0Ch1And0 -->
    <itemDef name="SUDA_IBRAMCERRFLAG" type="yesNo"><alias namespace="SUDA" value="IBRAMCERRFLAG"/>
      <description text="Correctable error is active in instruction BRAM"/></itemDef>
    <itemDef name="SUDA_IBRAMUERRFLAG" type="yesNo"><alias namespace="SUDA" value="IBRAMUERRFLAG"/>
      <description text="Uncorrectable error is active in instruction BRAM"/></itemDef>
    <itemDef name="SUDA_IBRAMCERRCNT" type="dn6"><alias namespace="serrFailData" value="IBRAMCERRCNT"/>
      <description text="Count of correctable errors detected in instruction BRAM"/></itemDef>
    <itemDef name="SUDA_ADC0CH1" type="dn12"><alias namespace="SUDA" value="ADC0CH1"/>
      <description text="LVDS board's ADC 0 channel 1 data"/></itemDef>  
    <itemDef name="SUDA_ADC0CH0" type="dn12"><alias namespace="SUDA" value="ADC0CH0"/>
      <description text="LVDS board's ADC 0 channel 0 data"/></itemDef>  
    <!-- ADC0CH2And3 -->
    <itemDef name="SUDA_DBRAMCERRFLAG" type="yesNo"><alias namespace="SUDA" value="DBRAMCERRFLAG"/>
      <description text="Correctable error is active in data BRAM"/></itemDef>
    <itemDef name="SUDA_DBRAMUERRFLAG" type="yesNo"><alias namespace="SUDA" value="DBRAMUERRFLAG"/>
      <description text="Uncorrectable error is active in data BRAM"/></itemDef>
    <itemDef name="SUDA_DBRAMCERRCNT" type="dn6"><alias namespace="SUDA" value="DBRAMCERRCNT"/>
      <description text="Count of correctable errors detected in data BRAM"/></itemDef>
    <itemDef name="SUDA_ADC0CH3" type="dn12"><alias namespace="SUDA" value="ADC0CH3"/>
      <description text="LVDS board's ADC 0 channel 3 data"/></itemDef>  
    <itemDef name="SUDA_ADC0CH2" type="dn12"><alias namespace="SUDA" value="ADC0CH2"/>
      <description text="LVDS board's ADC 0 channel 2 data"/></itemDef>  
    <!-- ADC0CH4And5 -->
    <itemDef name="SUDA_SCIADC0PINCTRL" type="dn8"><alias namespace="SUDA" value="SCIADC0PINCTRL"/>
      <description text="Pin control register for science ADC 0"/></itemDef>  
    <itemDef name="SUDA_ADC0CH5" type="dn12"><alias namespace="SUDA" value="ADC0CH5"/>
      <description text="LVDS board's ADC 0 channel 5 data"/></itemDef>  
    <itemDef name="SUDA_ADC0CH4" type="dn12"><alias namespace="SUDA" value="ADC0CH4"/>
      <description text="LVDS board's ADC 0 channel 4 data"/></itemDef>  
    <!-- ADC0CH4And5 -->
    <itemDef name="SUDA_SCIADC0PWRCTRL" type="dn8"><alias namespace="SUDA" value="SCIADC0PWRCTRL"/>
      <description text="Power control register for science ADC 0"/></itemDef>  
    <itemDef name="SUDA_ADC0CH7" type="dn12"><alias namespace="SUDA" value="ADC0CH7"/>
      <description text="LVDS board's ADC 0 channel 7 data"/></itemDef>  
    <itemDef name="SUDA_ADC0CH6" type="dn12"><alias namespace="SUDA" value="ADC0CH6"/>
      <description text="LVDS board's ADC 0 channel 6 data"/></itemDef>    

    <!-- adc1CH0And1 -->
    <itemDef name="SUDA_SCIADC1PINCTRL" type="dn8"><alias namespace="SUDA" value="SCIADC1PINCTRL"/>
      <description text="Pin control register for science ADC 1"/></itemDef>  
    <itemDef name="SUDA_ADC1CH1" type="dn12"><alias namespace="SUDA" value="ADC1CH1"/>
      <description text="LVDS board's ADC 1 channel 1 data"/></itemDef>  
    <itemDef name="SUDA_ADC1CH0" type="dn12"><alias namespace="SUDA" value="ADC1CH0"/>
      <description text="LVDS board's ADC 1 channel 0 data"/></itemDef>  
    <!-- ADC1CH2And3 -->
    <itemDef name="SUDA_SCIADC1PWRCTRL" type="dn8"><alias namespace="SUDA" value="SCIADC1PWRCTRL"/>
      <description text="Power control register for science ADC 1"/></itemDef>  
    <itemDef name="SUDA_ADC1CH3" type="dn12"><alias namespace="SUDA" value="ADC1CH3"/>
      <description text="LVDS board's ADC 1 channel 3 data"/></itemDef>  
    <itemDef name="SUDA_ADC1CH2" type="dn12"><alias namespace="SUDA" value="ADC1CH2"/>
      <description text="LVDS board's ADC 1 channel 2 data"/></itemDef>  
    <!-- ADC1CH4And5 -->
    <itemDef name="SUDA_LVDSADC1C45SPARE" type="dn8"><alias namespace="SUDA" value="LVDSADC1C45SPARE"/>
      <description text="Unused bits"/></itemDef>  
    <itemDef name="SUDA_ADC1CH5" type="dn12"><alias namespace="SUDA" value="ADC1CH5"/>
      <description text="LVDS board's ADC 1 channel 5 data"/></itemDef>  
    <itemDef name="SUDA_ADC1CH4" type="dn12"><alias namespace="SUDA" value="ADC1CH4"/>
      <description text="LVDS board's ADC 1 channel 4 data"/></itemDef>  
    <!-- ADC1CH4And5 -->
    <itemDef name="SUDA_LVDSADC1C67SPARE" type="dn8"><alias namespace="SUDA" value="LVDSADC1C67SPARE"/>
      <description text="Unused bits"/></itemDef>  
    <itemDef name="SUDA_ADC1CH7" type="dn12"><alias namespace="SUDA" value="ADC1CH7"/>
      <description text="LVDS board's ADC 1 channel 7 data"/></itemDef>  
    <itemDef name="SUDA_ADC1CH6" type="dn12"><alias namespace="SUDA" value="ADC1CH6"/>
      <description text="LVDS board's ADC 1 channel 6 data"/></itemDef>    

    <!-- ADC2CH0And1 -->
    <itemDef name="SUDA_LVDSADC2C01SPARE" type="dn8"><alias namespace="SUDA" value="LVDSADC2C01SPARE"/>
      <description text="Unused bits"/></itemDef>  
    <itemDef name="SUDA_ADC2CH1" type="dn12"><alias namespace="SUDA" value="ADC2CH1"/>
      <description text="LVDS board's ADC 2 channel 1 data"/></itemDef>  
    <itemDef name="SUDA_ADC2CH0" type="dn12"><alias namespace="SUDA" value="ADC2CH0"/>
      <description text="LVDS board's ADC 2 channel 0 data"/></itemDef>  
    <!-- ADC2CH2And3 -->
    <itemDef name="SUDA_LVDSADC2C23SPARE" type="dn8"><alias namespace="SUDA" value="LVDSADC2C23SPARE"/>
      <description text="Unused bits"/></itemDef>  
    <itemDef name="SUDA_ADC2CH3" type="dn12"><alias namespace="SUDA" value="ADC2CH3"/>
      <description text="LVDS board's ADC 2 channel 3 data"/></itemDef>  
    <itemDef name="SUDA_ADC2CH2" type="dn12"><alias namespace="SUDA" value="ADC2CH2"/>
      <description text="LVDS board's ADC 2 channel 2 data"/></itemDef>  
    <!-- ADC2CH4And5 -->
    <itemDef name="SUDA_LVDSADC2C45SPARE" type="dn8"><alias namespace="SUDA" value="LVDSADC2C45SPARE"/>
      <description text="Unused bits"/></itemDef>  
    <itemDef name="SUDA_ADC2CH5" type="dn12"><alias namespace="SUDA" value="ADC2CH5"/>
      <description text="LVDS board's ADC 2 channel 5 data"/></itemDef>  
    <itemDef name="SUDA_ADC2CH4" type="dn12"><alias namespace="SUDA" value="ADC2CH4"/>
      <description text="LVDS board's ADC 2 channel 4 data"/></itemDef>  
    <!-- ADC2CH4And5 -->
    <itemDef name="SUDA_LVDSADC2C67SPARE" type="dn8"><alias namespace="SUDA" value="LVDSADC2C67SPARE"/>
      <description text="Unused bits"/></itemDef>  
    <itemDef name="SUDA_ADC2CH7" type="dn12"><alias namespace="SUDA" value="ADC2CH7"/>
      <description text="LVDS board's ADC 2 channel 7 data"/></itemDef>  
    <itemDef name="SUDA_ADC2CH6" type="dn12"><alias namespace="SUDA" value="ADC2CH6"/>
      <description text="LVDS board's ADC 2 channel 6 data"/></itemDef>    
    <!--END: lvpsStatPkt_t -->

  
    <itemDef name="SUDA_STATUSCFG0" type="dn32"><alias namespace="SUDA" value="statcfg0"/>
      <description text="Configurable point, set address in param table"/></itemDef>      
    <itemDef name="SUDA_STATUSCFG1" type="dn32"><alias namespace="SUDA" value="statcfg1"/>
      <description text="Configurable point, set address in param table"/></itemDef>      
    <itemDef name="SUDA_STATUSCFG2" type="dn32"><alias namespace="SUDA" value="statcfg2"/>
      <description text="Configurable point, set address in param table"/></itemDef>      
    <itemDef name="SUDA_STATUSCFG3" type="dn32"><alias namespace="SUDA" value="statcfg3"/>
      <description text="Configurable point, set address in param table"/></itemDef>      
    <itemDef name="SUDA_STATUSCFG4" type="dn32"><alias namespace="SUDA" value="statcfg4"/>
      <description text="Configurable point, set address in param table"/></itemDef>      
    <itemDef name="SUDA_STATUSCFG5" type="dn32"><alias namespace="SUDA" value="statcfg5"/>
      <description text="Configurable point, set address in param table"/></itemDef>      
    <itemDef name="SUDA_STATUSCFG6" type="dn32"><alias namespace="SUDA" value="statcfg6"/>
      <description text="Configurable point, set via param table, 20191213-S/C monitoring"/></itemDef>      
    <itemDef name="SUDA_STATUSCFG7" type="dn32"><alias namespace="SUDA" value="statcfg7"/>
      <description text="Configurable point, set via param table, 20191213-S/C monitoring"/></itemDef>      

    <itemDef name="SUDA_SYNCMARKSTATPKT" type="dn16"><alias namespace="SUDA" value="crcpad_statPkt"/>
      <description text="Padding before CRC"/></itemDef>      
    <itemDef name="SUDA_CRCSTATPKT" type="dn16"><alias namespace="SUDA" value="crc_statPkt"/>
      <description text="CRC CCITT"/></itemDef>      
    </field>

  </frameDef>
  
  <frameDef name="suda_stat" id="0x0580"><description text="Health and status packet"/>
    <field>
      <frameCopy name="CCSDSPriHeader" suffix="_statPkt"/>
      <frameCopy name="CCSDSSecHeader" suffix="_statPkt"/>
      <item name="suda_stat_hk_frame"/>
    </field>
  </frameDef>

</hydraDef>
