<!-- SUDA-specific file to define SUDA Telemetry Hardware Packet -->

<hydraDef>

  
  <!-- ====================================== -->
  <!-- Hardware-Centric Packet                -->
  <!-- ====================================== -->

  <frameDef name="suda_hw_hk_frame" id="0x0485"><description text="Hardware tlm contents"/>
    <field>
  <!--BEGIN: spwHWPkt_t -->
    <!-- Read Config A -->
      <itemDef name="SUDA_spwHwctrl1_unused0" type="dn20">
        <alias namespace="SUDA" value="spwHwctrl1_unused0"/>
      <description text="Unused bits"/>
    </itemDef>    
      <itemDef name="SUDA_dataRate" type="dn6">
        <alias namespace="SUDA" value="dataRate"/>
      <description text="Transmit data rate"/>
    </itemDef>
      <itemDef name="SUDA_nullRate" type="dn6">
        <alias namespace="SUDA" value="nullRate"/>
      <description text="Auto-null rate"/>
    </itemDef>
    
    <!-- Read Status B -->    
      <itemDef name="SUDA_DSLinkVer" type="dn8">
        <alias namespace="SUDA" value="DSLinkVer"/>
      <description text="DS Link core version number"/>
    </itemDef>
      <itemDef name="SUDA_spwHwctrl2_unused0" type="dn8">
        <alias namespace="SUDA" value="spwHwctrl2_unused0"/>
      <description text="Unused bits"/>
    </itemDef>  

    <!-- SpaceWire Link Control Register -->    
      <itemDef name="SUDA_spwHwctrl2_unused1" type="dn12">
        <alias namespace="SUDA" value="spwHwctrl2_unused1"/>
      <description text="Unused bits"/>
    </itemDef>     
      <itemDef name="SUDA_remoteLoopback" type="enaDis">
        <alias namespace="SUDA" value="remoteLoopback"/>
      <description text="Enable remote loopback (spacecraft side loops back to spacecraft)"/>
    </itemDef>     
      <itemDef name="SUDA_prSpwMode" type="dn2">
        <alias namespace="SUDA" value="prSpwMode"/>
      <description text="Select mode to establish SpaceWire link: pri, sec, ping-pong"/>
    </itemDef>     
      <itemDef name="SUDA_localLoopback" type="enaDis">
        <alias namespace="SUDA" value="localLoopback"/>
      <description text="Enable local loopback (instrument side loops back to instrument)"/>
    </itemDef>    
    
    <!-- Config and Interrupt Registers -->
      <itemDef name="SUDA_SPWconfigAndIntr_unused0" type="dn9">
        <alias namespace="SUDA" value="SPWconfigAndIntr_unused0"/>
      <description text="Unused bits"/>
    </itemDef>     
      <itemDef name="SUDA_rxTickNumber" type="dn8">
        <alias namespace="SUDA" value="rxTickOvrflwMask"/>
      <description text=""/>
    </itemDef>     
      <itemDef name="SUDA_rxTickOvrflwMask" type="enaDis">
        <alias namespace="SUDA" value="rxTickOvrflwMask"/>
      <description text="Enables interrupt when RxTime counter overflows (1001 msec) without tick"/>
    </itemDef>     
      <itemDef name="SUDA_rxTickMask" type="enaDis">
        <alias namespace="SUDA" value="rxTickMask"/>
      <description text="Enables interrupt when  a SpaceWire time tick is received"/>
    </itemDef>     
      <itemDef name="SUDA_rxTimeOverflw" type="yesNo">
        <alias namespace="SUDA" value="rxTimeOverflw"/>
      <description text="Status indicator that RxTime cntr overflows (1001 msec) without received tick"/>
    </itemDef> 
      <itemDef name="SUDA_rxTick" type="yesNo">
        <alias namespace="SUDA" value="rxTick"/>
      <description text="Status indicator that a SpaceWire time tick is received"/>
    </itemDef>  
      <itemDef name="SUDA_parityErr" type="dn3">
        <alias namespace="SUDA" value="parityErr"/>
      <description text="Inject parity errors if nonzero.  See FPGA spec for details."/>
    </itemDef>      
      <itemDef name="SUDA_lnkTimeOut" type="dn4">
        <alias namespace="SUDA" value="lnkTimeOut"/>
      <description text="SpaceWire link timeout period setting before declaring failure"/>
    </itemDef>  
      <itemDef name="SUDA_timeCodeEnbl" type="enaDis">
        <alias namespace="SUDA" value="timeCodeEnbl"/>
      <description text="Enables SpaceWire time code transmission on receipt of a valid Time-Code"/>
    </itemDef>  
      <itemDef name="SUDA_lnkAutoStrt" type="yesNo">
        <alias namespace="SUDA" value="lnkAutoStrt"/>
      <description text="Link auto-start"/>
    </itemDef>  
      <itemDef name="SUDA_lnkStart" type="yesNo">
        <alias namespace="SUDA" value="lnkStart"/>
      <description text="Link start"/>
    </itemDef>  
      <itemDef name="SUDA_lnkDisable" type="yesNo">
        <alias namespace="SUDA" value="lnkDisable"/>
      <description text="Link disable"/>
    </itemDef>
  <!--END: spwHWPkt_t -->


  <!--BEGIN: globalHWPkt_t -->
    <!-- fpgaRevAndGpio -->
      <itemDef name="SUDA_gpio" type="dn16">
        <alias namespace="SUDA" value="gpio"/>
      <description text="Controls state of 16 general purpose I/O signals"/>
    </itemDef>    
      <itemDef name="SUDA_fpgaRev" type="dn16">
        <alias namespace="SUDA" value="fpgaRev"/>
      <description text="FPGA revision register (date/time field is preferred instead)"/>
    </itemDef>  
    
    <!-- fpgaBuild -->    
      <itemDef name="SUDA_fpgayear" type="dn16">
        <alias namespace="SUDA" value="year"/>
      <description text="Date of FPGA compilation, year"/>
    </itemDef>
      <itemDef name="SUDA_fpgamonth" type="dn8">
        <alias namespace="SUDA" value="month"/>
      <description text="Date of FPGA compilation, year"/>
    </itemDef>  
      <itemDef name="SUDA_fpgaday" type="dn8">
        <alias namespace="SUDA" value="day"/>
      <description text="Date of FPGA compilation, day"/>
    </itemDef>  
    
    <!-- wdogCntAndMuxAddrAndMram -->   
      <itemDef name="SUDA_MRAMPwr" type="dn1">
        <alias namespace="SUDA" value="MRAMPwr"/>
      <description text="Control power state of MRAM"/>
    </itemDef>     
      <itemDef name="SUDA_testMuxAddr" type="dn5">
        <alias namespace="SUDA" value="testMuxAddr"/>
      <description text="Test Mux Address Register"/>
    </itemDef>     
      <itemDef name="SUDA_wdogCount" type="dn26">
        <alias namespace="SUDA" value="wdogCount"/>
      <description text="Current value of the Watchdog Counter, in 25 nsec ticks"/>
    </itemDef>     
    
    <!-- wdogHWMAndIntrMskAndIntrStat -->
      <itemDef name="SUDA_dclkErrStat" type="errOkay">
        <alias namespace="SUDA" value="dclkErrStat"/>
      <description text="PLL detected loss of lock condition"/>
    </itemDef>     
      <itemDef name="SUDA_clkErr250MHzStat" type="errOkay">
        <alias namespace="SUDA" value="clkErr250MHzStat"/>
      <description text="Error detected in PLL frequency of 250MHz clock"/>
    </itemDef>     
      <itemDef name="SUDA_pllLossLockStat" type="errOkay">
        <alias namespace="SUDA" value="pllLossLockStat"/>
      <description text="Error detected in PLL frequency of DCLK (125 MHz)."/>
    </itemDef>     
      <itemDef name="SUDA_dclkErrMsk" type="errOkay">
        <alias namespace="SUDA" value="dclkErrMsk"/>
      <description text="Mask interrupt when PLL detects loss of lock condition"/>
    </itemDef> 
      <itemDef name="SUDA_clkErr250MHzMsk" type="errOkay">
        <alias namespace="SUDA" value="clkErr250MHzMsk"/>
      <description text="Mask interrupt when error detected in PLL frequency of 250MHz clock"/>
    </itemDef>  
      <itemDef name="SUDA_pllLossLockMsk" type="errOkay">
        <alias namespace="SUDA" value="pllLossLockMsk"/>
      <description text="Mask interrupt when error detected in PLL frequency of DCLK (125 MHz)"/>
    </itemDef>  
      <itemDef name="SUDA_wdogHWM" type="dn26">
        <alias namespace="SUDA" value="wdogHWM"/>
      <description text="Max watchdog count since last clear, in 25 nsec ticks"/>
    </itemDef>
    
    <!-- Scratch 1 -->
      <itemDef name="SUDA_scratch1" type="dn32">
        <alias namespace="SUDA" value="scratch1"/>
      <description text="Scratch bits"/>
    </itemDef>

    <!-- Scratch 2 -->
      <itemDef name="SUDA_scratch2" type="dn32">
        <alias namespace="SUDA" value="scratch2"/>
      <description text="Scratch bits"/>
    </itemDef>

    <!-- Scratch 3 -->
      <itemDef name="SUDA_scratch3" type="dn32">
        <alias namespace="SUDA" value="scratch3"/>
      <description text="Scratch bits"/>
    </itemDef>   

    <!-- Scratch 4 -->
      <itemDef name="SUDA_scratch4" type="dn32">
        <alias namespace="SUDA" value="scratch4"/>
      <description text="Scratch bits"/>
    </itemDef>  

    <!-- TestMuxData -->
      <itemDef name="SUDA_testMuxData" type="dn32">
        <alias namespace="SUDA" value="testMuxData"/>
      <description text="testMuxData"/>
    </itemDef>  

    <!-- spareInputAndSpareOutput -->
      <itemDef name="SUDA_spareIO_unused0" type="dn23">
        <alias namespace="SUDA" value="spareIO_unused0"/>
      <description text="Unused bits"/>
    </itemDef>     
      <itemDef name="SUDA_proctoHvpsSpr3" type="enaDis">
        <alias namespace="SUDA" value="proctoHvpsSpr3"/>
      <description text="Proc to HVPS Spare 3"/>
    </itemDef>     
      <itemDef name="SUDA_proctoHvpsSpr2" type="enaDis">
        <alias namespace="SUDA" value="proctoHvpsSpr2"/>
      <description text="Proc to HVPS Spare 2"/>
    </itemDef>     
      <itemDef name="SUDA_proctoHvpsSpr1" type="enaDis">
        <alias namespace="SUDA" value="proctoHvpsSpr1"/>
      <description text="Proc to HVPS Spare 1"/>
    </itemDef>     
      <itemDef name="SUDA_proctoLvpsSpr2" type="enaDis">
        <alias namespace="SUDA" value="proctoLvpsSpr2"/>
      <description text="Proc to LVPS Spare 2"/>
    </itemDef>     
      <itemDef name="SUDA_proctoLvpsSpr1" type="enaDis">
        <alias namespace="SUDA" value="proctoLvpsSpr1"/>
      <description text="Proc to LVPS Spare 1"/>
    </itemDef>        
      <itemDef name="SUDA_hvpsToProcSpr2" type="enaDis">
        <alias namespace="SUDA" value="hvpsToProcSpr2"/>
      <description text="HVPS to Proc Spare 2"/>
    </itemDef>     
      <itemDef name="SUDA_hvpsToProcSpr1" type="enaDis">
        <alias namespace="SUDA" value="hvpsToProcSpr1"/>
      <description text="HVPS to Proc Spare 1"/>
    </itemDef>  
      <itemDef name="SUDA_lvpsToProcSpr2" type="enaDis">
        <alias namespace="SUDA" value="lvpsToProcSpr2"/>
      <description text="LVPS to Proc Spare 2"/>
    </itemDef>  
      <itemDef name="SUDA_lvpsToProcSpr1" type="enaDis">
        <alias namespace="SUDA" value="lvpsToProcSpr1"/>
      <description text="LVPS to Proc Spare 1"/>
    </itemDef>      
  <!--END: globalHWPkt_t -->    

  <!--BEGIN: nandHWPkt_t -->
    <!-- dieAndIntrAndErrors -->
    <itemDef name="SUDA_FLASHDIESPARE0" type="dn4"><alias namespace="SUDA" value="FLASHDIESPARE0"/>
      <description text="Spare"/></itemDef>    
    <itemDef name="SUDA_FLASHBUFSTATE" type="busyIdle"><alias namespace="SUDA" value="FLASHBUFSTATE"/>
      <description text="FPGA busy performing a Flash buffer copy operation"/></itemDef>    
    <itemDef name="SUDA_FLASHERRINJECT" type="injectErrType3"><alias namespace="SUDA" value="FLASHERRINJECT"/>
      <description text="Mode for injecting errors"/></itemDef>    
    <itemDef name="SUDA_FLASHDIESPARE1" type="dn7"><alias namespace="SUDA" value="FLASHDIESPARE1"/>
      <description text="Spare"/></itemDef>    
    <itemDef name="SUDA_FLASHMODINTRENA" type="enaDis"><alias namespace="SUDA" value="FLASHMODINTRENA"/>
      <description text="Flash interrupt enable in FPGA Flash module, perhaps deprecated"/></itemDef>    
    <itemDef name="SUDA_FLASHDIEENA" type="dn8"><alias namespace="SUDA" value="FLASHDIEENA"/>
      <description text="Indicates which NAND Flash die are enabled"/></itemDef>   
    <itemDef name="SUDA_FLASHDIERDY" type="dn8"><alias namespace="SUDA" value="FLASHDIERDY"/>
      <description text="Indicates which NAND Flash die are ready"/></itemDef>   
    <itemDef name="SUDA_FLASHSTATE" type="dn32"><alias namespace="SUDA" value="FLASHSTATE"/>
      <description text="NAND Flash Ready/Busy Status Register"/></itemDef>     
    <itemDef name="SUDA_FLASHWORD" type="dn32"><alias namespace="SUDA" value="FLASHWORD"/>
      <description text="Current word address within the current page, for FPGA debug"/></itemDef>  
  <!--END: nandHWPkt_t -->

  <!--BEGIN: sciBufHWPkt_t -->
    <itemDef name="SUDA_SCIBUFUNUSED0" type="dn15"><alias namespace="SUDA" value="SCIBUFUNUSED0"/>
      <description text="Spare"/></itemDef>    
    <itemDef name="SUDA_SCIBUFOVRFLW" type="errOkay"><alias namespace="SUDA" value="SCIBUFOVRFLW"/>
      <description text="Science buffer ran out of available blocks to write sci data to"/></itemDef>     
    <itemDef name="SUDA_SCIBUFTESTBUS" type="enaDis"><alias namespace="SUDA" value="SCIBUFTESTBUS"/>
      <description text="If Flash write is disabled, enables output to test bus instead of Flash"/></itemDef>             
    <itemDef name="SUDA_SCIBUFSTARTBLOCK" type="dn15"><alias namespace="SUDA" value="SCIBUFSTARTBLOCK"/>
      <description text="Block address for start of data write (assumes page 0)"/></itemDef>    
    <itemDef name="SUDA_SCIBUFDATACNT" type="dn32"><alias namespace="SUDA" value="SCIBUFDATACNT"/>
      <description text="Number of words of data processed since last time register was cleared"/></itemDef>  
    <itemDef name="SUDA_SCIBUFUNUSED1" type="dn11"><alias namespace="SUDA" value="SCIBUFUNUSED1"/>
      <description text="Spare"/></itemDef>  
    <itemDef name="SUDA_SCIBUFCURRDIE" type="dn3"><alias namespace="SUDA" value="SCIBUFCURRDIE"/>
      <description text="Current/last Flash location written by SciBuf, die"/></itemDef>  
    <itemDef name="SUDA_SCIBUFCURRBLOCK" type="dn12"><alias namespace="SUDA" value="SCIBUFCURRBLOCK"/>
      <description text="Current/last Flash location written by SciBuf, block"/></itemDef>   
    <itemDef name="SUDA_SCIBUFCURRPAGE" type="dn6"><alias namespace="SUDA" value="SCIBUFCURRPAGE"/>
      <description text="Current/last Flash location written by SciBuf, page"/></itemDef>        
  <!--END: sciBufHWPkt_t -->    
  
  <!--BEGIN: sciAdcHWPkt_t -->
    <!-- pinPwrStatus -->
      <itemDef name="SUDA_pinPwrStatus_Unused0" type="dn1">
        <alias namespace="SUDA" value="pinPwrStatus_Unused0"/>
      <description text="Unused bits"/>
    </itemDef>    
      <itemDef name="SUDA_HOSTMODE" type="yesNo">
        <alias namespace="SUDA" value="HOSTMODE"/>
      <description text="FSW unable to store or access science data in Host Mode"/>
    </itemDef>    
    <itemDef name="SUDA_SCIADCSAMPLEST" type="adcSampleState3">
        <alias namespace="SUDA" value="SCIADCSAMPLEST"/>
      <description text="Science ADC Buffer Control State Machine Current State"/>
    </itemDef>    
      <itemDef name="SUDA_SCIADCEVTBUFFEN" type="enaDis">
        <alias namespace="SUDA" value="SCIADCEVTBUFFEN"/>
      <description text="Science Event Buffer under FSW Control"/>
    </itemDef>    
      <itemDef name="SUDA_SCIADC1DQFULL" type="errOkay">
        <alias namespace="SUDA" value="SCIADC1DQFULL"/>
      <description text="Science ADC1 channel Q was full since last clear"/>
    </itemDef>
      <itemDef name="SUDA_SCIADC0DQFULL" type="errOkay">
        <alias namespace="SUDA" value="SCIADC0DQFULL"/>
      <description text="Science ADC0 channel Q was full since last clear"/>
    </itemDef>
      <itemDef name="SUDA_SCIADC0DIFULL" type="errOkay">
        <alias namespace="SUDA" value="SCIADC0DIFULL"/>
      <description text="Science ADC0 channel I was full since last clear"/>
    </itemDef>
      <itemDef name="SUDA_SCIRDUNDRFLW" type="errOkay">
        <alias namespace="SUDA" value="SCIRDUNDRFLW"/>
      <description text="Read pointer advanced when event buffers already empty"/>
    </itemDef>
      <itemDef name="SUDA_SCIBUFFULL" type="yesNo">
        <alias namespace="SUDA" value="SCIBUFFULL"/>
      <description text="Science ADC event buffers full, overflow on next trigger"/>
    </itemDef>
      <itemDef name="SUDA_SCIDATARDY" type="yesNo">
        <alias namespace="SUDA" value="SCIDATARDY"/>
      <description text="Science ADC data available in event buffers"/>
    </itemDef>
      <itemDef name="SUDA_hs1Pdnq" type="onOffActiveLow1">
        <alias namespace="SUDA" value="hs1Pdnq"/>
      <description text="Powers analog input chain for channel Q (PDNQ)"/>
    </itemDef>
      <itemDef name="SUDA_hs1Pdq" type="onOffActiveLow1">
        <alias namespace="SUDA" value="hs1Pdq"/>
      <description text="Powers channel Q (PDQ)"/>
    </itemDef>
      <itemDef name="SUDA_hs1Pdni" type="onOffActiveLow1">
        <alias namespace="SUDA" value="hs1Pdni"/>
      <description text="Powers analog input chain for channel I (PDNI)"/>
    </itemDef>
      <itemDef name="SUDA_hs1Pdi" type="onOffActiveLow1">
        <alias namespace="SUDA" value="hs1Pdi"/>
      <description text="Powers channel I (PDI)"/>
    </itemDef>
    <itemDef name="SUDA_hs1CalRunFlag" type="enaDis">
        <alias namespace="SUDA" value="hs1CalRunFlag"/>
      <description text="Latched State of CALRUN output pin (active high) for ADC1"/>
    </itemDef>
      <itemDef name="SUDA_hs1Calrun" type="enaDis">
        <alias namespace="SUDA" value="hs1Calrun"/>
      <description text="State of CALRUN output pin (active high) for ADC1"/>
    </itemDef>
      <itemDef name="SUDA_hs1Cal" type="enaDis">
        <alias namespace="SUDA" value="hs1Cal"/>
      <description text="State of Calibration Cycle Initiate pin for Science ADC1"/>
    </itemDef>
      <itemDef name="SUDA_hs1Tpm" type="enaDis">
        <alias namespace="SUDA" value="hs1Tpm"/>
      <description text="State of Test Pattern Mode pin for Science ADC1"/>
    </itemDef>
      <itemDef name="SUDA_hs1Fsr" type="enaDis">
        <alias namespace="SUDA" value="hs1Fsr"/>
      <description text="State of Full-Scale Range pin for Science ADC1"/>
    </itemDef>    
      <itemDef name="SUDA_hs1Ece" type="onOffActiveLow1">
        <alias namespace="SUDA" value="hs1Ece"/>
      <description text="State of Extended feature control (SPI) pin for Science ADC1"/>
    </itemDef>  
      <itemDef name="SUDA_hs0Pdnq" type="onOffActiveLow1">
        <alias namespace="SUDA" value="hs0Pdnq"/>
      <description text="Powers analog input chain for channel Q (PDNQ)"/>
    </itemDef>
      <itemDef name="SUDA_hs0Pdq" type="onOffActiveLow1">
        <alias namespace="SUDA" value="hs0Pdq"/>
      <description text="Powers channel Q (PDQ)"/>
    </itemDef>
      <itemDef name="SUDA_hs0Pdni" type="onOffActiveLow1">
        <alias namespace="SUDA" value="hs0Pdni"/>
      <description text="Powers analog input chain for channel I (PDNI)"/>
    </itemDef>
      <itemDef name="SUDA_hs0Pdi" type="onOffActiveLow1">
        <alias namespace="SUDA" value="hs0Pdi"/>
      <description text="Powers channel I (PDI)"/>
    </itemDef>  
    <itemDef name="SUDA_hs0CalRunFlag" type="enaDis">
        <alias namespace="SUDA" value="hs01CalRunFlag"/>
      <description text="Latched state of CALRUN output pin (active high) for ADC0"/>
    </itemDef>
      <itemDef name="SUDA_hs0Calrun" type="enaDis">
        <alias namespace="SUDA" value="hs0Calrun"/>
      <description text="State of CALRUN output pin (active high) for ADC0"/>
    </itemDef>
      <itemDef name="SUDA_hs0Cal" type="enaDis">
        <alias namespace="SUDA" value="hs0Cal"/>
      <description text="State of Calibration Cycle Initiate pin for Science ADC0"/>
    </itemDef>
      <itemDef name="SUDA_hs0Tpm" type="enaDis">
        <alias namespace="SUDA" value="hs0Tpm"/>
      <description text="State Test Pattern Mode enabled for Science ADC0"/>
    </itemDef>
      <itemDef name="SUDA_hs0Fsr" type="enaDis">
        <alias namespace="SUDA" value="hs0Fsr"/>
      <description text="State Full-Scale Range enabled for Science ADC0"/>
    </itemDef>    
      <itemDef name="SUDA_hs0Ece" type="onOffActiveLow1">
        <alias namespace="SUDA" value="hs0Ece"/>
      <description text="State Extended Feature Control (SPI) pin for Science ADC0"/>
    </itemDef> 
    
    <!-- testPattern -->
		<itemDef name="SUDA_BRSTUNUSED0" type="dn14">
        <alias namespace="SUDA" value="BRSTUNUSED0"/>
      <description text="Unused bits"/>
    </itemDef>
    <itemDef name="SUDA_BRSTLNGTH" type="dn10">
        <alias namespace="SUDA" value="BRSTLNGTH"/>
      <description text="Length of test pattern burst"/>
    </itemDef>
		<itemDef name="SUDA_BRSTUNUSED1" type="dn1">
        <alias namespace="SUDA" value="BRSTUNUSED1"/>
      <description text="Unused bits"/>
    </itemDef>
     <itemDef name="SUDA_brstEnbl" type="enaDis">
        <alias namespace="SUDA" value="brstEnbl"/>
      <description text="Enable burst"/>
    </itemDef>
     <itemDef name="SUDA_pattLs2" type="enaDis">
        <alias namespace="SUDA" value="pattLs2"/>
      <description text="LS ADC2 enable: '11' concatenated with lower 10 bits decrementing by 7"/>
    </itemDef>     
     <itemDef name="SUDA_pattLs1" type="enaDis">
        <alias namespace="SUDA" value="pattLs1"/>
      <description text="LS ADC1 enable: '10' concatenated with lower 10 bits decrementing by 5"/>
    </itemDef>  
     <itemDef name="SUDA_pattLs0" type="enaDis">
        <alias namespace="SUDA" value="pattLs0"/>
      <description text="LS ADC0 enable: '01' concatenated with lower 10 bits decrementing by 3"/>
    </itemDef>  
     <itemDef name="SUDA_pattHs1" type="enaDis">
        <alias namespace="SUDA" value="pattHs1"/>
      <description text="ADC1 DQ enable: '11' concatenated with lower 8 bits incrementing by 7"/>
    </itemDef>  
     <itemDef name="SUDA_pattHs0Q" type="enaDis">
        <alias namespace="SUDA" value="pattHs0I"/>
      <description text="ADC0 DQ enable: '10' concatenated with lower 8 bits incrementing by 5"/>
    </itemDef>  
     <itemDef name="SUDA_pattHs0I" type="enaDis">
        <alias namespace="SUDA" value="pattHs0I"/>
      <description text="ADC0 DI enable: '01' concatenated with lower 8 bits incrementing by 3"/>
    </itemDef>  
    <!-- stopCnt -->
    <itemDef name="SUDA_STOPUNUSED0" type="dn12">
     <alias namespace="SUDA" value="STOPUNUSED0"/>
      <description text="Unused bits"/>
    </itemDef>  
    <itemDef name="SUDA_SCISTOPCNT" type="dn20">
        <alias namespace="SUDA" value="SCISTOPCNT"/>
      <description text="Number of clock cycles spent in STOPPED state"/>
    </itemDef>  
    <!-- transCount -->
    <itemDef name="SUDA_TRANSUNUSED" type="dn2">
      <alias namespace="SUDA" value="TRANSCNTUNUSED"/>
      <description text="Unused bits"/></itemDef> 
     <itemDef name="SUDA_SCITRANSCNT_HS1Q" type="dn10">
        <alias namespace="SUDA" value="SCITRANSCNT_HS1Q"/>
      <description text="Number of times ADC data value crossed programmed threshold value for HS1Q"/>
    </itemDef>  
    <itemDef name="SUDA_SCITRANSCNT_HS0Q" type="dn10">
        <alias namespace="SUDA" value="SCITRANSCNT_HS0Q"/>
      <description text="Number of times ADC data value crossed programmed threshold value for HS0Q"/>
    </itemDef>  
    <itemDef name="SUDA_SCITRANSCNT_HS0I" type="dn10">
        <alias namespace="SUDA" value="SCITRANSCNT_HS0I"/>
      <description text="Number of times ADC data value crossed programmed threshold value for HS0I"/>
    </itemDef>  
    
    <!-- blockSel -->
     <itemDef name="SUDA_hsErr" type="errOkay">
        <alias namespace="SUDA" value="hsErr"/>
      <description text="Too many (16) pre- and post-trigger HS blocks selected (R/O)"/>
    </itemDef>
     <itemDef name="SUDA_lsErr" type="errOkay">
        <alias namespace="SUDA" value="lsErr"/>
      <description text="Too many (32) pre- and post-trigger LS blocks selected (R/O)"/>
    </itemDef>
     <itemDef name="SUDA_deadTimeBase" type="dn6">
        <alias namespace="SUDA" value="deadTimeBase"/>
      <description text="Number of deadtime blocks base between post first event and the pre next event."/>
    </itemDef>
     <itemDef name="SUDA_deadTimeShift" type="dn4">
        <alias namespace="SUDA" value="deadTimeShift"/>
      <description text="Number of deadtime blocks shift between post first event and the pre next event."/>
    </itemDef>
     <itemDef name="SUDA_hsPreTrg" type="dn4">
        <alias namespace="SUDA" value="hsPreTrg"/>
      <description text="Add 1 to get the number of HS blocks for pre-trigger data"/>
    </itemDef>
     <itemDef name="SUDA_hsPostTrg" type="dn4">
        <alias namespace="SUDA" value="hsPostTrg"/>
      <description text="Add 1 to get the number of HS blocks for post-trigger data"/>
    </itemDef>
     <itemDef name="SUDA_lsPreTrg" type="dn6">
        <alias namespace="SUDA" value="lsPreTrg"/>
      <description text="Add 1 to get the number of LS blocks for pre-trigger data"/>
    </itemDef>
     <itemDef name="SUDA_lsPostTrg" type="dn6">
        <alias namespace="SUDA" value="lsPostTrg"/>
      <description text="Add 1 to get the number of LS blocks for post-trigger data"/>
    </itemDef>  

    <!-- trig1CtrlHS0I -->
    <itemDef name="SUDA_TRIGHS0INMAX2" type="dn8"><alias namespace="SUDA" value="TRIGHS0INMAX2"/>
      <description text="Max consecutive samples above threshold for double pulse 2 only, HS ADC0-I"/></itemDef>  
    <itemDef name="SUDA_TRIGHS0INMIN2" type="dn8"><alias namespace="SUDA" value="TRIGHS0INMIN2"/>
      <description text="Min consecutive samples above threshold for double pulse 2 only, HS ADC0-I"/></itemDef>  
    <itemDef name="SUDA_TRIGHS0INMAX1" type="dn8"><alias namespace="SUDA" value="TRIGHS0INMAX1"/>
      <description text="Max consecutive samples above threshold for double pulse 1 only, HS ADC0-I"/></itemDef>  
    <itemDef name="SUDA_TRIGHS0INMIN1" type="dn8"><alias namespace="SUDA" value="TRIGHS0INMIN1"/>
      <description text="Min consecutive samples above threshold for double pulse 1 only, HS ADC0-I"/></itemDef>  
    
    <!-- trig2CtrlHS0I -->
    <itemDef name="SUDA_TRIGHS0ITHOLD" type="dn10"><alias namespace="SUDA" value="TRIGHS0ITHOLD"/>
      <description text="Threshold level for triggering for all 3 modes, HS ADC0-I"/></itemDef>      
    <itemDef name="SUDA_TRIGHS0INMAX12" type="dn11"><alias namespace="SUDA" value="TRIGHS0INMAX12"/>
      <description text="Max consecutive samples below threshold for double pulse only, HS ADC0-I"/></itemDef>  
    <itemDef name="SUDA_TRIGHS0INMIN12" type="dn11"><alias namespace="SUDA" value="TRIGHS0INMIN12"/>
      <description text="Min consecutive samples below threshold for double pulse only, HS ADC0-I"/></itemDef>  

    <!-- trig1CtrlHS0Q -->
    <itemDef name="SUDA_TRIGHS0QNMAX2" type="dn8"><alias namespace="SUDA" value="TRIGHS0QNMAX2"/>
      <description text="Max consecutive samples above threshold for double pulse 2 only, HS ADC0-Q"/></itemDef>  
    <itemDef name="SUDA_TRIGHS0QNMIN2" type="dn8"><alias namespace="SUDA" value="TRIGHS0QNMIN2"/>
      <description text="Min consecutive samples above threshold for double pulse 2 only, HS ADC0-Q"/></itemDef>  
    <itemDef name="SUDA_TRIGHS0QNMAX1" type="dn8"><alias namespace="SUDA" value="TRIGHS0QNMAX1"/>
      <description text="Max consecutive samples above threshold for double pulse 1 only, HS ADC0-Q"/></itemDef>  
    <itemDef name="SUDA_TRIGHS0QNMIN1" type="dn8"><alias namespace="SUDA" value="TRIGHS0QNMIN1"/>
      <description text="Min consecutive samples above threshold for double pulse 1 only, HS ADC0-Q"/></itemDef>  
    
    <!-- trig2CtrlHS0Q -->
    <itemDef name="SUDA_TRIGHS0QTHOLD" type="dn10"><alias namespace="SUDA" value="TRIGHS0QTHOLD"/>
      <description text="Threshold level for triggering for all 3 modes, HS ADC0-Q"/></itemDef>      
    <itemDef name="SUDA_TRIGHS0QNMAX12" type="dn11"><alias namespace="SUDA" value="TRIGHS0QNMAX12"/>
      <description text="Max consecutive samples below threshold for double pulse only, HS ADC0-Q"/></itemDef>  
    <itemDef name="SUDA_TRIGHS0QNMIN12" type="dn11"><alias namespace="SUDA" value="TRIGHS0QNMIN12"/>
      <description text="Min consecutive samples below threshold for double pulse only, HS ADC0-Q"/></itemDef>  

    <!-- trig1CtrlHS1Q -->
    <itemDef name="SUDA_TRIGHS1QNMAX2" type="dn8"><alias namespace="SUDA" value="TRIGHS1QNMAX2"/>
      <description text="Max consecutive samples above threshold for double pulse 2 only, HS ADC1-Q"/></itemDef>  
    <itemDef name="SUDA_TRIGHS1QNMIN2" type="dn8"><alias namespace="SUDA" value="TRIGHS1QNMIN2"/>
      <description text="Min consecutive samples above threshold for double pulse 2 only, HS ADC1-Q"/></itemDef>  
    <itemDef name="SUDA_TRIGHS1QNMAX1" type="dn8"><alias namespace="SUDA" value="TRIGHS1QNMAX1"/>
      <description text="Max consecutive samples above threshold for double pulse 1 only, HS ADC1-Q"/></itemDef>  
    <itemDef name="SUDA_TRIGHS1QNMIN1" type="dn8"><alias namespace="SUDA" value="TRIGHS1QNMIN1"/>
      <description text="Min consecutive samples above threshold for double pulse 1 only, HS ADC1-Q"/></itemDef>  
    
    <!-- trig2CtrlHS1Q -->    
    <itemDef name="SUDA_TRIGHS1QTHOLD" type="dn10"><alias namespace="SUDA" value="TRIGHS1QTHOLD"/>
      <description text="Threshold level for triggering for all 3 modes, HS ADC1-Q"/></itemDef>      
    <itemDef name="SUDA_TRIGHS1QNMAX12" type="dn11"><alias namespace="SUDA" value="TRIGHS1QNMAX12"/>
      <description text="Max consecutive samples below threshold for double pulse only, HS ADC1-Q"/></itemDef>  
    <itemDef name="SUDA_TRIGHS1QNMIN12" type="dn11"><alias namespace="SUDA" value="TRIGHS1QNMIN12"/>
      <description text="Min consecutive samples below threshold for double pulse only, HS ADC1-Q"/></itemDef>  

    <!-- trigCtrlLS0 -->
    <itemDef name="SUDA_TRIGLSUNUSED0" type="dn10"><alias namespace="SUDA" value="TRIGLSUNUSED0"/>
      <description text="Unused bits"/></itemDef>  
      <itemDef name="SUDA_TRIGLSSPARE" type="dn1"><alias namespace="SUDA" value="TRIGLSSPARE"/>
      <description text="Spare bit"/></itemDef>  
    <itemDef name="SUDA_TRIGLSPOLARITY" type="trigPolType1"><alias namespace="SUDA" value="TRIGLSPOLARITY"/>
      <description text="Selects if low speed ADC triggers on samples above or below threshold"/></itemDef>  
    <itemDef name="SUDA_TRIGLSTHOLD" type="dn12"><alias namespace="SUDA" value="TRIGLSTHOLD"/>
      <description text="Threshold level for triggering on low speed ADC"/></itemDef>      
    <itemDef name="SUDA_TRIGLSNMIN" type="dn8"><alias namespace="SUDA" value="TRIGLSNMIN"/>
      <description text="Min consecutive samples above/below threshold, low speed ADC"/></itemDef>  

    <!-- dclkAlign -->
    <itemDef name="SUDA_SCIALIGNSTATE" type="busyIdle"><alias namespace="SUDA" value="SCIALIGNSTATE"/>
      <description text="Status of science ADC clock alignment operation"/></itemDef>
    <itemDef name="SUDA_SCIALIGNERR" type="errOkay"><alias namespace="SUDA" value="SCIALIGNERR"/>
      <description text="Error found during science ADC clock alignment operation, read on clear"/></itemDef>
    <itemDef name="SUDA_SCIALIGNUNUSED0" type="dn5"><alias namespace="SUDA" value="SCIALIGNUNUSED0"/>
      <description text="Unused"/></itemDef>        
    <itemDef name="SUDA_SCIALIGNEYESIZE" type="dn9"><alias namespace="SUDA" value="SCIALIGNEYESIZE"/>
      <description text="Reflects eye size after successful science ADC clock alignment"/></itemDef>    
    <itemDef name="SUDA_SCIALIGNEYEPOS" type="dn8"><alias namespace="SUDA" value="SCIALIGNEYEPOS"/>
      <description text="Reflects eye phase offset position after successful science ADC clock alignment"/></itemDef>    
    <itemDef name="SUDA_SCIALIGNUNUSED1" type="dn1"><alias namespace="SUDA" value="SCIALIGNUNUSED1"/>
      <description text="Unused"/></itemDef>        
    <itemDef name="SUDA_SCIALIGNEYECENTR" type="dn7"><alias namespace="SUDA" value="SCIALIGNEYECENTR"/>
      <description text="Reflects phase offset to center after successful science ADC clock alignment"/></itemDef>    

    <itemDef name="SUDA_SCIHS0IMINSPARE" type="dn10"><alias namespace="SUDA" value="SCIHS0IMINSPARE"/>
      <description text="Spare"/></itemDef>
    <itemDef name="SUDA_SCIHS0IMIN" type="dn10"><alias namespace="SUDA" value="SCIHS0IMIN"/>
      <description text="Minimum reading on HS0I"/></itemDef>
    <itemDef name="SUDA_SCIHS0IMAXSPARE" type="dn2"><alias namespace="SUDA" value="SCIHS0IMINSPARE"/>
      <description text="Spare"/></itemDef>
    <itemDef name="SUDA_SCIHS0IMAX" type="dn10"><alias namespace="SUDA" value="SCIHS0IMAX"/>
      <description text="Maximum reading on HS0I"/></itemDef>

    <itemDef name="SUDA_SCIHS0QMINSPARE" type="dn10"><alias namespace="SUDA" value="SCIHS0QMINSPARE"/>
      <description text="Spare"/></itemDef>
    <itemDef name="SUDA_SCIHS0QMIN" type="dn10"><alias namespace="SUDA" value="SCIHS0QMIN"/>
      <description text="Minimum reading on HS0Q"/></itemDef>
    <itemDef name="SUDA_SCIHS0QMAXSPARE" type="dn2"><alias namespace="SUDA" value="SCIHS0QMINSPARE"/>
      <description text="Spare"/></itemDef>
    <itemDef name="SUDA_SCIHS0QMAX" type="dn10"><alias namespace="SUDA" value="SCIHS0QMAX"/>
      <description text="Maximum reading on HS0Q"/></itemDef>

    <itemDef name="SUDA_SCIHS1QMINSPARE" type="dn10"><alias namespace="SUDA" value="SCIHS1QMINSPARE"/>
      <description text="Spare"/></itemDef>
    <itemDef name="SUDA_SCIHS1QMIN" type="dn10"><alias namespace="SUDA" value="SCIHS1QMIN"/>
      <description text="Minimum reading on HS1Q"/></itemDef>
    <itemDef name="SUDA_SCIHS1QMAXSPARE" type="dn2"><alias namespace="SUDA" value="SCIHS1QMINSPARE"/>
      <description text="Spare"/></itemDef>
    <itemDef name="SUDA_SCIHS1QMAX" type="dn10"><alias namespace="SUDA" value="SCIHS1QMAX"/>
      <description text="Maximum reading on HS1Q"/></itemDef>

    <itemDef name="SUDA_SCILS0MINSPARE" type="dn8"><alias namespace="SUDA" value="SCILS0MINSPARE"/>
      <description text="Spare"/></itemDef>
    <itemDef name="SUDA_SCILS0MIN" type="dn12"><alias namespace="SUDA" value="SCILS0MIN"/>
      <description text="Minimum reading on LS0"/></itemDef>
    <itemDef name="SUDA_SCILS0MAX" type="dn12"><alias namespace="SUDA" value="SCILS0MAX"/>
      <description text="Maximum reading on LS0"/></itemDef>

    <itemDef name="SUDA_SCILS1MINSPARE" type="dn8"><alias namespace="SUDA" value="SCILS1MINSPARE"/>
      <description text="Spare"/></itemDef>
    <itemDef name="SUDA_SCILS1MIN" type="dn12"><alias namespace="SUDA" value="SCILS1MIN"/>
      <description text="Minimum reading on LS1"/></itemDef>
    <itemDef name="SUDA_SCILS1MAX" type="dn12"><alias namespace="SUDA" value="SCILS1MAX"/>
      <description text="Maximum reading on LS1"/></itemDef>

    <itemDef name="SUDA_SCILS2MINSPARE" type="dn8"><alias namespace="SUDA" value="SCILS2MINSPARE"/>
      <description text="Spare"/></itemDef>
    <itemDef name="SUDA_SCILS2MIN" type="dn12"><alias namespace="SUDA" value="SCILS2MIN"/>
      <description text="Minimum reading on LS2"/></itemDef>
    <itemDef name="SUDA_SCILS2MAX" type="dn12"><alias namespace="SUDA" value="SCILS2MAX"/>
      <description text="Maximum reading on LS2"/></itemDef>


    <!-- ADC Eye Pattern Registers, selected via parameter table entry -->
    <itemDef name="SUDA_SCIEYEPATTERR0" type="dn32"><alias namespace="SUDA" value="SCIEYEPATTERR0"/>
      <description text="Expanded results 1/4 of DCLK alignment process, bus selected by param table"/></itemDef>
    <itemDef name="SUDA_SCIEYEPATTERR1" type="dn32"><alias namespace="SUDA" value="SCIEYEPATTERR1"/>
      <description text="Expanded results 2/4 of DCLK alignment process, bus selected by param table"/></itemDef>
    <itemDef name="SUDA_SCIEYEPATTERR2" type="dn32"><alias namespace="SUDA" value="SCIEYEPATTERR2"/>
      <description text="Expanded results 3/4 of DCLK alignment process, bus selected by param table"/></itemDef>
    <itemDef name="SUDA_SCIEYEPATTERR3" type="dn32"><alias namespace="SUDA" value="SCIEYEPATTERR3"/>
      <description text="Expanded results 4/4 of DCLK alignment process, bus selected by param table"/></itemDef>
    <!--END: sciAdcHWPkt_t -->  
  
    <!--BEGIN: hvpsHWPkt_t -->
    <!-- sensorDetectorSetPoint -->
      <itemDef name="SUDA_sensorDetectorSetPoint_unused0" type="dn8">
        <alias namespace="SUDA" value="sensorDetectorSetPoint_unused0"/>
      <description text="Unused bits"/>
    </itemDef>  
      <itemDef name="SUDA_sensorSetpt" type="dn12">
        <alias namespace="SUDA" value="sensorSetpt"/>
      <description text="Controls setpoint for Sensor HVPS."/>
    </itemDef>  
      <itemDef name="SUDA_detectorSetpt" type="dn12">
        <alias namespace="SUDA" value="detectorSetpt"/>
      <description text="Controls setpoint for Detector HVPS."/>
    </itemDef>
    
    <!-- targetReflectronSetpoint -->
      <itemDef name="SUDA_targetReflectronSetpoint_unused0" type="dn8">
        <alias namespace="SUDA" value="targetReflectronSetpoint_unused0"/>
      <description text="Unused bits"/>
    </itemDef>  
      <itemDef name="SUDA_targetSetpt" type="dn12">
        <alias namespace="SUDA" value="targetSetpt"/>
      <description text="Controls setpoint for Target HVPS."/>
    </itemDef>  
      <itemDef name="SUDA_reflectSetpt" type="dn12">
        <alias namespace="SUDA" value="reflectSetpt"/>
      <description text="Controls setpoint for Reflectron HVPS."/>
    </itemDef>

    <!-- sensorDetectorMax -->
      <itemDef name="SUDA_sensorDetectorMax_unused0" type="dn8">
        <alias namespace="SUDA" value="sensorDetectorMax_unused0"/>
      <description text="Unused bits"/>
    </itemDef>  
      <itemDef name="SUDA_sensorMax" type="dn12">
        <alias namespace="SUDA" value="sensorMax"/>
      <description text="Controls maximum allowable DAC value for Sensor HVPS."/>
    </itemDef>  
      <itemDef name="SUDA_detectorMax" type="dn12">
        <alias namespace="SUDA" value="detectorMax"/>
      <description text="Controls maximum allowable DAC value for Detector HVPS."/>
    </itemDef>  

    <!-- reflectronTargetMax -->
      <itemDef name="SUDA_reflectronTargetMax_unused0" type="dn8">
        <alias namespace="SUDA" value="reflectronTargetMax_unused0"/>
      <description text="Unused bits"/>
    </itemDef>  
      <itemDef name="SUDA_reflectMax" type="dn12">
        <alias namespace="SUDA" value="reflectMax"/>
      <description text="Controls maximum allowable DAC value for Reflectron HVPS."/>
    </itemDef>  
      <itemDef name="SUDA_targetMax" type="dn12">
        <alias namespace="SUDA" value="targetMax"/>
      <description text="Controls maximum allowable DAC value for Target HVPS."/>
    </itemDef>  

    <!-- sensorDetectorLast -->
      <itemDef name="SUDA_sensorDetectorLast_unused0" type="dn8">
        <alias namespace="SUDA" value="sensorDetectorLast_unused0"/>
      <description text="Unused bits"/>
    </itemDef>  
      <itemDef name="SUDA_sensorLast" type="dn12">
        <alias namespace="SUDA" value="sensorLast"/>
      <description text="Returns last 12-bit value sent to the Sensor HVPS"/>
    </itemDef>  
      <itemDef name="SUDA_detectorLast" type="dn12">
        <alias namespace="SUDA" value="detectorLast"/>
      <description text="Returns last 12-bit value sent to the Detector HVPS"/>
    </itemDef>    
    
    <!-- targetReflectronLast -->
      <itemDef name="SUDA_targetReflectronLast_unused0" type="dn8">
        <alias namespace="SUDA" value="targetReflectronLast_unused0"/>
      <description text="Unused bits"/>
    </itemDef>  
    <itemDef name="SUDA_targetLast" type="dn12">
        <alias namespace="SUDA" value="targetLast"/>
      <description text="Returns last 12-bit value sent to the Target HVPS"/>
    </itemDef>  
      <itemDef name="SUDA_reflectLast" type="dn12">
        <alias namespace="SUDA" value="reflectLast"/>
      <description text="Returns last 12-bit value sent to the Reflectron HVPS"/>
    </itemDef>

  <!--END: hvpsHWPkt_t -->

  <!--BEGIN: OpHtrHWPkt_t -->
    <!-- ophtr01Setpoint -->
      <itemDef name="SUDA_ophtr01Setpoint_unused0" type="dn8">
        <alias namespace="SUDA" value="ophtr01Setpoint_unused0"/>
      <description text="Unused bits"/>
    </itemDef>  
      <itemDef name="SUDA_opHtr1Setpt" type="dn12">
        <alias namespace="SUDA" value="opHtr1Setpt"/>
      <description text="Control setpoint for op heater 1"/>
    </itemDef>  
      <itemDef name="SUDA_opHtr0Setpt" type="dn12">
        <alias namespace="SUDA" value="opHtr0Setpt"/>
      <description text="Control setpoint for op heater 0"/>
    </itemDef>

    <!-- ophtr2SetpointOphtr0Last -->
      <itemDef name="SUDA_ophtr2SetpointOphtr0Last_unused0" type="dn8">
        <alias namespace="SUDA" value="ophtr2SetpointOphtr0Last_unused0"/>
      <description text="Unused bits"/>
    </itemDef>  
      <itemDef name="SUDA_opHtr0Last" type="dn12">
        <alias namespace="SUDA" value="opHtr0Last"/>
      <description text="Read last command sent to op heater 0"/>
    </itemDef>  
      <itemDef name="SUDA_opHtr2Setpt" type="dn12">
        <alias namespace="SUDA" value="opHtr2Setpt"/>
      <description text="Control setpoint for op heater 2"/>
    </itemDef>

    <!-- ophtr1And2Last -->
      <itemDef name="SUDA_ophtr1And2Last_unused0" type="dn8">
        <alias namespace="SUDA" value="ophtr1And2Last_unused0"/>
      <description text="Unused bits"/>
    </itemDef>  
      <itemDef name="SUDA_opHtr2Last" type="dn12">
        <alias namespace="SUDA" value="opHtr2Last"/>
      <description text="Read last command sent to op heater 2"/>
    </itemDef>  
      <itemDef name="SUDA_opHtr1Last" type="dn12">
        <alias namespace="SUDA" value="opHtr1Last"/>
      <description text="Read last command sent to op heater 1"/>
    </itemDef>    
  <!--END: OpHtrHWPkt_t -->

  <!--BEGIN: sramHwPkt_t -->    
    <!-- edacAndMerr -->
      <itemDef name="SUDA_sramunused0" type="dn6">
        <alias namespace="SUDA" value="edacAndMerr_unused0"/>
      <description text="Unused bits"/>
    </itemDef>  
      <itemDef name="SUDA_sramedacIntr" type="enaDis">
        <alias namespace="SUDA" value="edacIntr"/>
      <description text="Interrupt will occur on detection of uncorrectable error for SRAM read"/>
    </itemDef>  
      <itemDef name="SUDA_sramerrInject" type="enaDis">
        <alias namespace="SUDA" value="errInject"/>
      <description text="Error injection enable"/>
    </itemDef>
      <itemDef name="SUDA_sramunused1" type="dn3">
        <alias namespace="SUDA" value="edacAndMerr_unused1"/>
      <description text="Unused bits"/>
    </itemDef>
      <itemDef name="SUDA_sramscrub" type="enaDis">
        <alias namespace="SUDA" value="scrub"/>
      <description text="Scrubbing enable"/>
    </itemDef>
      <itemDef name="SUDA_sramunused2" type="dn3">
        <alias namespace="SUDA" value="edacAndMerr_unused2"/>
      <description text="Unused bits"/>
    </itemDef>
      <itemDef name="SUDA_sramedacena" type="enaDis">
        <alias namespace="SUDA" value="ena"/>
      <description text="EDAC enable"/>
    </itemDef>  
      <itemDef name="SUDA_srammerrCnt" type="dn16">
        <alias namespace="SUDA" value="merrCnt"/>
      <description text="Count of uncorrectable errors seen on SRAM reads, write to clear"/>
    </itemDef>  

    <!-- merrAddrStruct -->
      <itemDef name="SUDA_sramunused3" type="dn13">
        <alias namespace="SUDA" value="merrAddrStruct_unused0"/>
      <description text="Unused bits"/>
    </itemDef>  
      <itemDef name="SUDA_srammerrAddr" type="dn19">
        <alias namespace="SUDA" value="merrAddr"/>
      <description text="SRAM address of the most recent uncorrectable error"/>
    </itemDef>

    <!-- serrAddrStruct -->
      <itemDef name="SUDA_sramunused4" type="dn13">
        <alias namespace="SUDA" value="serrAddrStruct_unused0"/>
      <description text="Unused bits"/>
    </itemDef>  
      <itemDef name="SUDA_sramserrAddr" type="dn19">
        <alias namespace="SUDA" value="serrAddr"/>
      <description text="SRAM address of the most recent uncorrectable error"/>
    </itemDef>
  <!--END: sramHwPkt_t -->

  <!--BEGIN: timerHwPkt_t xtimer -->
    <!-- ctrlStat -->
      <itemDef name="SUDA_timer0_ctrlStat" type="dn16">
        <alias namespace="SUDA" value="timer0_ctrlStat"/>
      <description text="Timer 0 Control Status"/>
    </itemDef>  
      <itemDef name="SUDA_timer1_ctrlStat" type="dn16">
        <alias namespace="SUDA" value="timer1_ctrlStat"/>
      <description text="Timer 0 Control Status"/>
    </itemDef>  
    
    <!-- load -->   
      <itemDef name="SUDA_timer0_load" type="dn32">
        <alias namespace="SUDA" value="timer0_load"/>
      <description text="Timer 0 Load"/>
    </itemDef>  
    
    <!-- timerCntr -->
      <itemDef name="SUDA_timer0_cntr" type="dn32">
        <alias namespace="SUDA" value="timer0_timerCntr"/>
      <description text="Timer 0 Counter"/>
    </itemDef>      
    
    <!-- load -->   
      <itemDef name="SUDA_timer1_load" type="dn32">
        <alias namespace="SUDA" value="timer1_load"/>
      <description text="Timer 0 Load"/>
    </itemDef>  
    
    <!-- timerCntr -->
      <itemDef name="SUDA_timer1_cntr" type="dn32">
        <alias namespace="SUDA" value="timer1_timerCntr"/>
      <description text="Timer 0 Counter"/>
    </itemDef>      
  <!--END: timerHwPkt_t timer1 -->

  <!--BEGIN: bramHwPkt_t ibram -->
    <!-- intrEnaEccMerrSerr -->
    <itemDef name="SUDA_IBRAMECC" type="enaDis"><alias namespace="SUDA" value="IBRAMECC"/>
      <description text="Ctrl to enable instr BRAM error correcting code"/></itemDef>
    <itemDef name="SUDA_IBRAMSPAREHW" type="dn5"><alias namespace="SUDA" value="IBRAMSPAREHW"/>
      <description text="Spare"/></itemDef> 
    <itemDef name="SUDA_IBRAMCERR" type="yesNo"><alias namespace="SUDA" value="IBRAMCERR"/>
      <description text="Interrupt enabled if correctable error detected"/></itemDef>
    <itemDef name="SUDA_IBRAMUERR" type="yesNo"><alias namespace="SUDA" value="IBRAMUERR"/>
      <description text="Interrupt enabled if uncorrectable error detected"/></itemDef>
    <itemDef name="SUDA_IBRAMERRINJCODE" type="dn8"><alias namespace="SUDA" value="IBRAMERRINJCODE"/>
      <description text="Inject error in the generated ECC written to the iBRAM"/></itemDef>
    <itemDef name="SUDA_IBRAMUERRCODE" type="dn8"><alias namespace="SUDA" value="IBRAMUERRCODE"/>
      <description text="Stores ECC code identifying first ECC fail, reset by clearing status register"/></itemDef>
    <itemDef name="SUDA_IBRAMCERRCODE" type="dn8"><alias namespace="SUDA" value="IBRAMCERRCODE"/>
      <description text="Stores ECC code identifying first ECC fail, reset by clearing status register"/></itemDef>  
    <itemDef name="SUDA_IBRAMCERRDATA" type="dn32"><alias namespace="SUDA" value="IBRAMCERRDATA"/>
      <description text="Uncorrected data from correctable EDAC error in instruction BRAM"/></itemDef>
    <itemDef name="SUDA_IBRAMUERRDATA" type="dn32"><alias namespace="SUDA" value="IBRAMUERRDATA"/>
      <description text="Uncorrected data from uncorrectable EDAC error in instruction BRAM"/></itemDef>
    <itemDef name="SUDA_IBRAMUERRADDR" type="dn32"><alias namespace="SUDA" value="IBRAMUERRADDR"/>
      <description text="Address of uncorrectable EDAC error in instruction BRAM"/></itemDef>
    <itemDef name="SUDA_IBRAMERRINJDATA" type="dn32"><alias namespace="SUDA" value="IBRAMERRINJDATA"/>
      <description text="Selects which bits errors are injected into instruction BRAM"/></itemDef>    
  <!--END: bramHwPkt_t ibram -->

  <!--BEGIN: bramHwPkt_t dbram -->
    <itemDef name="SUDA_DBRAMECC" type="enaDis"><alias namespace="SUDA" value="DBRAMECC"/>
      <description text="Ctrl to enable data BRAM error correcting code"/></itemDef>
    <itemDef name="SUDA_DBRAMSPAREHW" type="dn5"><alias namespace="SUDA" value="DBRAMSPAREHW"/>
      <description text="Spare"/></itemDef> 
    <itemDef name="SUDA_DBRAMCERR" type="yesNo"><alias namespace="SUDA" value="DBRAMCERR"/>
      <description text="Interrupt enabled if correctable error detected"/></itemDef>
    <itemDef name="SUDA_DBRAMUERR" type="yesNo"><alias namespace="SUDA" value="DBRAMUERR"/>
      <description text="Interrupt enabled if uncorrectable error detected"/></itemDef>
    <itemDef name="SUDA_DBRAMERRINJCODE" type="dn8"><alias namespace="SUDA" value="DBRAMERRINJCODE"/>
      <description text="Inject error in the generated ECC written to the dBRAM"/></itemDef>
    <itemDef name="SUDA_DBRAMUERRCODE" type="dn8"><alias namespace="SUDA" value="DBRAMUERRCODE"/>
      <description text="Stores ECC code identifying first ECC fail, reset by clearing status register"/></itemDef>
    <itemDef name="SUDA_DBRAMCERRCODE" type="dn8"><alias namespace="SUDA" value="DBRAMCERRCODE"/>
      <description text="Stores ECC code identifying first ECC fail, reset by clearing status register"/></itemDef>  
    <itemDef name="SUDA_DBRAMCERRDATA" type="dn32"><alias namespace="SUDA" value="DBRAMCERRDATA"/>
      <description text="Uncorrected data from correctable EDAC error in data BRAM"/></itemDef>
    <itemDef name="SUDA_DBRAMUERRDATA" type="dn32"><alias namespace="SUDA" value="DBRAMUERRDATA"/>
      <description text="Uncorrected data from uncorrectable EDAC error in data BRAM"/></itemDef>
    <itemDef name="SUDA_DBRAMUERRADDR" type="dn32"><alias namespace="SUDA" value="DBRAMUERRADDR"/>
      <description text="Address of uncorrectable EDAC error in data BRAM"/></itemDef>
    <itemDef name="SUDA_DBRAMERRINJDATA" type="dn32"><alias namespace="SUDA" value="DBRAMERRINJDATA"/>
      <description text="Selects which bits errors are injected into data BRAM"/></itemDef>    
  <!--END: bramHwPkt_t dbram -->  

  <!--BEGIN: spiHwPkt_t spi0 -->  
    <!-- Interrupt Control -->
     <itemDef name="SUDA_spi0_intrCtrl" type="dn32">
        <alias namespace="SUDA" value="spi0_intrCtrl"/>
      <description text="Provides control over various aspect of SPI core"/>
    </itemDef>
    
    <!-- Status -->   
     <itemDef name="SUDA_spi0_status_unused0" type="dn2">
        <alias namespace="SUDA" value="spi0_status_unused0"/>
      <description text="Unused bits"/>
    </itemDef>
     <itemDef name="SUDA_spi0_txFifoLen" type="dn4">
        <alias namespace="SUDA" value="spi0_txFifoLen"/>
      <description text="four-bit value that is one less than number of elements in FIFO"/>
    </itemDef>
     <itemDef name="SUDA_spi0_rxFifoLen" type="dn4">
        <alias namespace="SUDA" value="spi0_rxFifoLen"/>
      <description text="four-bit value that is one less than number of elements in FIFO"/>
    </itemDef>  
     <itemDef name="SUDA_spi0_slaveSelect" type="dn1">
        <alias namespace="SUDA" value="spi0_slaveSelect"/>
      <description text="Slave Mode Select"/>
    </itemDef>  
     <itemDef name="SUDA_spi0_MODF" type="dn1">
        <alias namespace="SUDA" value="spi0_MODF"/>
      <description text="MODF"/>
    </itemDef>
     <itemDef name="SUDA_spi0_TXFull" type="yesNo">
        <alias namespace="SUDA" value="spi0_TXFull"/>
      <description text="SPI0 TX Buffer Full"/>
    </itemDef>
     <itemDef name="SUDA_spi0_TXEmpty" type="yesNo">
        <alias namespace="SUDA" value="spi0_TXEmpty"/>
      <description text="SPI0 TX Buffer Empty"/>
    </itemDef>
     <itemDef name="SUDA_spi0_RXFull" type="yesNo">
        <alias namespace="SUDA" value="spi0_RXFull"/>
      <description text="SPI0 TX Buffer Full"/>
    </itemDef>
     <itemDef name="SUDA_spi0_RXEmpty" type="yesNo">
        <alias namespace="SUDA" value="spi0_RXEmpty"/>
      <description text="SPI0 RX Buffer Empty"/>
    </itemDef>
     <itemDef name="SUDA_spi0_status_unused1" type="dn16">
        <alias namespace="SUDA" value="spi0_status_unused1"/>
      <description text="Unused bits"/>
    </itemDef>    
  <!--END: spiHwPkt_t spi0 -->  

  <!--BEGIN: spiHwPkt_t spi1 -->  
    <!-- Interrupt Control -->
     <itemDef name="SUDA_spi1_intrCtrl" type="dn32">
        <alias namespace="SUDA" value="spi1_intrCtrl"/>
      <description text="Provides control over various aspect of SPI core"/>
    </itemDef>
    
    <!-- Status -->   
     <itemDef name="SUDA_spi1_status_unused0" type="dn2">
        <alias namespace="SUDA" value="spi1_status_unused0"/>
      <description text="Unused bits"/>
    </itemDef>
     <itemDef name="SUDA_spi1_txFifoLen" type="dn4">
        <alias namespace="SUDA" value="spi1_txFifoLen"/>
      <description text="four-bit value that is one less than number of elements in FIFO"/>
    </itemDef>
     <itemDef name="SUDA_spi1_rxFifoLen" type="dn4">
        <alias namespace="SUDA" value="spi1_rxFifoLen"/>
      <description text="four-bit value that is one less than number of elements in FIFO"/>
    </itemDef>  
     <itemDef name="SUDA_spi1_slaveSelect" type="dn1">
        <alias namespace="SUDA" value="spi1_slaveSelect"/>
      <description text="Slave Mode Select"/>
    </itemDef>  
     <itemDef name="SUDA_spi1_MODF" type="dn1">
        <alias namespace="SUDA" value="spi1_MODF"/>
      <description text="MODF"/>
    </itemDef>
     <itemDef name="SUDA_spi1_TXFull" type="yesNo">
        <alias namespace="SUDA" value="spi1_TXFull"/>
      <description text="spi1 TX Buffer Full"/>
    </itemDef>
     <itemDef name="SUDA_spi1_TXEmpty" type="yesNo">
        <alias namespace="SUDA" value="spi1_TXEmpty"/>
      <description text="spi1 TX Buffer Empty"/>
    </itemDef>
     <itemDef name="SUDA_spi1_RXFull" type="yesNo">
        <alias namespace="SUDA" value="spi1_RXFull"/>
      <description text="spi1 TX Buffer Full"/>
    </itemDef>
     <itemDef name="SUDA_spi1_RXEmpty" type="yesNo">
        <alias namespace="SUDA" value="spi1_RXEmpty"/>
      <description text="spi1 RX Buffer Empty"/>
    </itemDef>
     <itemDef name="SUDA_spi1_status_unused1" type="dn16">
        <alias namespace="SUDA" value="spi1_status_unused1"/>
      <description text="Unused bits"/>
    </itemDef>    
  <!--END: spiHwPkt_t spi1 -->  

  <!--BEGIN: txPktCtrlHwPkt_t --> 
    <!-- Status -->   
     <itemDef name="SUDA_txPkt_unused0" type="dn14">
        <alias namespace="SUDA" value="txPkt_unused0"/>
      <description text="Unused bits"/>
    </itemDef>
     <itemDef name="SUDA_txMerr_read" type="errOkay">
        <alias namespace="SUDA" value="txMerr_read"/>
      <description text="Multiple bit error was detected on read (write '1' to clear)"/>
    </itemDef>  
     <itemDef name="SUDA_txSerr_read" type="errOkay">
        <alias namespace="SUDA" value="txSerr_read"/>
      <description text="Single bit error was detected on read (write '1' to clear)"/>
    </itemDef>  
     <itemDef name="SUDA_txBuffOverflow" type="errOkay">
        <alias namespace="SUDA" value="txBuffOverflow"/>
      <description text="TxPkt buffer overflow (write '1' to clear)"/>
    </itemDef>  
     <itemDef name="SUDA_txBuffUnderflow" type="errOkay">
        <alias namespace="SUDA" value="txBuffUnderflow"/>
      <description text="TxPkt buffer underflow (write '1' to clear)"/>
    </itemDef>   
     <itemDef name="SUDA_txBuffFull" type="yesNo">
        <alias namespace="SUDA" value="txBuffFull"/>
      <description text="TxPkt buffer full"/>
    </itemDef>   
     <itemDef name="SUDA_txBuffEmpty" type="yesNo">
        <alias namespace="SUDA" value="txBuffEmpty"/>
      <description text="TxPkt buffer empty"/>
    </itemDef>   
    
    <!-- Length -->   
     <itemDef name="SUDA_txPKT_len" type="dn12">
        <alias namespace="SUDA" value="txPKT_len"/>
      <description text="Length in bytes of the packet to be transmitted (minus one)"/>
    </itemDef>
  <!--END: txPktCtrlHwPkt_t --> 
  
  <!--BEGIN: rxPktCtrlHwPkt_t --> 
    <!-- Status -->   
    <itemDef name="SUDA_HWRXPKTUNUSED0" type="dn12"><alias namespace="SUDA" value="HWRXPKTUNUSED0"/>
      <description text="Unused bits"/>
    </itemDef>
    <itemDef name="SUDA_RXPKTDROPLATCH" type="errOkay"><alias namespace="SUDA" value="RXPKTDROPLATCH"/>
      <description text="Packet dropped due to full buffer, since last clear"/>
    </itemDef>
    <itemDef name="SUDA_RXPKTWROVRFLW" type="errOkay"><alias namespace="SUDA" value="RXPKTWROVRFLW"/>
      <description text="Write address overflow"/>
    </itemDef>    
    <itemDef name="SUDA_RXPKTUERR" type="errOkay"><alias namespace="SUDA" value="RXPKTUERR"/>
      <description text="Multiple bit error was detected on read"/>
    </itemDef>  
    <itemDef name="SUDA_RXPKTCERR" type="errOkay"><alias namespace="SUDA" value="RXPKTCERR"/>
      <description text="Single bit error was detected on read"/>
    </itemDef>  
    <itemDef name="SUDA_RXPKTBUFOVRFLW" type="errOkay"><alias namespace="SUDA" value="RXPKTBUFOVRFLW"/>
      <description text="RxPkt buffer overflow"/>
    </itemDef>  
    <itemDef name="SUDA_RXPKTBUFUNDERFLW" type="errOkay"><alias namespace="SUDA" value="RXPKTBUFUNDERFLW"/>
      <description text="RxPkt buffer underflow"/>
    </itemDef>   
    <itemDef name="SUDA_RXPKTBUFFULL" type="yesNo"><alias namespace="SUDA" value="RXPKTBUFFULL"/>
      <description text="RxPkt buffers are full"/>
    </itemDef>   
    <itemDef name="SUDA_RXPKTBUFEMPTY" type="yesNo"><alias namespace="SUDA" value="RXPKTBUFEMPTY"/>
      <description text="RxPkt buffers are empty"/>
    </itemDef>   
    <itemDef name="SUDA_RXPKTLEN" type="dn12"><alias namespace="SUDA" value="RXPKTLEN"/>
      <description text="Length in bytes of the last SpW pkt received (minus one)"/>
    </itemDef>
    <!--END: rxPktCtrlHwPkt_t --> 
                      
    <!--BEGIN: compHwPkt_t -->  
    <itemDef name="SUDA_COMPRDATASIZE" type="dn13"><alias namespace="SUDA" value="dataSize"/>
      <description text="Length (in 32 bit words) of most recently compressed data set"/>
    </itemDef>
    <itemDef name="SUDA_COMPRSTATUS" type="enaDis"><alias namespace="SUDA" value="go"/>
      <description text="If '1', compressing operation is in progress"/>
    </itemDef>
    <itemDef name="SUDA_COMPRDEPTH" type="depthSelType1"><alias namespace="SUDA" value="depthSel"/>
      <description text="Selects data depth being compressed, 10 bit (0) or 12 bit (1)"/>
    </itemDef>
    <itemDef name="SUDA_COMPRSTARTPTR" type="dn15"><alias namespace="SUDA" value="ingressStrt"/>
      <description text="15 bit pointer to start of data to be compressed"/>
    </itemDef>
    <itemDef name="SUDA_COMPRUERR" type="errOkay"><alias namespace="SUDA" value="merr_upset"/>
      <description text="Uncorrectable multi bit upset in compression core RAM"/>
    </itemDef>
    <itemDef name="SUDA_COMPRCERR" type="errOkay"><alias namespace="SUDA" value="serr_upset"/>
      <description text="Correctable single bit upset in compression core RAM"/>
    </itemDef>
    
    <itemDef name="SUDA_COMPRUNUSED0" type="dn20"><alias namespace="SUDA" value="compHw_unused0"/>
      <description text="Unused Bits"/>
    </itemDef>
    <itemDef name="SUDA_COMPRDATALEN" type="dn12"><alias namespace="SUDA" value="compHw_dataLen"/>
      <description text="Length of data to be compresses in 32-bit words"/>
    </itemDef>
    <!--END: compHwPkt_t -->  
      
     <itemDef name="SUDA_SYNCMARKHWPKT" type="dn16">
        <alias namespace="SUDA" value="hwPayload_CRCPad"/>
      <description text="Synchronization marker"/>
    </itemDef>
     <itemDef name="SUDA_CRCHWPKT" type="dn16">
        <alias namespace="SUDA" value="hwPayload_CRC"/>
      <description text="16-Bit CRC Checksum Value of HW Payload Packet"/>
    </itemDef>    
    </field>
  </frameDef>

  <frameDef name="suda_hw" id="0x0585"><description text="Hardware-Centric Packet"/>
    <field>
      <frameCopy name="CCSDSPriHeader" suffix="_hwPkt"/>
      <frameCopy name="CCSDSSecHeader" suffix="_hwPkt"/>
      <item name="suda_hw_hk_frame"/>
    </field>
  </frameDef>

</hydraDef>
