<!-- SUDA-specific file to define SUDA Telemetry Hardware Packet -->

<hydraDef>

  
  <!-- ====================================== -->
  <!-- Hardware-Centric Packet                -->
  <!-- ====================================== -->

  <frameDef name="suda_hw_hk_frame" id="0x0485"><description text="Hardware tlm contents"/>
    <field>
  <!--BEGIN: spwHWPkt_t -->
    <!-- Read Config A -->
    <itemDef name="SUDA_SpwCtrlSpare0" type="dn20"><alias namespace="SUDA" value="SpwCtrlSpare0"/>
      <description text="Spare"/></itemDef>    
    <itemDef name="SUDA_dataRate" type="dn6"><alias namespace="SUDA" value="dataRate"/>
      <description text="Transmit data rate for SpaceWire link"/></itemDef>
    <itemDef name="SUDA_nullRate" type="dn6"><alias namespace="SUDA" value="nullRate"/>
      <description text="Auto-null rate for SpaceWire link"/></itemDef>
    
    <!-- Read SpaceWire Status B and Link Control Register -->    
    <itemDef name="SUDA_DSLinkVer" type="dn8"><alias namespace="SUDA" value="DSLinkVer"/>
      <description text="SpaceWire DS Link core version number"/></itemDef>
    <itemDef name="SUDA_SpwLcrSpare1" type="dn8"><alias namespace="SUDA" value="SpwLcrSpare1"/>
      <description text="Unused bits"/></itemDef>  
    <itemDef name="SUDA_SpwLcrSpare0" type="dn12"><alias namespace="SUDA" value="SpwLcrSpare0"/>
      <description text="Spare"/></itemDef>     
    <itemDef name="SUDA_remoteLoopback" type="errOkay"><alias namespace="SUDA" value="remoteLoopback"/>
      <description text="Enable remote SpaceWire loopback (spacecraft side loops back to spacecraft)"/></itemDef>     
    <itemDef name="SUDA_prSpwMode" type="prSpwMode2"><alias namespace="SUDA" value="prSpwMode"/>
      <description text="Select mode to establish SpaceWire link: pri, sec, ping-pong"/></itemDef>     
    <itemDef name="SUDA_localLoopback" type="errOkay"><alias namespace="SUDA" value="localLoopback"/>
      <description text="Enable local SpaceWire loopback (instrument side loops back to instrument)"/></itemDef>    
    
    <!-- SpaceWire configuration and interrupt Registers -->
      <itemDef name="SUDA_SpwCfgIntrSpare" type="dn9">
        <alias namespace="SUDA" value="SpwCfgIntrSpare"/>
      <description text="Spare"/>
    </itemDef>     
      <itemDef name="SUDA_rxTickNumber" type="dn8">
        <alias namespace="SUDA" value="rxTickOvrflwMask"/>
      <description text=""/>
    </itemDef>     
      <itemDef name="SUDA_rxTickOvrflwMask" type="enaDis">
        <alias namespace="SUDA" value="rxTickOvrflwMask"/>
      <description text="Enables interrupt when RxTime counter overflows (1001 msec) without tick"/>
    </itemDef>     
      <itemDef name="SUDA_rxTickMask" type="enaDis">
        <alias namespace="SUDA" value="rxTickMask"/>
      <description text="Enables interrupt when  a SpaceWire time tick is received"/>
    </itemDef>     
      <itemDef name="SUDA_rxTimeOverflw" type="yesNo">
        <alias namespace="SUDA" value="rxTimeOverflw"/>
      <description text="Status indicator that RxTime cntr overflows (1001 msec) without received tick"/>
    </itemDef> 
      <itemDef name="SUDA_rxTick" type="yesNo">
        <alias namespace="SUDA" value="rxTick"/>
      <description text="Status indicator that a SpaceWire time tick is received"/>
    </itemDef>  
      <itemDef name="SUDA_parityErr" type="dn3">
        <alias namespace="SUDA" value="parityErr"/>
      <description text="Inject parity errors if nonzero.  See FPGA spec for details."/>
    </itemDef>      
      <itemDef name="SUDA_linkTmoCtrl" type="dn4">
        <alias namespace="SUDA" value="linkTmoCtrl"/>
      <description text="SpaceWire link timeout period setting before declaring failure"/>
    </itemDef>  
      <itemDef name="SUDA_timeCodeEnbl" type="enaDis">
        <alias namespace="SUDA" value="timeCodeEnbl"/>
      <description text="Enables SpaceWire time code transmission on receipt of a valid Time-Code"/>
    </itemDef>  
      <itemDef name="SUDA_lnkAutoStrt" type="yesNo">
        <alias namespace="SUDA" value="lnkAutoStrt"/>
      <description text="Link auto-start"/>
    </itemDef>  
      <itemDef name="SUDA_lnkStart" type="yesNo">
        <alias namespace="SUDA" value="lnkStart"/>
      <description text="Link start"/>
    </itemDef>  
      <itemDef name="SUDA_lnkDisable" type="yesNo">
        <alias namespace="SUDA" value="lnkDisable"/>
      <description text="Link disable"/>
    </itemDef>
  <!--END: spwHWPkt_t -->


  <!--BEGIN: globalHWPkt_t -->
    <!-- fpgaRevAndGpio -->
    <itemDef name="SUDA_gpio" type="dn16"><alias namespace="SUDA" value="gpio"/>
      <description text="Controls state of 16 general purpose I/O signals"/></itemDef>    
    <itemDef name="SUDA_PROCBDID" type="board"><alias namespace="SUDA" value="PROCBDID"/>
      <description text="Processor board assembly self-identification"/></itemDef>  
    
    <!-- fpgaBuild -->    
    <itemDef name="SUDA_fpgayear" type="dn16"><alias namespace="SUDA" value="year"/>
      <description text="Date of FPGA compilation, year"/></itemDef>
    <itemDef name="SUDA_fpgamonth" type="dn8"><alias namespace="SUDA" value="month"/>
      <description text="Date of FPGA compilation, year"/></itemDef>  
    <itemDef name="SUDA_fpgaday" type="dn8"><alias namespace="SUDA" value="day"/>
      <description text="Date of FPGA compilation, day"/></itemDef>  
    
    <!-- wdogCntAndMuxAddrAndMram -->   
    <itemDef name="SUDA_MRAMPwr" type="enaDis"><alias namespace="SUDA" value="MRAMPwr"/>
      <description text="Control power state of MRAM, register deprecated but remains for posterity"/></itemDef>     
    <itemDef name="SUDA_testMuxAddr" type="dn5"><alias namespace="SUDA" value="testMuxAddr"/>
      <description text="Test Mux Address Register"/></itemDef>     
    <itemDef name="SUDA_wdogCount" type="dn26"><alias namespace="SUDA" value="wdogCount"/>
      <description text="Current value of the Watchdog Counter, in 25 nsec ticks"/></itemDef>     
    
    <!-- wdogHWMAndIntrMskAndIntrStat -->
    <itemDef name="SUDA_IntrMaskSpare" type="dn2"><alias namespace="SUDA" value="IntrMaskSpare"/>
      <description text="Spare"/></itemDef>     
    <itemDef name="SUDA_DcmLockedMask" type="enaDis"><alias namespace="SUDA" value="DcmLockedMask"/>
      <description text="Mask interrupt when DCM becomes locked"/></itemDef>     
    <itemDef name="SUDA_PllLockedMask" type="enaDis"><alias namespace="SUDA" value="PllLockedMask"/>
      <description text="Mask interrupt when PLL becomes locked"/></itemDef> 
    <itemDef name="SUDA_DcmUnlockedMask" type="enaDis"><alias namespace="SUDA" value="DcmUnlockedMask"/>
      <description text="Mask interrupt when DCM loses lock"/></itemDef>  
    <itemDef name="SUDA_PllUnlockedMask" type="enaDis"><alias namespace="SUDA" value="PllUnlockedMask"/>
      <description text="Mask interrupt when PLL loses lock"/></itemDef>  
    <itemDef name="SUDA_wdogHWM" type="dn26"><alias namespace="SUDA" value="wdogHWM"/>
      <description text="Max watchdog count since last clear, in 25 nsec ticks"/></itemDef>
    
    <!-- Scratchpad Registers and Test Mux -->
    <itemDef name="SUDA_scratch1" type="dn32"><alias namespace="SUDA" value="scratch1"/>
      <description text="Scratchpad register #1 in FPGA Global/System module"/></itemDef>
    <itemDef name="SUDA_scratch2" type="dn32"><alias namespace="SUDA" value="scratch2"/>
      <description text="Scratchpad register #2 in FPGA Global/System module"/></itemDef>
    <itemDef name="SUDA_scratch3" type="dn32"><alias namespace="SUDA" value="scratch3"/>
      <description text="Scratchpad register #3 in FPGA Global/System module"/></itemDef>
    <itemDef name="SUDA_scratch4" type="dn32"><alias namespace="SUDA" value="scratch4"/>
      <description text="Scratchpad register #4 in FPGA Global/System module"/></itemDef>
    <itemDef name="SUDA_testMuxData" type="dn32"><alias namespace="SUDA" value="testMuxData"/>
      <description text="Data for test mux used during ground test"/></itemDef>  

    <!-- spareInputAndIntrStat -->
    <itemDef name="SUDA_IntrStatSpare0" type="dn22"><alias namespace="SUDA" value="IntrStatSpare0"/>
      <description text="spare"/></itemDef>     
    <itemDef name="SUDA_TestPort" type="enaDis"><alias namespace="SUDA" value="TestPort"/>
      <description text="Proc to HVPS Spare 3"/></itemDef>     
    <itemDef name="SUDA_IntrStatSpare1" type="dn1"><alias namespace="SUDA" value="IntrStatSpare1"/>
      <description text="spare"/></itemDef>     
    <itemDef name="SUDA_DcmLockedSt" type="enaDis"><alias namespace="SUDA" value="DcmLockedSt"/>
      <description text="DCM transitioned from unlocked to locked since last clear"/></itemDef>     
    <itemDef name="SUDA_PllLockedSt" type="enaDis"><alias namespace="SUDA" value="PllLockedSt"/>
      <description text="Status for PLL becomes locked"/></itemDef> 
    <itemDef name="SUDA_DcmUnlockedSt" type="enaDis"><alias namespace="SUDA" value="DcmUnlockedSt"/>
      <description text="Status for DCM loses lock"/></itemDef>  
    <itemDef name="SUDA_PllUnlockedSt" type="enaDis"><alias namespace="SUDA" value="PllUnlockedSt"/>
      <description text="Status for PLL loses lock"/></itemDef>  
    <itemDef name="SUDA_SpareInput3" type="enaDis"><alias namespace="SUDA" value="SpareInput3"/>
      <description text="Spare 1 input signal for HVPS to Processor Board"/></itemDef>     
    <itemDef name="SUDA_SpareInput2" type="enaDis"><alias namespace="SUDA" value="SpareInput2"/>
      <description text="Spare 0 input signal for HVPS to Processor Board"/></itemDef>  
    <itemDef name="SUDA_SpareInput1" type="enaDis"><alias namespace="SUDA" value="SpareInput1"/>
      <description text="Spare 1 input signal for LVPS to Processor Board"/></itemDef>  
    <itemDef name="SUDA_SpareInput0" type="enaDis"><alias namespace="SUDA" value="SpareInput0"/>
      <description text="Spare  0input signal for LVPS to Processor Board"/></itemDef>      
  <!--END: globalHWPkt_t -->    

  <!--BEGIN: nandHWPkt_t -->
    <!-- dieAndIntrAndErrors -->
    <itemDef name="SUDA_FLASHDIESPARE0" type="dn7"><alias namespace="SUDA" value="FLASHDIESPARE0"/>
      <description text="Spare"/></itemDef>    
    <itemDef name="SUDA_FLASHBUFOP" type="busyIdle"><alias namespace="SUDA" value="FLASHBUFOP"/>
      <description text="Flash busy with buffer copy operation"/></itemDef>    
    <itemDef name="SUDA_FLASHINTRSTAT" type="enaDis"><alias namespace="SUDA" value="FLASHINTRSTAT"/>
      <description text="Status of Flash buffer operation done interrupt"/></itemDef>    
    <itemDef name="SUDA_FLASHINTRENA" type="enaDis"><alias namespace="SUDA" value="FLASHINTRENA"/>
      <description text="Flash interrupt enable in FPGA Flash module, perhaps deprecated"/></itemDef>    
    <itemDef name="SUDA_FLASHDIESPARE1" type="dn3"><alias namespace="SUDA" value="FLASHDIESPARE1"/>
      <description text="Spare"/></itemDef>    
    <itemDef name="SUDA_FLASHERRINJECT" type="injectErrType3"><alias namespace="SUDA" value="FLASHERRINJECT"/>
      <description text="Mode for injecting errors"/></itemDef>    
    <itemDef name="SUDA_FLASHDIEENA" type="dn8"><alias namespace="SUDA" value="FLASHDIEENA"/>
      <description text="Indicates which Flash die are enabled"/></itemDef>   
    <itemDef name="SUDA_FLASHDIERDY" type="dn8"><alias namespace="SUDA" value="FLASHDIERDY"/>
      <description text="Indicates which Flash die are ready"/></itemDef>   
    <itemDef name="SUDA_FLASHSTM" type="dn32"><alias namespace="SUDA" value="FLASHSTM"/>
      <description text="State of the Flash module's internal state machine, for debugging"/></itemDef>     
    <itemDef name="SUDA_FLASHPAGEINDEX" type="dn32"><alias namespace="SUDA" value="FLASHPAGEINDEX"/>
      <description text="Current word address within the current page, for FPGA debug"/></itemDef>  
    <itemDef name="SUDA_FLASHSTATUS_HW" type="dn32"><alias namespace="SUDA" value="FLASHSTATUS_HW"/>
      <description text="Status register for the Flash module, duplicated in HS pkt"/></itemDef>
  <!--END: nandHWPkt_t -->


  <!--BEGIN: sciBufHWPkt_t -->
	  <itemDef name="SUDA_MIRRORENA" type="enaDis">
        <alias namespace="SUDA" value="MIRRORENA"/>
      <description text="If '1', enable die mirroring when writing science data"/>
    </itemDef> 
     <itemDef name="SUDA_FLASHWREN" type="nandOwn">
        <alias namespace="SUDA" value="FLASHWREN"/>
      <description text="FPGA has exclusive access to read/write Flash"/>
    </itemDef> 
    <itemDef name="SUDA_SCIBUFUNUSED00" type="dn14">
        <alias namespace="SUDA" value="SCIBUFUNUSED00"/>
      <description text="Unused"/>
    </itemDef> 
     <itemDef name="SUDA_btblUerr" type="yesNo">
        <alias namespace="SUDA" value="btblUerr"/>
      <description text="Block Table RAM uncorrectable upset"/>
    </itemDef> 
     <itemDef name="SUDA_btblCerr" type="yesNo">
        <alias namespace="SUDA" value="btblCerr"/>
      <description text="Block Table RAM correctable upset"/>
    </itemDef> 
     <itemDef name="SUDA_sciUerr" type="yesNo">
        <alias namespace="SUDA" value="sciUerr"/>
      <description text="Science Data FIFO uncorrectable upset"/>
    </itemDef> 
     <itemDef name="SUDA_sciCerr" type="yesNo">
        <alias namespace="SUDA" value="sciCerr"/>
      <description text="Science Data FIFO correctable upset"/>
    </itemDef> 
     <itemDef name="SUDA_ICSAUERR" type="yesNo">
        <alias namespace="SUDA" value="ICSAUERR"/>
      <description text="iCSA uncorrectable upset"/>
    </itemDef> 
     <itemDef name="SUDA_TCSAUERR" type="yesNo">
        <alias namespace="SUDA" value="TCSAUERR"/>
      <description text="tCSA uncorrectable upset"/>
    </itemDef> 
     <itemDef name="SUDA_VCSAUERR" type="yesNo">
        <alias namespace="SUDA" value="VCSAUERR"/>
      <description text="vCSA uncorrectable upset"/>
    </itemDef> 
     <itemDef name="SUDA_ICSACERR" type="yesNo">
        <alias namespace="SUDA" value="ICSACERR"/>
      <description text="iCSA correctable upset"/>
    </itemDef> 
     <itemDef name="SUDA_TCSACERR" type="yesNo">
        <alias namespace="SUDA" value="TCSACERR"/>
      <description text="tCSA correctable upset"/>
    </itemDef> 
     <itemDef name="SUDA_VCSACERR" type="yesNo">
        <alias namespace="SUDA" value="VCSACERR"/>
      <description text="vCSA correctable upset"/>
    </itemDef> 
     <itemDef name="SUDA_TOFMGUERR" type="yesNo">
        <alias namespace="SUDA" value="TOFMGUERR"/>
      <description text="TOF MG uncorrectable upset"/>
    </itemDef> 
     <itemDef name="SUDA_TOFLGUERR" type="yesNo">
        <alias namespace="SUDA" value="TOFLGUERR"/>
      <description text="TOF LG uncorrectable upset"/>
    </itemDef> 
     <itemDef name="SUDA_TOFHGUERR" type="yesNo">
        <alias namespace="SUDA" value="TOFHGUERR"/>
      <description text="TOF HG uncorrectable upset"/>
    </itemDef> 
     <itemDef name="SUDA_TOFMGCERR" type="yesNo">
        <alias namespace="SUDA" value="TOFMGCERR"/>
      <description text="TOF MG correctable upset"/>
    </itemDef> 
     <itemDef name="SUDA_TOFLGCERR" type="yesNo">
        <alias namespace="SUDA" value="TOFLGCERR"/>
      <description text="TOF LG correctable upset"/>
    </itemDef> 
     <itemDef name="SUDA_TOFHGCERR" type="yesNo">
        <alias namespace="SUDA" value="TOFHGCERR"/>
      <description text="TOF HG correctable upset"/>
    </itemDef> 

    <itemDef name="SUDA_SCIBUFUNUSED0" type="dn11"><alias namespace="SUDA" value="SCIBUFUNUSED0"/>
      <description text="Spare"/></itemDef>      
    <itemDef name="SUDA_SCIBUFMERR" type="errOkay"><alias namespace="SUDA" value="SCIBUFMERR"/>
      <description text="Science buffer saw Flash multi bit error"/></itemDef>     
    <itemDef name="SUDA_SCIBUFDERR" type="errOkay"><alias namespace="SUDA" value="SCIBUFDERR"/>
      <description text="Science buffer saw Flash double bit error"/></itemDef>     
    <itemDef name="SUDA_SCIBUFSERR" type="errOkay"><alias namespace="SUDA" value="SCIBUFSERR"/>
      <description text="Science buffer saw Flash single bit error"/></itemDef>     
    <itemDef name="SUDA_SCIBUFWRERR" type="errOkay"><alias namespace="SUDA" value="SCIBUFWRERR"/>
      <description text="Science buffer saw write error when writing to Flash"/></itemDef>     
    <itemDef name="SUDA_SCIBUFOVRFLW" type="errOkay"><alias namespace="SUDA" value="SCIBUFOVRFLW"/>
      <description text="Science buffer ran out of available blocks to write sci data to"/></itemDef>     
    <itemDef name="SUDA_SCIBUFTESTBUS" type="enaDis"><alias namespace="SUDA" value="SCIBUFTESTBUS"/>
      <description text="If Flash write is disabled, enables output to test bus instead of Flash"/></itemDef>             
    <itemDef name="SUDA_SCIBUFSTARTBLOCK" type="dn15"><alias namespace="SUDA" value="SCIBUFSTARTBLOCK"/>
      <description text="Block address for start of data write (assumes page 0)"/></itemDef>    
    <itemDef name="SUDA_SCIBUFDATACNT" type="dn32"><alias namespace="SUDA" value="SCIBUFDATACNT"/>
      <description text="Number of words of data processed since last time register was cleared"/></itemDef>  
    <itemDef name="SUDA_SCIBUFUNUSED1" type="dn11"><alias namespace="SUDA" value="SCIBUFUNUSED1"/>
      <description text="Spare"/></itemDef>  
    <itemDef name="SUDA_SCIBUFCURRDIE" type="dn3"><alias namespace="SUDA" value="SCIBUFCURRDIE"/>
      <description text="Current/last Flash location written by SciBuf, die"/></itemDef>  
    <itemDef name="SUDA_SCIBUFCURRBLOCK" type="dn12"><alias namespace="SUDA" value="SCIBUFCURRBLOCK"/>
      <description text="Current/last Flash location written by SciBuf, block"/></itemDef>   
    <itemDef name="SUDA_SCIBUFCURRPAGE" type="dn6"><alias namespace="SUDA" value="SCIBUFCURRPAGE"/>
      <description text="Current/last Flash location written by SciBuf, page"/></itemDef>        
  <!--END: sciBufHWPkt_t -->    
  
  <!--BEGIN: sciAdcHWPkt_t -->
    <!-- testPattern -->
		<itemDef name="SUDA_BRSTUNUSED0" type="dn14">
        <alias namespace="SUDA" value="BRSTUNUSED0"/>
      <description text="Unused bits"/>
    </itemDef>
    <itemDef name="SUDA_BRSTLNGTH" type="dn10">
        <alias namespace="SUDA" value="BRSTLNGTH"/>
      <description text="Length of test pattern burst"/>
    </itemDef>
		<itemDef name="SUDA_BRSTUNUSED1" type="dn1">
        <alias namespace="SUDA" value="BRSTUNUSED1"/>
      <description text="Unused bits"/>
    </itemDef>
    <itemDef name="SUDA_PatternBurst" type="enaDis">
        <alias namespace="SUDA" value="PatternBurst"/>
      <description text="Configure test pattern for burst mode"/>
    </itemDef>
    <itemDef name="SUDA_PATTICSA" type="enaDis">
        <alias namespace="SUDA" value="PATTICSA"/>
      <description text="iCSA enable: '11' concatenated with lower 10 bits decrementing by 7"/>
    </itemDef>     
    <itemDef name="SUDA_PATTTCSA" type="enaDis">
        <alias namespace="SUDA" value="PATTTCSA"/>
      <description text="tCSA enable: '10' concatenated with lower 10 bits decrementing by 5"/>
    </itemDef>  
    <itemDef name="SUDA_PATTVCSA" type="enaDis">
        <alias namespace="SUDA" value="PATTVCSA"/>
      <description text="vCSA enable: '01' concatenated with lower 10 bits decrementing by 3"/>
    </itemDef>  
    <itemDef name="SUDA_TESTPATTTOFMG" type="enaDis"><alias namespace="SUDA" value="TESTPATTTOFMG"/>
      <description text="FPGA-producing test pattern replacing TOF MG (ADC1-Q) data"/></itemDef>
    <itemDef name="SUDA_TESTPATTTOFLG" type="enaDis"><alias namespace="SUDA" value="TESTPATTTOFLG"/>
      <description text="FPGA-producing test pattern replacing TOF LG (ADC0-Q) data"/></itemDef>
    <itemDef name="SUDA_TESTPATTTOFHG" type="enaDis"><alias namespace="SUDA" value="TESTPATTTOFHG"/>
      <description text="FPGA-producing test pattern replacing TOF HG (ADC0-I) data"/></itemDef>
    
    <!-- stopCnt -->
    <itemDef name="SUDA_STOPUNUSED0" type="dn2"><alias namespace="SUDA" value="STOPUNUSED0"/>
      <description text="Unused bits"/></itemDef>  
    <itemDef name="SUDA_SCIADCSAMPLEST" type="adcSampleState3"><alias namespace="SUDA" value="SCIADCSAMPLEST"/>
      <description text="Science ADC Buffer Control State Machine Current State"/></itemDef>    
    <itemDef name="SUDA_SCIADCEVTBUFFEN" type="enaDis"><alias namespace="SUDA" value="SCIADCEVTBUFFEN"/>
      <description text="Science Event Buffer under FSW Control"/></itemDef>    
    <itemDef name="SUDA_SCIADC1DQFULL" type="errOkay"><alias namespace="SUDA" value="SCIADC1DQFULL"/>
      <description text="Science ADC1 channel Q was full since last clear"/></itemDef>
    <itemDef name="SUDA_SCIADC0DQFULL" type="errOkay"><alias namespace="SUDA" value="SCIADC0DQFULL"/>
      <description text="Science ADC0 channel Q was full since last clear"/></itemDef>
      <itemDef name="SUDA_SCIADC0DIFULL" type="errOkay"><alias namespace="SUDA" value="SCIADC0DIFULL"/>
    <description text="Science ADC0 channel I was full since last clear"/></itemDef>
      <itemDef name="SUDA_SCIRDUNDRFLW" type="errOkay"><alias namespace="SUDA" value="SCIRDUNDRFLW"/>
      <description text="Read pointer advanced when event buffers already empty"/></itemDef>
    <itemDef name="SUDA_SCIBUFFULL" type="yesNo"><alias namespace="SUDA" value="SCIBUFFULL"/>
      <description text="Science ADC event buffers full, overflow on next trigger"/></itemDef>
    <itemDef name="SUDA_SCIDATARDY" type="yesNo"><alias namespace="SUDA" value="SCIDATARDY"/>
      <description text="Science ADC data available in event buffers"/></itemDef>
    <itemDef name="SUDA_SCISTOPCNT" type="dn20">
        <alias namespace="SUDA" value="SCISTOPCNT"/>
      <description text="Number of clock cycles spent in STOPPED state"/>
    </itemDef>  
    <!-- transCount -->
    <itemDef name="SUDA_HOSTMODE" type="errOkay"><alias namespace="SUDA" value="HOSTMODE"/>
      <description text="FSW had direct access to event buffer data (probably bad)"/></itemDef>    
     <itemDef name="SUDA_TRANSUNUSED" type="dn1">
      <alias namespace="SUDA" value="TRANSCNTUNUSED"/>
      <description text="Unused bits"/></itemDef> 
     <itemDef name="SUDA_SCITRANSCNT_TOFMG" type="dn10">
        <alias namespace="SUDA" value="SCITRANSCNT_TOFMG"/>
      <description text="Number of times ADC data value crossed programmed threshold value for TOF MG"/>
    </itemDef>  
    <itemDef name="SUDA_SCITRANSCNT_TOFLG" type="dn10">
        <alias namespace="SUDA" value="SCITRANSCNT_TOFLG"/>
      <description text="Number of times ADC data value crossed programmed threshold value for TOF LG"/>
    </itemDef>  
    <itemDef name="SUDA_SCITRANSCNT_TOFHG" type="dn10">
        <alias namespace="SUDA" value="SCITRANSCNT_TOFHG"/>
      <description text="Number of times ADC data value crossed programmed threshold value for TOF HG"/>
    </itemDef>  
    
    <!-- blockSel -->
     <itemDef name="SUDA_hsErr" type="errOkay">
        <alias namespace="SUDA" value="hsErr"/>
      <description text="Too many (16) pre- and post-trigger HS blocks selected (R/O)"/>
    </itemDef>
     <itemDef name="SUDA_lsErr" type="errOkay">
        <alias namespace="SUDA" value="lsErr"/>
      <description text="Too many (32) pre- and post-trigger LS blocks selected (R/O)"/>
    </itemDef>
     <itemDef name="SUDA_deadTimeBase" type="dn6">
        <alias namespace="SUDA" value="deadTimeBase"/>
      <description text="Number of deadtime blocks base between post first event and the pre next event."/>
    </itemDef>
     <itemDef name="SUDA_deadTimeShift" type="dn4">
        <alias namespace="SUDA" value="deadTimeShift"/>
      <description text="Number of deadtime blocks shift between post first event and the pre next event."/>
    </itemDef>
     <itemDef name="SUDA_hsPreTrg" type="dn4">
        <alias namespace="SUDA" value="hsPreTrg"/>
      <description text="Add 1 to get the number of HS blocks for pre-trigger data"/>
    </itemDef>
     <itemDef name="SUDA_hsPostTrg" type="dn4">
        <alias namespace="SUDA" value="hsPostTrg"/>
      <description text="Add 1 to get the number of HS blocks for post-trigger data"/>
    </itemDef>
     <itemDef name="SUDA_lsPreTrg" type="dn6">
        <alias namespace="SUDA" value="lsPreTrg"/>
      <description text="Add 1 to get the number of LS blocks for pre-trigger data"/>
    </itemDef>
     <itemDef name="SUDA_lsPostTrg" type="dn6">
        <alias namespace="SUDA" value="lsPostTrg"/>
      <description text="Add 1 to get the number of LS blocks for post-trigger data"/>
    </itemDef>  

    <!-- trig1CtrlHS0I -->
    <itemDef name="SUDA_TRIGTOFHGNMAX2" type="dn8"><alias namespace="SUDA" value="TRIGTOFHGNMAX2"/>
      <description text="Max consecutive samples above threshold for double pulse 2 only, TOFHG(HSADC0-I)"/></itemDef>
    <itemDef name="SUDA_TRIGTOFHGNMIN2" type="dn8"><alias namespace="SUDA" value="TRIGTOFHGNMIN2"/>
      <description text="Min consecutive samples above threshold for double pulse 2 only, TOFHG(HSADC0-I)"/></itemDef>
    <itemDef name="SUDA_TRIGTOFHGNMAX1" type="dn8"><alias namespace="SUDA" value="TRIGTOFHGNMAX1"/>
      <description text="Max consecutive samples above threshold for double pulse 1 only, TOFHG(HSADC0-I)"/></itemDef>
    <itemDef name="SUDA_TRIGTOFHGNMIN1" type="dn8"><alias namespace="SUDA" value="TRIGTOFHGNMIN1"/>
      <description text="Min consecutive samples above threshold for double pulse 1 only, TOFHG(HSADC0-I)"/></itemDef>
    
    <!-- trig2CtrlHS0I -->
    <itemDef name="SUDA_TRIGTOFHGTHOLD" type="dn10"><alias namespace="SUDA" value="TRIGTOFHGTHOLD"/>
      <description text="Threshold level for triggering for all 3 modes, TOFHG(HSADC0-I)"/></itemDef>
    <itemDef name="SUDA_TRIGTOFHGNMAX12" type="dn11"><alias namespace="SUDA" value="TRIGTOFHGNMAX12"/>
      <description text="Max consecutive samples below threshold for double pulse only, TOFHG(HSADC0-I)"/></itemDef>
    <itemDef name="SUDA_TRIGTOFHGNMIN12" type="dn11"><alias namespace="SUDA" value="TRIGTOFHGNMIN12"/>
      <description text="Min consecutive samples below threshold for double pulse only, TOFHG(HSADC0-I)"/></itemDef>

    <!-- trig1CtrlHS0Q -->
    <itemDef name="SUDA_TRIGTOFLGNMAX2" type="dn8"><alias namespace="SUDA" value="TRIGTOFLGNMAX2"/>
      <description text="Max consecutive samples above threshold for double pulse 2 only, TOFLG(HSADC0-Q)"/></itemDef>
    <itemDef name="SUDA_TRIGTOFLGNMIN2" type="dn8"><alias namespace="SUDA" value="TRIGTOFLGNMIN2"/>
      <description text="Min consecutive samples above threshold for double pulse 2 only, TOFLG(HSADC0-Q)"/></itemDef>
    <itemDef name="SUDA_TRIGTOFLGNMAX1" type="dn8"><alias namespace="SUDA" value="TRIGTOFLGNMAX1"/>
      <description text="Max consecutive samples above threshold for double pulse 1 only, TOFLG(HSADC0-Q)"/></itemDef>
    <itemDef name="SUDA_TRIGTOFLGNMIN1" type="dn8"><alias namespace="SUDA" value="TRIGTOFLGNMIN1"/>
      <description text="Min consecutive samples above threshold for double pulse 1 only, TOFLG(HSADC0-Q)"/></itemDef>
    
    <!-- trig2CtrlHS0Q -->
    <itemDef name="SUDA_TRIGTOFLGTHOLD" type="dn10"><alias namespace="SUDA" value="TRIGTOFLGTHOLD"/>
      <description text="Threshold level for triggering for all 3 modes, TOFLG(HSADC0-Q)"/></itemDef>
    <itemDef name="SUDA_TRIGTOFLGNMAX12" type="dn11"><alias namespace="SUDA" value="TRIGTOFLGNMAX12"/>
      <description text="Max consecutive samples below threshold for double pulse only, TOFLG(HSADC0-Q)"/></itemDef>
    <itemDef name="SUDA_TRIGTOFLGNMIN12" type="dn11"><alias namespace="SUDA" value="TRIGTOFLGNMIN12"/>
      <description text="Min consecutive samples below threshold for double pulse only, TOFLG(HSADC0-Q)"/></itemDef>

    <!-- trig1CtrlHS1Q -->
    <itemDef name="SUDA_TRIGTOFMGNMAX2" type="dn8"><alias namespace="SUDA" value="TRIGTOFMGNMAX2"/>
      <description text="Max consecutive samples above threshold for double pulse 2 only, TOFMG(HSADC1-Q)"/></itemDef>
    <itemDef name="SUDA_TRIGTOFMGNMIN2" type="dn8"><alias namespace="SUDA" value="TRIGTOFMGNMIN2"/>
      <description text="Min consecutive samples above threshold for double pulse 2 only, TOFMG(HSADC1-Q)"/></itemDef>
    <itemDef name="SUDA_TRIGTOFMGNMAX1" type="dn8"><alias namespace="SUDA" value="TRIGTOFMGNMAX1"/>
      <description text="Max consecutive samples above threshold for double pulse 1 only, TOFMG(HSADC1-Q)"/></itemDef>
    <itemDef name="SUDA_TRIGTOFMGNMIN1" type="dn8"><alias namespace="SUDA" value="TRIGTOFMGNMIN1"/>
      <description text="Min consecutive samples above threshold for double pulse 1 only, TOFMG(HSADC1-Q)"/></itemDef>
    
    <!-- trig2CtrlHS1Q -->    
    <itemDef name="SUDA_TRIGTOFMGTHOLD" type="dn10"><alias namespace="SUDA" value="TRIGTOFMGTHOLD"/>
      <description text="Threshold level for triggering for all 3 modes, TOFMG(HSADC1-Q)"/></itemDef>
    <itemDef name="SUDA_TRIGTOFMGNMAX12" type="dn11"><alias namespace="SUDA" value="TRIGTOFMGNMAX12"/>
      <description text="Max consecutive samples below threshold for double pulse only, TOFMG(HSADC1-Q)"/></itemDef>
    <itemDef name="SUDA_TRIGTOFMGNMIN12" type="dn11"><alias namespace="SUDA" value="TRIGTOFMGNMIN12"/>
      <description text="Min consecutive samples below threshold for double pulse only, TOFMG(HSADC1-Q)"/></itemDef>

    <!-- trigCtrlLS0 -->
    <itemDef name="SUDA_TRIGLSUNUSED0" type="dn3"><alias namespace="SUDA" value="TRIGLSUNUSED0"/>
      <description text="Unused bits"/></itemDef>  
    <itemDef name="SUDA_TRIGEXTPOL" type="extTrigType1"><alias namespace="SUDA" value="TRIGEXTPOL"/>
      <description text="Ground-only external trigger polarity set for rising or falling"/></itemDef>  
    <itemDef name="SUDA_TRIGLSUNUSED1" type="dn4"><alias namespace="SUDA" value="TRIGLSUNUSED0"/>
      <description text="Unused bits"/></itemDef>  
    <itemDef name="SUDA_TRIGCOINWINDOW" type="dn3"><alias namespace="SUDA" value="TRIGCOINWINDOW"/>
      <description text="number sample blocks during which the coincidence window is open"/></itemDef>  
    <itemDef name="SUDA_TRIGLSPOLARITY" type="trigPolType1"><alias namespace="SUDA" value="TRIGLSPOLARITY"/>
      <description text="Selects if low speed ADC triggers on samples above or below threshold"/></itemDef>  
    <itemDef name="SUDA_TRIGLSTHOLD" type="dn12"><alias namespace="SUDA" value="TRIGLSTHOLD"/>
      <description text="Threshold level for triggering on low speed ADC"/></itemDef>      
    <itemDef name="SUDA_TRIGLSNMIN" type="dn8"><alias namespace="SUDA" value="TRIGLSNMIN"/>
      <description text="Min consecutive samples above/below threshold, low speed ADC"/></itemDef>  

    <!-- dclkAlign -->
    <itemDef name="SUDA_SCIALIGNSTATE" type="busyIdle"><alias namespace="SUDA" value="SCIALIGNSTATE"/>
      <description text="Status of science ADC clock alignment operation"/></itemDef>
    <itemDef name="SUDA_SCIALIGNERR" type="errOkay"><alias namespace="SUDA" value="SCIALIGNERR"/>
      <description text="Error found during science ADC clock alignment operation, read on clear"/></itemDef>
    <itemDef name="SUDA_SCIALIGNUNUSED0" type="dn5"><alias namespace="SUDA" value="SCIALIGNUNUSED0"/>
      <description text="Unused"/></itemDef>        
    <itemDef name="SUDA_SCIALIGNEYESIZE" type="dn9"><alias namespace="SUDA" value="SCIALIGNEYESIZE"/>
      <description text="Reflects eye size after successful science ADC clock alignment"/></itemDef>    
    <itemDef name="SUDA_SCIALIGNEYEPOS" type="dn8"><alias namespace="SUDA" value="SCIALIGNEYEPOS"/>
      <description text="Reflects eye phase offset position after successful science ADC clock alignment"/></itemDef>    
    <itemDef name="SUDA_SCIALIGNUNUSED1" type="dn1"><alias namespace="SUDA" value="SCIALIGNUNUSED1"/>
      <description text="Unused"/></itemDef>        
    <itemDef name="SUDA_SCIALIGNEYECENTR" type="dn7"><alias namespace="SUDA" value="SCIALIGNEYECENTR"/>
      <description text="Reflects phase offset to center after successful science ADC clock alignment"/></itemDef>    

    <itemDef name="SUDA_SCIPOSTTRIGHOST" type="dn4"><alias namespace="SUDA" value="SCIPOSTTRIGHOST"/>
      <description text="Spare"/></itemDef>
    <itemDef name="SUDA_SCITRIGHOSTEXT" type="yesNo"><alias namespace="SUDA" value="SCITRIGHOSTEXT"/>
      <description text="Accessible trigger generated externally"/></itemDef>
    <itemDef name="SUDA_SCITRIGHOSTSW" type="yesNo"><alias namespace="SUDA" value="SCITRIGHOSTSW"/>
      <description text="Accessible trigger generated by software"/></itemDef>
    <itemDef name="SUDA_SCITRIGHOSTID" type="dn4"><alias namespace="SUDA" value="SCITRIGHOSTID"/>
      <description text="Spare"/></itemDef>
    <itemDef name="SUDA_SCITOFHGMIN" type="dn10"><alias namespace="SUDA" value="SCITOFHGMIN"/>
      <description text="Minimum reading on TOF HG"/></itemDef>
    <itemDef name="SUDA_SCITOFHGMAXSPARE" type="dn2"><alias namespace="SUDA" value="SCITOFHGMAXSPARE"/>
      <description text="Spare"/></itemDef>
    <itemDef name="SUDA_SCITOFHGMAX" type="dn10"><alias namespace="SUDA" value="SCITOFHGMAX"/>
      <description text="Maximum reading on TOF HG"/></itemDef>

    <itemDef name="SUDA_SCITOFLGMINSPARE" type="dn6"><alias namespace="SUDA" value="SCITOFLGMINSPARE"/>
      <description text="Spare"/></itemDef>
    <itemDef name="SUDA_TOFMGPDN" type="onOffActiveLow1"> <alias namespace="SUDA" value="TOFMGPDN"/>
      <description text="Powers analog input chain for TOF MG (PDNQ)"/></itemDef>
    <itemDef name="SUDA_TOFMGPD" type="onOffActiveLow1"><alias namespace="SUDA" value="TOFMGPD"/>
      <description text="Powers TOF MG (PDQ)"/></itemDef>
    <itemDef name="SUDA_hs1Pdni" type="onOffActiveLow1"><alias namespace="SUDA" value="hs1Pdni"/>
      <description text="Powers analog input chain for Unused (1PDNI)"/></itemDef>
    <itemDef name="SUDA_hs1Pdi" type="onOffActiveLow1"><alias namespace="SUDA" value="hs1Pdi"/>
      <description text="Powers Unused (1PDI)"/></itemDef>
    <itemDef name="SUDA_SCITOFLGMIN" type="dn10"><alias namespace="SUDA" value="SCITOFLGMIN"/>
      <description text="Minimum reading on TOF LG"/></itemDef>
    <itemDef name="SUDA_SCITOFLGMAXSPARE" type="dn2"><alias namespace="SUDA" value="SCITOFLGMAXSPARE"/>
      <description text="Spare"/></itemDef>
    <itemDef name="SUDA_SCITOFLGMAX" type="dn10"><alias namespace="SUDA" value="SCITOFLGMAX"/>
      <description text="Maximum reading on TOF LG"/></itemDef>

    <itemDef name="SUDA_SCITOFMGMINSPARE" type="dn4"><alias namespace="SUDA" value="SCITOFMGMINSPARE"/>
      <description text="Spare"/></itemDef>
    <itemDef name="SUDA_hs1CalRunFlag" type="enaDis"><alias namespace="SUDA" value="hs1CalRunFlag"/>
      <description text="Latched State of CALRUN output pin (active high) for ADC1"/></itemDef>
    <itemDef name="SUDA_hs1Calrun" type="enaDis"><alias namespace="SUDA" value="hs1Calrun"/>
      <description text="State of CALRUN output pin (active high) for ADC1"/></itemDef>
    <itemDef name="SUDA_hs1Cal" type="enaDis"><alias namespace="SUDA" value="hs1Cal"/>
      <description text="State of Calibration Cycle Initiate pin for Science ADC1"/></itemDef>
    <itemDef name="SUDA_hs1Tpm" type="enaDis"><alias namespace="SUDA" value="hs1Tpm"/>
      <description text="State of Test Pattern Mode pin for Science ADC1"/></itemDef>
    <itemDef name="SUDA_hs1Fsr" type="enaDis"><alias namespace="SUDA" value="hs1Fsr"/>
      <description text="State of Full-Scale Range pin for Science ADC1"/></itemDef>    
    <itemDef name="SUDA_hs1Ece" type="onOffActiveLow1"><alias namespace="SUDA" value="hs1Ece"/>
      <description text="State of Extended feature control (SPI) pin for Science ADC1"/></itemDef>  
    <itemDef name="SUDA_SCITOFMGMIN" type="dn10"><alias namespace="SUDA" value="SCITOFMGMIN"/>
      <description text="Minimum reading on HS1Q"/></itemDef>
    <itemDef name="SUDA_SCITOFMGMAXSPARE" type="dn2"><alias namespace="SUDA" value="SCITOFMGMINSPARE"/>
      <description text="Spare"/></itemDef>
    <itemDef name="SUDA_SCITOFMGMAX" type="dn10"><alias namespace="SUDA" value="SCITOFMGMAX"/>
      <description text="Maximum reading on HS1Q"/></itemDef>

    <itemDef name="SUDA_SCIADCCOINCENA" type="enaDis"><alias namespace="SUDA" value="SCIADCCOINCENA"/>
      <description text="Config of coincidence triggering (low speed ADC trigger opens window)"/></itemDef> 
    <itemDef name="SUDA_SCIADCMODELS" type="enaDis"><alias namespace="SUDA" value="SCIADCMODELS"/>
      <description text="Trigger mode for low speed ADC"/></itemDef> 
    <itemDef name="SUDA_SCIADCMODETOFMG" type="trigModeType2"><alias namespace="SUDA" value="SCIADCMODETOFMG"/>
      <description text="Trigger mode (or disable) for high speed science TOF MG"/></itemDef>
    <itemDef name="SUDA_SCIADCMODETOFLG" type="trigModeType2"><alias namespace="SUDA" value="SCIADCMODETOFLG"/>
      <description text="Trigger mode (or disable) for high speed science TOF LG"/></itemDef>
    <itemDef name="SUDA_SCIADCMODETOFHG" type="trigModeType2"><alias namespace="SUDA" value="SCIADCMODETOFHG"/>
      <description text="Trigger mode (or disable) for high speed science TOF HG"/></itemDef>
    <itemDef name="SUDA_SCIVCSAMIN" type="dn12"><alias namespace="SUDA" value="SCIVCSAMIN"/>
      <description text="Minimum reading on vCSA"/></itemDef>
    <itemDef name="SUDA_SCIVCSAMAX" type="dn12"><alias namespace="SUDA" value="SCIVCSAMAX"/>
      <description text="Maximum reading on vCSA"/></itemDef>

    <itemDef name="SUDA_SCITCSAMINSPARE" type="dn4"><alias namespace="SUDA" value="SCITCSAMINSPARE"/>
      <description text="Spare"/></itemDef>
    <itemDef name="SUDA_TOFLGPDN" type="onOffActiveLow1"><alias namespace="SUDA" value="TOFLGPDN"/>
      <description text="Powers analog input chain for TOF LG (PDNQ)"/></itemDef>
    <itemDef name="SUDA_TOFLGPD" type="onOffActiveLow1"><alias namespace="SUDA" value="TOFLGPD"/>
      <description text="Powers TOF LG (PDQ)"/></itemDef>
    <itemDef name="SUDA_TOFHGPDN" type="onOffActiveLow1"><alias namespace="SUDA" value="TOFHGPDN"/>
      <description text="Powers analog input chain for TOF HG (PDNI)"/></itemDef>
    <itemDef name="SUDA_TOFHGPD" type="onOffActiveLow1"><alias namespace="SUDA" value="TOFHGPD"/>
      <description text="Powers TOF HG (PDI)"/></itemDef>
    <itemDef name="SUDA_SCITCSAMIN" type="dn12"><alias namespace="SUDA" value="SCITCSAMIN"/>
      <description text="Minimum reading on tCSA"/></itemDef>
    <itemDef name="SUDA_SCITCSAMAX" type="dn12"><alias namespace="SUDA" value="SCITCSAMAX"/>
      <description text="Maximum reading on tCSA"/></itemDef>

    <itemDef name="SUDA_SCIICSAMINSPARE" type="dn2"><alias namespace="SUDA" value="SCIICSAMINSPARE"/>
      <description text="Spare"/></itemDef>
    <itemDef name="SUDA_hs0CalRunFlag" type="enaDis"><alias namespace="SUDA" value="hs01CalRunFlag"/>
      <description text="Latched state of CALRUN output pin (active high) for ADC0"/></itemDef>
    <itemDef name="SUDA_hs0Calrun" type="enaDis"><alias namespace="SUDA" value="hs0Calrun"/>
      <description text="State of CALRUN output pin (active high) for ADC0"/></itemDef>
    <itemDef name="SUDA_hs0Cal" type="enaDis"><alias namespace="SUDA" value="hs0Cal"/>
      <description text="State of Calibration Cycle Initiate pin for Science ADC0"/></itemDef>
    <itemDef name="SUDA_hs0Tpm" type="enaDis"><alias namespace="SUDA" value="hs0Tpm"/>
      <description text="State Test Pattern Mode enabled for Science ADC0"/></itemDef>
    <itemDef name="SUDA_hs0Fsr" type="enaDis"><alias namespace="SUDA" value="hs0Fsr"/>
      <description text="State Full-Scale Range enabled for Science ADC0"/></itemDef>    
    <itemDef name="SUDA_hs0Ece" type="onOffActiveLow1"><alias namespace="SUDA" value="hs0Ece"/>
      <description text="State Extended Feature Control (SPI) pin for Science ADC0"/></itemDef> 
    <itemDef name="SUDA_SCIICSAMIN" type="dn12"><alias namespace="SUDA" value="SCIICSAMIN"/>
      <description text="Minimum reading on iCSA"/></itemDef>
    <itemDef name="SUDA_SCIICSAMAX" type="dn12"><alias namespace="SUDA" value="SCIICSAMAX"/>
      <description text="Maximum reading on iCSA"/></itemDef>

    <!-- ADC Eye Pattern Registers, selected via parameter table entry -->
    <itemDef name="SUDA_SCIEYEPATTERR0" type="dn32"><alias namespace="SUDA" value="SCIEYEPATTERR0"/>
      <description text="Expanded results 1/4 of DCLK alignment process, bus selected by param table"/></itemDef>
    <itemDef name="SUDA_SCIEYEPATTERR1" type="dn32"><alias namespace="SUDA" value="SCIEYEPATTERR1"/>
      <description text="Expanded results 2/4 of DCLK alignment process, bus selected by param table"/></itemDef>
    <itemDef name="SUDA_SCIEYEPATTERR2" type="dn32"><alias namespace="SUDA" value="SCIEYEPATTERR2"/>
      <description text="Expanded results 3/4 of DCLK alignment process, bus selected by param table"/></itemDef>
    <itemDef name="SUDA_SCIEYEPATTERR3" type="dn32"><alias namespace="SUDA" value="SCIEYEPATTERR3"/>
      <description text="Expanded results 4/4 of DCLK alignment process, bus selected by param table"/></itemDef>
    <!--END: sciAdcHWPkt_t -->  
  
    <!--BEGIN: hvpsHWPkt_t -->
    <!-- sensorDetectorSetPoint -->
    <itemDef name="SUDA_HVPSSWSPARE0" type="dn5"><alias namespace="SUDA" value="HVPSSWSPARE"/>
      <description text="Unused bits"/></itemDef>  
    <itemDef name="SUDA_HVPSPWR_HW" type="hvpsBoardPwr3"><alias namespace="SUDA" value="HVPSPWR_HW"/>
      <description text="HVPS power control state, duplicated in HS pkt"/></itemDef>  
    <itemDef name="SUDA_HVSENSORSETPT" type="dn12"><alias namespace="SUDA" value="HVSENSORSETPT"/>
      <description text="Control setpoint for Sensor HVPS output"/></itemDef>  
    <itemDef name="SUDA_HVDETECTSETPT" type="dn12"><alias namespace="SUDA" value="HVDETECTSETPT"/>
      <description text="Control setpoint for Detector HVPS output"/></itemDef>
    
    <!-- targetReflectronSetpoint -->
    <itemDef name="SUDA_HVPSSTATUS_HW" type="dn8"><alias namespace="SUDA" value="HVPSSTATUS_HW"/>
      <description text="HVPS status register, duplicated in HS pkt"/></itemDef>  
    <itemDef name="SUDA_HVTARGETSETPT" type="dn12"><alias namespace="SUDA" value="HVTARGETSETPT"/>
      <description text="Control setpoint for Target HVPS output"/></itemDef>  
    <itemDef name="SUDA_HVREFLCTSETPT" type="dn12"><alias namespace="SUDA" value="HVREFLCTSETPT"/>
      <description text="Control setpoint for Reflectron HVPS output"/></itemDef>

    <!-- sensorDetectorMax -->
    <itemDef name="SUDA_HVDETECTOVRD" type="dn8"><alias namespace="SUDA" value="HVDETECTOVRD"/>
      <description text="FPGA has overridden the setpoint due to error"/></itemDef>  
    <itemDef name="SUDA_HVDETECTMAX" type="dn12"><alias namespace="SUDA" value="HVDETECTMAX"/>
      <description text="Maximum allowable DAC value for Detector HVPS"/></itemDef>  
    <itemDef name="SUDA_HVDETECTLAST" type="dn12"><alias namespace="SUDA" value="HVDETECTLAST"/>
      <description text="Last raw value sent to DAC controlling the Detector HVPS"/></itemDef>    
 
    <!-- sensorDetectorLast -->
    <itemDef name="SUDA_HVSENSOROVRD" type="dn8"><alias namespace="SUDA" value="HVSENSOROVRD"/>
      <description text="FPGA has overridden the setpoint due to error"/></itemDef>  
    <itemDef name="SUDA_HVSENSORMAX" type="dn12"><alias namespace="SUDA" value="HVSENSORMAX"/>
      <description text="Maximum allowable DAC value for Sensor HVPS"/></itemDef>  
    <itemDef name="SUDA_HVSENSORLAST" type="dn12"><alias namespace="SUDA" value="HVSENSORLAST"/>
      <description text="Last raw value sent to DAC controlling the Sensor HVPS"/></itemDef>  

    <!-- sensorDetectorLast -->
    <itemDef name="SUDA_HVTARGETOVRD" type="dn8"><alias namespace="SUDA" value="HVTARGETOVRD"/>
      <description text="FPGA has overridden the setpoint due to error"/></itemDef>  
    <itemDef name="SUDA_HVTARGETMAX" type="dn12"><alias namespace="SUDA" value="HVTARGETMAX"/>
      <description text="Maximum allowable DAC value for Target HVPS"/></itemDef>  
    <itemDef name="SUDA_HVTARGETLAST" type="dn12"><alias namespace="SUDA" value="HVTARGETLAST"/>
      <description text="Last raw value sent to DAC controlling the Target HVPS"/></itemDef>  

    <!-- sensorDetectorLast -->
    <itemDef name="SUDA_HVREFLCTOVRD" type="dn8"><alias namespace="SUDA" value="HVREFLCTOVRD"/>
      <description text="FPGA has overridden the setpoint due to error"/></itemDef>  
    <itemDef name="SUDA_HVREFLCTMAX" type="dn12"><alias namespace="SUDA" value="HVREFLCTMAX"/>
      <description text="Maximum allowable DAC value for Reflectron HVPS"/></itemDef>  
    <itemDef name="SUDA_HVREFLCTLAST" type="dn12"><alias namespace="SUDA" value="HVREFLCTLAST"/>
      <description text="Last raw value sent to DAC controlling the Reflectron HVPS"/></itemDef>
      <!--END: hvpsHWPkt_t -->

    <!--BEGIN: OpHtrHWPkt_t -->
    <!-- ophtr01Setpoint -->
    <itemDef name="SUDA_OPHTRSP_HW" type="dn5"> <alias namespace="SUDA" value="OPHTRSP_HW"/>
      <description text="Spare bits for operational heater"/></itemDef>
    <itemDef name="SUDA_DETOPENA_HW" type="enaDis"><alias namespace="SUDA" value="DETOPENA_HW"/>
      <description text="Asserted when detector operational heater is enabled"/></itemDef>
    <itemDef name="SUDA_ITCSAOPENA_HW" type="enaDis"><alias namespace="SUDA" value="ITCSAOPENA_HW"/>
      <description text="Asserted when itCSA operational heater is enabled"/></itemDef>
    <itemDef name="SUDA_VCSAOPENA_HW" type="enaDis"><alias namespace="SUDA" value="VCSAOPENA_HW"/>
      <description text="Asserted when vCSA operational heater is enabled"/></itemDef>
    <itemDef name="SUDA_ITCSAOPSETPT" type="dn12"><alias namespace="SUDA" value="ITCSAOPSETPT"/>
      <description text="Control setpoint for itCSA operational heater"/></itemDef>  
    <itemDef name="SUDA_VCSAOPSETPT" type="dn12"><alias namespace="SUDA" value="VCSAOPSETPT"/>
      <description text="Control setpoint for vCSA operational heater"/></itemDef>

    <!-- ophtr2SetpointOphtr0Last -->
    <itemDef name="SUDA_OPHTRUNUSED1" type="dn8"><alias namespace="SUDA" value="OPHTRUNUSED1"/>
      <description text="Unused bits"/></itemDef>  
    <itemDef name="SUDA_VCSAOPLAST" type="dn12"><alias namespace="SUDA" value="VCSAOPLAST"/>
      <description text="Last value sent to DAC controlling vCSA op heater"/></itemDef>  
    <itemDef name="SUDA_DETOPSETPT" type="dn12"><alias namespace="SUDA" value="DETOPSETPT"/>
      <description text="Control setpoint for detector op heater"/></itemDef>

    <!-- ophtr1And2Last -->
    <itemDef name="SUDA_OPHTRUNUSED2" type="dn8"><alias namespace="SUDA" value="OPHTRUNUSED2"/>
      <description text="Unused bits"/></itemDef>  
    <itemDef name="SUDA_DETOPLAST" type="dn12"><alias namespace="SUDA" value="DETOPLAST"/>
      <description text="Last value sent to DAC controlling detector op heater"/></itemDef>  
    <itemDef name="SUDA_ITCSAOPLAST" type="dn12"><alias namespace="SUDA" value="ITCSAOPLAST"/>
      <description text="Last value sent to DAC controlling itCSA op heater"/></itemDef>    
  <!--END: OpHtrHWPkt_t -->

  <!--BEGIN: sramHwPkt_t -->    
    <!-- edacAndMerr -->
    <itemDef name="SUDA_SramUnused0" type="dn6"><alias namespace="SUDA" value="SramUnused0"/>
      <description text="Unused bits"/></itemDef>  
    <itemDef name="SUDA_SramEdacIntr" type="enaDis"><alias namespace="SUDA" value="SramEdacIntr"/>
      <description text="Allows interrupt on detection of uncorrectable SRAM EDAC error"/></itemDef>  
    <itemDef name="SUDA_SramErrInject" type="enaDis"><alias namespace="SUDA" value="SramErrInject"/>
      <description text="EDAC errors inject for SRAM accesses, see FPGA documentation for specifics"/></itemDef>
    <itemDef name="SUDA_SramUnused1" type="dn3"><alias namespace="SUDA" value="SramUnused1"/>
      <description text="Unused bits"/></itemDef>
    <itemDef name="SUDA_SramScrub" type="enaDis"><alias namespace="SUDA" value="SramScrub"/>
      <description text="Enables automatic SRAM EDAC scrubbing by FPGA (detect and correct if correctable)"/></itemDef>
    <itemDef name="SUDA_SramUnused2" type="dn3"><alias namespace="SUDA" value="SramUnused2"/>
      <description text="Unused bits"/></itemDef>
    <itemDef name="SUDA_SramEdacEna" type="enaDis"><alias namespace="SUDA" value="SramEdacEna"/>
      <description text="Enables FPGA to add EDAC data for writes and examine EDAC data for reads"/></itemDef>  
    <itemDef name="SUDA_SramUErrCnt2" type="dn16"><alias namespace="SUDA" value="SramUErrCnt2"/>
      <description text="Count of uncorrectable EDAC SRAM errors since last clear"/></itemDef>  
    <itemDef name="SUDA_SramUnused3" type="dn13"><alias namespace="SUDA" value="SramUnused3"/>
      <description text="Unused bits"/></itemDef>  
    <itemDef name="SUDA_SramUErrAddr" type="dn19"><alias namespace="SUDA" value="SramUErrAddr"/>
      <description text="SRAM address of the most recent uncorrectable error"/></itemDef>
    <itemDef name="SUDA_SramUnused4" type="dn13"><alias namespace="SUDA" value="SramUnused4"/>
      <description text="Unused bits"/></itemDef>  
    <itemDef name="SUDA_SramCErrAddr" type="dn19"><alias namespace="SUDA" value="SramCErrAddr"/>
      <description text="SRAM address of the most recent correctable error"/></itemDef>
  <!--END: sramHwPkt_t -->

  <!--BEGIN: timerHwPkt_t xtimer -->
    <!-- ctrlStat -->
      <itemDef name="SUDA_timer0_ctrlStat" type="dn16">
        <alias namespace="SUDA" value="timer0_ctrlStat"/>
      <description text="Timer 0 Control Status"/>
    </itemDef>  
      <itemDef name="SUDA_timer1_ctrlStat" type="dn16">
        <alias namespace="SUDA" value="timer1_ctrlStat"/>
      <description text="Timer 0 Control Status"/>
    </itemDef>  
    
    <!-- load -->   
      <itemDef name="SUDA_timer0_load" type="dn32">
        <alias namespace="SUDA" value="timer0_load"/>
      <description text="Timer 0 Load"/>
    </itemDef>  
    
    <!-- timerCntr -->
      <itemDef name="SUDA_timer0_cntr" type="dn32">
        <alias namespace="SUDA" value="timer0_timerCntr"/>
      <description text="Timer 0 Counter"/>
    </itemDef>      
    
    <!-- load -->   
      <itemDef name="SUDA_timer1_load" type="dn32">
        <alias namespace="SUDA" value="timer1_load"/>
      <description text="Timer 0 Load"/>
    </itemDef>  
    
    <!-- timerCntr -->
      <itemDef name="SUDA_timer1_cntr" type="dn32">
        <alias namespace="SUDA" value="timer1_timerCntr"/>
      <description text="Timer 0 Counter"/>
    </itemDef>      
  <!--END: timerHwPkt_t timer1 -->

  <!--BEGIN: bramHwPkt_t ibram -->
    <!-- intrEnaEccMerrSerr -->
    <itemDef name="SUDA_IBRAMECC" type="enaDis"><alias namespace="SUDA" value="IBRAMECC"/>
      <description text="Ctrl to enable instr BRAM error correcting code"/></itemDef>
    <itemDef name="SUDA_IBRAMSPAREHW" type="dn5"><alias namespace="SUDA" value="IBRAMSPAREHW"/>
      <description text="Spare"/></itemDef> 
    <itemDef name="SUDA_IBramCerrIntr" type="enaDis"><alias namespace="SUDA" value="IBramCerrIntr"/>
      <description text="Allow interrupt for correctable EDAC errors in instruction BRAM"/></itemDef>
    <itemDef name="SUDA_IBramUerrIntr" type="enaDis"><alias namespace="SUDA" value="IBramUerrIntr"/>
      <description text="Allow interrupt for uncorrectable EDAC errors in instruction BRAM"/></itemDef>
    <itemDef name="SUDA_IBRAMERRINJCODE" type="dn8"><alias namespace="SUDA" value="IBRAMERRINJCODE"/>
      <description text="Inject error in the generated ECC written to the iBRAM"/></itemDef>
    <itemDef name="SUDA_IBRAMUERRCODE" type="dn8"><alias namespace="SUDA" value="IBRAMUERRCODE"/>
      <description text="Stores ECC code identifying first ECC fail, reset by clearing status register"/></itemDef>
    <itemDef name="SUDA_IBRAMCERRCODE" type="dn8"><alias namespace="SUDA" value="IBRAMCERRCODE"/>
      <description text="Stores ECC code identifying first ECC fail, reset by clearing status register"/></itemDef>  
    <itemDef name="SUDA_IBRAMCERRDATA" type="dn32"><alias namespace="SUDA" value="IBRAMCERRDATA"/>
      <description text="Uncorrected data from correctable EDAC error in instruction BRAM"/></itemDef>
    <itemDef name="SUDA_IBRAMUERRDATA" type="dn32"><alias namespace="SUDA" value="IBRAMUERRDATA"/>
      <description text="Uncorrected data from uncorrectable EDAC error in instruction BRAM"/></itemDef>
    <itemDef name="SUDA_IBRAMUERRADDR" type="dn32"><alias namespace="SUDA" value="IBRAMUERRADDR"/>
      <description text="Address of uncorrectable EDAC error in instruction BRAM"/></itemDef>
    <itemDef name="SUDA_IBRAMERRINJDATA" type="dn32"><alias namespace="SUDA" value="IBRAMERRINJDATA"/>
      <description text="Selects which bits errors are injected into instruction BRAM"/></itemDef>    
  <!--END: bramHwPkt_t ibram -->

  <!--BEGIN: bramHwPkt_t dbram -->
    <itemDef name="SUDA_DBRAMECC" type="enaDis"><alias namespace="SUDA" value="DBRAMECC"/>
      <description text="Ctrl to enable data BRAM error correcting code"/></itemDef>
    <itemDef name="SUDA_DBRAMSPAREHW" type="dn5"><alias namespace="SUDA" value="DBRAMSPAREHW"/>
      <description text="Spare"/></itemDef> 
    <itemDef name="SUDA_DBramCerrIntr" type="enaDis"><alias namespace="SUDA" value="IBramCerrIntr"/>
      <description text="Allow interrupt for correctable EDAC errors in data BRAM"/></itemDef>
    <itemDef name="SUDA_DBramUerrIntr" type="enaDis"><alias namespace="SUDA" value="IBramUerrIntr"/>
      <description text="Allow interrupt for uncorrectable EDAC errors in data BRAM"/></itemDef>
    <itemDef name="SUDA_DBRAMERRINJCODE" type="dn8"><alias namespace="SUDA" value="DBRAMERRINJCODE"/>
      <description text="Inject error in the generated ECC written to the dBRAM"/></itemDef>
    <itemDef name="SUDA_DBRAMUERRCODE" type="dn8"><alias namespace="SUDA" value="DBRAMUERRCODE"/>
      <description text="Stores ECC code identifying first ECC fail, reset by clearing status register"/></itemDef>
    <itemDef name="SUDA_DBRAMCERRCODE" type="dn8"><alias namespace="SUDA" value="DBRAMCERRCODE"/>
      <description text="Stores ECC code identifying first ECC fail, reset by clearing status register"/></itemDef>  
    <itemDef name="SUDA_DBRAMCERRDATA" type="dn32"><alias namespace="SUDA" value="DBRAMCERRDATA"/>
      <description text="Uncorrected data from correctable EDAC error in data BRAM"/></itemDef>
    <itemDef name="SUDA_DBRAMUERRDATA" type="dn32"><alias namespace="SUDA" value="DBRAMUERRDATA"/>
      <description text="Uncorrected data from uncorrectable EDAC error in data BRAM"/></itemDef>
    <itemDef name="SUDA_DBRAMUERRADDR" type="dn32"><alias namespace="SUDA" value="DBRAMUERRADDR"/>
      <description text="Address of uncorrectable EDAC error in data BRAM"/></itemDef>
    <itemDef name="SUDA_DBRAMERRINJDATA" type="dn32"><alias namespace="SUDA" value="DBRAMERRINJDATA"/>
      <description text="Selects which bits errors are injected into data BRAM"/></itemDef>    
  <!--END: bramHwPkt_t dbram -->  

  <!--BEGIN: spiHwPkt_t spi0 -->  
    <!-- Interrupt Control -->
    <itemDef name="SUDA_Spi0IntrCtrl" type="dn32"><alias namespace="SUDA" value="Spi0IntrCtrl"/>
      <description text="Provides control over various aspect of SPI #0 core"/></itemDef>
    
    <!-- Status -->   
    <itemDef name="SUDA_Spi0Spare0" type="dn2"><alias namespace="SUDA" value="Spi0Spare0"/>
      <description text="Spare"/></itemDef>
    <itemDef name="SUDA_Spi0TxFifoLen" type="dn4"><alias namespace="SUDA" value="Spi0TxFifoLen"/>
      <description text="Add one to get the number of elements in SPI0 transmit FIFO"/></itemDef>
    <itemDef name="SUDA_Spi0RxFifoLen" type="dn4"><alias namespace="SUDA" value="Spi0RxFifoLen"/>
      <description text="Add one to get the number of elements in SPI0 receive FIFO"/></itemDef>
    <itemDef name="SUDA_Spi0SlaveSel" type="yesNo"><alias namespace="SUDA" value="Spi0SlaveSel"/>
      <description text="Slave Mode Select for SPI0"/></itemDef>  
    <itemDef name="SUDA_Spi0MODF" type="yesNo"><alias namespace="SUDA" value="Spi0MODF"/>
      <description text="SPI0 MODF"/></itemDef>
    <itemDef name="SUDA_Spi0TxFull" type="yesNo"><alias namespace="SUDA" value="Spi0TxFull"/>
      <description text="SPI0 transmit buffer is full"/></itemDef>
    <itemDef name="SUDA_Spi0TxEmpty" type="yesNo"><alias namespace="SUDA" value="Spi0TxEmpty"/>
      <description text="SPI0 transmit buffer is empty"/></itemDef>
    <itemDef name="SUDA_Spi0RxFull" type="yesNo"><alias namespace="SUDA" value="Spi0RxFull"/>
      <description text="SPI0 receive buffer is full"/></itemDef>
    <itemDef name="SUDA_Spi0RxEmpty" type="yesNo"><alias namespace="SUDA" value="Spi0RxEmpty"/>
      <description text="SPI0 receive buffer is empty"/></itemDef>
    <itemDef name="SUDA_Spi0Spare1" type="dn16"><alias namespace="SUDA" value="Spi0Spare1"/>
      <description text="Spare"/></itemDef>    
  <!--END: spiHwPkt_t spi0 -->  

  <!--BEGIN: spiHwPkt_t spi1 -->  
    <!-- Interrupt Control -->
    <itemDef name="SUDA_Spi1IntrCtrl" type="dn32"><alias namespace="SUDA" value="Spi1IntrCtrl"/>
      <description text="Provides control over various aspect of SPI #1 core"/></itemDef>
    
    <!-- Status -->   
    <itemDef name="SUDA_Spi1Spare0" type="dn2"><alias namespace="SUDA" value="Spi0Spare1"/>
      <description text="Spare"/></itemDef>
    <itemDef name="SUDA_Spi1TxFifoLen" type="dn4"><alias namespace="SUDA" value="Spi1TxFifoLen"/>
      <description text="Add one to get the number of elements in SPI1 transmit FIFO"/></itemDef>
    <itemDef name="SUDA_Spi1RxFifoLen" type="dn4"><alias namespace="SUDA" value="Spi1RxFifoLen"/>
      <description text="Add one to get the number of elements in SPI1 receive FIFO"/></itemDef>
    <itemDef name="SUDA_Spi1SlaveSel" type="yesNo"><alias namespace="SUDA" value="Spi1SlaveSel"/>
      <description text="Slave Mode Select for SPI1"/></itemDef>  
    <itemDef name="SUDA_Spi1MODF" type="yesNo"><alias namespace="SUDA" value="Spi1MODF"/>
      <description text="SPI1 MODF"/></itemDef>
    <itemDef name="SUDA_Spi1TxFull" type="yesNo"><alias namespace="SUDA" value="Spi1TxFull"/>
      <description text="SPI1 transmit buffer is full"/></itemDef>
    <itemDef name="SUDA_Spi1TxEmpty" type="yesNo"><alias namespace="SUDA" value="Spi1TxEmpty"/>
      <description text="SPI1 transmit buffer is empty"/></itemDef>
    <itemDef name="SUDA_Spi1RxFull" type="yesNo"><alias namespace="SUDA" value="Spi1RxFull"/>
      <description text="SPI1 receive buffer is full"/></itemDef>
    <itemDef name="SUDA_Spi1RxEmpty" type="yesNo"><alias namespace="SUDA" value="Spi1RxEmpty"/>
      <description text="SPI1 receive buffer is empty"/></itemDef>
    <itemDef name="SUDA_Spi1Spare1" type="dn16"><alias namespace="SUDA" value="Spi1Spare1"/>
      <description text="Spare"/></itemDef>    
  <!--END: spiHwPkt_t spi1 -->  

  <!--BEGIN: txPktCtrlHwPkt_t --> 
    <!-- Status -->   
    <itemDef name="SUDA_TxPktUnused0" type="dn14">
      <alias namespace="SUDA" value="TxPktUnused0"/>
      <description text="Unused bits"/>
      </itemDef>
     <itemDef name="SUDA_TxUerrRead" type="errOkay">
        <alias namespace="SUDA" value="txUerrRead"/>
      <description text="Uncorrectable bit error was detected on read (write '1' to clear)"/>
    </itemDef>  
     <itemDef name="SUDA_TxCerrRead" type="errOkay">
        <alias namespace="SUDA" value="TxCerrRead"/>
      <description text="Single bit error was detected on read (write '1' to clear)"/>
    </itemDef>  
     <itemDef name="SUDA_txBuffOverflow" type="errOkay">
        <alias namespace="SUDA" value="txBuffOverflow"/>
      <description text="TxPkt buffer overflow (write '1' to clear)"/>
    </itemDef>  
     <itemDef name="SUDA_txBuffUnderflow" type="errOkay">
        <alias namespace="SUDA" value="txBuffUnderflow"/>
      <description text="TxPkt buffer underflow (write '1' to clear)"/>
    </itemDef>   
     <itemDef name="SUDA_txBuffFull" type="yesNo">
        <alias namespace="SUDA" value="txBuffFull"/>
      <description text="TxPkt buffer full"/>
    </itemDef>   
     <itemDef name="SUDA_txBuffEmpty" type="yesNo">
        <alias namespace="SUDA" value="txBuffEmpty"/>
      <description text="TxPkt buffer empty"/>
    </itemDef>   
    
    <!-- Length -->   
    <itemDef name="SUDA_TxPktLen" type="dn12"><alias namespace="SUDA" value="TxPktLen"/>
      <description text="Length in bytes of the packet to be transmitted (minus one)"/></itemDef>
  <!--END: txPktCtrlHwPkt_t --> 
  
  <!--BEGIN: rxPktCtrlHwPkt_t --> 
    <!-- Status -->   
    <itemDef name="SUDA_HWRXPKTSpare0" type="dn12"><alias namespace="SUDA" value="HWRXPKTSpare0"/>
      <description text="Spare"/>
    </itemDef>
    <itemDef name="SUDA_RXPKTDROPLATCH" type="errOkay"><alias namespace="SUDA" value="RXPKTDROPLATCH"/>
      <description text="Packet dropped due to full buffer, since last clear"/>
    </itemDef>
    <itemDef name="SUDA_RXPKTWROVRFLW" type="errOkay"><alias namespace="SUDA" value="RXPKTWROVRFLW"/>
      <description text="Write address overflow"/>
    </itemDef>    
    <itemDef name="SUDA_RXPKTUERR" type="errOkay"><alias namespace="SUDA" value="RXPKTUERR"/>
      <description text="Multiple bit error was detected on read"/>
    </itemDef>  
    <itemDef name="SUDA_RXPKTCERR" type="errOkay"><alias namespace="SUDA" value="RXPKTCERR"/>
      <description text="Single bit error was detected on read"/>
    </itemDef>  
    <itemDef name="SUDA_RXPKTBUFOVRFLW" type="errOkay"><alias namespace="SUDA" value="RXPKTBUFOVRFLW"/>
      <description text="RxPkt buffer overflow"/>
    </itemDef>  
    <itemDef name="SUDA_RXPKTBUFUNDERFLW" type="errOkay"><alias namespace="SUDA" value="RXPKTBUFUNDERFLW"/>
      <description text="RxPkt buffer underflow"/>
    </itemDef>   
    <itemDef name="SUDA_RXPKTBUFFULL" type="yesNo"><alias namespace="SUDA" value="RXPKTBUFFULL"/>
      <description text="RxPkt buffers are full"/>
    </itemDef>   
    <itemDef name="SUDA_RXPKTBUFEMPTY" type="yesNo"><alias namespace="SUDA" value="RXPKTBUFEMPTY"/>
      <description text="RxPkt buffers are empty"/>
    </itemDef>   
    <itemDef name="SUDA_RXPKTLEN" type="dn12"><alias namespace="SUDA" value="RXPKTLEN"/>
      <description text="Length in bytes of the last SpW pkt received (minus one)"/>
    </itemDef>
    <!--END: rxPktCtrlHwPkt_t --> 
                      
    <!--BEGIN: compHwPkt_t -->  
    <itemDef name="SUDA_COMPRDATASIZE" type="dn16"><alias namespace="SUDA" value="COMPRDATASIZE"/>
      <description text="Length (in 32 bit words) of most recently compressed data set"/></itemDef>
    <itemDef name="SUDA_COMPRSTARTPTR" type="dn16"><alias namespace="SUDA" value="COMPRSTARTPTR"/>
      <description text="15 bit pointer to start of data to be compressed"/></itemDef>
    
    <itemDef name="SUDA_COMPRUNUSED2" type="dn3"><alias namespace="SUDA" value="COMPRUNUSED2"/>
      <description text="Unused Bits"/></itemDef>
    <itemDef name="SUDA_COMPRSTATUS" type="enaDis"><alias namespace="SUDA" value="COMPRSTATUS"/>
      <description text="If '1', compressing operation is in progress"/></itemDef>
    <itemDef name="SUDA_COMPRUNUSED1" type="dn3"><alias namespace="SUDA" value="COMPRUNUSED1"/>
      <description text="Unused Bits"/></itemDef>
    <itemDef name="SUDA_COMPRDEPTH" type="depthSelType1"><alias namespace="SUDA" value="COMPRDEPTH"/>
      <description text="Selects data depth being compressed, 10 bit (0) or 12 bit (1)"/></itemDef>
    <itemDef name="SUDA_COMPRUNUSED0" type="dn8"><alias namespace="SUDA" value="COMPRUNUSED0"/>
      <description text="Unused Bits"/></itemDef>
    <itemDef name="SUDA_COMPRRICEUERR" type="errOkay"><alias namespace="SUDA" value="COMPRRICEUERR"/>
      <description text="Uncorrectable multi bit upset in compression core internals"/></itemDef>
    <itemDef name="SUDA_COMPRRICECERR" type="errOkay"><alias namespace="SUDA" value="COMPRRICECERR"/>
      <description text="Correctable single bit upset in compression core internals"/></itemDef>
    <itemDef name="SUDA_COMPRBUFUERR" type="errOkay"><alias namespace="SUDA" value="COMPRBUFUERR"/>
      <description text="Uncorrectable multi bit upset in compression buffer RAM"/></itemDef>
    <itemDef name="SUDA_COMPRBUFCERR" type="errOkay"><alias namespace="SUDA" value="COMPRBUFCERR"/>
      <description text="Correctable single bit upset in compression buffer RAM"/></itemDef>
    <itemDef name="SUDA_COMPRDATALEN" type="dn12"><alias namespace="SUDA" value="COMPRDATALEN"/>
      <description text="Length of data to be compresses in 32-bit words"/></itemDef>
    <!--END: compHwPkt_t -->  
      
    <itemDef name="SUDA_SYNCMARKHWPKT" type="dn16"><alias namespace="SUDA" value="SYNCMARKHWPKT"/>
      <description text="Synchronization marker"/></itemDef>
    <itemDef name="SUDA_CRCHWPKT" type="dn16"><alias namespace="SUDA" value="CRCHWPKT"/>
      <description text="16-Bit CRC Checksum Value of HW Payload Packet"/></itemDef>    
  </field>
  </frameDef>

  <frameDef name="suda_hw" id="0x0585"><description text="Hardware-Centric Packet"/>
    <field>
      <frameCopy name="CCSDSPriHeader" suffix="_hwPkt"/>
      <frameCopy name="CCSDSSecHeader" suffix="_hwPkt"/>
      <item name="suda_hw_hk_frame"/>
    </field>
  </frameDef>

</hydraDef>
