<!-- SUDA-specific file to define SUDA telemetry packets for logs -->
<!-- Note: Contained in own file since it is rather long -->

<hydraDef>
          
  <!--  Definitions for Log Entries -->
  
  <!-- Event log entry is used in event message and event log packets -->
  <frameDef name="evtLogEntry">
    <field>
      <itemDef name="ELSEC" type="dn32"/>
      <itemDef name="ELSSEC" type="dn16"/>
      <itemDef name="ELSLICE" type="dn8"/>
      <itemDef name="ELID" type="logEntryId"/>
      <itemDef name="EL1PARAM" type="dn8"/>
      <itemDef name="EL2PARAM" type="dn8"/>
      <itemDef name="EL3PARAM" type="dn8"/>
      <itemDef name="EL4PARAM" type="dn8"/>
    </field>
  </frameDef>

  <!-- Postmortem log entry is used in postmortem log packet, not quite identical to event log entry -->
  <frameDef name="pmLogEntry">
    <field>
      <itemDef name="PLSEC" type="dn32"/>
      <itemDef name="PLSSEC" type="dn16"/>
      <itemDef name="PLSLICE" type="dn8"/>
      <itemDef name="PLID" type="logEntryId"/>
      <itemDef name="PL1PARAM" type="dn8"/>
      <itemDef name="PL2PARAM" type="dn8"/>
      <itemDef name="PL3PARAM" type="dn8"/>
      <itemDef name="PL4PARAM" type="dn8"/>
    </field>
  </frameDef>

  <!-- Command log entry is used in command log packet -->
  <frameDef name="cmdLogEntry">
    <field>
      <itemDef name="CLSEC" type="dn32"/>
      <itemDef name="CLSSEC" type="dn16"/>
      <itemDef name="CLENGINE" type="cmdEngine8"/>
      <itemDef name="CLSEQ" type="dn8"/>          
      <itemDef name="CLUNUSED" type="dn5"/>
      <itemDef name="CLAPID" type="dn11"/>
      <itemDef name="CLOPCODE" type="opCode16"/>
      <itemDef name="CLARG1" type="dn32"/>
    </field>
  </frameDef> 

  
  <!-- ====================================== -->
  <!-- Event Message Packet                 -->
  <!-- ====================================== -->

  <frameDef name="suda_evtmsg_hk_frame"><description text="Event message pkt contents"/>
    <field>
      <frameCopy name="evtLogEntry" suffix="_evtMsgPkt" prefix="SUDA_"><alias namespace="SUDA" value="evtMsgEntry"/><description text=""/></frameCopy>         
      <itemDef name="SUDA_SYNCEVTMSG" type="dn16"><alias namespace="SUDA" value="crcpad_evtMsgPkt"/><description text="Sync marker"/></itemDef>      
      <itemDef name="SUDA_CRCEVTMSGPKT" type="dn16"><alias namespace="SUDA" value="crc_evtMsgPkt"/><description text="CRC CCITT"/></itemDef>      
     </field>
  </frameDef>    

  <frameDef name="suda_evtmsg" id="0x058A"><description text="Event Message Packet"/>
    <field>
      <frameCopy name="CCSDSPriHeader" suffix="_evtMsgPkt"/>
      <frameCopy name="CCSDSSecHeader" suffix="_evtMsgPkt"/>
      <item name="suda_evtmsg_hk_frame"/>
    </field>
  </frameDef>

	<msgDef name="evtMsg" frame="suda_evtmsg" mainWindow="true">
	  <item name="SUDA_ELID_evtMsgPkt" conversion="eventMsgDictionary" 
			param0="SUDA_EL1PARAM_evtMsgPkt" param1="SUDA_EL2PARAM_evtMsgPkt"	param2="SUDA_EL3PARAM_evtMsgPkt" param3="SUDA_EL4PARAM_evtMsgPkt"/>
	</msgDef>


  <!-- ====================================== -->
  <!-- Event Log Packet                     -->
  <!-- ====================================== -->

  <frameDef name="suda_evtlog_hk_frame"><description text="Event log pkt contents"/>
    <field>
      <frameCopy name="evtLogEntry" suffix="_00" prefix="SUDA_"><alias namespace="SUDA" value="evtLogEntry00"/><description text=""/></frameCopy>
      <frameCopy name="evtLogEntry" suffix="_01" prefix="SUDA_"><alias namespace="SUDA" value="evtLogEntry01"/><description text=""/></frameCopy>
      <frameCopy name="evtLogEntry" suffix="_02" prefix="SUDA_"><alias namespace="SUDA" value="evtLogEntry02"/><description text=""/></frameCopy>
      <frameCopy name="evtLogEntry" suffix="_03" prefix="SUDA_"><alias namespace="SUDA" value="evtLogEntry03"/><description text=""/></frameCopy>
      <frameCopy name="evtLogEntry" suffix="_04" prefix="SUDA_"><alias namespace="SUDA" value="evtLogEntry04"/><description text=""/></frameCopy>
      <frameCopy name="evtLogEntry" suffix="_05" prefix="SUDA_"><alias namespace="SUDA" value="evtLogEntry05"/><description text=""/></frameCopy>
      <frameCopy name="evtLogEntry" suffix="_06" prefix="SUDA_"><alias namespace="SUDA" value="evtLogEntry06"/><description text=""/></frameCopy>
      <frameCopy name="evtLogEntry" suffix="_07" prefix="SUDA_"><alias namespace="SUDA" value="evtLogEntry07"/><description text=""/></frameCopy>
      <frameCopy name="evtLogEntry" suffix="_08" prefix="SUDA_"><alias namespace="SUDA" value="evtLogEntry08"/><description text=""/></frameCopy>
      <frameCopy name="evtLogEntry" suffix="_09" prefix="SUDA_"><alias namespace="SUDA" value="evtLogEntry09"/><description text=""/></frameCopy>
      <frameCopy name="evtLogEntry" suffix="_10" prefix="SUDA_"><alias namespace="SUDA" value="evtLogEntry10"/><description text=""/></frameCopy>
      <frameCopy name="evtLogEntry" suffix="_11" prefix="SUDA_"><alias namespace="SUDA" value="evtLogEntry11"/><description text=""/></frameCopy>
      <frameCopy name="evtLogEntry" suffix="_12" prefix="SUDA_"><alias namespace="SUDA" value="evtLogEntry12"/><description text=""/></frameCopy>
      <frameCopy name="evtLogEntry" suffix="_13" prefix="SUDA_"><alias namespace="SUDA" value="evtLogEntry13"/><description text=""/></frameCopy>
      <frameCopy name="evtLogEntry" suffix="_14" prefix="SUDA_"><alias namespace="SUDA" value="evtLogEntry14"/><description text=""/></frameCopy>
      <frameCopy name="evtLogEntry" suffix="_15" prefix="SUDA_"><alias namespace="SUDA" value="evtLogEntry15"/><description text=""/></frameCopy>
      <frameCopy name="evtLogEntry" suffix="_16" prefix="SUDA_"><alias namespace="SUDA" value="evtLogEntry16"/><description text=""/></frameCopy>
      <frameCopy name="evtLogEntry" suffix="_17" prefix="SUDA_"><alias namespace="SUDA" value="evtLogEntry17"/><description text=""/></frameCopy>
      <frameCopy name="evtLogEntry" suffix="_18" prefix="SUDA_"><alias namespace="SUDA" value="evtLogEntry18"/><description text=""/></frameCopy>
      <frameCopy name="evtLogEntry" suffix="_19" prefix="SUDA_"><alias namespace="SUDA" value="evtLogEntry19"/><description text=""/></frameCopy>
      <frameCopy name="evtLogEntry" suffix="_20" prefix="SUDA_"><alias namespace="SUDA" value="evtLogEntry20"/><description text=""/></frameCopy>
      <frameCopy name="evtLogEntry" suffix="_21" prefix="SUDA_"><alias namespace="SUDA" value="evtLogEntry21"/><description text=""/></frameCopy>
      <frameCopy name="evtLogEntry" suffix="_22" prefix="SUDA_"><alias namespace="SUDA" value="evtLogEntry22"/><description text=""/></frameCopy>
      <frameCopy name="evtLogEntry" suffix="_23" prefix="SUDA_"><alias namespace="SUDA" value="evtLogEntry23"/><description text=""/></frameCopy>
      <frameCopy name="evtLogEntry" suffix="_24" prefix="SUDA_"><alias namespace="SUDA" value="evtLogEntry24"/><description text=""/></frameCopy>
      <frameCopy name="evtLogEntry" suffix="_25" prefix="SUDA_"><alias namespace="SUDA" value="evtLogEntry25"/><description text=""/></frameCopy>
      <frameCopy name="evtLogEntry" suffix="_26" prefix="SUDA_"><alias namespace="SUDA" value="evtLogEntry26"/><description text=""/></frameCopy>
      <frameCopy name="evtLogEntry" suffix="_27" prefix="SUDA_"><alias namespace="SUDA" value="evtLogEntry27"/><description text=""/></frameCopy>
      <frameCopy name="evtLogEntry" suffix="_28" prefix="SUDA_"><alias namespace="SUDA" value="evtLogEntry28"/><description text=""/></frameCopy>
      <frameCopy name="evtLogEntry" suffix="_29" prefix="SUDA_"><alias namespace="SUDA" value="evtLogEntry29"/><description text=""/></frameCopy>
      <frameCopy name="evtLogEntry" suffix="_30" prefix="SUDA_"><alias namespace="SUDA" value="evtLogEntry30"/><description text=""/></frameCopy>
      <frameCopy name="evtLogEntry" suffix="_31" prefix="SUDA_"><alias namespace="SUDA" value="evtLogEntry31"/><description text=""/></frameCopy>
      <frameCopy name="evtLogEntry" suffix="_32" prefix="SUDA_"><alias namespace="SUDA" value="evtLogEntry32"/><description text=""/></frameCopy>
      <frameCopy name="evtLogEntry" suffix="_33" prefix="SUDA_"><alias namespace="SUDA" value="evtLogEntry33"/><description text=""/></frameCopy>
      <frameCopy name="evtLogEntry" suffix="_34" prefix="SUDA_"><alias namespace="SUDA" value="evtLogEntry34"/><description text=""/></frameCopy>
      <frameCopy name="evtLogEntry" suffix="_35" prefix="SUDA_"><alias namespace="SUDA" value="evtLogEntry35"/><description text=""/></frameCopy>
      <frameCopy name="evtLogEntry" suffix="_36" prefix="SUDA_"><alias namespace="SUDA" value="evtLogEntry36"/><description text=""/></frameCopy>
      <frameCopy name="evtLogEntry" suffix="_37" prefix="SUDA_"><alias namespace="SUDA" value="evtLogEntry37"/><description text=""/></frameCopy>
      <frameCopy name="evtLogEntry" suffix="_38" prefix="SUDA_"><alias namespace="SUDA" value="evtLogEntry38"/><description text=""/></frameCopy>
      <frameCopy name="evtLogEntry" suffix="_39" prefix="SUDA_"><alias namespace="SUDA" value="evtLogEntry39"/><description text=""/></frameCopy>
      <frameCopy name="evtLogEntry" suffix="_40" prefix="SUDA_"><alias namespace="SUDA" value="evtLogEntry40"/><description text=""/></frameCopy>
      <frameCopy name="evtLogEntry" suffix="_41" prefix="SUDA_"><alias namespace="SUDA" value="evtLogEntry41"/><description text=""/></frameCopy>
      <frameCopy name="evtLogEntry" suffix="_42" prefix="SUDA_"><alias namespace="SUDA" value="evtLogEntry42"/><description text=""/></frameCopy>
      <frameCopy name="evtLogEntry" suffix="_43" prefix="SUDA_"><alias namespace="SUDA" value="evtLogEntry43"/><description text=""/></frameCopy>
      <frameCopy name="evtLogEntry" suffix="_44" prefix="SUDA_"><alias namespace="SUDA" value="evtLogEntry44"/><description text=""/></frameCopy>
      <frameCopy name="evtLogEntry" suffix="_45" prefix="SUDA_"><alias namespace="SUDA" value="evtLogEntry45"/><description text=""/></frameCopy>
      <frameCopy name="evtLogEntry" suffix="_46" prefix="SUDA_"><alias namespace="SUDA" value="evtLogEntry46"/><description text=""/></frameCopy>
      <frameCopy name="evtLogEntry" suffix="_47" prefix="SUDA_"><alias namespace="SUDA" value="evtLogEntry47"/><description text=""/></frameCopy>
      <frameCopy name="evtLogEntry" suffix="_48" prefix="SUDA_"><alias namespace="SUDA" value="evtLogEntry48"/><description text=""/></frameCopy>
      <frameCopy name="evtLogEntry" suffix="_49" prefix="SUDA_"><alias namespace="SUDA" value="evtLogEntry49"/><description text=""/></frameCopy>
      <frameCopy name="evtLogEntry" suffix="_50" prefix="SUDA_"><alias namespace="SUDA" value="evtLogEntry50"/><description text=""/></frameCopy>
      <frameCopy name="evtLogEntry" suffix="_51" prefix="SUDA_"><alias namespace="SUDA" value="evtLogEntry51"/><description text=""/></frameCopy>
      <frameCopy name="evtLogEntry" suffix="_52" prefix="SUDA_"><alias namespace="SUDA" value="evtLogEntry52"/><description text=""/></frameCopy>
      <frameCopy name="evtLogEntry" suffix="_53" prefix="SUDA_"><alias namespace="SUDA" value="evtLogEntry53"/><description text=""/></frameCopy>
      <frameCopy name="evtLogEntry" suffix="_54" prefix="SUDA_"><alias namespace="SUDA" value="evtLogEntry54"/><description text=""/></frameCopy>
      <frameCopy name="evtLogEntry" suffix="_55" prefix="SUDA_"><alias namespace="SUDA" value="evtLogEntry55"/><description text=""/></frameCopy>
      <frameCopy name="evtLogEntry" suffix="_56" prefix="SUDA_"><alias namespace="SUDA" value="evtLogEntry56"/><description text=""/></frameCopy>
      <frameCopy name="evtLogEntry" suffix="_57" prefix="SUDA_"><alias namespace="SUDA" value="evtLogEntry57"/><description text=""/></frameCopy>
      <frameCopy name="evtLogEntry" suffix="_58" prefix="SUDA_"><alias namespace="SUDA" value="evtLogEntry58"/><description text=""/></frameCopy>
      <frameCopy name="evtLogEntry" suffix="_59" prefix="SUDA_"><alias namespace="SUDA" value="evtLogEntry59"/><description text=""/></frameCopy>
      <frameCopy name="evtLogEntry" suffix="_60" prefix="SUDA_"><alias namespace="SUDA" value="evtLogEntry60"/><description text=""/></frameCopy>
      <frameCopy name="evtLogEntry" suffix="_61" prefix="SUDA_"><alias namespace="SUDA" value="evtLogEntry61"/><description text=""/></frameCopy>
      <frameCopy name="evtLogEntry" suffix="_62" prefix="SUDA_"><alias namespace="SUDA" value="evtLogEntry62"/><description text=""/></frameCopy>
      <frameCopy name="evtLogEntry" suffix="_63" prefix="SUDA_"><alias namespace="SUDA" value="evtLogEntry63"/><description text=""/></frameCopy>
      <frameCopy name="evtLogEntry" suffix="_64" prefix="SUDA_"><alias namespace="SUDA" value="evtLogEntry64"/><description text=""/></frameCopy>
      <frameCopy name="evtLogEntry" suffix="_65" prefix="SUDA_"><alias namespace="SUDA" value="evtLogEntry65"/><description text=""/></frameCopy>
      <frameCopy name="evtLogEntry" suffix="_66" prefix="SUDA_"><alias namespace="SUDA" value="evtLogEntry66"/><description text=""/></frameCopy>
      <frameCopy name="evtLogEntry" suffix="_67" prefix="SUDA_"><alias namespace="SUDA" value="evtLogEntry67"/><description text=""/></frameCopy>
      <frameCopy name="evtLogEntry" suffix="_68" prefix="SUDA_"><alias namespace="SUDA" value="evtLogEntry68"/><description text=""/></frameCopy>
      <frameCopy name="evtLogEntry" suffix="_69" prefix="SUDA_"><alias namespace="SUDA" value="evtLogEntry69"/><description text=""/></frameCopy>
      <frameCopy name="evtLogEntry" suffix="_70" prefix="SUDA_"><alias namespace="SUDA" value="evtLogEntry70"/><description text=""/></frameCopy>
      <frameCopy name="evtLogEntry" suffix="_71" prefix="SUDA_"><alias namespace="SUDA" value="evtLogEntry71"/><description text=""/></frameCopy>
      <frameCopy name="evtLogEntry" suffix="_72" prefix="SUDA_"><alias namespace="SUDA" value="evtLogEntry72"/><description text=""/></frameCopy>
      <frameCopy name="evtLogEntry" suffix="_73" prefix="SUDA_"><alias namespace="SUDA" value="evtLogEntry73"/><description text=""/></frameCopy>
      <frameCopy name="evtLogEntry" suffix="_74" prefix="SUDA_"><alias namespace="SUDA" value="evtLogEntry74"/><description text=""/></frameCopy>
      <frameCopy name="evtLogEntry" suffix="_75" prefix="SUDA_"><alias namespace="SUDA" value="evtLogEntry75"/><description text=""/></frameCopy>
      <frameCopy name="evtLogEntry" suffix="_76" prefix="SUDA_"><alias namespace="SUDA" value="evtLogEntry76"/><description text=""/></frameCopy>
      <frameCopy name="evtLogEntry" suffix="_77" prefix="SUDA_"><alias namespace="SUDA" value="evtLogEntry77"/><description text=""/></frameCopy>
      <frameCopy name="evtLogEntry" suffix="_78" prefix="SUDA_"><alias namespace="SUDA" value="evtLogEntry78"/><description text=""/></frameCopy>
      <frameCopy name="evtLogEntry" suffix="_79" prefix="SUDA_"><alias namespace="SUDA" value="evtLogEntry79"/><description text=""/></frameCopy>
      <frameCopy name="evtLogEntry" suffix="_80" prefix="SUDA_"><alias namespace="SUDA" value="evtLogEntry80"/><description text=""/></frameCopy>
      <frameCopy name="evtLogEntry" suffix="_81" prefix="SUDA_"><alias namespace="SUDA" value="evtLogEntry81"/><description text=""/></frameCopy>
      <frameCopy name="evtLogEntry" suffix="_82" prefix="SUDA_"><alias namespace="SUDA" value="evtLogEntry82"/><description text=""/></frameCopy>
      <frameCopy name="evtLogEntry" suffix="_83" prefix="SUDA_"><alias namespace="SUDA" value="evtLogEntry83"/><description text=""/></frameCopy>
      <frameCopy name="evtLogEntry" suffix="_84" prefix="SUDA_"><alias namespace="SUDA" value="evtLogEntry84"/><description text=""/></frameCopy>
      <frameCopy name="evtLogEntry" suffix="_85" prefix="SUDA_"><alias namespace="SUDA" value="evtLogEntry85"/><description text=""/></frameCopy>
      <frameCopy name="evtLogEntry" suffix="_86" prefix="SUDA_"><alias namespace="SUDA" value="evtLogEntry86"/><description text=""/></frameCopy>
      <frameCopy name="evtLogEntry" suffix="_87" prefix="SUDA_"><alias namespace="SUDA" value="evtLogEntry87"/><description text=""/></frameCopy>
      <frameCopy name="evtLogEntry" suffix="_88" prefix="SUDA_"><alias namespace="SUDA" value="evtLogEntry88"/><description text=""/></frameCopy>
      <frameCopy name="evtLogEntry" suffix="_89" prefix="SUDA_"><alias namespace="SUDA" value="evtLogEntry89"/><description text=""/></frameCopy>
      <frameCopy name="evtLogEntry" suffix="_90" prefix="SUDA_"><alias namespace="SUDA" value="evtLogEntry90"/><description text=""/></frameCopy>
      <frameCopy name="evtLogEntry" suffix="_91" prefix="SUDA_"><alias namespace="SUDA" value="evtLogEntry91"/><description text=""/></frameCopy>
      <frameCopy name="evtLogEntry" suffix="_92" prefix="SUDA_"><alias namespace="SUDA" value="evtLogEntry92"/><description text=""/></frameCopy>
      <frameCopy name="evtLogEntry" suffix="_93" prefix="SUDA_"><alias namespace="SUDA" value="evtLogEntry93"/><description text=""/></frameCopy>
      <frameCopy name="evtLogEntry" suffix="_94" prefix="SUDA_"><alias namespace="SUDA" value="evtLogEntry94"/><description text=""/></frameCopy>
      <frameCopy name="evtLogEntry" suffix="_95" prefix="SUDA_"><alias namespace="SUDA" value="evtLogEntry95"/><description text=""/></frameCopy>
      <frameCopy name="evtLogEntry" suffix="_96" prefix="SUDA_"><alias namespace="SUDA" value="evtLogEntry96"/><description text=""/></frameCopy>
      <frameCopy name="evtLogEntry" suffix="_97" prefix="SUDA_"><alias namespace="SUDA" value="evtLogEntry97"/><description text=""/></frameCopy>
      <frameCopy name="evtLogEntry" suffix="_98" prefix="SUDA_"><alias namespace="SUDA" value="evtLogEntry98"/><description text=""/></frameCopy>
      <frameCopy name="evtLogEntry" suffix="_99" prefix="SUDA_"><alias namespace="SUDA" value="evtLogEntry99"/><description text=""/></frameCopy>
      <frameCopy name="evtLogEntry" suffix="_100" prefix="SUDA_"><alias namespace="SUDA" value="evtLogEntry100"/><description text=""/></frameCopy>
      <frameCopy name="evtLogEntry" suffix="_101" prefix="SUDA_"><alias namespace="SUDA" value="evtLogEntry101"/><description text=""/></frameCopy>
      <frameCopy name="evtLogEntry" suffix="_102" prefix="SUDA_"><alias namespace="SUDA" value="evtLogEntry102"/><description text=""/></frameCopy>
      <frameCopy name="evtLogEntry" suffix="_103" prefix="SUDA_"><alias namespace="SUDA" value="evtLogEntry103"/><description text=""/></frameCopy>
      <frameCopy name="evtLogEntry" suffix="_104" prefix="SUDA_"><alias namespace="SUDA" value="evtLogEntry104"/><description text=""/></frameCopy>
      <frameCopy name="evtLogEntry" suffix="_105" prefix="SUDA_"><alias namespace="SUDA" value="evtLogEntry105"/><description text=""/></frameCopy>
      <frameCopy name="evtLogEntry" suffix="_106" prefix="SUDA_"><alias namespace="SUDA" value="evtLogEntry106"/><description text=""/></frameCopy>
      <frameCopy name="evtLogEntry" suffix="_107" prefix="SUDA_"><alias namespace="SUDA" value="evtLogEntry107"/><description text=""/></frameCopy>
      <frameCopy name="evtLogEntry" suffix="_108" prefix="SUDA_"><alias namespace="SUDA" value="evtLogEntry108"/><description text=""/></frameCopy>
      <frameCopy name="evtLogEntry" suffix="_109" prefix="SUDA_"><alias namespace="SUDA" value="evtLogEntry109"/><description text=""/></frameCopy>
      <frameCopy name="evtLogEntry" suffix="_110" prefix="SUDA_"><alias namespace="SUDA" value="evtLogEntry110"/><description text=""/></frameCopy>
      <frameCopy name="evtLogEntry" suffix="_111" prefix="SUDA_"><alias namespace="SUDA" value="evtLogEntry111"/><description text=""/></frameCopy>
      <frameCopy name="evtLogEntry" suffix="_112" prefix="SUDA_"><alias namespace="SUDA" value="evtLogEntry112"/><description text=""/></frameCopy>
      <frameCopy name="evtLogEntry" suffix="_113" prefix="SUDA_"><alias namespace="SUDA" value="evtLogEntry113"/><description text=""/></frameCopy>
      <frameCopy name="evtLogEntry" suffix="_114" prefix="SUDA_"><alias namespace="SUDA" value="evtLogEntry114"/><description text=""/></frameCopy>
      <frameCopy name="evtLogEntry" suffix="_115" prefix="SUDA_"><alias namespace="SUDA" value="evtLogEntry115"/><description text=""/></frameCopy>
      <frameCopy name="evtLogEntry" suffix="_116" prefix="SUDA_"><alias namespace="SUDA" value="evtLogEntry116"/><description text=""/></frameCopy>
      <frameCopy name="evtLogEntry" suffix="_117" prefix="SUDA_"><alias namespace="SUDA" value="evtLogEntry117"/><description text=""/></frameCopy>
      <frameCopy name="evtLogEntry" suffix="_118" prefix="SUDA_"><alias namespace="SUDA" value="evtLogEntry118"/><description text=""/></frameCopy>
      <frameCopy name="evtLogEntry" suffix="_119" prefix="SUDA_"><alias namespace="SUDA" value="evtLogEntry119"/><description text=""/></frameCopy>
      <frameCopy name="evtLogEntry" suffix="_120" prefix="SUDA_"><alias namespace="SUDA" value="evtLogEntry120"/><description text=""/></frameCopy>
      <frameCopy name="evtLogEntry" suffix="_121" prefix="SUDA_"><alias namespace="SUDA" value="evtLogEntry121"/><description text=""/></frameCopy>
      <frameCopy name="evtLogEntry" suffix="_122" prefix="SUDA_"><alias namespace="SUDA" value="evtLogEntry122"/><description text=""/></frameCopy>
      <frameCopy name="evtLogEntry" suffix="_123" prefix="SUDA_"><alias namespace="SUDA" value="evtLogEntry123"/><description text=""/></frameCopy>
      <frameCopy name="evtLogEntry" suffix="_124" prefix="SUDA_"><alias namespace="SUDA" value="evtLogEntry124"/><description text=""/></frameCopy>
      <frameCopy name="evtLogEntry" suffix="_125" prefix="SUDA_"><alias namespace="SUDA" value="evtLogEntry125"/><description text=""/></frameCopy>
      <frameCopy name="evtLogEntry" suffix="_126" prefix="SUDA_"><alias namespace="SUDA" value="evtLogEntry126"/><description text=""/></frameCopy>
      <frameCopy name="evtLogEntry" suffix="_127" prefix="SUDA_"><alias namespace="SUDA" value="evtLogEntry127"/><description text=""/></frameCopy>
      <frameCopy name="evtLogEntry" suffix="_128" prefix="SUDA_"><alias namespace="SUDA" value="evtLogEntry128"/><description text=""/></frameCopy>
      <frameCopy name="evtLogEntry" suffix="_129" prefix="SUDA_"><alias namespace="SUDA" value="evtLogEntry129"/><description text=""/></frameCopy>
      <frameCopy name="evtLogEntry" suffix="_130" prefix="SUDA_"><alias namespace="SUDA" value="evtLogEntry130"/><description text=""/></frameCopy>
      <frameCopy name="evtLogEntry" suffix="_131" prefix="SUDA_"><alias namespace="SUDA" value="evtLogEntry131"/><description text=""/></frameCopy>
      <frameCopy name="evtLogEntry" suffix="_132" prefix="SUDA_"><alias namespace="SUDA" value="evtLogEntry132"/><description text=""/></frameCopy>
      <frameCopy name="evtLogEntry" suffix="_133" prefix="SUDA_"><alias namespace="SUDA" value="evtLogEntry133"/><description text=""/></frameCopy>
      <frameCopy name="evtLogEntry" suffix="_134" prefix="SUDA_"><alias namespace="SUDA" value="evtLogEntry134"/><description text=""/></frameCopy>
      <frameCopy name="evtLogEntry" suffix="_135" prefix="SUDA_"><alias namespace="SUDA" value="evtLogEntry135"/><description text=""/></frameCopy>
      <frameCopy name="evtLogEntry" suffix="_136" prefix="SUDA_"><alias namespace="SUDA" value="evtLogEntry136"/><description text=""/></frameCopy>
      <frameCopy name="evtLogEntry" suffix="_137" prefix="SUDA_"><alias namespace="SUDA" value="evtLogEntry137"/><description text=""/></frameCopy>
      <frameCopy name="evtLogEntry" suffix="_138" prefix="SUDA_"><alias namespace="SUDA" value="evtLogEntry138"/><description text=""/></frameCopy>
      <frameCopy name="evtLogEntry" suffix="_139" prefix="SUDA_"><alias namespace="SUDA" value="evtLogEntry139"/><description text=""/></frameCopy>
      <frameCopy name="evtLogEntry" suffix="_140" prefix="SUDA_"><alias namespace="SUDA" value="evtLogEntry140"/><description text=""/></frameCopy>
      <frameCopy name="evtLogEntry" suffix="_141" prefix="SUDA_"><alias namespace="SUDA" value="evtLogEntry141"/><description text=""/></frameCopy>
      <frameCopy name="evtLogEntry" suffix="_142" prefix="SUDA_"><alias namespace="SUDA" value="evtLogEntry142"/><description text=""/></frameCopy>
      <frameCopy name="evtLogEntry" suffix="_143" prefix="SUDA_"><alias namespace="SUDA" value="evtLogEntry143"/><description text=""/></frameCopy>
      <frameCopy name="evtLogEntry" suffix="_144" prefix="SUDA_"><alias namespace="SUDA" value="evtLogEntry144"/><description text=""/></frameCopy>
      <frameCopy name="evtLogEntry" suffix="_145" prefix="SUDA_"><alias namespace="SUDA" value="evtLogEntry145"/><description text=""/></frameCopy>
      <frameCopy name="evtLogEntry" suffix="_146" prefix="SUDA_"><alias namespace="SUDA" value="evtLogEntry146"/><description text=""/></frameCopy>
      <frameCopy name="evtLogEntry" suffix="_147" prefix="SUDA_"><alias namespace="SUDA" value="evtLogEntry147"/><description text=""/></frameCopy>
      <frameCopy name="evtLogEntry" suffix="_148" prefix="SUDA_"><alias namespace="SUDA" value="evtLogEntry148"/><description text=""/></frameCopy>
      <frameCopy name="evtLogEntry" suffix="_149" prefix="SUDA_"><alias namespace="SUDA" value="evtLogEntry159"/><description text=""/></frameCopy>
      <frameCopy name="evtLogEntry" suffix="_150" prefix="SUDA_"><alias namespace="SUDA" value="evtLogEntry150"/><description text=""/></frameCopy>
      <frameCopy name="evtLogEntry" suffix="_151" prefix="SUDA_"><alias namespace="SUDA" value="evtLogEntry151"/><description text=""/></frameCopy>
      <frameCopy name="evtLogEntry" suffix="_152" prefix="SUDA_"><alias namespace="SUDA" value="evtLogEntry152"/><description text=""/></frameCopy>
      <frameCopy name="evtLogEntry" suffix="_153" prefix="SUDA_"><alias namespace="SUDA" value="evtLogEntry153"/><description text=""/></frameCopy>
      <frameCopy name="evtLogEntry" suffix="_154" prefix="SUDA_"><alias namespace="SUDA" value="evtLogEntry154"/><description text=""/></frameCopy>
      <frameCopy name="evtLogEntry" suffix="_155" prefix="SUDA_"><alias namespace="SUDA" value="evtLogEntry155"/><description text=""/></frameCopy>
      <frameCopy name="evtLogEntry" suffix="_156" prefix="SUDA_"><alias namespace="SUDA" value="evtLogEntry156"/><description text=""/></frameCopy>
      <frameCopy name="evtLogEntry" suffix="_157" prefix="SUDA_"><alias namespace="SUDA" value="evtLogEntry157"/><description text=""/></frameCopy>
      <frameCopy name="evtLogEntry" suffix="_158" prefix="SUDA_"><alias namespace="SUDA" value="evtLogEntry158"/><description text=""/></frameCopy>
      <frameCopy name="evtLogEntry" suffix="_159" prefix="SUDA_"><alias namespace="SUDA" value="evtLogEntry159"/><description text=""/></frameCopy>

      <itemDef name="SUDA_SYNCEVTLOGPKT" type="dn16"><alias namespace="SUDA" value="crcpad_evtLogPkt"/><description text="Sync marker"/></itemDef>      
      <itemDef name="SUDA_CRCEVTLOGPKT" type="dn16"><alias namespace="SUDA" value="crc_evtLogPkt"/><description text="CRC CCITT"/></itemDef>      
   </field>
  </frameDef>
  
  <frameDef name="suda_evtlog" id="0x0582"><description text="Event Log Packet"/>
    <field>
      <frameCopy name="CCSDSPriHeader" suffix="_evtLogPkt"/>
      <frameCopy name="CCSDSSecHeader" suffix="_evtLogPkt"/>
      <item name="suda_evtlog_hk_frame"/>
    </field>
  </frameDef>


  <!-- ====================================== -->
  <!-- Postmortem Log Packet                -->
  <!-- ====================================== -->
  
  <frameDef name="suda_pmlog_hk_frame"><description text="Postmortem log tlm pkt contents"/>
    <field>
      <frameCopy name="pmLogEntry" suffix="_00" prefix="SUDA_"><alias namespace="SUDA" value="pmLogEntry00"/><description text=""/></frameCopy>
      <frameCopy name="pmLogEntry" suffix="_01" prefix="SUDA_"><alias namespace="SUDA" value="pmLogEntry01"/><description text=""/></frameCopy>
      <frameCopy name="pmLogEntry" suffix="_02" prefix="SUDA_"><alias namespace="SUDA" value="pmLogEntry02"/><description text=""/></frameCopy>
      <frameCopy name="pmLogEntry" suffix="_03" prefix="SUDA_"><alias namespace="SUDA" value="pmLogEntry03"/><description text=""/></frameCopy>
      <frameCopy name="pmLogEntry" suffix="_04" prefix="SUDA_"><alias namespace="SUDA" value="pmLogEntry04"/><description text=""/></frameCopy>
      <frameCopy name="pmLogEntry" suffix="_05" prefix="SUDA_"><alias namespace="SUDA" value="pmLogEntry05"/><description text=""/></frameCopy>
      <frameCopy name="pmLogEntry" suffix="_06" prefix="SUDA_"><alias namespace="SUDA" value="pmLogEntry06"/><description text=""/></frameCopy>
      <frameCopy name="pmLogEntry" suffix="_07" prefix="SUDA_"><alias namespace="SUDA" value="pmLogEntry07"/><description text=""/></frameCopy>
      <frameCopy name="pmLogEntry" suffix="_08" prefix="SUDA_"><alias namespace="SUDA" value="pmLogEntry08"/><description text=""/></frameCopy>
      <frameCopy name="pmLogEntry" suffix="_09" prefix="SUDA_"><alias namespace="SUDA" value="pmLogEntry09"/><description text=""/></frameCopy>
      <frameCopy name="pmLogEntry" suffix="_10" prefix="SUDA_"><alias namespace="SUDA" value="pmLogEntry10"/><description text=""/></frameCopy>
      <frameCopy name="pmLogEntry" suffix="_11" prefix="SUDA_"><alias namespace="SUDA" value="pmLogEntry11"/><description text=""/></frameCopy>
      <frameCopy name="pmLogEntry" suffix="_12" prefix="SUDA_"><alias namespace="SUDA" value="pmLogEntry12"/><description text=""/></frameCopy>
      <frameCopy name="pmLogEntry" suffix="_13" prefix="SUDA_"><alias namespace="SUDA" value="pmLogEntry13"/><description text=""/></frameCopy>
      <frameCopy name="pmLogEntry" suffix="_14" prefix="SUDA_"><alias namespace="SUDA" value="pmLogEntry14"/><description text=""/></frameCopy>
      <frameCopy name="pmLogEntry" suffix="_15" prefix="SUDA_"><alias namespace="SUDA" value="pmLogEntry15"/><description text=""/></frameCopy>
      <frameCopy name="pmLogEntry" suffix="_16" prefix="SUDA_"><alias namespace="SUDA" value="pmLogEntry16"/><description text=""/></frameCopy>
      <frameCopy name="pmLogEntry" suffix="_17" prefix="SUDA_"><alias namespace="SUDA" value="pmLogEntry17"/><description text=""/></frameCopy>
      <frameCopy name="pmLogEntry" suffix="_18" prefix="SUDA_"><alias namespace="SUDA" value="pmLogEntry18"/><description text=""/></frameCopy>
      <frameCopy name="pmLogEntry" suffix="_19" prefix="SUDA_"><alias namespace="SUDA" value="pmLogEntry19"/><description text=""/></frameCopy>
      <frameCopy name="pmLogEntry" suffix="_20" prefix="SUDA_"><alias namespace="SUDA" value="pmLogEntry20"/><description text=""/></frameCopy>
      <frameCopy name="pmLogEntry" suffix="_21" prefix="SUDA_"><alias namespace="SUDA" value="pmLogEntry21"/><description text=""/></frameCopy>
      <frameCopy name="pmLogEntry" suffix="_22" prefix="SUDA_"><alias namespace="SUDA" value="pmLogEntry22"/><description text=""/></frameCopy>
      <frameCopy name="pmLogEntry" suffix="_23" prefix="SUDA_"><alias namespace="SUDA" value="pmLogEntry23"/><description text=""/></frameCopy>
      <frameCopy name="pmLogEntry" suffix="_24" prefix="SUDA_"><alias namespace="SUDA" value="pmLogEntry24"/><description text=""/></frameCopy>
      <frameCopy name="pmLogEntry" suffix="_25" prefix="SUDA_"><alias namespace="SUDA" value="pmLogEntry25"/><description text=""/></frameCopy>
      <frameCopy name="pmLogEntry" suffix="_26" prefix="SUDA_"><alias namespace="SUDA" value="pmLogEntry26"/><description text=""/></frameCopy>
      <frameCopy name="pmLogEntry" suffix="_27" prefix="SUDA_"><alias namespace="SUDA" value="pmLogEntry27"/><description text=""/></frameCopy>
      <frameCopy name="pmLogEntry" suffix="_28" prefix="SUDA_"><alias namespace="SUDA" value="pmLogEntry28"/><description text=""/></frameCopy>
      <frameCopy name="pmLogEntry" suffix="_29" prefix="SUDA_"><alias namespace="SUDA" value="pmLogEntry29"/><description text=""/></frameCopy>
      <frameCopy name="pmLogEntry" suffix="_30" prefix="SUDA_"><alias namespace="SUDA" value="pmLogEntry30"/><description text=""/></frameCopy>
      <frameCopy name="pmLogEntry" suffix="_31" prefix="SUDA_"><alias namespace="SUDA" value="pmLogEntry31"/><description text=""/></frameCopy>
      <frameCopy name="pmLogEntry" suffix="_32" prefix="SUDA_"><alias namespace="SUDA" value="pmLogEntry32"/><description text=""/></frameCopy>
      <frameCopy name="pmLogEntry" suffix="_33" prefix="SUDA_"><alias namespace="SUDA" value="pmLogEntry33"/><description text=""/></frameCopy>
      <frameCopy name="pmLogEntry" suffix="_34" prefix="SUDA_"><alias namespace="SUDA" value="pmLogEntry34"/><description text=""/></frameCopy>
      <frameCopy name="pmLogEntry" suffix="_35" prefix="SUDA_"><alias namespace="SUDA" value="pmLogEntry35"/><description text=""/></frameCopy>
      <frameCopy name="pmLogEntry" suffix="_36" prefix="SUDA_"><alias namespace="SUDA" value="pmLogEntry36"/><description text=""/></frameCopy>
      <frameCopy name="pmLogEntry" suffix="_37" prefix="SUDA_"><alias namespace="SUDA" value="pmLogEntry37"/><description text=""/></frameCopy>
      <frameCopy name="pmLogEntry" suffix="_38" prefix="SUDA_"><alias namespace="SUDA" value="pmLogEntry38"/><description text=""/></frameCopy>
      <frameCopy name="pmLogEntry" suffix="_39" prefix="SUDA_"><alias namespace="SUDA" value="pmLogEntry39"/><description text=""/></frameCopy>
      <frameCopy name="pmLogEntry" suffix="_40" prefix="SUDA_"><alias namespace="SUDA" value="pmLogEntry40"/><description text=""/></frameCopy>
      <frameCopy name="pmLogEntry" suffix="_41" prefix="SUDA_"><alias namespace="SUDA" value="pmLogEntry41"/><description text=""/></frameCopy>
      <frameCopy name="pmLogEntry" suffix="_42" prefix="SUDA_"><alias namespace="SUDA" value="pmLogEntry42"/><description text=""/></frameCopy>
      <frameCopy name="pmLogEntry" suffix="_43" prefix="SUDA_"><alias namespace="SUDA" value="pmLogEntry43"/><description text=""/></frameCopy>
      <frameCopy name="pmLogEntry" suffix="_44" prefix="SUDA_"><alias namespace="SUDA" value="pmLogEntry44"/><description text=""/></frameCopy>
      <frameCopy name="pmLogEntry" suffix="_45" prefix="SUDA_"><alias namespace="SUDA" value="pmLogEntry45"/><description text=""/></frameCopy>
      <frameCopy name="pmLogEntry" suffix="_46" prefix="SUDA_"><alias namespace="SUDA" value="pmLogEntry46"/><description text=""/></frameCopy>
      <frameCopy name="pmLogEntry" suffix="_47" prefix="SUDA_"><alias namespace="SUDA" value="pmLogEntry47"/><description text=""/></frameCopy>
      <frameCopy name="pmLogEntry" suffix="_48" prefix="SUDA_"><alias namespace="SUDA" value="pmLogEntry48"/><description text=""/></frameCopy>
      <frameCopy name="pmLogEntry" suffix="_49" prefix="SUDA_"><alias namespace="SUDA" value="pmLogEntry49"/><description text=""/></frameCopy>
      <frameCopy name="pmLogEntry" suffix="_50" prefix="SUDA_"><alias namespace="SUDA" value="pmLogEntry50"/><description text=""/></frameCopy>
      <frameCopy name="pmLogEntry" suffix="_51" prefix="SUDA_"><alias namespace="SUDA" value="pmLogEntry51"/><description text=""/></frameCopy>
      <frameCopy name="pmLogEntry" suffix="_52" prefix="SUDA_"><alias namespace="SUDA" value="pmLogEntry52"/><description text=""/></frameCopy>
      <frameCopy name="pmLogEntry" suffix="_53" prefix="SUDA_"><alias namespace="SUDA" value="pmLogEntry53"/><description text=""/></frameCopy>
      <frameCopy name="pmLogEntry" suffix="_54" prefix="SUDA_"><alias namespace="SUDA" value="pmLogEntry54"/><description text=""/></frameCopy>
      <frameCopy name="pmLogEntry" suffix="_55" prefix="SUDA_"><alias namespace="SUDA" value="pmLogEntry55"/><description text=""/></frameCopy>
      <frameCopy name="pmLogEntry" suffix="_56" prefix="SUDA_"><alias namespace="SUDA" value="pmLogEntry56"/><description text=""/></frameCopy>
      <frameCopy name="pmLogEntry" suffix="_57" prefix="SUDA_"><alias namespace="SUDA" value="pmLogEntry57"/><description text=""/></frameCopy>
      <frameCopy name="pmLogEntry" suffix="_58" prefix="SUDA_"><alias namespace="SUDA" value="pmLogEntry58"/><description text=""/></frameCopy>
      <frameCopy name="pmLogEntry" suffix="_59" prefix="SUDA_"><alias namespace="SUDA" value="pmLogEntry59"/><description text=""/></frameCopy>
      <frameCopy name="pmLogEntry" suffix="_60" prefix="SUDA_"><alias namespace="SUDA" value="pmLogEntry60"/><description text=""/></frameCopy>
      <frameCopy name="pmLogEntry" suffix="_61" prefix="SUDA_"><alias namespace="SUDA" value="pmLogEntry61"/><description text=""/></frameCopy>
      <frameCopy name="pmLogEntry" suffix="_62" prefix="SUDA_"><alias namespace="SUDA" value="pmLogEntry62"/><description text=""/></frameCopy>
      <frameCopy name="pmLogEntry" suffix="_63" prefix="SUDA_"><alias namespace="SUDA" value="pmLogEntry63"/><description text=""/></frameCopy>
      <frameCopy name="pmLogEntry" suffix="_64" prefix="SUDA_"><alias namespace="SUDA" value="pmLogEntry64"/><description text=""/></frameCopy>
      <frameCopy name="pmLogEntry" suffix="_65" prefix="SUDA_"><alias namespace="SUDA" value="pmLogEntry65"/><description text=""/></frameCopy>
      <frameCopy name="pmLogEntry" suffix="_66" prefix="SUDA_"><alias namespace="SUDA" value="pmLogEntry66"/><description text=""/></frameCopy>
      <frameCopy name="pmLogEntry" suffix="_67" prefix="SUDA_"><alias namespace="SUDA" value="pmLogEntry67"/><description text=""/></frameCopy>
      <frameCopy name="pmLogEntry" suffix="_68" prefix="SUDA_"><alias namespace="SUDA" value="pmLogEntry68"/><description text=""/></frameCopy>
      <frameCopy name="pmLogEntry" suffix="_69" prefix="SUDA_"><alias namespace="SUDA" value="pmLogEntry69"/><description text=""/></frameCopy>
      <frameCopy name="pmLogEntry" suffix="_70" prefix="SUDA_"><alias namespace="SUDA" value="pmLogEntry70"/><description text=""/></frameCopy>
      <frameCopy name="pmLogEntry" suffix="_71" prefix="SUDA_"><alias namespace="SUDA" value="pmLogEntry71"/><description text=""/></frameCopy>
      <frameCopy name="pmLogEntry" suffix="_72" prefix="SUDA_"><alias namespace="SUDA" value="pmLogEntry72"/><description text=""/></frameCopy>
      <frameCopy name="pmLogEntry" suffix="_73" prefix="SUDA_"><alias namespace="SUDA" value="pmLogEntry73"/><description text=""/></frameCopy>
      <frameCopy name="pmLogEntry" suffix="_74" prefix="SUDA_"><alias namespace="SUDA" value="pmLogEntry74"/><description text=""/></frameCopy>
      <frameCopy name="pmLogEntry" suffix="_75" prefix="SUDA_"><alias namespace="SUDA" value="pmLogEntry75"/><description text=""/></frameCopy>
      <frameCopy name="pmLogEntry" suffix="_76" prefix="SUDA_"><alias namespace="SUDA" value="pmLogEntry76"/><description text=""/></frameCopy>
      <frameCopy name="pmLogEntry" suffix="_77" prefix="SUDA_"><alias namespace="SUDA" value="pmLogEntry77"/><description text=""/></frameCopy>
      <frameCopy name="pmLogEntry" suffix="_78" prefix="SUDA_"><alias namespace="SUDA" value="pmLogEntry78"/><description text=""/></frameCopy>
      <frameCopy name="pmLogEntry" suffix="_79" prefix="SUDA_"><alias namespace="SUDA" value="pmLogEntry79"/><description text=""/></frameCopy>
      <frameCopy name="pmLogEntry" suffix="_80" prefix="SUDA_"><alias namespace="SUDA" value="pmLogEntry80"/><description text=""/></frameCopy>
      <frameCopy name="pmLogEntry" suffix="_81" prefix="SUDA_"><alias namespace="SUDA" value="pmLogEntry81"/><description text=""/></frameCopy>
      <frameCopy name="pmLogEntry" suffix="_82" prefix="SUDA_"><alias namespace="SUDA" value="pmLogEntry82"/><description text=""/></frameCopy>
      <frameCopy name="pmLogEntry" suffix="_83" prefix="SUDA_"><alias namespace="SUDA" value="pmLogEntry83"/><description text=""/></frameCopy>
      <frameCopy name="pmLogEntry" suffix="_84" prefix="SUDA_"><alias namespace="SUDA" value="pmLogEntry84"/><description text=""/></frameCopy>
      <frameCopy name="pmLogEntry" suffix="_85" prefix="SUDA_"><alias namespace="SUDA" value="pmLogEntry85"/><description text=""/></frameCopy>
      <frameCopy name="pmLogEntry" suffix="_86" prefix="SUDA_"><alias namespace="SUDA" value="pmLogEntry86"/><description text=""/></frameCopy>
      <frameCopy name="pmLogEntry" suffix="_87" prefix="SUDA_"><alias namespace="SUDA" value="pmLogEntry87"/><description text=""/></frameCopy>
      <frameCopy name="pmLogEntry" suffix="_88" prefix="SUDA_"><alias namespace="SUDA" value="pmLogEntry88"/><description text=""/></frameCopy>
      <frameCopy name="pmLogEntry" suffix="_89" prefix="SUDA_"><alias namespace="SUDA" value="pmLogEntry89"/><description text=""/></frameCopy>
      <frameCopy name="pmLogEntry" suffix="_90" prefix="SUDA_"><alias namespace="SUDA" value="pmLogEntry90"/><description text=""/></frameCopy>
      <frameCopy name="pmLogEntry" suffix="_91" prefix="SUDA_"><alias namespace="SUDA" value="pmLogEntry91"/><description text=""/></frameCopy>
      <frameCopy name="pmLogEntry" suffix="_92" prefix="SUDA_"><alias namespace="SUDA" value="pmLogEntry92"/><description text=""/></frameCopy>
      <frameCopy name="pmLogEntry" suffix="_93" prefix="SUDA_"><alias namespace="SUDA" value="pmLogEntry93"/><description text=""/></frameCopy>
      <frameCopy name="pmLogEntry" suffix="_94" prefix="SUDA_"><alias namespace="SUDA" value="pmLogEntry94"/><description text=""/></frameCopy>
      <frameCopy name="pmLogEntry" suffix="_95" prefix="SUDA_"><alias namespace="SUDA" value="pmLogEntry95"/><description text=""/></frameCopy>
      <frameCopy name="pmLogEntry" suffix="_96" prefix="SUDA_"><alias namespace="SUDA" value="pmLogEntry96"/><description text=""/></frameCopy>
      <frameCopy name="pmLogEntry" suffix="_97" prefix="SUDA_"><alias namespace="SUDA" value="pmLogEntry97"/><description text=""/></frameCopy>
      <frameCopy name="pmLogEntry" suffix="_98" prefix="SUDA_"><alias namespace="SUDA" value="pmLogEntry98"/><description text=""/></frameCopy>
      <frameCopy name="pmLogEntry" suffix="_99" prefix="SUDA_"><alias namespace="SUDA" value="pmLogEntry99"/><description text=""/></frameCopy>
      <frameCopy name="pmLogEntry" suffix="_100" prefix="SUDA_"><alias namespace="SUDA" value="pmLogEntry100"/><description text=""/></frameCopy>
      <frameCopy name="pmLogEntry" suffix="_101" prefix="SUDA_"><alias namespace="SUDA" value="pmLogEntry101"/><description text=""/></frameCopy>
      <frameCopy name="pmLogEntry" suffix="_102" prefix="SUDA_"><alias namespace="SUDA" value="pmLogEntry102"/><description text=""/></frameCopy>
      <frameCopy name="pmLogEntry" suffix="_103" prefix="SUDA_"><alias namespace="SUDA" value="pmLogEntry103"/><description text=""/></frameCopy>
      <frameCopy name="pmLogEntry" suffix="_104" prefix="SUDA_"><alias namespace="SUDA" value="pmLogEntry104"/><description text=""/></frameCopy>
      <frameCopy name="pmLogEntry" suffix="_105" prefix="SUDA_"><alias namespace="SUDA" value="pmLogEntry105"/><description text=""/></frameCopy>
      <frameCopy name="pmLogEntry" suffix="_106" prefix="SUDA_"><alias namespace="SUDA" value="pmLogEntry106"/><description text=""/></frameCopy>
      <frameCopy name="pmLogEntry" suffix="_107" prefix="SUDA_"><alias namespace="SUDA" value="pmLogEntry107"/><description text=""/></frameCopy>
      <frameCopy name="pmLogEntry" suffix="_108" prefix="SUDA_"><alias namespace="SUDA" value="pmLogEntry108"/><description text=""/></frameCopy>
      <frameCopy name="pmLogEntry" suffix="_109" prefix="SUDA_"><alias namespace="SUDA" value="pmLogEntry109"/><description text=""/></frameCopy>
      <frameCopy name="pmLogEntry" suffix="_110" prefix="SUDA_"><alias namespace="SUDA" value="pmLogEntry110"/><description text=""/></frameCopy>
      <frameCopy name="pmLogEntry" suffix="_111" prefix="SUDA_"><alias namespace="SUDA" value="pmLogEntry111"/><description text=""/></frameCopy>
      <frameCopy name="pmLogEntry" suffix="_112" prefix="SUDA_"><alias namespace="SUDA" value="pmLogEntry112"/><description text=""/></frameCopy>
      <frameCopy name="pmLogEntry" suffix="_113" prefix="SUDA_"><alias namespace="SUDA" value="pmLogEntry113"/><description text=""/></frameCopy>
      <frameCopy name="pmLogEntry" suffix="_114" prefix="SUDA_"><alias namespace="SUDA" value="pmLogEntry114"/><description text=""/></frameCopy>
      <frameCopy name="pmLogEntry" suffix="_115" prefix="SUDA_"><alias namespace="SUDA" value="pmLogEntry115"/><description text=""/></frameCopy>
      <frameCopy name="pmLogEntry" suffix="_116" prefix="SUDA_"><alias namespace="SUDA" value="pmLogEntry116"/><description text=""/></frameCopy>
      <frameCopy name="pmLogEntry" suffix="_117" prefix="SUDA_"><alias namespace="SUDA" value="pmLogEntry117"/><description text=""/></frameCopy>
      <frameCopy name="pmLogEntry" suffix="_118" prefix="SUDA_"><alias namespace="SUDA" value="pmLogEntry118"/><description text=""/></frameCopy>
      <frameCopy name="pmLogEntry" suffix="_119" prefix="SUDA_"><alias namespace="SUDA" value="pmLogEntry119"/><description text=""/></frameCopy>
      <frameCopy name="pmLogEntry" suffix="_120" prefix="SUDA_"><alias namespace="SUDA" value="pmLogEntry120"/><description text=""/></frameCopy>
      <frameCopy name="pmLogEntry" suffix="_121" prefix="SUDA_"><alias namespace="SUDA" value="pmLogEntry121"/><description text=""/></frameCopy>
      <frameCopy name="pmLogEntry" suffix="_122" prefix="SUDA_"><alias namespace="SUDA" value="pmLogEntry122"/><description text=""/></frameCopy>
      <frameCopy name="pmLogEntry" suffix="_123" prefix="SUDA_"><alias namespace="SUDA" value="pmLogEntry123"/><description text=""/></frameCopy>
      <frameCopy name="pmLogEntry" suffix="_124" prefix="SUDA_"><alias namespace="SUDA" value="pmLogEntry124"/><description text=""/></frameCopy>
      <frameCopy name="pmLogEntry" suffix="_125" prefix="SUDA_"><alias namespace="SUDA" value="pmLogEntry125"/><description text=""/></frameCopy>
      <frameCopy name="pmLogEntry" suffix="_126" prefix="SUDA_"><alias namespace="SUDA" value="pmLogEntry126"/><description text=""/></frameCopy>
      <frameCopy name="pmLogEntry" suffix="_127" prefix="SUDA_"><alias namespace="SUDA" value="pmLogEntry127"/><description text=""/></frameCopy>
      <frameCopy name="pmLogEntry" suffix="_128" prefix="SUDA_"><alias namespace="SUDA" value="pmLogEntry128"/><description text=""/></frameCopy>
      <frameCopy name="pmLogEntry" suffix="_129" prefix="SUDA_"><alias namespace="SUDA" value="pmLogEntry129"/><description text=""/></frameCopy>
      <frameCopy name="pmLogEntry" suffix="_130" prefix="SUDA_"><alias namespace="SUDA" value="pmLogEntry130"/><description text=""/></frameCopy>
      <frameCopy name="pmLogEntry" suffix="_131" prefix="SUDA_"><alias namespace="SUDA" value="pmLogEntry131"/><description text=""/></frameCopy>
      <frameCopy name="pmLogEntry" suffix="_132" prefix="SUDA_"><alias namespace="SUDA" value="pmLogEntry132"/><description text=""/></frameCopy>
      <frameCopy name="pmLogEntry" suffix="_133" prefix="SUDA_"><alias namespace="SUDA" value="pmLogEntry133"/><description text=""/></frameCopy>
      <frameCopy name="pmLogEntry" suffix="_134" prefix="SUDA_"><alias namespace="SUDA" value="pmLogEntry134"/><description text=""/></frameCopy>
      <frameCopy name="pmLogEntry" suffix="_135" prefix="SUDA_"><alias namespace="SUDA" value="pmLogEntry135"/><description text=""/></frameCopy>
      <frameCopy name="pmLogEntry" suffix="_136" prefix="SUDA_"><alias namespace="SUDA" value="pmLogEntry136"/><description text=""/></frameCopy>
      <frameCopy name="pmLogEntry" suffix="_137" prefix="SUDA_"><alias namespace="SUDA" value="pmLogEntry137"/><description text=""/></frameCopy>
      <frameCopy name="pmLogEntry" suffix="_138" prefix="SUDA_"><alias namespace="SUDA" value="pmLogEntry138"/><description text=""/></frameCopy>
      <frameCopy name="pmLogEntry" suffix="_139" prefix="SUDA_"><alias namespace="SUDA" value="pmLogEntry139"/><description text=""/></frameCopy>
      <frameCopy name="pmLogEntry" suffix="_140" prefix="SUDA_"><alias namespace="SUDA" value="pmLogEntry140"/><description text=""/></frameCopy>
      <frameCopy name="pmLogEntry" suffix="_141" prefix="SUDA_"><alias namespace="SUDA" value="pmLogEntry141"/><description text=""/></frameCopy>
      <frameCopy name="pmLogEntry" suffix="_142" prefix="SUDA_"><alias namespace="SUDA" value="pmLogEntry142"/><description text=""/></frameCopy>
      <frameCopy name="pmLogEntry" suffix="_143" prefix="SUDA_"><alias namespace="SUDA" value="pmLogEntry143"/><description text=""/></frameCopy>
      <frameCopy name="pmLogEntry" suffix="_144" prefix="SUDA_"><alias namespace="SUDA" value="pmLogEntry144"/><description text=""/></frameCopy>
      <frameCopy name="pmLogEntry" suffix="_145" prefix="SUDA_"><alias namespace="SUDA" value="pmLogEntry145"/><description text=""/></frameCopy>
      <frameCopy name="pmLogEntry" suffix="_146" prefix="SUDA_"><alias namespace="SUDA" value="pmLogEntry146"/><description text=""/></frameCopy>
      <frameCopy name="pmLogEntry" suffix="_147" prefix="SUDA_"><alias namespace="SUDA" value="pmLogEntry147"/><description text=""/></frameCopy>
      <frameCopy name="pmLogEntry" suffix="_148" prefix="SUDA_"><alias namespace="SUDA" value="pmLogEntry148"/><description text=""/></frameCopy>
      <frameCopy name="pmLogEntry" suffix="_149" prefix="SUDA_"><alias namespace="SUDA" value="pmLogEntry159"/><description text=""/></frameCopy>
      <frameCopy name="pmLogEntry" suffix="_150" prefix="SUDA_"><alias namespace="SUDA" value="pmLogEntry150"/><description text=""/></frameCopy>
      <frameCopy name="pmLogEntry" suffix="_151" prefix="SUDA_"><alias namespace="SUDA" value="pmLogEntry151"/><description text=""/></frameCopy>
      <frameCopy name="pmLogEntry" suffix="_152" prefix="SUDA_"><alias namespace="SUDA" value="pmLogEntry152"/><description text=""/></frameCopy>
      <frameCopy name="pmLogEntry" suffix="_153" prefix="SUDA_"><alias namespace="SUDA" value="pmLogEntry153"/><description text=""/></frameCopy>
      <frameCopy name="pmLogEntry" suffix="_154" prefix="SUDA_"><alias namespace="SUDA" value="pmLogEntry154"/><description text=""/></frameCopy>
      <frameCopy name="pmLogEntry" suffix="_155" prefix="SUDA_"><alias namespace="SUDA" value="pmLogEntry155"/><description text=""/></frameCopy>
      <frameCopy name="pmLogEntry" suffix="_156" prefix="SUDA_"><alias namespace="SUDA" value="pmLogEntry156"/><description text=""/></frameCopy>
      <frameCopy name="pmLogEntry" suffix="_157" prefix="SUDA_"><alias namespace="SUDA" value="pmLogEntry157"/><description text=""/></frameCopy>
      <frameCopy name="pmLogEntry" suffix="_158" prefix="SUDA_"><alias namespace="SUDA" value="pmLogEntry158"/><description text=""/></frameCopy>
      <frameCopy name="pmLogEntry" suffix="_159" prefix="SUDA_"><alias namespace="SUDA" value="pmLogEntry159"/><description text=""/></frameCopy>

      <itemDef name="SUDA_SYNCPMLOGPKT" type="dn16"><alias namespace="SUDA" value="crcpad_pmLogPkt"/><description text="Sync marker"/></itemDef>      
      <itemDef name="SUDA_CRCPMLOGPKT" type="dn16"><alias namespace="SUDA" value="crc_pmLogPkt"/><description text="CRC CCITT"/></itemDef>      
    </field>
  </frameDef>

  <frameDef name="suda_pmlog" id="0x0583"><description text="Postmortem Log Packet"/>
    <field>
      <frameCopy name="CCSDSPriHeader" suffix="_pmLogPkt"/>
      <frameCopy name="CCSDSSecHeader" suffix="_pmLogPkt"/>
      <item name="suda_pmlog_hk_frame"/>
    </field>
  </frameDef>
  
  
  <!-- ====================================== -->
  <!-- Command Log Packet                   -->
  <!-- ====================================== -->
  
  <frameDef name="suda_cmdlog_hk_frame"><description text="Command log tlm pkt contents"/>
    <description text="Command log telemetry packet"/>
    <field>
      <frameCopy name="cmdLogEntry" suffix="_00" prefix="SUDA_"><alias namespace="SUDA" value="cmdLogEntry00"/><description text=""/></frameCopy>
      <frameCopy name="cmdLogEntry" suffix="_01" prefix="SUDA_"><alias namespace="SUDA" value="cmdLogEntry01"/><description text=""/></frameCopy>
      <frameCopy name="cmdLogEntry" suffix="_02" prefix="SUDA_"><alias namespace="SUDA" value="cmdLogEntry02"/><description text=""/></frameCopy>
      <frameCopy name="cmdLogEntry" suffix="_03" prefix="SUDA_"><alias namespace="SUDA" value="cmdLogEntry03"/><description text=""/></frameCopy>
      <frameCopy name="cmdLogEntry" suffix="_04" prefix="SUDA_"><alias namespace="SUDA" value="cmdLogEntry04"/><description text=""/></frameCopy>
      <frameCopy name="cmdLogEntry" suffix="_05" prefix="SUDA_"><alias namespace="SUDA" value="cmdLogEntry05"/><description text=""/></frameCopy>
      <frameCopy name="cmdLogEntry" suffix="_06" prefix="SUDA_"><alias namespace="SUDA" value="cmdLogEntry06"/><description text=""/></frameCopy>
      <frameCopy name="cmdLogEntry" suffix="_07" prefix="SUDA_"><alias namespace="SUDA" value="cmdLogEntry07"/><description text=""/></frameCopy>
      <frameCopy name="cmdLogEntry" suffix="_08" prefix="SUDA_"><alias namespace="SUDA" value="cmdLogEntry08"/><description text=""/></frameCopy>
      <frameCopy name="cmdLogEntry" suffix="_09" prefix="SUDA_"><alias namespace="SUDA" value="cmdLogEntry09"/><description text=""/></frameCopy>
      <frameCopy name="cmdLogEntry" suffix="_10" prefix="SUDA_"><alias namespace="SUDA" value="cmdLogEntry10"/><description text=""/></frameCopy>
      <frameCopy name="cmdLogEntry" suffix="_11" prefix="SUDA_"><alias namespace="SUDA" value="cmdLogEntry11"/><description text=""/></frameCopy>
      <frameCopy name="cmdLogEntry" suffix="_12" prefix="SUDA_"><alias namespace="SUDA" value="cmdLogEntry12"/><description text=""/></frameCopy>
      <frameCopy name="cmdLogEntry" suffix="_13" prefix="SUDA_"><alias namespace="SUDA" value="cmdLogEntry13"/><description text=""/></frameCopy>
      <frameCopy name="cmdLogEntry" suffix="_14" prefix="SUDA_"><alias namespace="SUDA" value="cmdLogEntry14"/><description text=""/></frameCopy>
      <frameCopy name="cmdLogEntry" suffix="_15" prefix="SUDA_"><alias namespace="SUDA" value="cmdLogEntry15"/><description text=""/></frameCopy>
      <frameCopy name="cmdLogEntry" suffix="_16" prefix="SUDA_"><alias namespace="SUDA" value="cmdLogEntry16"/><description text=""/></frameCopy>
      <frameCopy name="cmdLogEntry" suffix="_17" prefix="SUDA_"><alias namespace="SUDA" value="cmdLogEntry17"/><description text=""/></frameCopy>
      <frameCopy name="cmdLogEntry" suffix="_18" prefix="SUDA_"><alias namespace="SUDA" value="cmdLogEntry18"/><description text=""/></frameCopy>
      <frameCopy name="cmdLogEntry" suffix="_19" prefix="SUDA_"><alias namespace="SUDA" value="cmdLogEntry19"/><description text=""/></frameCopy>
      <frameCopy name="cmdLogEntry" suffix="_20" prefix="SUDA_"><alias namespace="SUDA" value="cmdLogEntry20"/><description text=""/></frameCopy>
      <frameCopy name="cmdLogEntry" suffix="_21" prefix="SUDA_"><alias namespace="SUDA" value="cmdLogEntry21"/><description text=""/></frameCopy>
      <frameCopy name="cmdLogEntry" suffix="_22" prefix="SUDA_"><alias namespace="SUDA" value="cmdLogEntry22"/><description text=""/></frameCopy>
      <frameCopy name="cmdLogEntry" suffix="_23" prefix="SUDA_"><alias namespace="SUDA" value="cmdLogEntry23"/><description text=""/></frameCopy>
      <frameCopy name="cmdLogEntry" suffix="_24" prefix="SUDA_"><alias namespace="SUDA" value="cmdLogEntry24"/><description text=""/></frameCopy>
      <frameCopy name="cmdLogEntry" suffix="_25" prefix="SUDA_"><alias namespace="SUDA" value="cmdLogEntry25"/><description text=""/></frameCopy>
      <frameCopy name="cmdLogEntry" suffix="_26" prefix="SUDA_"><alias namespace="SUDA" value="cmdLogEntry26"/><description text=""/></frameCopy>
      <frameCopy name="cmdLogEntry" suffix="_27" prefix="SUDA_"><alias namespace="SUDA" value="cmdLogEntry27"/><description text=""/></frameCopy>
      <frameCopy name="cmdLogEntry" suffix="_28" prefix="SUDA_"><alias namespace="SUDA" value="cmdLogEntry28"/><description text=""/></frameCopy>
      <frameCopy name="cmdLogEntry" suffix="_29" prefix="SUDA_"><alias namespace="SUDA" value="cmdLogEntry29"/><description text=""/></frameCopy>
      <frameCopy name="cmdLogEntry" suffix="_30" prefix="SUDA_"><alias namespace="SUDA" value="cmdLogEntry30"/><description text=""/></frameCopy>
      <frameCopy name="cmdLogEntry" suffix="_31" prefix="SUDA_"><alias namespace="SUDA" value="cmdLogEntry31"/><description text=""/></frameCopy>
      <frameCopy name="cmdLogEntry" suffix="_32" prefix="SUDA_"><alias namespace="SUDA" value="cmdLogEntry32"/><description text=""/></frameCopy>
      <frameCopy name="cmdLogEntry" suffix="_33" prefix="SUDA_"><alias namespace="SUDA" value="cmdLogEntry33"/><description text=""/></frameCopy>
      <frameCopy name="cmdLogEntry" suffix="_34" prefix="SUDA_"><alias namespace="SUDA" value="cmdLogEntry34"/><description text=""/></frameCopy>
      <frameCopy name="cmdLogEntry" suffix="_35" prefix="SUDA_"><alias namespace="SUDA" value="cmdLogEntry35"/><description text=""/></frameCopy>
      <frameCopy name="cmdLogEntry" suffix="_36" prefix="SUDA_"><alias namespace="SUDA" value="cmdLogEntry36"/><description text=""/></frameCopy>
      <frameCopy name="cmdLogEntry" suffix="_37" prefix="SUDA_"><alias namespace="SUDA" value="cmdLogEntry37"/><description text=""/></frameCopy>
      <frameCopy name="cmdLogEntry" suffix="_38" prefix="SUDA_"><alias namespace="SUDA" value="cmdLogEntry38"/><description text=""/></frameCopy>
      <frameCopy name="cmdLogEntry" suffix="_39" prefix="SUDA_"><alias namespace="SUDA" value="cmdLogEntry39"/><description text=""/></frameCopy>
      <frameCopy name="cmdLogEntry" suffix="_40" prefix="SUDA_"><alias namespace="SUDA" value="cmdLogEntry40"/><description text=""/></frameCopy>
      <frameCopy name="cmdLogEntry" suffix="_41" prefix="SUDA_"><alias namespace="SUDA" value="cmdLogEntry41"/><description text=""/></frameCopy>
      <frameCopy name="cmdLogEntry" suffix="_42" prefix="SUDA_"><alias namespace="SUDA" value="cmdLogEntry42"/><description text=""/></frameCopy>
      <frameCopy name="cmdLogEntry" suffix="_43" prefix="SUDA_"><alias namespace="SUDA" value="cmdLogEntry43"/><description text=""/></frameCopy>
      <frameCopy name="cmdLogEntry" suffix="_44" prefix="SUDA_"><alias namespace="SUDA" value="cmdLogEntry44"/><description text=""/></frameCopy>
      <frameCopy name="cmdLogEntry" suffix="_45" prefix="SUDA_"><alias namespace="SUDA" value="cmdLogEntry45"/><description text=""/></frameCopy>
      <frameCopy name="cmdLogEntry" suffix="_46" prefix="SUDA_"><alias namespace="SUDA" value="cmdLogEntry46"/><description text=""/></frameCopy>
      <frameCopy name="cmdLogEntry" suffix="_47" prefix="SUDA_"><alias namespace="SUDA" value="cmdLogEntry47"/><description text=""/></frameCopy>
      <frameCopy name="cmdLogEntry" suffix="_48" prefix="SUDA_"><alias namespace="SUDA" value="cmdLogEntry48"/><description text=""/></frameCopy>
      <frameCopy name="cmdLogEntry" suffix="_49" prefix="SUDA_"><alias namespace="SUDA" value="cmdLogEntry49"/><description text=""/></frameCopy>
      <frameCopy name="cmdLogEntry" suffix="_50" prefix="SUDA_"><alias namespace="SUDA" value="cmdLogEntry50"/><description text=""/></frameCopy>
      <frameCopy name="cmdLogEntry" suffix="_51" prefix="SUDA_"><alias namespace="SUDA" value="cmdLogEntry51"/><description text=""/></frameCopy>
      <frameCopy name="cmdLogEntry" suffix="_52" prefix="SUDA_"><alias namespace="SUDA" value="cmdLogEntry52"/><description text=""/></frameCopy>
      <frameCopy name="cmdLogEntry" suffix="_53" prefix="SUDA_"><alias namespace="SUDA" value="cmdLogEntry53"/><description text=""/></frameCopy>
      <frameCopy name="cmdLogEntry" suffix="_54" prefix="SUDA_"><alias namespace="SUDA" value="cmdLogEntry54"/><description text=""/></frameCopy>
      <frameCopy name="cmdLogEntry" suffix="_55" prefix="SUDA_"><alias namespace="SUDA" value="cmdLogEntry55"/><description text=""/></frameCopy>
      <frameCopy name="cmdLogEntry" suffix="_56" prefix="SUDA_"><alias namespace="SUDA" value="cmdLogEntry56"/><description text=""/></frameCopy>
      <frameCopy name="cmdLogEntry" suffix="_57" prefix="SUDA_"><alias namespace="SUDA" value="cmdLogEntry57"/><description text=""/></frameCopy>
      <frameCopy name="cmdLogEntry" suffix="_58" prefix="SUDA_"><alias namespace="SUDA" value="cmdLogEntry58"/><description text=""/></frameCopy>
      <frameCopy name="cmdLogEntry" suffix="_59" prefix="SUDA_"><alias namespace="SUDA" value="cmdLogEntry59"/><description text=""/></frameCopy>
      
      <itemDef name="SUDA_SYNCCMDLOGPKT" type="dn16"><alias namespace="SUDA" value="crcpad_cmdLogPkt"/><description text="Sync marker"/></itemDef>      
      <itemDef name="SUDA_CRCCMDLOGPKT" type="dn16"><alias namespace="SUDA" value="crc_cmdLogPkt"/><description text="CRC CCITT"/></itemDef>      
    </field>
  </frameDef>

  <frameDef name="suda_cmdlog" id="0x0584"><description text="Command Log Packet"/>
    <field>
      <frameCopy name="CCSDSPriHeader" suffix="_cmdLogPkt"/>
      <frameCopy name="CCSDSSecHeader" suffix="_cmdLogPkt"/>
      <item name="suda_cmdlog_hk_frame"/>
    </field>
  </frameDef>
  

</hydraDef>







