<!-- SUDA-specific file to correlate value of types (from suda_types.xml) to text -->

<hydraDef>

  <!-- File starts with definitions specific to SUDA -->


  <dictionary name="commIntfTypeDictionary">
    <pair key="1" str="SPW"/>
    <pair key="0" str="UART"/>
  </dictionary>

  <dictionary name="spwSideTypeDictionary">
    <pair key="1" str="B"/>
    <pair key="0" str="A"/>
  </dictionary>

  <dictionary name="busyStateTypeDictionary">
    <pair key="1" str="BUSY"/>
    <pair key="0" str="OK"/>
  </dictionary>

  <dictionary name="sudaModeType4Dictionary">
    <pair key="0" str="NONE"/>
    <pair key="1" str="BOOT"/>
    <pair key="2" str="SAFE"/>
    <pair key="3" str="IDLE"/>
    <pair key="4" str="FLYBY"/>
    <pair key="5" str="SURVEY"/>
    <pair key="6" str="PROCESS"/>
  </dictionary>

  <dictionary name="sudaModeType8Dictionary">
    <pair key="0" str="NONE"/>
    <pair key="1" str="BOOT"/>
    <pair key="2" str="SAFE"/>
    <pair key="3" str="IDLE"/>
    <pair key="4" str="FLYBY"/>
    <pair key="5" str="SURVEY"/>
    <pair key="6" str="PROCESS"/>
  </dictionary>

  <dictionary name="sudaModeType32Dictionary">
    <pair key="1" str="BOOT"/>
    <pair key="2" str="SAFE"/>
    <pair key="3" str="IDLE"/>
    <pair key="4" str="FLYBY"/>
    <pair key="5" str="SURVEY"/>
    <pair key="6" str="PROCESS"/>
  </dictionary>

  <dictionary name="ovrflwStateTypeDictionary">
    <pair key="1" str="ERR"/>
    <pair key="0" str="OK"/>
  </dictionary>

  <dictionary name="cmdHistoryStateTypeDictionary">
    <pair key="0" str="NONE"/>
    <pair key="1" str="OKAY"/>
    <pair key="2" str="BUSY"/>
    <pair key="3" str="CRCLEN"/>
    <pair key="4" str="ID"/>
    <pair key="5" str="OTHER"/>
    <pair key="6" str="PARAM"/>
    <pair key="7" str="MODE"/>
  </dictionary>

  <dictionary name="region16Dictionary">
    <pair key="0x0000" str="SCISTART"/>
    <pair key="0x0001" str="NVFSW1"/>
    <pair key="0x0002" str="NVFSW2"/>
    <pair key="0x0003" str="NVFSW3"/>
    <pair key="0x0004" str="NVPT"/>
    <pair key="0x0005" str="SCICONT"/>
    <pair key="0x0006" str="NVPERST"/>
    <pair key="0x0007" str="NVFT"/>
    <pair key="0x0008" str="NVPM"/>
    <pair key="0x0009" str="NVSCIT"/>
    <pair key="0x000A" str="SCIRSVP"/>
    <pair key="0x000B" str="SCIDIV"/>
    <pair key="0x000C" str="NVSCS"/>
    <pair key="0x000D" str="REG13"/>
    <pair key="0x000E" str="REG14"/>
    <pair key="0x000F" str="USER"/>

    <pair key="0x0010" str="SCRATCH"/>
    <pair key="0x0011" str="ACTFSW"/>
    <pair key="0x0012" str="PT"/>
    <pair key="0x0013" str="FT"/>
    <pair key="0x0014" str="PERST"/>
    <pair key="0x0015" str="SCIT"/>
    <pair key="0x0016" str="SCS"/>

    <pair key="0x0033" str="BLOCK"/>
    <pair key="0x003F" str="NONE"/>
  </dictionary>

  <dictionary name="region8Dictionary">
    <pair key="0" str="SCISTART"/>
    <pair key="1" str="NVFSW1"/>
    <pair key="2" str="NVFSW2"/>
    <pair key="3" str="NVFSW3"/>
    <pair key="4" str="NVPT"/>
    <pair key="5" str="SCICONT"/>
    <pair key="6" str="NVPERST"/>
    <pair key="7" str="NVFT"/>
    <pair key="8" str="NVPM"/>
    <pair key="9" str="NVSCIT"/>
    <pair key="10" str="SCIRSVP"/>
    <pair key="11" str="SCIDIV"/>
    <pair key="12" str="NVSCS"/>
    <pair key="13" str="REG13"/>
    <pair key="14" str="REG14"/>
    <pair key="15" str="USER"/>
    <pair key="16" str="SCRATCH"/>
    <pair key="17" str="ACTFSW"/>
    <pair key="18" str="PT"/>
    <pair key="19" str="FT"/>
    <pair key="20" str="PERST"/>
    <pair key="21" str="SCIT"/>
    <pair key="22" str="SCS"/>
    <pair key="51" str="BLOCK"/>
    <pair key="63" str="NONE"/>
  </dictionary>

  <dictionary name="memRegionDumpDictionary">
    <pair key="1" str="NVFSW1"/>
    <pair key="2" str="NVFSW2"/>
    <pair key="3" str="NVFSW3"/>
    <pair key="4" str="NVPT"/>
    <pair key="6" str="NVPERST"/>
    <pair key="7" str="NVFT"/>
    <pair key="8" str="NVPM"/>
    <pair key="9" str="NVSCIT"/>
    <pair key="12" str="NVSCS"/>
    <pair key="16" str="SCRATCH"/>
    <pair key="17" str="ACTFSW"/>
    <pair key="18" str="PT"/>
    <pair key="19" str="FT"/>
    <pair key="20" str="PERST"/>
    <pair key="21" str="SCIT"/>
    <pair key="22" str="SCS"/>
    <pair key="51" str="BLOCK"/>
  </dictionary>

  <dictionary name="memRegionCksumDictionary">
    <pair key="1" str="NVFSW1"/>
    <pair key="2" str="NVFSW2"/>
    <pair key="3" str="NVFSW3"/>
    <pair key="4" str="NVPT"/>
    <pair key="6" str="NVPERST"/>
    <pair key="7" str="NVFT"/>
    <pair key="9" str="NVSCIT"/>
    <pair key="12" str="NVSCS"/>
    <pair key="16" str="SCRATCH"/>
    <pair key="17" str="ACTFSW"/>
    <pair key="18" str="PT"/>
    <pair key="19" str="FT"/>
    <pair key="20" str="PERST"/>
    <pair key="21" str="SCIT"/>
    <pair key="22" str="SCS"/>
  </dictionary>

  <dictionary name="memRegionCopyToDictionary">
    <pair key="1" str="NVFSW1"/>
    <pair key="2" str="NVFSW2"/>
    <pair key="4" str="NVPT"/>
    <pair key="6" str="NVPERST"/>
    <pair key="7" str="NVFT"/>
    <pair key="9" str="NVSCIT"/>
    <pair key="12" str="NVSCS"/>
    <pair key="17" str="ACTFSW"/>
    <pair key="18" str="PT"/>
    <pair key="19" str="FT"/>
    <pair key="20" str="PERST"/>
    <pair key="21" str="SCIT"/>
    <pair key="22" str="SCS"/>
    <pair key="51" str="BLOCK"/>
  </dictionary>

  <dictionary name="memRegionCopyFromDictionary">
    <pair key="1" str="NVFSW1"/>
    <pair key="2" str="NVFSW2"/>
    <pair key="3" str="NVFSW3"/>
    <pair key="4" str="NVPT"/>
    <pair key="6" str="NVPERST"/>
    <pair key="7" str="NVFT"/>
    <pair key="8" str="NVPM"/>
    <pair key="9" str="NVSCIT"/>
    <pair key="12" str="NVSCS"/>
    <pair key="17" str="ACTFSW"/>
    <pair key="18" str="PT"/>
    <pair key="19" str="FT"/>
    <pair key="20" str="PERST"/>
    <pair key="21" str="SCIT"/>
    <pair key="22" str="SCS"/>
    <pair key="51" str="BLOCK"/>
  </dictionary>

  <dictionary name="memRegionEraseDictionary">
    <pair key="8" str="NVPM"/>
    <pair key="16" str="SCRATCH"/>
    <pair key="17" str="ACTFSW"/>
    <pair key="51" str="BLOCK"/>
  </dictionary>

  <dictionary name="memRegionRebuildDictionary">
    <pair key="51" str="BLOCK"/>
  </dictionary>

  <dictionary name="memRegionShuffleDictionary">
    <pair key="51" str="BLOCK"/>
  </dictionary>

  <dictionary name="memRegionSetHdrDictionary">
    <pair key="1" str="NVFSW1"/>
    <pair key="2" str="NVFSW2"/>
    <pair key="3" str="NVFSW3"/>
    <pair key="51" str="BLOCK"/>
  </dictionary>

  <dictionary name="memOp10Dictionary">
    <pair key="0" str="NONE"/>
    <pair key="1" str="DUMP"/>
    <pair key="2" str="CKSUM"/>
    <pair key="4" str="ERASE"/>
    <pair key="8" str="CPYTO"/>
    <pair key="16" str="CPYFROM"/>
    <pair key="32" str="REBUILD"/>
    <pair key="64" str="SHUFFLE"/>
  </dictionary>

  <dictionary name="memOpHexDictionary">
    <pair key="0x00" str="NONE"/>
    <pair key="0x01" str="DUMP"/>
    <pair key="0x02" str="CKSUM"/>
    <pair key="0x04" str="ERASE"/>
    <pair key="0x08" str="CPYTO"/>
    <pair key="0x10" str="CPYFROM"/>
    <pair key="0x20" str="REBUILD"/>
    <pair key="0x40" str="SHUFFLE"/>
  </dictionary>

  <dictionary name="memState6Dictionary">
    <pair key="1" str="NOTINIT"/>
    <pair key="2" str="IDLE"/>
    <pair key="4" str="DUMPSRAM"/>
    <pair key="5" str="CKSUMSRAM"/>
    <pair key="6" str="ERASESRAM"/>
    <pair key="7" str="CPY2SRAM"/>
    <pair key="8" str="CPYSRAM"/>
    <pair key="9" str="SETUPSCI"/>
    <pair key="10" str="CLEANSCI"/>
    <pair key="11" str="COPYFLASH"/>
    <pair key="12" str="COPY2FLASH"/>
    <pair key="13" str="ERASEFLASH"/>
    <pair key="14" str="DUMPFLASH"/>
    <pair key="15" str="CKSUMFLASH"/>
    <pair key="16" str="REBUILD"/>
    <pair key="17" str="SHUFFLE"/>
    <pair key="18" str="CLEANUP"/>
  </dictionary>

  <dictionary name="memState16Dictionary">
    <pair key="0x0001" str="NOTINIT"/>
    <pair key="0x0002" str="IDLE"/>
    <pair key="0x0004" str="DUMPSRAM"/>
    <pair key="0x0005" str="CKSUMSRAM"/>
    <pair key="0x0006" str="ERASESRAM"/>
    <pair key="0x0007" str="CPY2SRAM"/>
    <pair key="0x0008" str="CPYSRAM"/>
    <pair key="0x0009" str="SETUPSCI"/>
    <pair key="0x000A" str="CLEANSCI"/>
    <pair key="0x000B" str="COPYFLASH"/>
    <pair key="0x000C" str="COPY2FLASH"/>
    <pair key="0x000D" str="ERASEFLASH"/>
    <pair key="0x000E" str="DUMPFLASH"/>
    <pair key="0x000F" str="CKSUMFLASH"/>
    <pair key="0x0010" str="REBUILD"/>
    <pair key="0x0011" str="SHUFFLE"/>
    <pair key="0x0012" str="CLEANUP"/>
  </dictionary>

  <dictionary name="memCollab8Dictionary">
    <pair key="0" str="SCISETUP"/>
    <pair key="1" str="SCICLEANUP"/>
    <pair key="2" str="SCIFIND"/>
    <pair key="3" str="SCICOPY"/>
    <pair key="4" str="SAVEPMLOG"/>
  </dictionary>

  <dictionary name="logSel8Dictionary">
    <pair key="0" str="EVT"/>
    <pair key="1" str="PM"/>
    <pair key="2" str="CMD"/>
  </dictionary>

  <dictionary name="flagSel32Dictionary">
    <pair key="1" str="PWRCYC"/>
    <pair key="2" str="PANIC"/>
    <pair key="3" str="BUSY"/>
    <pair key="4" str="DONE"/>
    <pair key="5" str="SAFE"/>
    <pair key="6" str="WDOG"/>
    <pair key="7" str="SPARE0"/>
    <pair key="8" str="SPARE1"/>
    <pair key="9" str="SPARE2"/>
    <pair key="10" str="MODEINTR"/>
    <pair key="11" str="OPERINTR"/>
  </dictionary>

  <dictionary name="clrCntrSelType6Dictionary">
    <pair key="0" str="NONE"/>
    <pair key="1" str="RJCT"/>
    <pair key="2" str="EXEC"/>
    <pair key="4" str="ACPT"/>
    <pair key="8" str="SPWERR"/>
    <pair key="15" str="ALL"/>
  </dictionary>

  <dictionary name="clrCntrFieldType2Dictionary">
    <pair key="0" str="NONE"/>
    <pair key="1" str="CNTR"/>
    <pair key="2" str="OVRFLW"/>
    <pair key="3" str="BOTH"/>
  </dictionary>

  <dictionary name="panicStateTypeDictionary">
    <pair key="1" str="PANIC"/>
    <pair key="0" str="OK"/>
  </dictionary>

  <dictionary name="resetTypeDictionary">
    <pair key="0" str="UNKWN"/>
    <pair key="1" str="POR"/>
    <pair key="2" str="WDOG"/>
    <pair key="3" str="CMD"/>
    <pair key="4" str="PROC"/>
    <pair key="5" str="BOOT"/>
  </dictionary>

  <dictionary name="htrSel32Dictionary">
    <pair key="0" str="VCSAOP"/>
    <pair key="1" str="ITCSAOP"/>
    <pair key="2" str="DETOP"/>
  </dictionary>

  <dictionary name="htrSelMulti32Dictionary">
    <pair key="1" str="VCSAOP"/>
    <pair key="2" str="ITCSAOP"/>
    <pair key="4" str="DETOP"/>
    <pair key="7" str="ALL"/>
  </dictionary>

  <dictionary name="injectingErrorDictionary">
    <pair key="0x00" str="OKAY"/>
    <pair key="0x01" str="BADBLOCK"/>
    <pair key="0x02" str="CERR"/>
    <pair key="0x03" str="BBCERR"/>
    <pair key="0x04" str="MERR"/>
    <pair key="0x05" str="BBMERR"/>
  </dictionary>

  <dictionary name="triggerModeDictionary">
    <pair key="0x00" str="None"/>
    <pair key="0x01" str="THOLD"/>
    <pair key="0x02" str="PULSE1"/>
    <pair key="0x03" str="PULSE2"/>
  </dictionary>

  <dictionary name="triggerPolarityDictionary">
    <pair key="0x00" str="ABOVE"/>
    <pair key="0x01" str="BELOW"/>
  </dictionary>

  <dictionary name="sciState16Dictionary">
    <pair key="0x0000" str="IDLE"/>
    <pair key="0x0001" str="CAL"/>
    <pair key="0x0002" str="CLKPATTERN"/>
    <pair key="0x0004" str="CLK"/>
    <pair key="0x0008" str="READSPI"/>
    <pair key="0x0010" str="ACQSETUP"/>
    <pair key="0x0020" str="ACQCLEANUP"/>
    <pair key="0x0040" str="ACQ"/>
    <pair key="0x0080" str="CHILL"/>
    <pair key="0x0100" str="MEMFIND"/>
    <pair key="0x0200" str="MEMREAD"/>
    <pair key="0x0400" str="PARSE"/>
    <pair key="0x0800" str="PROCESS"/>
    <pair key="0x1000" str="SEND"/>
    <pair key="0x2000" str="DUMPADCSPI"/>
  </dictionary>

  <dictionary name="sciChannel16Dictionary">
    <pair key="0x0000" str="HS_HIGH_GAIN"/>
    <pair key="0x0001" str="HS_LOW_GAIN"/>
    <pair key="0x0002" str="HS_MID_GAIN"/>
    <pair key="0x0003" str="LS_VELOCITY"/>
    <pair key="0x0004" str="LS_TARGET"/>
    <pair key="0x0005" str="LS_ION"/>
    <pair key="0x0006" str="MAX_CHANNEL"/>
  </dictionary>

  <dictionary name="sciSndEvtSt16Dictionary">
    <pair key="0x0000" str="HEADER_RDY"/>
    <pair key="0x0001" str="HEADER_SNT"/>
    <pair key="0x0002" str="CHANNEL_COMP_ZERO"/>
    <pair key="0x0003" str="CHANNEL_COMP_RDY"/>
    <pair key="0x0004" str="CHANNEL_COMP_SNT"/>
    <pair key="0x0005" str="CHANNEL_RDY"/>
    <pair key="0x0006" str="CHANNEL_SNT"/>
    <pair key="0x0007" str="EVT_SEND_DONE"/>
    <pair key="0x0008" str="EVT_MAX_STATE"/>
  </dictionary>

  <dictionary name="depthSelTypeDictionary">
    <pair key="0x00" str="B10"/>
    <pair key="0x01" str="B12"/>
  </dictionary>

  <!-- Next group relates to space wire link -->

  <dictionary name="linkStateDictionary">
    <pair key="0" str="RST"/>
    <pair key="1" str="ERRRST"/>
    <pair key="2" str="ERRWAIT"/>
    <pair key="3" str="RDY"/>
    <pair key="4" str="STARTED"/>
    <pair key="5" str="PRECONN"/>
    <pair key="6" str="CONN"/>
    <pair key="7" str="RUN"/>
  </dictionary>

  <!-- Next group relates to command sequence engines -->

  <dictionary name="cmdEngine8Dictionary">
    <pair key="0" str="AUTO"/>
    <pair key="1" str="OPER"/>
    <pair key="2" str="RT"/>
  </dictionary>

  <dictionary name="cmdEngine16Dictionary">
    <pair key="0" str="AUTO"/>
    <pair key="1" str="OPER"/>
    <pair key="2" str="RT"/>
  </dictionary>

  <dictionary name="setSeqStateDictionary">
    <pair key="0" str="INVALID"/>
    <pair key="1" str="PAUSE"/>
    <pair key="2" str="RESUME"/>
    <pair key="3" str="TERM"/>
  </dictionary>

  <dictionary name="seqEngineDictionary">
    <pair key="0" str="FAULT"/>
    <pair key="1" str="MODE"/>
    <pair key="2" str="OPER"/>
  </dictionary>

  <dictionary name="seqBuffer32Dictionary">
    <pair key="0" str="BUF0"/>
    <pair key="1" str="BUF1"/>
    <pair key="2" str="BUF2"/>
    <pair key="3" str="BUF3"/>
    <pair key="4" str="BUF4"/>
    <pair key="5" str="BUF5"/>
    <pair key="6" str="BUF6"/>
    <pair key="7" str="BUF7"/>
    <pair key="8" str="BUF8"/>
    <pair key="9" str="BUF9"/>
    <pair key="10" str="BUF10"/>
    <pair key="11" str="BUF11"/>
    <pair key="12" str="BUF12"/>
    <pair key="13" str="BUF13"/>
    <pair key="14" str="BUF14"/>
    <pair key="15" str="BUF15"/>
    <pair key="16" str="BUF16"/>
    <pair key="17" str="BUF17"/>
    <pair key="18" str="BUF18"/>
    <pair key="19" str="BUF19"/>
    <pair key="20" str="NONE"/>
  </dictionary>

  <dictionary name="seqBuffer5Dictionary">
    <pair key="0" str="BUF0"/>
    <pair key="1" str="BUF1"/>
    <pair key="2" str="BUF2"/>
    <pair key="3" str="BUF3"/>
    <pair key="4" str="BUF4"/>
    <pair key="5" str="BUF5"/>
    <pair key="6" str="BUF6"/>
    <pair key="7" str="BUF7"/>
    <pair key="8" str="BUF8"/>
    <pair key="9" str="BUF9"/>
    <pair key="10" str="BUF10"/>
    <pair key="11" str="BUF11"/>
    <pair key="12" str="BUF12"/>
    <pair key="13" str="BUF13"/>
    <pair key="14" str="BUF14"/>
    <pair key="15" str="BUF15"/>
    <pair key="16" str="BUF16"/>
    <pair key="17" str="BUF17"/>
    <pair key="18" str="BUF18"/>
    <pair key="19" str="BUF19"/>
    <pair key="20" str="NONE"/>
  </dictionary>

  <dictionary name="seqEngineStateDictionary">
    <pair key="0" str="IDLE"/>
    <pair key="1" str="ACTIV"/>
    <pair key="2" str="SUSPN"/>
    <pair key="3" str="PAUSE"/>
    <pair key="4" str="STALE"/>
  </dictionary>

  <dictionary name="seqEngStopCodeDictionary">
    <pair key="0" str="NOM"/>
    <pair key="1" str="CMD"/>
    <pair key="2" str="VRFY"/>
    <pair key="3" str="RJCT"/>
    <pair key="4" str="STALE"/>
    <pair key="5" str="ZERO"/>
  </dictionary>

  <dictionary name="seqEngWaitTypeDictionary">
    <pair key="0" str="NONE"/>
    <pair key="1" str="ABS"/>
    <pair key="2" str="REL"/>
  </dictionary>

  <dictionary name="faultArbState3Dictionary">
    <pair key="0" str="Clear"/>
    <pair key="1" str="Start"/>
    <pair key="2" str="Done"/>
    <pair key="3" str="FAIL"/>
    <pair key="4" str="Intr"/>
  </dictionary>

  <dictionary name="cmdStatusDictionary">
    <pair key="0" str="NONE"/>
    <pair key="1" str="OKAY"/>
    <pair key="2" str="BUSY"/>
    <pair key="3" str="LENGTH"/>
    <pair key="4" str="ID"/>
    <pair key="5" str="PROT"/>
    <pair key="6" str="RANGE"/>
    <pair key="7" str="MODE"/>
    <pair key="8" str="SRC"/>
    <pair key="9" str="ARGNUM"/>
    <pair key="10" str="NULL"/>
    <pair key="11" str="CRC"/>
    <pair key="12" str="OKAY2"/>    <!-- Special case for clr cmd cntr -->
    <pair key="13" str="STM"/>
  </dictionary>



  <!-- Next group are the most basic SUDA definitions -->
  <dictionary name="opCodeDictionary">
    <pair key="0"     str="NONE"/>
    <pair key="4353"  str="NOOP"/>
    <pair key="32769" str="TIMEMSG"/>
    <pair key="34561" str="RESET"/>
    <pair key="34562" str="ABORT"/>
    <pair key="34563" str="SHUTDOWN"/>
    <pair key="36352" str="SETAIDBIN"/>
    <pair key="36353" str="RSTCOMM"/>
    <pair key="36354" str="CLRCNTRS"/>
    <pair key="36355" str="BOOSTSPW"/>
    <pair key="36367" str="LOOPBACK"/>
    <pair key="52416" str="SETFLAG"/>
    <pair key="52417" str="CLRFLAG"/>
    <pair key="52419" str="CHGMODE"/>
    <pair key="52420" str="DUMPLOG"/>
    <pair key="52421" str="DWELL"/>
    <pair key="52422" str="CFGHTR"/>
    <pair key="52423" str="DISHTRS"/>
    <pair key="52424" str="HALTQB"/>
    <pair key="52425" str="DUALCMD"/>
    <pair key="52426" str="CLRCMDST"/>
    <pair key="52427" str="LOADMEM"/>
    <pair key="52428" str="RAWWRT"/>
    <pair key="52429" str="RAWREAD"/>
    <pair key="52430" str="RAWCPY"/>
    <pair key="52431" str="SETPRM"/>
    <pair key="52432" str="GETPRM"/>
    <pair key="52433" str="WRFTBL"/>
    <pair key="52434" str="DUMPFTBL"/>
    <pair key="52436" str="SETMEMHDR"/>
    <pair key="52437" str="ERASEMEM"/>
    <pair key="52438" str="CSUMMEM"/>
    <pair key="52439" str="DUMPMEM"/>
    <pair key="52440" str="COPYTOMEM"/>
    <pair key="52441" str="COPYFROMMEM"/>
    <pair key="52444" str="GOFLYBY"/>
    <pair key="52445" str="GOSURVEY"/>
    <pair key="52446" str="PROCESS"/>
    <pair key="52447" str="REPROCESS"/>
    <pair key="52448" str="ERASESCI"/>
    <pair key="52449" str="SETSCIPRM"/>
    <pair key="52450" str="INITSEQ"/>
    <pair key="52451" str="STARTSEQ"/>
    <pair key="52452" str="SETSEQST"/>
    <pair key="52453" str="SUSPABS"/>
    <pair key="52454" str="SUSPREL"/>
    <pair key="52455" str="CALLSUB"/>
    <pair key="52456" str="VERSEQ"/>
    <pair key="52457" str="CLRFAULTCNTRS"/>
    <pair key="52458" str="SHUTDOWNHV"/>
    <pair key="52459" str="CLRTLM"/>
    <pair key="52460" str="CLRMEM"/>
    <pair key="52461" str="CLRSCI"/>
    <pair key="52462" str="REBUILD"/>
    <pair key="52463" str="SHUFFLE"/>
    <pair key="52464" str="DUMPADC"/>
    <pair key="52465" str="HALTSCI"/>
    <pair key="52466" str="HALTMEM"/>
    <pair key="52467" str="CLRUPKEEP"/>

    <pair key="52480" str="SETSCIADCHSPWR"/>
    <pair key="52481" str="SETSCIADCHSTRIG"/>
    <pair key="52482" str="SETSCIADCLSTRIG"/>
    <pair key="52483" str="SETSCIADCBLK"/>
    <pair key="52484" str="SETSCIADCTRIGMD"/>
    <pair key="52485" str="RUNSCIADCHSINIT"/>
    <pair key="52486" str="RUNSCIADCHSCAL"/>
    <pair key="52487" str="RUNSCIADCHSCLK"/>

    <pair key="52488" str="SETHVPWR"/>
    <pair key="52489" str="SETHVPOL"/>
    <pair key="52490" str="DISHVOSC"/>
    <pair key="52491" str="SETHVSETPT"/>
    <pair key="52492" str="SETHVMAX"/>
    <pair key="52493" str="CLRAUTO"/>

    <pair key="61166" str="ENAHVOSC"/>
  </dictionary>

  <!-- Up to date dictionary for SUDA project -->
  <dictionary name="opCodeHexDictionary">
    <pair key="0x0000" str="NONE"/>
    <pair key="0x1101" str="NOOP"/>
    <pair key="0x8001" str="TIMEMSG"/>
    <pair key="0x8701" str="RESET"/>
    <pair key="0x8702" str="ABORT"/>
    <pair key="0x8703" str="SHUTDOWN"/>
    <pair key="0x8E00" str="SETAIDBIN"/>
    <pair key="0x8E01" str="RSTCOMM"/>
    <pair key="0x8E02" str="CLRCNTRS"/>
    <pair key="0x8E03" str="BOOSTSPW"/>
    <pair key="0x8E0F" str="LOOPBACK"/>
    <pair key="0xCCC0" str="SETFLAG"/>
    <pair key="0xCCC1" str="CLRFLAG"/>
    <pair key="0xCCC3" str="CHGMODE"/>
    <pair key="0xCCC4" str="DUMPLOG"/>
    <pair key="0xCCC5" str="DWELL"/>
    <pair key="0xCCC6" str="CFGHTR"/>
    <pair key="0xCCC7" str="DISHTRS"/>
    <pair key="0xCCC8" str="HALTQB"/>
    <pair key="0xCCC9" str="DUALCMD"/>
    <pair key="0xCCCA" str="CLRCMDST"/>
    <pair key="0xCCCB" str="LOADMEM"/>
    <pair key="0xCCCC" str="RAWWRT"/>
    <pair key="0xCCCD" str="RAWREAD"/>
    <pair key="0xCCCE" str="RAWCPY"/>
    <pair key="0xCCCF" str="SETPRM"/>
    <pair key="0xCCD0" str="GETPRM"/>
    <pair key="0xCCD1" str="WRFTBL"/>
    <pair key="0xCCD2" str="DUMPFTBL"/>
    <pair key="0xCCD4" str="SETMEMHDR"/>
    <pair key="0xCCD5" str="ERASEMEM"/>
    <pair key="0xCCD6" str="CSUMMEM"/>
    <pair key="0xCCD7" str="DUMPMEM"/>
    <pair key="0xCCD8" str="COPYTOMEM"/>
    <pair key="0xCCD9" str="COPYFROMMEM"/>
    <pair key="0xCCDC" str="GOFLYBY"/>
    <pair key="0xCCDD" str="GOSURVEY"/>
    <pair key="0xCCDE" str="PROCESS"/>
    <pair key="0xCCDF" str="REPROCESS"/>
    <pair key="0xCCE0" str="ERASESCI"/>
    <pair key="0xCCE1" str="SETSCIPRM"/>
    <pair key="0xCCE2" str="INITSEQ"/>
    <pair key="0xCCE3" str="STARTSEQ"/>
    <pair key="0xCCE4" str="SETSEQST"/>
    <pair key="0xCCE5" str="SUSPABS"/>
    <pair key="0xCCE6" str="SUSPREL"/>
    <pair key="0xCCE7" str="CALLSUB"/>
    <pair key="0xCCE8" str="VERSEQ"/>
    <pair key="0xCCE9" str="CLRFAULTCNTRS"/>
    <pair key="0xCCEA" str="SHUTDOWNHV"/>
    <pair key="0xCCEB" str="CLRTLM"/>
    <pair key="0xCCEC" str="CLRMEM"/>
    <pair key="0xCCED" str="CLRSCI"/>
    <pair key="0xCCEE" str="REBUILD"/>
    <pair key="0xCCEF" str="SHUFFLE"/>
    <pair key="0xCCF0" str="DUMPADC"/>
    <pair key="0xCCF1" str="HALTSCI"/>
    <pair key="0xCCF2" str="HALTMEM"/>
    <pair key="0xCCF3" str="CLRUPKEEP"/>

    <pair key="0xCD00" str="SETSCIADCHSPWR"/>
    <pair key="0xCD01" str="SETSCIADCHSTRIG"/>
    <pair key="0xCD02" str="SETSCIADCLSTRIG"/>
    <pair key="0xCD03" str="SETSCIADCBLK"/>
    <pair key="0xCD04" str="SETSCIADCTRIGMD"/>
    <pair key="0xCD05" str="RUNSCIADCHSINIT"/>
    <pair key="0xCD06" str="RUNSCIADCHSCAL"/>
    <pair key="0xCD07" str="RUNSCIADCHSCLK"/>
    <pair key="0xCD0F" str="READSPI"/>
    <pair key="0xCD10" str="SCIFETCHEVT"/>


    <pair key="0xCD08" str="SETHVPWR"/>
    <pair key="0xCD09" str="SETHVPOL"/>
    <pair key="0xCD0A" str="DISHVOSC"/>
    <pair key="0xCD0B" str="SETHVSETPT"/>
    <pair key="0xCD0C" str="SETHVMAX"/>
    <pair key="0xCD0D" str="CLRAUTO"/>

    <pair key="0xEEEE" str="ENAHVOSC"/>
  </dictionary>

  <!-- These are not up to date -->
  <dictionary name="tlmApIdLsbDictionary">
    <pair key="0x80" str="EVTMSG"/>
    <pair key="0x81" str="ALIVE"/>
    <pair key="0x82" str="EVTLOG"/>
    <pair key="0x83" str="PMLOG"/>
    <pair key="0x84" str="CMDLOG"/>
    <pair key="0x85" str="HWPKT"/>
    <pair key="0x86" str="SWPKT"/>
    <pair key="0x87" str="DUMP"/>
    <pair key="0x88" str="DWELL"/>
  </dictionary>

  <dictionary name="qbootState8Dictionary">
    <pair key="0" str="NOATTEMPT"/>
    <pair key="1" str="UNINIT"/>
    <pair key="2" str="STARTED"/>
    <pair key="6" str="STOPPED"/>
    <pair key="7" str="WAITING"/>
    <pair key="8" str="PENDING"/>
  </dictionary>

  <dictionary name="qbootReason8Dictionary">
    <pair key="0" str="NO_STOP"/>
    <pair key="1" str="FT_FAIL"/>
    <pair key="2" str="PERST_FAIL"/>
    <pair key="3" str="PT_FAIL"/>
    <pair key="4" str="NVFSW_FAIL"/>
    <pair key="5" str="SAFE_ENTRY"/>
    <pair key="6" str="PANICKING"/>
    <pair key="7" str="REBOOT_RST"/>
    <pair key="8" str="MEM_FAIL"/>
    <pair key="9" str="BYCMD"/>
    <pair key="10" str="NO_SPW"/>
    <pair key="11" str="NO_STM"/>
    <pair key="12" str="WDOGCNT"/>
    <pair key="13" str="NONE"/>
  </dictionary>


  <dictionary name="blockState8Dictionary">
    <pair key="0x00" str="UNKWN"/>
    <pair key="0x10" str="BAD"/>
    <pair key="0x20" str="EMPTY"/>
    <pair key="0x30" str="SCISTRT"/>
    <pair key="0x31" str="NVFSW1"/>
    <pair key="0x32" str="NVFSW2"/>
    <pair key="0x33" str="NVFSW3"/>
    <pair key="0x34" str="NVPT"/>
    <pair key="0x35" str="SCICONT"/>
    <pair key="0x36" str="NVPERST"/>
    <pair key="0x37" str="NVFT"/>
    <pair key="0x38" str="NVPMLOG"/>
    <pair key="0x39" str="NVSCIT"/>
    <pair key="0x3A" str="SCIRSVD"/>
    <pair key="0x3B" str="SCIDIV"/>
    <pair key="0x3C" str="NVSCS"/>
    <pair key="0x3D" str="SPARED"/>
    <pair key="0x3E" str="SPAREE"/>
    <pair key="0x3F" str="USER"/>
  </dictionary>

  <dictionary name="blockState32Dictionary">
    <pair key="0x00" str="UNKWN"/>
    <pair key="0x10" str="BAD"/>
    <pair key="0x20" str="EMPTY"/>
    <pair key="0x30" str="SCISTRT"/>
    <pair key="0x31" str="NVFSW1"/>
    <pair key="0x32" str="NVFSW2"/>
    <pair key="0x33" str="NVFSW3"/>
    <pair key="0x34" str="NVPT"/>
    <pair key="0x35" str="SCICONT"/>
    <pair key="0x36" str="NVPERST"/>
    <pair key="0x37" str="NVFT"/>
    <pair key="0x38" str="NVPMLOG"/>
    <pair key="0x39" str="NVSCIT"/>
    <pair key="0x3A" str="SCIRSVD"/>
    <pair key="0x3B" str="SCIDIV"/>
    <pair key="0x3C" str="NVSCS"/>
    <pair key="0x3D" str="SPARED"/>
    <pair key="0x3E" str="SPAREE"/>
    <pair key="0x3F" str="USER"/>
  </dictionary>

  <dictionary name="hvOscillatorDictionary">
    <pair key="1" str="DETECT"/>
    <pair key="0" str="SENSOR"/>
  </dictionary>

  <dictionary name="hvPolarityDictionary">
    <pair key="1" str="NEG"/>
    <pair key="0" str="POS"/>
  </dictionary>

  <dictionary name="hvOutputDictionary">
    <pair key="0" str="SENSOR"/>
    <pair key="1" str="REFLEC"/>
    <pair key="2" str="TARGET"/>
    <pair key="3" str="DETECT"/>
  </dictionary>

  <dictionary name="hvOutputOnlyDSDictionary">
    <pair key="0" str="SENSOR"/>
    <pair key="3" str="DETECT"/>
  </dictionary>

  <dictionary name="hvOutputOnlyTRDictionary">
    <pair key="1" str="REFLEC"/>
    <pair key="2" str="TARGET"/>
  </dictionary>

  <dictionary name="hvStateDictionary">
    <pair key="0" str="OFF"/>
    <pair key="1" str="STANDBY"/>
    <pair key="2" str="RAMPING_UP"/>
    <pair key="3" str="ACTIVE"/>
    <pair key="4" str="RAMPING_DOWN"/>
  </dictionary>

  <dictionary name="hvMmrMismatchDictionary">
    <pair key="0"  str="HV_MM_POW_ENA"/>
    <pair key="1"  str="HV_MM_SEN_ENA"/>
    <pair key="2"  str="HV_MM_DET_ENA"/>
    <pair key="3"  str="HV_MM_POL_ENA"/>
    <pair key="4"  str="HV_MM_DET_SPT"/>
    <pair key="5"  str="HV_MM_SEN_SPT"/>
    <pair key="6"  str="HV_MM_TAR_SPT"/>
    <pair key="7"  str="HV_MM_REF_SPT"/>
    <pair key="8"  str="HV_MM_DET_MAX"/>
    <pair key="9"  str="HV_MM_SEN_MAX"/>
    <pair key="10" str="HV_MM_TAR_MAX"/>
    <pair key="11" str="HV_MM_REF_MAX"/>
  </dictionary>

  <dictionary name="faultDictionary">
    <pair key="0x00000001" str="ANAHKFLAG"  description="Analog HK reading out-of-limits, flags only"/>
    <pair key="0x00000002" str="CMDSEQFAIL" description="Command sequence failed during execution"/>
    <pair key="0x00000004" str="HVPSOSCERR" description="HVPS sensor oscillator failure"/>
    <pair key="0x00000008" str="HVPSCURR"   description="HVPS high detector current"/>
    <pair key="0x00000010" str="ANAHKLIMIT" description="Analog HK reading out-of-limit"/>
    <pair key="0x00000020" str="COMMLOSS"   description="Longterm loss of SpaceWire comm"/>
    <pair key="0x00000040" str="CSA0HOT"    description="Op heater for CSA0 measures hot"/>
    <pair key="0x00000080" str="CSA1HOT"    description="Op heater for CSA1 measures hot"/>
    <pair key="0x00000100" str="BUFFHOT"    description="Op heater for buffer bd measures hot"/>
    <pair key="0x00000200" str="OPHTRCOLD"  description="Any op heater reads suspiciously cold"/>  
    <pair key="0xFFFFFFFF" str="ALLFAULTS"  description="All faults"/>
  </dictionary>


  <!-- Generic definitions below -->


  <!--Telemetry Dictionaries-->
  <dictionary name="disEnaDictionary">
    <pair key="1" str="DIS"/>
    <pair key="0" str="ENA"/>
  </dictionary>

  <dictionary name="enaDisDictionary">
    <pair key="1" str="ENA"/>
    <pair key="0" str="DIS"/>
  </dictionary>

  <dictionary name="enaDis3Dictionary">
    <pair key="7" str="ENA"/>
    <pair key="0" str="DIS"/>
  </dictionary>

  <dictionary name="enaDis8Dictionary">
    <pair key="1" str="ENA"/>
    <pair key="0" str="DIS"/>
  </dictionary>

  <dictionary name="enaDis32Dictionary">
    <pair key="1" str="ENA"/>
    <pair key="0" str="DIS"/>
  </dictionary>

  <dictionary name="busyIdleDictionary">
    <pair key="1" str="BUSY"/>
    <pair key="0" str="IDLE"/>
  </dictionary>

  <dictionary name="onOffDictionary">
    <pair key="1" str="ON"/>
    <pair key="0" str="OFF"/>
  </dictionary>

  <dictionary name="onOff32Dictionary">
    <pair key="1" str="ON"/>
    <pair key="0" str="OFF"/>
  </dictionary>

  <dictionary name="errOkayDictionary">
    <pair key="1" str="ERR"/>
    <pair key="0" str="OK"/>
  </dictionary>

  <dictionary name="okayErrDictionary">
    <pair key="1" str="OK"/>
    <pair key="0" str="ERR"/>
  </dictionary>

  <dictionary name="yesNoDictionary">
    <pair key="1" str="YES"/>
    <pair key="0" str="NO"/>
  </dictionary>

  <dictionary name="noYesDictionary">
    <pair key="1" str="NO"/>
    <pair key="0" str="YES"/>
  </dictionary>

  <dictionary name="secPriDictionary">
    <pair key="1" str="SEC"/>
    <pair key="0" str="PRI"/>
  </dictionary>

  <dictionary name="boardIdDictionary">
    <pair key="0" str="FLIGHT_1"/>
    <pair key="1" str="FLIGHT_2"/>
    <pair key="4" str="TM"/>
    <pair key="5" str="EM"/>
    <pair key="8" str="PROTO_1"/>
    <pair key="9" str="PROTO_2"/>
  </dictionary>

  <dictionary name="nandOwnDictionary">
    <pair key="0" str="FSW"/>
    <pair key="1" str="FPGA"/>
  </dictionary>

  <dictionary name="hvpsBoardPwrDictionary">
    <pair key="0" str="DIS"/>
    <pair key="1" str="ERR"/>
    <pair key="2" str="ERR"/>
    <pair key="3" str="ERR"/>
    <pair key="4" str="ERR"/>
    <pair key="5" str="ERR"/>
    <pair key="6" str="ERR"/>
    <pair key="7" str="ENA"/>
  </dictionary>

  <!-- For individual parameter table entries -->
  <dictionary name="paramEntryDictionary">
    <!-- Command Params -->
    <pair key="0x00" str="SpwLinkTO"/>
    <pair key="0x01" str="SpwNullBst"/>
    <pair key="0x02" str="SpwDataBst"/>
    <pair key="0x03" str="UmsMsk"/>
    <pair key="0x04" str="UmsVal"/>
    <pair key="0x05" str="DualExpireRT"/>
    <pair key="0x06" str="CheckRxCrc"/>
    <pair key="0x07" str="ExecRxPkts"/>
    <pair key="0x08" str="TholdReinitSpw"/>
    <pair key="0x09" str="CcsdsMsk"/>
    <pair key="0x0A" str="CcsdsVal"/>
    <pair key="0x0B" str="ZeroSpwErrsInit"/>
    <pair key="0x0C" str="CeaseUmsChck"/>
    <pair key="0x0D" str="CeaseCcsdsChck"/>
    <pair key="0x0E" str="CeaseCrcChck"/>
    <pair key="0x0F" str="Reserved4Test"/>
    <!-- Telemetry Params -->
    <pair key="0x40" str="StatPktPeriod"/>
    <pair key="0x41" str="HwPktPeriod"/>
    <pair key="0x42" str="SwPktPeriod"/>
    <pair key="0x43" str="StatPktCfgRead0"/>
    <pair key="0x44" str="StatPktCfgRead1"/>
    <pair key="0x45" str="StatPktCfgRead2"/>
    <pair key="0x46" str="StatPktCfgRead3"/>
    <pair key="0x47" str="StatPktCfgRead4"/>
    <pair key="0x48" str="StatPktCfgRead5"/>
    <pair key="0x49" str="StatPktCfgRead6"/>
    <pair key="0x4A" str="StatPktCfgRead7"/>
    <pair key="0x4B" str="EngPktFltrId"/>
    <pair key="0x4C" str="StatPktRoute"/>
    <pair key="0x4D" str="SwPktCfgRead0"/>
    <pair key="0x4E" str="SwPktCfgRead1"/>
    <pair key="0x4F" str="SwPktCfgRead2"/>
    <pair key="0x50" str="SwPktCfgRead3"/>
    <pair key="0x51" str="AllowManyEvtMsg"/>
    <pair key="0x52" str="AllowFstDump"/>
    <pair key="0x53" str="SelEyePttrn"/>
    <!-- Upkeep Params -->
    <pair key="0x80" str="MskEvtIndiv0"/>
    <pair key="0x81" str="MskEvtIndiv1"/>
    <pair key="0x82" str="MskEvtIndiv2"/>
    <pair key="0x83" str="MskEvtIndiv3"/>
    <pair key="0x84" str="MskEvtIndiv4"/>
    <pair key="0x85" str="MskEvtIndiv5"/>
    <pair key="0x86" str="MskEvtIndiv6"/>
    <pair key="0x87" str="MskEvtIndiv7"/>
    <pair key="0x88" str="MskEvtGrp"/>
    <pair key="0x89" str="LogTskEntry"/>
    <pair key="0x8A" str="LogTskExit"/>
    <pair key="0x8B" str="HtrBootInitPwr"/>
    <pair key="0x8C" str="HtrBootInitSp0"/>
    <pair key="0x8D" str="HtrBootInitSp1"/>
    <pair key="0x8E" str="HtrBootInitSp2"/>
    <pair key="0x8F" str="HtrBootTimer"/>
    <pair key="0x90" str="RstDelayTimer"/>
    <pair key="0x91" str="DwellAddrCh0"/>
    <pair key="0x92" str="DwellAddrCh1"/>
    <pair key="0x93" str="DwellAddrCh2"/>
    <pair key="0x94" str="DwellAddrCh3"/>
    <pair key="0x95" str="DwellAddrCh4"/>
    <pair key="0x96" str="DwellAddrCh5"/>
    <pair key="0x97" str="DwellAddrCh6"/>
    <pair key="0x98" str="DwellAddrCh7"/>
    <pair key="0x99" str="EnblPerfMon"/>
    <pair key="0x9A" str="EnblEvtLog"/>
    <pair key="0x9B" str="EnblPmLog"/>
    <pair key="0x9C" str="EnblCmdLog"/>
    <!-- Qboot Params -->
    <pair key="0xC0" str="AttemptQboot"/>
    <pair key="0xC1" str="WdogCntThold"/>
    <pair key="0xC2" str="TryLoadScit"/>
    <pair key="0xC3" str="TryLoadScs"/>
    <pair key="0xC4" str="PanicNoNvfsw"/>
    <pair key="0xC5" str="SavePerstInInit"/>
    <pair key="0xC6" str="SaveFtAfterInit"/>
    <pair key="0xC7" str="SavePerstAfterInit"/>
    <pair key="0xC8" str="TryNvfsw1Frst"/>
    <pair key="0xC9" str="TryNvfsw2Nxt"/>
    <pair key="0xCA" str="TryNvfsw3Lst"/>
    <pair key="0xCB" str="QbootWaitSecs"/>
    <pair key="0xCC" str="QbootRequiresSpw"/>
    <pair key="0xCD" str="QbootRequiresStm"/>
    <pair key="0xCE" str="QbootAbortOnPanic"/>
    <!-- Memory Params -->
    <pair key="0x100" str="AnalysisMsgThold"/>
    <pair key="0x101" str="ExecDurationThold"/>
    <pair key="0x102" str="ScratchEraseVal"/>
    <pair key="0x103" str="FlashDieMsk"/>
    <pair key="0x104" str="FlashRstAttempts"/>
    <pair key="0x105" str="FlashRegionTlm"/>
    <pair key="0x106" str="CritTlmParam1"/>
    <pair key="0x107" str="CritTlmParam2"/>
    <pair key="0x108" str="AllowSciDataRows"/>
    <pair key="0x109" str="MirrorFlashDie"/>
    <pair key="0x10A" str="BootAllowScit"/>
    <pair key="0x10B" str="BootAllowScs"/>
    <pair key="0x10C" str="BootAllowRebuild"/>
    <pair key="0x10D" str="ClrMemCntrsInit"/>
    <pair key="0x10E" str="RebuildFtInBoot"/>
    <pair key="0x10F" str="RebuildFtInOper"/>
    <pair key="0x110" str="FlashVerbosity"/>
    <pair key="0x111" str="AutoSavePerst"/>
    <!-- Autonomy Params -->
    <pair key="0x140" str="ClrHvpsAtInit"/>
    <pair key="0x141" str="HvpsPolarityDelay"/>
    <pair key="0x142" str="BootWdogBramUerr"/>
    <pair key="0x143" str="OperWdogBramUerr"/>
    <pair key="0x144" str="BootWdogSramUerr"/>
    <pair key="0x145" str="OperWdogSramUerr"/>
    <pair key="0x146" str="PanicHkFault"/>
    <pair key="0x147" str="HaltQbHkFault"/>
    <pair key="0x148" str="Csa0TmpHiFault"/>
    <pair key="0x149" str="Csa1TmpHiFault"/>
    <pair key="0x14A" str="BuffTmpHiFault"/>
    <pair key="0x14B" str="Csa0TmpLoFault"/>
    <pair key="0x14C" str="Csa1TmpHiFault"/>
    <pair key="0x14D" str="BuffTmpLoFault"/>
    <pair key="0x14E" str="HvpsDetFpEnbl"/>
    <pair key="0x14F" str="HvpsDetFpUppr"/>
    <pair key="0x150" str="HvpsDetPersist"/>
    <pair key="0x151" str="HvpsSenFpEnbl"/>
    <pair key="0x152" str="HvpsSenDelay"/>
    <pair key="0x153" str="HvpsSenFpVolts"/>
    <pair key="0x154" str="HvpsSenFpPersist"/>
    <pair key="0x155" str="HvpsSenFpDuratn"/>
    <pair key="0x156" str="HvpsSenFpMax"/>
    <pair key="0x157" str="HvpsRefSpMax"/>
    <pair key="0x158" str="HvpsTarSpMax"/>
    <pair key="0x159" str="HvpsDetSpMax"/>
    <!-- Science Params -->
    <pair key="0x180" str="SciParamSwTrgger"/>
    <pair key="0x181" str="SciParamCmprss"/>
    <pair key="0x182" str="SciParamCmprssZero"/>
    <pair key="0x183" str="SciParamCzHsThresh"/>
    <pair key="0x184" str="SciParamCzLsThresh"/>
    <pair key="0x185" str="SciParamSpiConfig1"/>
    <pair key="0x186" str="SciParamSciRsvd1"/>
    <pair key="0x187" str="SciParamSpiIOa"/>
    <pair key="0x188" str="SciParamSpiIFsr0"/>
    <pair key="0x189" str="SciParamSpiIFsr1"/>
    <pair key="0x18A" str="SciParamSpiCalAdj"/>
    <pair key="0x18B" str="SciParamSpiCalVal"/>
    <pair key="0x18C" str="SciParamSpiRsvd2"/>
    <pair key="0x18D" str="SciParamSpiDesTa"/>
    <pair key="0x18E" str="SciParamSpiRsvd3"/>
    <pair key="0x18F" str="SciParamSpiRsvd4"/>
    <pair key="0x190" str="SciParamSpiQOa"/>
    <pair key="0x191" str="SciParamSpiQFsr"/>
    <pair key="0x192" str="SciParamSpiAdca"/>
    <pair key="0x193" str="SciParamSpiAdfa"/>
    <pair key="0x194" str="SciParamSpiAutoSync0"/>
    <pair key="0x195" str="SciParamSpiAutoSync1"/>
    <pair key="0x196" str="SciParamSpiRsvd5"/>
    <pair key="0x197" str="SciParamMaxBlks"/>
    <!-- Sequence Params -->
    <pair key="0x1C0" str="CommLossFaultPriority"/>
    <pair key="0x1C1" str="HvSenOscFaultPriority"/>
    <pair key="0x1C2" str="HvDetCurFaultPriority"/>
    <pair key="0x1C3" str="AnaHkFaultPriority"/>
    <pair key="0x1C4" str="Csa0TmpHiFaultPriority"/>
    <pair key="0x1C5" str="Csa1TmpHiFaultPriority"/>
    <pair key="0x1C6" str="BuffTmpHiFaultPriority"/>
    <pair key="0x1C7" str="TmpLowFaultPriority"/>
    <pair key="0x1C8" str="FpgaClkFaultPriority"/>
    <pair key="0x1C9" str="AbrtdSeqFaultPriority"/>
    <pair key="0x1CA" str="CommLossFaultCntThold"/>
    <pair key="0x1CB" str="HvSenOscFaultCntThold"/>
    <pair key="0x1CC" str="HvDetCurFaultCntThold"/>
    <pair key="0x1CD" str="AnaHkFaultCntThold"/>
    <pair key="0x1CE" str="Csa0TmpHiFaultCntThold"/>
    <pair key="0x1CF" str="Csa1TmpHiFaultCntThold"/>
    <pair key="0x1D0" str="BuffTmpHiFaultCntThold"/>
    <pair key="0x1D1" str="TmpLowFaultCntThold"/>
    <pair key="0x1D2" str="FpgaClkFaultCntThold"/>
    <pair key="0x1D3" str="AbortedSeqFaultCntThold"/>
  </dictionary>

</hydraDef>



