<!-- SUDA-specific file to define SUDA Telemetry Software Packet -->

<hydraDef>

  <!-- ====================================== -->
  <!-- Software-Centric Packet              -->
  <!-- ====================================== -->

  <frameDef name="suda_sw_hk_frame"><description text="Software pkt contents"/>
    <field>
   <!-- Begin: cmdSwTlm_t cmdStat -->
    <!-- Begin: cmdCritTlm_t cmdCritTlm -->
      <itemDef name="SUDA_SSZERO_SW" type="dn16">
        <alias namespace="SUDA" value="ssZero"/>
        <description text="Subsecond value when SpaceWire time tick was received"/>
      </itemDef>

      <itemDef name="SUDA_INTFTYPE_SW" type="commIntfType">
        <alias namespace="SUDA" value="intfType"/>
        <description text="Declares the communication interface type"/>
      </itemDef>

      <itemDef name="SUDA_SELINTF_SW" type="spwSideType">
        <alias namespace="SUDA" value="selIntf"/>
        <description text="Declares which SpaceWire side is active"/>
      </itemDef>

      <itemDef name="SUDA_BUSY_SW" type="busyStateType">
        <alias namespace="SUDA" value="currBusy"/>
        <description text="Set when SUDA unable to respond to a new command"/>
      </itemDef>

      <itemDef name="SUDA_PANIC_SW" type="panicStateType">
        <alias namespace="SUDA" value="currPanic"/>
        <description text="Significant error condition or illegal state"/>
      </itemDef>

      <itemDef name="SUDA_MODE_SW" type="sudaModeType4">
        <alias namespace="SUDA" value="currMode"/>
        <description text="Current instrument mode"/>
      </itemDef>

      <itemDef name="SUDA_ACPTOV_SW" type="ovrflwStateType">
        <alias namespace="SUDA" value="acptOvrflw"/>
        <description text="Persistent overflow flag for cmd accept counter"/>
      </itemDef>

      <itemDef name="SUDA_ACTCNT_SW" type="dn7">
        <alias namespace="SUDA" value="acptCnt"/>
        <description text="Command accept count"/>
      </itemDef>

      <itemDef name="SUDA_EXECOV_SW" type="ovrflwStateType">
        <alias namespace="SUDA" value="execOvrflw"/>
        <description text="Persistent overflow flag for cmd execute counter"/>
      </itemDef>

      <itemDef name="SUDA_EXECCNT_SW" type="dn7">
        <alias namespace="SUDA" value="execCnt"/>
        <description text="Command execute count"/>
      </itemDef>

      <itemDef name="SUDA_RJCTOV_SW" type="ovrflwStateType">
        <alias namespace="SUDA" value="rjctOvrflw"/>
        <description text="Persistent overflow flag for cmd reject counter"/>
      </itemDef>

      <itemDef name="SUDA_RJCTCNT_SW" type="dn7">
        <alias namespace="SUDA" value="rjctCnt"/>
        <description text="Command reject count"/>
      </itemDef>

      <itemDef name="SUDA_CMDSEQ1_SW" type="dn5">
        <alias namespace="SUDA" value="cmdSeq1"/>
        <description text="Lowest CCSDS src seq cntr bits for command history buffer entry 1"/>
      </itemDef>

      <itemDef name="SUDA_CMDST1_SW" type="cmdHistoryStateType">
        <alias namespace="SUDA" value="cmdState1"/>
        <description text="State for command history buffer entry 1"/>
      </itemDef>

      <itemDef name="SUDA_CMDOP1_SW" type="dn16">
        <alias namespace="SUDA" value="cmdOp1"/>
        <description text="Op code for command history buffer entry 1"/>
      </itemDef>

      <itemDef name="SUDA_CMDSEQ2_SW" type="dn5">
        <alias namespace="SUDA" value="cmdSeq2"/>
        <description text="Lowest CCSDS src seq cntr bits for command history buffer entry 2"/>
      </itemDef>

      <itemDef name="SUDA_CMDST2_SW" type="cmdHistoryStateType">
        <alias namespace="SUDA" value="cmdState2"/>
        <description text="State for command history buffer entry 2"/>
      </itemDef>

      <itemDef name="SUDA_CMDOP2_SW" type="dn16">
        <alias namespace="SUDA" value="cmdOp2"/>
        <description text="Op code for command history buffer entry 2"/>
      </itemDef>

      <itemDef name="SUDA_CMDSEQ3_SW" type="dn5">
        <alias namespace="SUDA" value="cmdSeq3"/>
        <description text="Lowest CCSDS src seq cntr bits for command history buffer entry 3"/>
      </itemDef>

      <itemDef name="SUDA_CMDST3_SW" type="cmdHistoryStateType">
        <alias namespace="SUDA" value="cmdState3"/>
        <description text="State for command history buffer entry 3"/>
      </itemDef>

      <itemDef name="SUDA_CMDOP3_SW" type="dn16">
        <alias namespace="SUDA" value="cmdOp3"/>
        <description text="Op code for command history buffer entry 3"/>
      </itemDef>

      <itemDef name="SUDA_CMDSEQ4_SW" type="dn5">
        <alias namespace="SUDA" value="cmdSeq4"/>
        <description text="Lowest CCSDS src seq cntr bits for command history buffer entry 4"/>
      </itemDef>

      <itemDef name="SUDA_CMDST4_SW" type="cmdHistoryStateType">
        <alias namespace="SUDA" value="cmdState4"/>
        <description text="State for command history buffer entry 4"/>
      </itemDef>

      <itemDef name="SUDA_CMDOP4_SW" type="dn16">
        <alias namespace="SUDA" value="cmdOp4"/>
        <description text="Op code for command history buffer entry 4"/>
      </itemDef>

      <itemDef name="SUDA_CMDSEQ5_SW" type="dn5">
        <alias namespace="SUDA" value="cmdSeq5"/>
        <description text="Lowest CCSDS src seq cntr bits for command history buffer entry 5"/>
      </itemDef>

      <itemDef name="SUDA_CMDST5_SW" type="cmdHistoryStateType">
        <alias namespace="SUDA" value="cmdState5"/>
        <description text="State for command history buffer entry 5"/>
      </itemDef>

      <itemDef name="SUDA_CMDOP5_SW" type="dn16">
        <alias namespace="SUDA" value="cmdOp5"/>
        <description text="Op code for command history buffer entry 5"/>
      </itemDef>

      <itemDef name="SUDA_SPWERROV_SW" type="ovrflwStateType">
        <alias namespace="SUDA" value="spwErrOvrflw"/>
        <description text="Persistent overflow flag for SpW error counter"/>
      </itemDef>

      <itemDef name="SUDA_SPWERRCNT_SW" type="dn7">
        <alias namespace="SUDA" value="spwErrCnt"/>
        <description text="Command SpW error count"/>
      </itemDef>

      <itemDef name="SUDA_CLIPPERHDRSP_SW" type="dn16"><alias namespace="SUDA" value="CLIPPERHDRSP"/>
        <description text="Spare bits required by the IICD"/></itemDef>
      <!-- End: telemetry content and format required by Europa IICD -->

      <!-- Begin: spwIntfTlmSW_t spwIntfTlm -->
      <itemDef name="SUDA_RXTICKNUM_SW" type="dn8"><alias namespace="SUDA" value="RXTICKNUM_SW"/>
        <description text="Rx Tick Number register"/></itemDef>
      <itemDef name="SUDA_AUTORATECFG_SW" type="enaDis"><alias namespace="SUDA" value="AUTORATECFG_SW"/>
        <description text="Configuration of SpW auto-rate change"/></itemDef>
      <itemDef name="SUDA_SPWLINKSP_SW" type="dn2"><alias namespace="SUDA" value="SPWLINKSP_SW"/>
        <description text="Spare bits for SpW component"/></itemDef>
      <itemDef name="SUDA_RXFIFOCLRQ_SW" type="yesNo"><alias namespace="SUDA" value="RXFIFOCLRQ_SW"/>
        <description text="Latched RxFIFO clear history"/></itemDef>
      <itemDef name="SUDA_LINKDOWNQ_SW" type="errOkay"><alias namespace="SUDA" value="LINKDOWNQ_SW"/>
        <description text="Latched link down history"/></itemDef>
      <itemDef name="SUDA_RXFIFOCLR_SW" type="yesNo"><alias namespace="SUDA" value="RXFIFOCLR_SW"/>
        <description text="RxFIFO cleared due to init/reinit"/></itemDef>
      <itemDef name="SUDA_PRSELECT_SW" type="secPri"><alias namespace="SUDA" value="SPW_PRSELECT_SW"/>
        <description text="SpaceWire Primary/Redundant is currently active"/></itemDef>
      <itemDef name="SUDA_SPWLINKDOWN_SW" type="errOkay"><alias namespace="SUDA" value="SPWLINKDOWN_SW"/>
        <description text="SpaceWire Link down"/></itemDef>
      <itemDef name="SUDA_GOTNULL_SW" type="yesNo"><alias namespace="SUDA" value="GOTNULL_SW"/>
        <description text="SpaceWire Null character received"/></itemDef>
      <itemDef name="SUDA_GOTFCT_SW" type="yesNo"><alias namespace="SUDA" value="GOTFCT_SW"/>
        <description text="SpaceWire Flow control character received"/></itemDef>
      <itemDef name="SUDA_GOTDATA_SW" type="yesNo"><alias namespace="SUDA" value="GOTDATA_SW"/>
        <description text="SpaceWire Data character received"/></itemDef>
      <itemDef name="SUDA_LINKSTATE_SW" type="linkStateType"><alias namespace="SUDA" value="LINKSTATE_SW"/>
        <description text="SpaceWire Link state machine"/></itemDef>
      <itemDef name="SUDA_GOTESCERR_SW" type="yesNo"><alias namespace="SUDA" value="GOTESCERR_SW"/>
        <description text="SpaceWire Escape error character received"/></itemDef>
      <itemDef name="SUDA_PARITYCNT_SW" type="dn3"><alias namespace="SUDA" value="PARITYCNT_SW"/>
        <description text="Counts odd SpaceWire parity errors (no rollover)"/></itemDef>
      <itemDef name="SUDA_DISCONCNT_SW" type="dn3"><alias namespace="SUDA" value="DISCONCNT_SW"/>
        <description text="Counts SpaceWire disconnect errors (no rollover)"/></itemDef>
      <itemDef name="SUDA_FLOWERR1_SW" type="errOkay"><alias namespace="SUDA" value="SPW_FLOW_ERR1_SW"/>
        <description text="SpaceWire flow control token error type 1 (see FPGA spec)"/></itemDef>
      <itemDef name="SUDA_FLOWERR2_SW" type="errOkay"><alias namespace="SUDA" value="FLOWERR2_SW"/>
        <description text="SpaceWire flow control token error type 2 (see fpga spec)"/></itemDef>
      <itemDef name="SUDA_LINKTIMEOUT_SW" type="dn1"><alias namespace="SUDA" value="LINKTIMEOUT_SW"/>
        <description text="SpW port blocked beyond link timeout period (LTO), reinit'd"/></itemDef>
      <itemDef name="SUDA_CMDCRITSP_SW" type="dn32"><alias namespace="SUDA" value="CMDCRITSP_SW"/>
        <description text="Spare bits for command component"/></itemDef>
      <!-- End: cmdCritTlm_t cmdCritTlm -->

      <!-- Begin: spwIntfTlmSW_t spwIntfTlm -->
      <itemDef name="SUDA_rxFifoClrCnt" type="dn8">
          <alias namespace="SUDA" value="rxFifoClrCnt"/>
        <description text="RX FIFO Clear Counter"/>
      </itemDef>

      <itemDef name="SUDA_linkDownCnt" type="dn8">
          <alias namespace="SUDA" value="linkDownCnt"/>
        <description text="Link Down Counter"/>
      </itemDef>

      <itemDef name="SUDA_eepCnt1" type="dn8">
          <alias namespace="SUDA" value="eepCnt"/>
        <description text="EEP Counter"/>
      </itemDef>

      <itemDef name="SUDA_parityPersistCnt" type="dn8">
          <alias namespace="SUDA" value="parityCnt"/>
        <description text="Counts parity errors on SpW link, persists until cleared by cmd"/>
      </itemDef>

      <itemDef name="SUDA_flowCtrl1Cnt" type="dn8">
          <alias namespace="SUDA" value="flowCtrl1Cnt"/>
        <description text="Flow Control 1 Counter"/>
      </itemDef>

      <itemDef name="SUDA_flowCtrl2Cnt" type="dn8">
          <alias namespace="SUDA" value="flowCtrl2Cnt"/>
        <description text="Flow Control 2 Counter"/>
      </itemDef>

      <itemDef name="SUDA_timeoutCnt" type="dn8">
          <alias namespace="SUDA" value="timeoutCnt"/>
        <description text="Timeout Counter"/>
      </itemDef>

      <itemDef name="SUDA_dropCnt" type="dn8">
          <alias namespace="SUDA" value="dropCnt"/>
        <description text="Drop Counter"/>
      </itemDef>

      <itemDef name="SUDA_tooLargeCnt" type="dn8">
          <alias namespace="SUDA" value="tooLargeCnt"/>
        <description text="Too Large Counter"/>
      </itemDef>

      <itemDef name="SUDA_rxUerrCnt" type="dn8">
          <alias namespace="SUDA" value="rxUerrCnt"/>
        <description text="RX Uerr Counter"/>
      </itemDef>

      <itemDef name="SUDA_rxCerrCnt" type="dn8">
          <alias namespace="SUDA" value="rxCerrCnt"/>
        <description text="RX Cerr Counter"/>
      </itemDef>

      <itemDef name="SUDA_bufFullCnt" type="dn8">
          <alias namespace="SUDA" value="bufFullCnt"/>
        <description text="Buffer Full Counter"/>
      </itemDef>

      <itemDef name="SUDA_spwCntrs4Spare" type="dn6">
          <alias namespace="SUDA" value="spwCntrsSpare"/>
        <description text="Spare bits for SPW Counter 4"/>
      </itemDef>

      <itemDef name="SUDA_buffOvrflwFlg" type="errOkay">
          <alias namespace="SUDA" value="buffOvrflwCnt"/>
        <description text="Buffer Overflow Flag"/>
      </itemDef>

      <itemDef name="SUDA_buffUndflwFlg" type="errOkay">
          <alias namespace="SUDA" value="buffUndflwCnt"/>
        <description text="Buffer Underflow Flag"/>
      </itemDef>

      <itemDef name="SUDA_discntCnt" type="dn24">
          <alias namespace="SUDA" value="discntCnt"/>
        <description text="Disconnect Counter"/>
      </itemDef>
      <!-- End: spwIntfTlmSW_t spwIntfTlm -->

      <!-- Begin: protocolTlm_t protocolTlm-->
      <itemDef name="SUDA_LastRxUms" type="dn32"><alias namespace="SUDA" value="LastRxUms"/>
        <description text="Unified Msg Structure value of last processed cmd"/></itemDef>

      <itemDef name="SUDA_ProtocolSp" type="dn12"><alias namespace="SUDA" value="ProtocolSp"/>
        <description text="Spare"/></itemDef>
      <itemDef name="SUDA_WaitingRxCmd" type="yesNo"><alias namespace="SUDA" value="WaitingRxCmd"/>
        <description text="Waiting to received first valid command or STM, or given up if too long"/></itemDef>
      <itemDef name="SUDA_CheckingUms" type="enaDis"><alias namespace="SUDA" value="CheckingUms"/>
        <description text="Enable state for UMS header validation for received packets"/></itemDef>
      <itemDef name="SUDA_CheckingCcsds" type="enaDis"><alias namespace="SUDA" value="CheckingCcsds"/>
        <description text="Enable state for CCSDS header validation for received packets"/></itemDef>
      <itemDef name="SUDA_CheckingCrc" type="enaDis"><alias namespace="SUDA" value="CheckingCrc"/>
        <description text="Enable state for CRC computation/validation for received packets"/></itemDef>
      <itemDef name="SUDA_LastRxCrc" type="dn16"><alias namespace="SUDA" value="LastRxCrc"/>
        <description text="Cyclic Redundancy Check value of last processed cmd"/></itemDef>

      <!-- End: protocolTlm_t protocolTlm -->

      <!-- Begin: cmdEngineTlm_t engineTlmm-->
      <itemDef name="SUDA_SuccCnt" type="dn32"><alias namespace="SUDA" value="SuccCnt"/>
        <description text="Counts successful cmd executions, excludes msgs"/></itemDef>
      <itemDef name="SUDA_isArmed" type="yesNo"><alias namespace="SUDA" value="isArmed"/>
        <description text="Cyclic Redundancy Check value for last processed cmd"/></itemDef>
      <itemDef name="SUDA_failCnt" type="dn15"><alias namespace="SUDA" value="failCnt"/>
        <description text="Count of failed commands"/></itemDef>
      <itemDef name="SUDA_lastResult" type="cmdStatus"><alias namespace="SUDA" value="lastResult"/>
        <description text="Last result of command execution (excludes STM)"/></itemDef>
      <itemDef name="SUDA_failReason" type="cmdStatus"><alias namespace="SUDA" value="failReason"/>
        <description text="Reason for last command failure"/></itemDef>

      <itemDef name="SUDA_LASTSUCCCCSDS1" type="dn32"><alias namespace="SUDA" value="LASTSUCCCCSDS1"/>
        <description text="CCSDS header field #1 for last successful cmd, includes APID and seq cnt"/></itemDef>
      <itemDef name="SUDA_LASTSUCCCCSDS2" type="dn32"><alias namespace="SUDA" value="LASTSUCCCCSDS2"/>
        <description text="CCSDS header field #2 for last successful cmd, includes length"/></itemDef>
      <itemDef name="SUDA_LASTSUCCARG1" type="dn32"><alias namespace="SUDA" value="LASTSUCCARG1"/>
        <description text="First argument for last successful cmd"/></itemDef>
      <itemDef name="SUDA_LASTFAILCCSDS1" type="dn32"><alias namespace="SUDA" value="LASTFAILCCSDS1"/>
        <description text="CCSDS header field #1 for last failing cmd, includes APID and seq cnt"/></itemDef>
      <itemDef name="SUDA_LASTFAILCCSDS2" type="dn32"><alias namespace="SUDA" value="LASTFAILCCSDS2"/>
        <description text="CCSDS header field #2 for last failing cmd, includes length"/></itemDef>
      <itemDef name="SUDA_LASTFAILARG1" type="dn32"><alias namespace="SUDA" value="LASTFAILARG1"/>
        <description text="First argument of last failing cmd"/></itemDef>
      <!-- End: cmdEngineTlm_t engineTlm -->

      <itemDef name="SUDA_cmdSWPktSpare" type="dn32"><alias namespace="SUDA" value="cmdSWPktSpare"/>
        <description text="Spare bits for command component"/></itemDef>

      <!-- Begin: comboBucketStatus_t bucketTlm -->
      <itemDef name="SUDA_CPBCKTINIT" type="errOkay"><alias namespace="SUDA" value="CPBCKTINIT"/>
        <description text="Parameter bucket initialized correctly, for cmd task"/></itemDef>
      <itemDef name="SUDA_CPBCKTCNT" type="dn8"><alias namespace="SUDA" value="CPBCKTCNT"/>
        <description text="Number of parameters in bucket, for cmd task"/></itemDef>
      <itemDef name="SUDA_CPBCKTERR" type="dn3"><alias namespace="SUDA" value="CPBCKTERR"/>
        <description text="Counts errors seen by parameter bucket, for cmd task"/></itemDef>
      <itemDef name="SUDA_CCBCKTINIT" type="errOkay"><alias namespace="SUDA" value="CCBCKTINIT"/>
        <description text="Command bucket initialized correctly, for cmd task"/></itemDef>
      <itemDef name="SUDA_CCBCKTCNT" type="dn6"><alias namespace="SUDA" value="CCBCKTCNT"/>
        <description text="Number of commands in bucket, for cmd task"/></itemDef>
      <itemDef name="SUDA_CCBCKTERR" type="dn3"><alias namespace="SUDA" value="CCBCKTERR"/>
        <description text="Counts errors seen by cmd bucket, for cmd task"/></itemDef>
      <itemDef name="SUDA_CSBCKTINIT" type="errOkay"><alias namespace="SUDA" value="CSBCKTINIT"/>
        <description text="Status bucket initialized correctly, for cmd task"/></itemDef>
      <itemDef name="SUDA_CSBCKTCNT" type="dn6"><alias namespace="SUDA" value="CSBCKTCNT"/>
        <description text="Number of logs in bucket, for cmd task"/></itemDef>
      <itemDef name="SUDA_CSCBCKTERR" type="dn3"><alias namespace="SUDA" value="CSCBCKTERR"/>
        <description text="Counts errors seen by status bucket, for cmd task"/></itemDef>
      <!-- End: comboBucketStatus_t bucketTlm -->
    <!-- End: cmdSwTlm_t cmdStat -->

    <!-- Begin: tlmSwTlm_t tlmStat -->
      <!-- Begin: tlmCritTlm_t tlmStat -->
      <itemDef name="SUDA_TLMFAILCNT_SW" type="dn4"><alias namespace="SUDA" value="TLMFAILCNT_SW"/>
        <description text="Counts packet transmission failures"/></itemDef>
      <itemDef name="SUDA_TLMBUSYCNT_SW" type="dn8"><alias namespace="SUDA" value="TLMBUSYCNT_SW"/>
        <description text="Counts times unable to transmit due to busy"/></itemDef>
      <itemDef name="SUDA_TLMSENTCNT_SW" type="dn20"><alias namespace="SUDA" value="TLMSENTCNT_SW"/>
        <description text="Counts successful packet transmissions"/></itemDef>
      <itemDef name="SUDA_TLMCRITSPARE_SW" type="dn32"><alias namespace="SUDA" value="TLMCRITSPARE_SW"/>
        <description text="Spare bits for telemetry component"/></itemDef>
      <!-- End: tlmCritTlm_t tlmStat -->

      <!-- Begin: lastTxPkt_t lastTxPkt -->
      <itemDef name="SUDA_TLMAPID" type="dn16"><alias namespace="SUDA" value="tlmApid"/>
        <description text="CCSDS APID of last tx packet"/></itemDef>
      <itemDef name="SUDA_tlmSeqCnt" type="dn16"><alias namespace="SUDA" value="tlmSeqCnt"/>
        <description text="CCSDS source sequence cntr of last tx packet"/></itemDef>
      <itemDef name="SUDA_tlmCRC" type="dn32"><alias namespace="SUDA" value="tlmCRC"/>
        <description text="Last transmitted packet's 16-bit CRC value computed on-board"/></itemDef>
      <!-- End: lastTxPkt_t lastTxPkt -->

        <!-- Begin: tlmCollectorTlm_t   tlmColl -->
      <itemDef name="SUDA_tlmWrapper" type="dn6">
          <alias namespace="SUDA" value="tlmWrapper"/>
        <description text="Identifies 'wrapper' packets awaiting tx"/>
      </itemDef>

      <itemDef name="SUDA_tlmCritLen" type="dn10">
          <alias namespace="SUDA" value="tlmCritLen"/>
        <description text="Length of critical telemetry collected"/>
      </itemDef>

      <itemDef name="SUDA_tlmSwLen" type="dn16">
          <alias namespace="SUDA" value="tlmSwLen"/>
        <description text="Length of software-centric telemetry collected"/>
      </itemDef>
        <!-- End: tlmCollectorTlm_t   tlmColl -->

        <!-- Begin: spwTxIntfTlm_t   spwTxIntfTlm -->
      <itemDef name="SUDA_tlmSentToBds" type="dn32">
          <alias namespace="SUDA" value="tlmSentToBds"/>
        <description text="Number of dwords transmitted to BDS"/>
      </itemDef>

      <itemDef name="SUDA_tlmSentToFsw" type="dn32">
          <alias namespace="SUDA" value="tlmSentToFsw"/>
        <description text="Number of dwords transmitted to S/C FSW"/>
      </itemDef>

      <itemDef name="SUDA_lastTxCcsds1" type="dn32">
          <alias namespace="SUDA" value="lastTxCcsds1"/>
        <description text="Last transmitted CCSDS dword1, incl APID"/>
      </itemDef>

      <itemDef name="SUDA_lastTxCcsds2" type="dn32">
          <alias namespace="SUDA" value="lastTxCcsds2"/>
        <description text="Last transmitted CCSDS dword2, incl length"/>
      </itemDef>

      <itemDef name="SUDA_lastTxCrc" type="dn32">
          <alias namespace="SUDA" value="lastTxCrc"/>
        <description text="Value of CRC transmitted in last packet"/>
      </itemDef>
        <!-- End: spwTxIntfTlm_t   spwTxIntfTlm -->

      <!-- Begin: fswVersion_t version -->
      <itemDef name="SUDA_FSWVERMAJOR" type="dn8"><alias namespace="SUDA" value="major"/>
        <description text="Major version number for FSW"/></itemDef>
      <itemDef name="SUDA_FSWVERMINOR" type="dn8"><alias namespace="SUDA" value="minor"/>
        <description text="Minor version number for FSW"/></itemDef>
      <itemDef name="SUDA_FSWVERPATCH" type="dn16"><alias namespace="SUDA" value="patch"/>
        <description text="Patch version number for FSW (zero for none)"/>
      </itemDef>
      <!-- End: fswVersion_t version -->

      <itemDef name="SUDA_tlmSWPktSpare" type="dn32"><alias namespace="SUDA" value="tlmSWPktSpare"/>
        <description text="Spare bits for telemetry component"/></itemDef>

      <!-- Begin: comboBucketStatus_t bucketTlm -->
      <itemDef name="SUDA_TPBCKTINIT" type="errOkay"><alias namespace="SUDA" value="TPBCKTINIT"/>
        <description text="Parameter bucket initialized correctly, for tlm task"/></itemDef>
      <itemDef name="SUDA_TPBCKTCNT" type="dn8"><alias namespace="SUDA" value="TPBCKTCNT"/>
        <description text="Number of parameters in bucket, for tlm task"/></itemDef>
      <itemDef name="SUDA_TPBCKTERR" type="dn3"><alias namespace="SUDA" value="TPBCKTERR"/>
        <description text="Counts errors seen by parameter bucket, for tlm task"/></itemDef>
      <itemDef name="SUDA_TCBCKTINIT" type="errOkay"><alias namespace="SUDA" value="TCBCKTINIT"/>
        <description text="Command bucket initialized correctly, for tlm task"/></itemDef>
      <itemDef name="SUDA_TCBCKTCNT" type="dn6"><alias namespace="SUDA" value="TCBCKTCNT"/>
        <description text="Number of commands in bucket, for tlm task"/></itemDef>
      <itemDef name="SUDA_TCBCKTERR" type="dn3"><alias namespace="SUDA" value="TCBCKTERR"/>
        <description text="Counts errors seen by cmd bucket, for tlm task"/></itemDef>
      <itemDef name="SUDA_TSBCKTINIT" type="errOkay"><alias namespace="SUDA" value="TSBCKTINIT"/>
        <description text="Status bucket initialized correctly, for tlm task"/></itemDef>
      <itemDef name="SUDA_TSBCKTCNT" type="dn6"><alias namespace="SUDA" value="TSBCKTCNT"/>
        <description text="Number of logs in bucket, for tlm task"/></itemDef>
      <itemDef name="SUDA_TSCBCKTERR" type="dn3"><alias namespace="SUDA" value="TSCBCKTERR"/>
        <description text="Counts errors seen by status bucket, for tlm task"/></itemDef>
      <!-- End: comboBucketStatus_t bucketTlm -->
      <!-- End: tlmSwTlm_t tlmStat -->

      <!-- Begin: upkeepSwTlm_t upkeepStat -->
      <itemDef name="SUDA_MISSTIMECODE_SW" type="errOkay"><alias namespace="SUDA" value="MISSTIMECODE_SW"/>
        <description text="Identifies overdue SpaceWire Time Code"/></itemDef>
      <itemDef name="SUDA_MISSTIMEMSG_SW" type="errOkay"><alias namespace="SUDA" value="MISSTIMEMSG_SW"/>
        <description text="Identifies overdue Spacecraft Time Message"/></itemDef>
      <itemDef name="SUDA_TIMEINTFSP_SW" type="dn2"><alias namespace="SUDA" value="TIMEINTFSP_SW"/>
        <description text="Spare bits for time interface object"/></itemDef>
      <itemDef name="SUDA_STMCNT_SW" type="dn28"><alias namespace="SUDA" value="STMCNT_SW"/>
        <description text="Counts number of valid STMs received"/></itemDef>

      <!-- Begin: perfMonSw_t perfMonStatus -->
      <itemDef name="SUDA_PERFMONINIT" type="okayErr"><alias namespace="SUDA" value="PERFMONINIT"/>
        <description text="State of performance monitor successful initialization"/></itemDef>
      <itemDef name="SUDA_PERFMONENA" type="enaDis"><alias namespace="SUDA" value="PERFMONENA"/>
        <description text="Perforamnce monitor is enabled or disabled"/></itemDef>
      <itemDef name="SUDA_TASKOVERRUNCNT" type="dn10"><alias namespace="SUDA" value="CPUUTIL"/>
        <description text="Counts DES task overruns"/></itemDef>
      <itemDef name="SUDA_CPUUTIL" type="dn20"><alias namespace="SUDA" value="CPUUTIL"/>
        <description text="CPU utilization over the last second in subsecs"/></itemDef>
      <itemDef name="SUDA_PERFCMD" type="dn16"><alias namespace="SUDA" value="PERFCMD"/>
        <description text="PerfMon's high water mark for command task"/></itemDef>
      <itemDef name="SUDA_PERFTLM" type="dn16"><alias namespace="SUDA" value="PERFTLM"/>
        <description text="PerfMon's high water mark for telemetry task"/></itemDef>
      <itemDef name="SUDA_PERFUPK" type="dn16"><alias namespace="SUDA" value="PERFUPK"/>
        <description text="PerfMon's high water mark for upkeep task"/></itemDef>
      <itemDef name="SUDA_PERFQBT" type="dn16"><alias namespace="SUDA" value="PERFQBT"/>
        <description text="PerfMon's high water mark for quickboot task"/></itemDef>
      <itemDef name="SUDA_PERFMEM" type="dn16"><alias namespace="SUDA" value="PERFMEM"/>
        <description text="PerfMon's high water mark for memory task"/></itemDef>
      <itemDef name="SUDA_PERFAUTO" type="dn16"><alias namespace="SUDA" value="PERFAUTO"/>
        <description text="PerfMon's high water mark for autonomy task"/></itemDef>
      <itemDef name="SUDA_PERFSCI" type="dn16"><alias namespace="SUDA" value="PERFSCI"/>
        <description text="PerfMon's high water mark for science task"/></itemDef>
      <itemDef name="SUDA_PERFSEQ" type="dn16"><alias namespace="SUDA" value="PERFSEQ"/>
        <description text="PerfMon's high water mark for sequence task"/></itemDef>

      <!-- Begin: timeIntfSw_t timeIntfStatus -->
      <itemDef name="SUDA_LASTSTMSEC" type="dn32"><alias namespace="SUDA" value="LASTSTMSEC"/>
        <description text="Integer seconds value held in last received STM, or 0 if none"/></itemDef>
      <itemDef name="SUDA_LASTSTMFLAG" type="dn16"><alias namespace="SUDA" value="LASTSTMFLAG"/>
        <description text="Flag field for last received STM, or 0 if none"/></itemDef>
      <itemDef name="SUDA_TIMEJUMPCNT" type="dn16"><alias namespace="SUDA" value="TIMEJUMPCNT"/>
        <description text="Counts non-monotonically increasing seconds field in consecutive STMs"/></itemDef>
      <itemDef name="SUDA_SSZEROHI" type="dn16"><alias namespace="SUDA" value="SSZEROHI"/>
        <description text="Greatest observed 'subsecond zero' reading of consecutive time codes"/></itemDef>
      <itemDef name="SUDA_SSZEROLO" type="dn16"><alias namespace="SUDA" value="SSZEROLO"/>
        <description text="Lowest observed 'subsecond zero' reading of consecutive time codes"/></itemDef>
      <!-- End: timeIntfSw_t timeIntfStatus -->

      <!-- Begin: resetCtrlSwTlm_t -->
      <itemDef name="SUDA_RSTCTRLSP" type="dn24"><alias namespace="SUDA" value="RSTCTRLSP"/>
        <description text="Spare bits for the reset controller object"/></itemDef>
      <itemDef name="SUDA_RSTPENDING" type="yesNo"><alias namespace="SUDA" value="RSTPENDING"/>
        <description text="TRUE if instrument reset is pending"/></itemDef>
      <itemDef name="SUDA_RSTTYPE" type="resetType"> <alias namespace="SUDA" value="RSTTYPE"/>
        <description text="Identifies type of reset last experienced"/></itemDef>
      <!-- End: resetCtrlSwTlm_t -->

      <!-- Begin: dwellObjectSwTlm_t -->
      <itemDef name="SUDA_DWELLSP" type="dn16"><alias namespace="SUDA" value="DWELLSP"/>
        <description text="Spare bits for the dwell object"/></itemDef>
      <itemDef name="SUDA_DWELLISRUNNING" type="yesNo"><alias namespace="SUDA" value="DWELLISRUNNING"/>
        <description text="True if dwell operation is in progress"/></itemDef>
      <itemDef name="SUDA_DWELLREQUESTED" type="yesNo"><alias namespace="SUDA" value="DWELLREQUESTED"/>
        <description text="True if new dwell operation has been requested"/></itemDef>
      <itemDef name="SUDA_DWELLREMAINING" type="dn6"><alias namespace="SUDA" value="DWELLREMAINING"/>
        <description text="Number of dwell samples remaining to be collected for current dwell"/></itemDef>
      <!-- End: dwellObjectSwTlm_t -->

      <!-- Begin: modeObjectSwTlm_t -->
      <itemDef name="SUDA_MODEOBJSP" type="dn2"><alias namespace="SUDA" value="MODEOBJSP"/>
        <description text="Spare bits for the mode object"/></itemDef>
      <itemDef name="SUDA_FAULTSAFEENTRY" type="yesNo"><alias namespace="SUDA" value="FAULTSAFEENTRY"/>
        <description text="True if Safe Mode has been entered since last reboot"/></itemDef>
      <itemDef name="SUDA_JUMPPENDING" type="yesNo"><alias namespace="SUDA" value="JUMPPENDING"/>
        <description text="True if jump to OperFSW is in progress"/></itemDef>
      <itemDef name="SUDA_LASTMODE" type="sudaModeType4"><alias namespace="SUDA" value="LASTMODE"/>
        <description text="Identifies instrument mode before this one (or NONE if invalid)"/></itemDef>
      <!-- End: modeObjectSwTlm_t -->

      <!-- Begin: logStatus_t logSwStatus -->
      <itemDef name="SUDA_pmLogIndex" type="dn10">
          <alias namespace="SUDA" value="pmLogIndex"/>
        <description text="Write index for postmortem log"/>
      </itemDef>

      <itemDef name="SUDA_pmLogDisabled" type="disEna">
          <alias namespace="SUDA" value="pmLogDisabled"/>
        <description text="State of postmortem log"/>
      </itemDef>

      <itemDef name="SUDA_pmLogInitFail" type="errOkay">
          <alias namespace="SUDA" value="pmLogInitFail"/>
        <description text="Initialization error for postmortem log"/>
      </itemDef>

      <itemDef name="SUDA_evtLogIndex" type="dn8">
          <alias namespace="SUDA" value="evtLogIndex"/>
        <description text="Write index for event log"/>
      </itemDef>

      <itemDef name="SUDA_evtLogDisabled" type="disEna">
          <alias namespace="SUDA" value="evtLogDisabled"/>
        <description text="State of event log"/>
      </itemDef>

      <itemDef name="SUDA_evtLogInitFail" type="errOkay">
          <alias namespace="SUDA" value="evtLogInitFail"/>
        <description text="Initialization error for event log"/>
      </itemDef>

      <itemDef name="SUDA_cmdLogIndex" type="dn8">
          <alias namespace="SUDA" value="cmdLogIndex"/>
        <description text="Write index for command lo"/>
      </itemDef>

      <itemDef name="SUDA_cmdLogDisabled" type="disEna">
          <alias namespace="SUDA" value="cmdLogDisabled"/>
        <description text="State of command log"/>
      </itemDef>

      <itemDef name="SUDA_cmdLogInitFail" type="errOkay">
          <alias namespace="SUDA" value="cmdLogInitFail"/>
        <description text="Initialization error for command log"/>
      </itemDef>

      <itemDef name="SUDA_EVTMSGSENTCNT" type="dn22">
          <alias namespace="SUDA" value="EVTMSGSENTCNT"/>
        <description text="Number event messages sent successfully"/>
      </itemDef>

      <itemDef name="SUDA_EVTMSGDROPCNT" type="dn10">
          <alias namespace="SUDA" value="EVTMSGDROPCNT"/>
        <description text="Number events messages overwritten before sent"/>
      </itemDef>

      <itemDef name="SUDA_pmEntryCnt" type="dn32">
          <alias namespace="SUDA" value="pmEntryCnt"/>
        <description text="Total number of entries added to postmortem log"/>
      </itemDef>

      <itemDef name="SUDA_cmdEntryCnt" type="dn32">
          <alias namespace="SUDA" value="cmdEntryCnt"/>
        <description text="Total number of entries added to command log"/>
      </itemDef>

      <itemDef name="SUDA_lastEvtMsgId1" type="logEntryId">
          <alias namespace="SUDA" value="lastEvtMsgId1"/>
        <description text="ID of first most recently added to event log"/>
      </itemDef>

      <itemDef name="SUDA_lastEvtMsgId2" type="logEntryId">
          <alias namespace="SUDA" value="lastEvtMsgId2"/>
        <description text="ID of second most recently added to event log"/>
      </itemDef>

      <itemDef name="SUDA_lastEvtMsgId3" type="logEntryId">
          <alias namespace="SUDA" value="lastEvtMsgId3"/>
        <description text="ID of third most recently added to event log"/>
      </itemDef>

      <itemDef name="SUDA_lastEvtMsgId4" type="logEntryId">
          <alias namespace="SUDA" value="lastEvtMsgId4"/>
        <description text="ID of fourth most recently added to event log"/>
      </itemDef>
      <!-- End: logStatus_t logSwStatus -->

      <itemDef name="SUDA_UPKSYS01" type="dn32"><alias namespace="SUDA" value="upksys01"/>
        <description text="Reserved for upkeep component"/></itemDef>

      <!-- Begin: comboBucketStatus_t bucketTlm -->
      <itemDef name="SUDA_UPBCKTINIT" type="errOkay"><alias namespace="SUDA" value="UPBCKTINIT"/>
        <description text="Parameter bucket initialized correctly, for upkeep task"/></itemDef>
      <itemDef name="SUDA_UPBCKTCNT" type="dn8"><alias namespace="SUDA" value="UPBCKTCNT"/>
        <description text="Number of parameters in bucket, for upkeep task"/></itemDef>
      <itemDef name="SUDA_UPBCKTERR" type="dn3"><alias namespace="SUDA" value="UPBCKTERR"/>
        <description text="Counts errors seen by parameter bucket, for upkeep task"/></itemDef>
      <itemDef name="SUDA_UCBCKTINIT" type="errOkay"><alias namespace="SUDA" value="UCBCKTINIT"/>
        <description text="Command bucket initialized correctly, for upkeep task"/></itemDef>
      <itemDef name="SUDA_UCBCKTCNT" type="dn6"><alias namespace="SUDA" value="UCBCKTCNT"/>
        <description text="Number of commands in bucket, for upkeep task"/></itemDef>
      <itemDef name="SUDA_UCBCKTERR" type="dn3"><alias namespace="SUDA" value="UCBCKTERR"/>
        <description text="Counts errors seen by cmd bucket, for upkeep task"/></itemDef>
      <itemDef name="SUDA_USBCKTINIT" type="errOkay"><alias namespace="SUDA" value="USBCKTINIT"/>
        <description text="Status bucket initialized correctly, for upkeep task"/></itemDef>
      <itemDef name="SUDA_USBCKTCNT" type="dn6"><alias namespace="SUDA" value="USBCKTCNT"/>
        <description text="Number of logs in bucket, for upkeep task"/></itemDef>
      <itemDef name="SUDA_USCBCKTERR" type="dn3"><alias namespace="SUDA" value="USCBCKTERR"/>
        <description text="Counts errors seen by status bucket, for upkeep task"/></itemDef>
      <!-- End: comboBucketStatus_t bucketTlm -->
    <!-- End: upkeepSwTlm_t upkeepStat -->

    <!-- Begin: qbootSwTlm_t qbootStat -->
      <!-- Begin: qbootCritTlm_t qbootCritTlm -->
      <itemDef name="SUDA_QBOOTCRITSP_SW" type="dn19"><alias namespace="SUDA" value="QBOOTCRITSPARE_SW"/>
        <description text="Spare bits available for Quickboot component"/></itemDef>
      <itemDef name="SUDA_MISSINGFT_SW" type="dn1"><alias namespace="SUDA" value="MISSINGFT_SW"/>
        <description text="Valid Flash Table not found during memory initialization"/></itemDef>
      <itemDef name="SUDA_MISSINGPT_SW" type="dn1"><alias namespace="SUDA" value="MISSINGPT_SW"/>
        <description text="Valid Parameter Table not found during memory initialization"/></itemDef>
      <itemDef name="SUDA_MISSINGPERST_SW" type="dn1"><alias namespace="SUDA" value="MISSINGPERST_SW"/>
        <description text="Valid Persistent Table not found during memory initialization"/></itemDef>
      <itemDef name="SUDA_MISSINGOPFSW_SW" type="dn1"><alias namespace="SUDA" value="MISSINGOPFSW_SW"/>
        <description text="Valid Operational FSW image not found during memory initialization"/></itemDef>
      <itemDef name="SUDA_BADCOPYOPFSW_SW" type="dn1"><alias namespace="SUDA" value="BADCOPYOPFSW_SW"/>
        <description text=""/></itemDef>
      <itemDef name="SUDA_QBOOTST_SW" type="qbootState8"><alias namespace="SUDA" value="QBOOTST_SW"/>
        <description text="State of quickboot functionality"/></itemDef>
      <!-- End: qbootCritTlm_t qbootCritTlm -->
 
      <!-- Begin: qbootTaskSwTlm_t  qbootTaskSwTlm -->
      <itemDef name="SUDA_QBTCOUNTDOWN" type="dn32"><alias namespace="SUDA" value="QBTCOUNTDOWN"/>
        <description text="Number seconds remaining until quickboot completion, or zero if invalid"/> </itemDef>

      <!-- Begin: qbootMgrSwTlm_t qbootMgrSwTlm -->
      <itemDef name="SUDA_QBOOTSP" type="dn16"><alias namespace="SUDA" value="QBOOTSP"/>
        <description text="Reserved for quickboot component"/> </itemDef>
      <itemDef name="SUDA_QBOOTLOADED" type="region8"><alias namespace="SUDA" value="QBOOTLOADED"/>
        <description text="Identifies OperFSW loaded to ACTFSW (or none if none), invalid in OperFSW"/> </itemDef>
      <itemDef name="SUDA_QBTSTOPREASON" type="qbootReason8"><alias namespace="SUDA" value="QBTSTOPREASON"/>
        <description text="Reason why quickboot stopped, valid only if stopped"/> </itemDef>
      <itemDef name="SUDA_QBTCOPYFLASHERR" type="dn8"><alias namespace="SUDA" value="QBTCOPYFLASHERR"/>
        <description text="Counts failures for copy Flash operations"/> </itemDef>
      <itemDef name="SUDA_QBTCOPYSRAMERR" type="dn8"><alias namespace="SUDA" value="QBTCOPYSRAMERR"/>
        <description text="Counts failures for copy SRAM memory operations"/> </itemDef>
      <itemDef name="SUDA_QBTCKSUMOPERR" type="dn8"><alias namespace="SUDA" value="QBTCKSUMOPERR"/>
        <description text="Counts failures for checksum operation"/> </itemDef>
      <itemDef name="SUDA_QBTCSUMMISMATCH" type="dn8"><alias namespace="SUDA" value="QBTCSUMMISMATCH"/>
        <description text="Counts checksum mismatches encountered while initializing quickboot"/> </itemDef>
      <itemDef name="SUDA_QBTSW01" type="dn32"><alias namespace="SUDA" value="QBTSW01"/><description text="Reserved for quickboot component"/> </itemDef>

      <!-- Begin: comboBucketStatus_t bucketTlm -->
      <itemDef name="SUDA_QPBCKTINIT" type="errOkay"><alias namespace="SUDA" value="QPBCKTINIT"/>
        <description text="Parameter bucket initialized correctly, for  qboot task"/></itemDef>
      <itemDef name="SUDA_QPBCKTCNT" type="dn8"><alias namespace="SUDA" value="QPBCKTCNT"/>
        <description text="Number of parameters in bucket, for qboot task"/></itemDef>
      <itemDef name="SUDA_QPBCKTERR" type="dn3"><alias namespace="SUDA" value="QPBCKTERR"/>
        <description text="Counts errors seen by parameter bucket, for qboot task"/></itemDef>
      <itemDef name="SUDA_QCBCKTINIT" type="errOkay"><alias namespace="SUDA" value="QCBCKTINIT"/>
        <description text="Command bucket initialized correctly, for qboot task"/></itemDef>
      <itemDef name="SUDA_QCBCKTCNT" type="dn6"><alias namespace="SUDA" value="QCBCKTCNT"/>
        <description text="Number of commands in bucket, for qboot task"/></itemDef>
      <itemDef name="SUDA_QCBCKTERR" type="dn3"><alias namespace="SUDA" value="QCBCKTERR"/>
        <description text="Counts errors seen by cmd bucket, for qboot task"/></itemDef>
      <itemDef name="SUDA_QSBCKTINIT" type="errOkay"><alias namespace="SUDA" value="QSBCKTINIT"/>
        <description text="Status bucket initialized correctly, for qboot task"/></itemDef>
      <itemDef name="SUDA_QSBCKTCNT" type="dn6"><alias namespace="SUDA" value="QSBCKTCNT"/>
        <description text="Number of logs in bucket, for qboot task"/></itemDef>
      <itemDef name="SUDA_QSCBCKTERR" type="dn3"><alias namespace="SUDA" value="QSCBCKTERR"/>
        <description text="Counts errors seen by status bucket, for qboot task"/></itemDef>
      <!-- End: comboBucketStatus_t bucketTlm -->
    <!-- End: qbootSwTlm_t qbootStat -->


    <!-- Begin: memSwTlm_t memSwStat -->
      <!-- Begin: memCritTlm_t memCritTlm -->
      <itemDef name="SUDA_opSuccCnt_SW" type="dn16"><alias namespace="SUDA" value="opSuccCnt_SWP"/>
        <description text="Count of successful memory operations (no rollover)"/></itemDef>
      <itemDef name="SUDA_opFailCnt_SW" type="dn10"><alias namespace="SUDA" value="opFailCnt_SWP"/>
        <description text="Count of failed memory operations (no rollover)"/></itemDef>
      <itemDef name="SUDA_memState_SW" type="memState6Type"><alias namespace="SUDA" value="memState_SWP"/>
        <description text="Counts successful packet transmissions"/></itemDef>
      <itemDef name="SUDA_lastDirRead_SW" type="dn32"><alias namespace="SUDA" value="lastDirRead_SWP"/>
        <description text="Read back value for last direct read command"/></itemDef>
      <itemDef name="SUDA_sramCErrCnt_SW" type="dn16"><alias namespace="SUDA" value="sramCErrCnt"/>
        <description text="Count of all correctable SRAM EDAC errors since clr/POR"/></itemDef>
      <itemDef name="SUDA_sramUErrCnt_SW" type="dn16"><alias namespace="SUDA" value="sramUErrCnt"/>
        <description text="Count of all uncorrectable SRAM EDAC errors since clr/POR"/></itemDef>
      <itemDef name="SUDA_flashUErrCnt_SW" type="dn32"><alias namespace="SUDA" value="flashUErrCnt"/>
        <description text="Count of all uncorrectable Flash EDAC errors since clr/POR"/></itemDef>
      <itemDef name="SUDA_CritPrmVal1_SW" type="dn32"><alias namespace="SUDA" value="CritPrmVal1_SWP"/>
        <description text="Value of PT entry, selected by PT entry"/></itemDef>
      <itemDef name="SUDA_CritPrmVal2_SW" type="dn32"><alias namespace="SUDA" value="CritPrmVal2_SWP"/>
        <description text="Value of another PT entry, selected by PT entry"/></itemDef>

      <itemDef name="SUDA_POWERCYCLEREQ_SW" type="yesNo"><alias namespace="SUDA" value="POWERCYCLEREQ"/>
        <description text="Request power cycle from the spacecraft if '1'"/></itemDef>
      <itemDef name="SUDA_SUDADONE_SW" type="yesNo"><alias namespace="SUDA" value="SUDADONE"/>
        <description text="Indicates to spacecraft that SUDA is done with tasks if '1'"/></itemDef>
      <itemDef name="SUDA_WDOGCNT_SW" type="dn14"><alias namespace="SUDA" value="WDOGCNT"/>
        <description text="Counts watchdog resets since last POR or clear command"/></itemDef>
      <itemDef name="SUDA_PERSENTRY0_SW" type="dn16"><alias namespace="SUDA" value="PERSENTRY0"/>
        <description text="Persistent table entry, available for future use"/></itemDef>
      <itemDef name="SUDA_PERSENTRY1_SW" type="dn32"><alias namespace="SUDA" value="PERSENTRY1"/>
        <description text="Persistent table entry, available for future use"/></itemDef>
      <itemDef name="SUDA_PERSENTRY2_SW" type="dn32"><alias namespace="SUDA" value="PERSENTRY2"/>
        <description text="Persistent table entry, available for future use"/></itemDef>
      <!-- End: memCritTlm_t memCritTlm -->

      <!-- Begin: memTaskSwTlm_t memTaskSwtlm -->
      <itemDef name="SUDA_currMemOpType" type="memOp10Type"><alias namespace="SUDA" value="currMemOpType"/>
        <description text="Type of current memory operation (or none), see memOpType"/></itemDef>
      <itemDef name="SUDA_currMemOpRegion" type="memregion6Type"><alias namespace="SUDA" value="currMemOpRegion"/>
        <description text="Memory region of current memory operation"/></itemDef>
      <itemDef name="SUDA_currMemOpCallCnt" type="dn16"><alias namespace="SUDA" value="currMemOpCallCnt"/>
        <description text="Number of DES task calls for current memory operation"/></itemDef>
      <itemDef name="SUDA_currMemOpParam" type="dn32"><alias namespace="SUDA" value="currMemOpParam"/>
        <description text="Parameter for current memory op (segment/length/offset)"/></itemDef>
      <itemDef name="SUDA_currMemOpIter" type="dn32"><alias namespace="SUDA" value="currMemOpIter"/>
        <description text="Internal iterator recording index/block/etc for current memory op"/></itemDef>
      <itemDef name="SUDA_lastMemOpType" type="memOp10Type"><alias namespace="SUDA" value="lastMemOpType"/>
        <description text="Type of last memory operation (or none), see memOpType"/></itemDef>
      <itemDef name="SUDA_lastMemOpRegion" type="memregion6Type"><alias namespace="SUDA" value="lastMemOpRegion"/>
        <description text="Memory region of last memory operation"/></itemDef>
      <itemDef name="SUDA_lastMemOpCallCnt" type="dn16"><alias namespace="SUDA" value="lastMemOpCallCnt"/>
        <description text="Number of DES task calls to complete last memory operation"/></itemDef>
      <itemDef name="SUDA_lastMemOpParam" type="dn32"><alias namespace="SUDA" value="lastMemOpParam"/>
        <description text="Parameter for last memory op (segment/length/offset)"/></itemDef>
      <itemDef name="SUDA_lastMemOpIter" type="dn32"><alias namespace="SUDA" value="lastMemOpIter"/>
        <description text="Internal iterator recording index/block/etc for last memory op"/></itemDef>
      <itemDef name="SUDA_lastCksum" type="dn32"><alias namespace="SUDA" value="lastCksum"/>
        <description text="Read back value for last direct read command"/></itemDef>

      <itemDef name="SUDA_ModeExitAbort" type="errOkay"><alias namespace="SUDA" value="ModeExitAbort"/>
        <description text="SUDA powered off in sensitive Mode, possible memory corruption"/></itemDef>
      <itemDef name="SUDA_OperExitAbort" type="errOkay"><alias namespace="SUDA" value="OperExitAbort"/>
        <description text="SUDA powered off during sensitive memory op, possible memory corruption"/></itemDef>
      <itemDef name="SUDA_memQueueCnt" type="dn6"><alias namespace="SUDA" value="memQueueCnt"/>
        <description text="Count of queued memory commands"/></itemDef>
      <itemDef name="SUDA_lastCopyLen" type="dn12"><alias namespace="SUDA" value="lastCopyLen"/>
        <description text="Length of last raw copy command"/></itemDef>
      <itemDef name="SUDA_lastWriteLen" type="dn12"><alias namespace="SUDA" value="lastWriteLen"/>
        <description text="Length of last raw write or memory load command"/></itemDef>

      <itemDef name="SUDA_LongOpDurr" type="dn16"><alias namespace="SUDA" value="LongOpDurr"/>
        <description text="Length in seconds of longest completed memory op since last clear"/></itemDef>
      <itemDef name="SUDA_CurrOpDurr" type="dn16"><alias namespace="SUDA" value="CurrOpDurr"/>
        <description text="Length in seconds of current memory operation, or 0 if none"/></itemDef>
      <!-- End: memTaskSwTlm_t memTaskSwtlm -->

      <!-- Begin: sramMgrSwTlm_t sramMgrTlm -->
      <itemDef name="SUDA_SCSSP" type="dn1"><alias namespace="SUDA" value="SCSSP"/>
        <description text="Spare bit for the SCS"/></itemDef>
      <itemDef name="SUDA_SCSRECALC" type="yesNo"><alias namespace="SUDA" value="SCSRECALC"/>
        <description text="Need to recalculate checksum for active SCS"/></itemDef>
      <itemDef name="SUDA_SCSUNSAVE" type="yesNo"><alias namespace="SUDA" value="SCSUNSAVE"/>
        <description text="Active SCS in SRAM has unsaved changes"/></itemDef>
      <itemDef name="SUDA_SCSINIT" type="okayErr"><alias namespace="SUDA" value="SCSINIT"/>
        <description text="Active SCS in SRAM is successfully initialized"/></itemDef>
      <itemDef name="SUDA_SCITSP" type="dn1"><alias namespace="SUDA" value="SCITSP"/>
        <description text="Spare bit for the Science Table"/></itemDef>
      <itemDef name="SUDA_SCITRECALC" type="yesNo"><alias namespace="SUDA" value="SCITRECALC"/>
        <description text="Need to recalculate checksum for active Science Table"/></itemDef>
      <itemDef name="SUDA_SCITUNSAVE" type="yesNo"><alias namespace="SUDA" value="SCITUNSAVE"/>
        <description text="Active Science Table in SRAM has unsaved changes"/></itemDef>
      <itemDef name="SUDA_SCITINIT" type="okayErr"><alias namespace="SUDA" value="SCITINIT"/>
        <description text="Active Science Table in SRAM is successfully initialized"/></itemDef>
      <itemDef name="SUDA_FLASHTABLESP" type="dn5"><alias namespace="SUDA" value="FLASHTABLESP"/>
        <description text="Spare bits for the Flash Table"/></itemDef>
      <itemDef name="SUDA_FLASHTABLERECALC" type="yesNo"><alias namespace="SUDA" value="FLASHTABLERECALC"/>
        <description text="Need to recalculate checksum for active Flash Table"/></itemDef>
      <itemDef name="SUDA_FLASHTABLEUNSAVE" type="yesNo"><alias namespace="SUDA" value="FLASHTABLEUNSAVE"/>
        <description text="Active Flash Table in SRAM has unsaved changes"/></itemDef>
      <itemDef name="SUDA_FLASHTABLEINIT" type="okayErr"><alias namespace="SUDA" value="FLASHTABLEINIT"/>
        <description text="Active Flash Table in SRAM is successfully initialized"/></itemDef>
      <itemDef name="SUDA_PERSTSAFEENTRY" type="errOkay"><alias namespace="SUDA" value="PERSTSAFEENTRY"/>
        <description text="Persistent Table entry indicates unhandled Safe Mode entry"/></itemDef>
      <itemDef name="SUDA_PERSTABLESP" type="dn4"><alias namespace="SUDA" value="PERSTABLESP"/>
        <description text="Spare bits for the Persistent Table"/></itemDef>
      <itemDef name="SUDA_PERSTABLERECALC" type="yesNo"><alias namespace="SUDA" value="PERSTABLERECALC"/>
        <description text="Need to recalculate checksum for active Persistent Table"/></itemDef>
      <itemDef name="SUDA_PERSTABLEUNSAVED" type="yesNo"><alias namespace="SUDA" value="PERSTABLEUNSAVED"/>
        <description text="Active Persistent Table in SRAM has unsaved changes"/></itemDef>
      <itemDef name="SUDA_PERSTABLEINIT" type="okayErr"><alias namespace="SUDA" value="PERSTABLEINIT"/>
        <description text="Active Persistent Table in SRAM is successfully initialized"/></itemDef>
      <itemDef name="SUDA_PARAMTABLESP" type="dn5"><alias namespace="SUDA" value="PARAMTABLESP"/>
        <description text="Spare bits for the Parameter Table"/></itemDef>
      <itemDef name="SUDA_PARAMTABLERECALC" type="yesNo"><alias namespace="SUDA" value="PARAMTABLERECALC"/>
        <description text="Need to recalculate checksum for active Parameter Table"/></itemDef>
      <itemDef name="SUDA_PARAMTABLEUNSAVE" type="yesNo"><alias namespace="SUDA" value="PARAMTABLEUNSAVE"/>
        <description text="Active Parameter Table in SRAM has unsaved changes"/></itemDef>
      <itemDef name="SUDA_PARAMTABLEINIT" type="okayErr"><alias namespace="SUDA" value="PARAMTABLEINIT"/>
        <description text="Active Parameter Table in SRAM is successfully initialized"/></itemDef>
        
      <itemDef name="SUDA_FLASHTABLECKSUM" type="dn32"><alias namespace="SUDA" value="FLASHTABLECKSUM"/>
        <description text="Last recorded checksum of the active Flash Table in SRAM"/></itemDef>
      <itemDef name="SUDA_PERSTABLECKSUM" type="dn32"><alias namespace="SUDA" value="PERSTABLECKSUM"/>
        <description text="Last recorded checksum of the active Persistant Table in SRAM"/></itemDef>
      <itemDef name="SUDA_PARAMTABLECKSUM" type="dn32"><alias namespace="SUDA" value="PARAMTABLECKSUM"/>
        <description text="Last recorded checksum of the active Parameter Table in SRAM"/></itemDef>
      <itemDef name="SUDA_SCITCKSUM" type="dn32"><alias namespace="SUDA" value="SCITCKSUM"/>
        <description text="Last recorded checksum of the active Science Table in SRAM"/></itemDef>
      <itemDef name="SUDA_SCSCKSUM" type="dn32"><alias namespace="SUDA" value="SCSCKSUM"/>
        <description text="Last recorded checksum of the active Stored Cmd Sequences in SRAM"/></itemDef>
      <!-- End: sramMgrSwTlm_t sramMgrTlm -->

      <!-- Begin: flashMgrSwTlm_t flashMgrTlm -->
      <itemDef name="SUDA_FLASHeraseBlock" type="dn16"><alias namespace="SUDA" value="FLASHeraseBlock"/>
        <description text="Block number of last erase, or 0 if none"/></itemDef>
      <itemDef name="SUDA_FLASHeraseCnt" type="dn16"><alias namespace="SUDA" value="FLASHeraseCnt"/>
        <description text="Counts blocks of Flash erased"/></itemDef>
      <itemDef name="SUDA_FLASHCERRCNT" type="dn32"><alias namespace="SUDA" value="FLASHCERRCNT"/>
        <description text="Count of all correctable Flash EDAC errors since clr/POR"/></itemDef>
      <itemDef name="SUDA_FLASHwriteCnt" type="dn32"><alias namespace="SUDA" value="FLASHwriteCnt"/>
        <description text="Counts pages of Flash written"/></itemDef>
      <itemDef name="SUDA_FLASHWRITEBLOCK" type="dn26"><alias namespace="SUDA" value="FLASHWRITEBLOCK"/>
        <description text="Block number of last write, or 0 if none"/></itemDef>
      <itemDef name="SUDA_FLASHWRITEPAGE" type="dn6"><alias namespace="SUDA" value="FLASHWRITEPAGE"/>
        <description text="Page number of last write, or 0 if none"/></itemDef>

      <itemDef name="SUDA_RebuildOpCnt" type="dn8"><alias namespace="SUDA" value="RebuildOpCnt"/>
        <description text="Counts number of rebuild memory operations"/></itemDef>
      <itemDef name="SUDA_ShuffleOpCnt" type="dn8"><alias namespace="SUDA" value="ShuffleOpCnt"/>
        <description text="Counts number of shuffle memory operations"/></itemDef>
      <itemDef name="SUDA_NVFSW1INIT" type="okayErr"><alias namespace="SUDA" value="NVFSW1INIT"/>
        <description text="NV FSW Image1 initialized"/></itemDef>
      <itemDef name="SUDA_NVFSW1BLOCK" type="dn15"><alias namespace="SUDA" value="NVFSW1LEN"/>
        <description text="Block where NV FSW Image1 found during init"/></itemDef>
      <itemDef name="SUDA_NVFSW2INIT" type="okayErr"><alias namespace="SUDA" value="NVFSW2INIT"/>
        <description text="NV FSW Image2 initialized"/></itemDef>
      <itemDef name="SUDA_NVFSW2BLOCK" type="dn15"><alias namespace="SUDA" value="NVFSW2LEN"/>
        <description text="Block where NV FSW Image2 found during init"/></itemDef>
      <itemDef name="SUDA_NVFSW3INIT" type="okayErr"><alias namespace="SUDA" value="NVFSW3INIT"/>
        <description text="NV FSW Image3 initialized"/></itemDef>
      <itemDef name="SUDA_NVFSW3BLOCK" type="dn15"><alias namespace="SUDA" value="NVFSW3LEN"/>
        <description text="Block where NV FSW Image3 found during init"/></itemDef>
      <itemDef name="SUDA_NVSCSINIT" type="okayErr"><alias namespace="SUDA" value="NVFSW1INIT"/>
        <description text="NV FSW Image1 initialized"/></itemDef>
      <itemDef name="SUDA_NVSCSBLOCK" type="dn15"><alias namespace="SUDA" value="NVFSW1LEN"/>
        <description text="Block where NV FSW Image1 found during init"/></itemDef>
      <itemDef name="SUDA_NVPMLOGINIT" type="yesNo"><alias namespace="SUDA" value="NVPMLOGINIT"/>
        <description text="Postmortem log found in Flash and initialized correctly"/></itemDef>
      <itemDef name="SUDA_NVPMLOGBLOCK" type="dn15"><alias namespace="SUDA" value="NVPMLOGLEN"/>
        <description text="Block where NV Postmortem Log found during"/></itemDef>
        <itemDef name="SUDA_NVFTINIT" type="okayErr"><alias namespace="SUDA" value="NVFTINIT"/>
        <description text="NV Flash Table initialized"/></itemDef>
      <itemDef name="SUDA_NVFTBLOCK" type="dn15"><alias namespace="SUDA" value="NVFTBLLEN"/>
        <description text="Block where NV Flash Table found during init"/></itemDef>
      <itemDef name="SUDA_NVPERSTINIT" type="okayErr"><alias namespace="SUDA" value="NVPERSTBLINIT"/>
        <description text="NV Persistent Table initialized"/></itemDef>
      <itemDef name="SUDA_NVPERSTBLOCK" type="dn15"><alias namespace="SUDA" value="NVPERSTBLLEN"/>
        <description text="Block where NV Persistent Table found during init"/></itemDef>
      <itemDef name="SUDA_NVPTINIT" type="okayErr"><alias namespace="SUDA" value="NVPTBLINIT"/>
        <description text="NV Parameter Table initialized"/></itemDef>
      <itemDef name="SUDA_NVPTBLOCK" type="dn15"><alias namespace="SUDA" value="NVPTBLLEN"/>
        <description text="Block where NV Parameter Table found during init"/></itemDef>
      <itemDef name="SUDA_NVSCITINIT" type="okayErr"><alias namespace="SUDA" value="NVSTBLINIT"/>
        <description text="NV Science Table initialized"/></itemDef>
      <itemDef name="SUDA_NVSCITBLOCK" type="dn15"><alias namespace="SUDA" value="NVSTBLLEN"/>
        <description text="Block where NV Science Table found during init"/></itemDef>
      <itemDef name="SUDA_FLASHCURRBLOCK" type="dn16"><alias namespace="SUDA" value="FLASHCURRBLOCK"/>
        <description text="Current (or most recent) block accessed in Flash"/></itemDef>
      <itemDef name="SUDA_FLASHCURRPAGE" type="dn16"><alias namespace="SUDA" value="FLASHcksumBlock"/>
        <description text="Current (or most recent) page accessed in Flash"/></itemDef>

        <itemDef name="SUDA_FLASHCKSUM" type="dn32"><alias namespace="SUDA" value="FLASHCKSUM"/>
        <description text="Last known checksum for Flash region selected by PT entry"/></itemDef>
      <itemDef name="SUDA_FLASHSP0" type="dn32"><alias namespace="SUDA" value="FLASHSP0"/>
        <description text="Spare bits for the Flash manager"/></itemDef>
      <itemDef name="SUDA_FLASHSP1" type="dn32"><alias namespace="SUDA" value="FLASHSP1"/>
        <description text="Spare bits for the Flash manager"/></itemDef>
      <!-- End: flashMgrSwTlm_t flashMgrTlm -->

      <!-- Begin: paramTableStatus_t paramTableTlm -->
      <itemDef name="SUDA_LastPrmChangeId" type="dn32"><alias namespace="SUDA" value="LastPrmChangeId"/>
        <description text="Unique ID for the last changed parameter"/></itemDef>
      <itemDef name="SUDA_LastPrmChangeVal" type="dn32"><alias namespace="SUDA" value="LastPrmChangeVal"/>
        <description text="New value for the last changed parameter"/></itemDef>
      <itemDef name="SUDA_LastPrmFindId" type="dn32"><alias namespace="SUDA" value="LastPrmFindId"/>
        <description text="Unique ID of the last parameter gotten"/></itemDef>
      <itemDef name="SUDA_LastPrmFindVal" type="dn32"><alias namespace="SUDA" value="LastPrmFindVal"/>
        <description text="Value of the last parameter gotten"/></itemDef>
      <!-- End: paramTableStatus_t paramTableTlm -->

      <!-- Begin: flashTableStatus_t flashTableTlm -->
      <itemDef name="SUDA_Block0SciStart" type="dn16"><alias namespace="SUDA" value="Block0SciStart"/>
        <description text="Location of first start of science data per Flash Table"/></itemDef>
      <itemDef name="SUDA_BlockCntSciStart" type="dn16"><alias namespace="SUDA" value="BlockCntSciStart"/>
        <description text="Number of blocks holding start of science data per Flash Table"/></itemDef>

      <itemDef name="SUDA_Block0NVFsw1" type="dn16"><alias namespace="SUDA" value="Block0NVFsw1"/>
        <description text="Location of first OperFSW Image #1 per Flash Table"/></itemDef>
      <itemDef name="SUDA_BlockCntNVFsw1" type="dn16"><alias namespace="SUDA" value="BlockCntNVFsw1"/>
        <description text="Number of blocks holding OperFSW Image #1 per Flash Table"/></itemDef>

      <itemDef name="SUDA_Block0NVFsw2" type="dn16"><alias namespace="SUDA" value="Block0NVFsw2"/>
        <description text="Location of first OperFSW Image #2 per Flash Table"/></itemDef>
      <itemDef name="SUDA_BlockCntNVFsw2" type="dn16"><alias namespace="SUDA" value="BlockCntNVFsw2"/>
        <description text="Number of blocks holding OperFSW Image #2 per Flash Table"/></itemDef>

      <itemDef name="SUDA_Block0NVFsw3" type="dn16"><alias namespace="SUDA" value="Block0NVFsw3"/>
        <description text="Location of first OperFSW Image #3 per Flash Table"/></itemDef>
      <itemDef name="SUDA_BlockCntNVFsw3" type="dn16"><alias namespace="SUDA" value="BlockCntNVFsw3"/>
        <description text="Number of blocks holding OperFSW Image #3 per Flash Table"/></itemDef>

      <itemDef name="SUDA_Block0NVPT" type="dn16"><alias namespace="SUDA" value="Block0NVPT"/>
        <description text="Location of first Parameter Table per Flash Table"/></itemDef>
      <itemDef name="SUDA_BlockCntNVPT" type="dn16"><alias namespace="SUDA" value="BlockCntNVPT"/>
        <description text="Number of blocks holding Parameter Table per Flash Table"/></itemDef>

      <itemDef name="SUDA_Block0SciCont" type="dn16"><alias namespace="SUDA" value="Block0SciCont"/>
        <description text="Location of first continuation of science data per Flash Table"/></itemDef>
      <itemDef name="SUDA_BlockCntSciCont" type="dn16"><alias namespace="SUDA" value="BlockCntSciCont"/>
        <description text="Number of blocks holding continued science data per Flash Table"/></itemDef>

      <itemDef name="SUDA_Block0NVPersT" type="dn16"><alias namespace="SUDA" value="Block0NVPersT"/>
        <description text="Location of first Persistent Table per Flash Table"/></itemDef>
      <itemDef name="SUDA_BlockCntNVPersT" type="dn16"><alias namespace="SUDA" value="BlockCntNVPersT"/>
        <description text="Number of blocks holding Persistent Table per Flash Table"/></itemDef>

      <itemDef name="SUDA_Block0NVFT" type="dn16"><alias namespace="SUDA" value="Block0NVFT"/>
        <description text="Location of first Flash Table per Flash Table"/></itemDef>
      <itemDef name="SUDA_BlockCntNVFT" type="dn16"><alias namespace="SUDA" value="BlockCntNVFT"/>
        <description text="Number of blocks holding Flash Table per Flash Table"/></itemDef>

      <itemDef name="SUDA_Block0NVPmLog" type="dn16"><alias namespace="SUDA" value="Block0NVPmLog"/>
        <description text="Location of first Postmortem Log per Flash Table"/></itemDef>
      <itemDef name="SUDA_BlockCntNVPmLog" type="dn16"><alias namespace="SUDA" value="BlockCntNVPmLog"/>
        <description text="Number of blocks holding Postmortem Log per Flash Table"/></itemDef>

      <itemDef name="SUDA_Block0NVSciT" type="dn16"><alias namespace="SUDA" value="Block0NVSciT"/>
        <description text="Location of first Science Table per Flash Table"/></itemDef>
      <itemDef name="SUDA_BlockCntNVSciT" type="dn16"><alias namespace="SUDA" value="BlockCntNVSciT"/>
        <description text="Number of blocks holding Science Table per Flash Table"/></itemDef>

      <itemDef name="SUDA_Block0SciRsvd" type="dn16"><alias namespace="SUDA" value="Block0SciRsvd"/>
        <description text="Location of first reserved area for science data per Flash Table"/></itemDef>
      <itemDef name="SUDA_BlockCntSciRsvd" type="dn16"><alias namespace="SUDA" value="BlockCntSciRsvd"/>
        <description text="Number of blocks holding Region10 per Flash Table"/></itemDef>

      <itemDef name="SUDA_Block0SciDiv" type="dn16"><alias namespace="SUDA" value="Block0SciDiv"/>
        <description text="Location of first divider of science data per Flash Table"/></itemDef>
      <itemDef name="SUDA_BlockCntSciDiv" type="dn16"><alias namespace="SUDA" value="BlockCntSciDiv"/>
        <description text="Number of blocks holding Region11 per Flash Table"/></itemDef>

      <itemDef name="SUDA_Block0NVSCS" type="dn16"><alias namespace="SUDA" value="Block0NVSCS"/>
        <description text="Location of first stored cmd sequence per Flash Table"/></itemDef>
      <itemDef name="SUDA_BlockCntNVSCS" type="dn16"><alias namespace="SUDA" value="BlockCntNVSCS"/>
        <description text="Number of blocks holding stored cmd sequence per Flash Table"/></itemDef>

      <itemDef name="SUDA_Block0Region13" type="dn16"><alias namespace="SUDA" value="Block0Region13"/>
        <description text="Location of first Region13 per Flash Table"/></itemDef>
      <itemDef name="SUDA_BlockCntRegion13" type="dn16"><alias namespace="SUDA" value="BlockCntRegion13"/>
        <description text="Number of blocks holding Region13 per Flash Table"/></itemDef>

      <itemDef name="SUDA_Block0Region14" type="dn16"><alias namespace="SUDA" value="Block0Region14"/>
        <description text="Location of first Region14 per Flash Table"/></itemDef>
      <itemDef name="SUDA_BlockCntRegion14" type="dn16"><alias namespace="SUDA" value="BlockCntRegion14"/>
        <description text="Number of blocks holding Region14 per Flash Table"/></itemDef>

      <itemDef name="SUDA_Block0UserDef" type="dn16"><alias namespace="SUDA" value="Block0UserDef"/>
        <description text="Location of first user defined region per Flash Table"/></itemDef>
      <itemDef name="SUDA_BlockCntUserDef" type="dn16"><alias namespace="SUDA" value="BlockCntUserDef"/>
        <description text="Number of blocks holding user defined per Flash Table"/></itemDef>

      <itemDef name="SUDA_CntEmptyAll" type="dn16"><alias namespace="SUDA" value="CntEmptyAll"/>
        <description text="Count all blocks in the empty state per Flash Table"/></itemDef>
      <itemDef name="SUDA_CntEmptyUsed" type="dn16"><alias namespace="SUDA" value="CntEmptyUsed"/>
        <description text="Count only blocks in the empty state that are in used/powered die"/></itemDef>
      <itemDef name="SUDA_CntBadAll" type="dn16"><alias namespace="SUDA" value="CntBadAll"/>
        <description text="Count all blocks in the bad state per Flash Table"/></itemDef>
      <itemDef name="SUDA_CntBadUsed" type="dn16"><alias namespace="SUDA" value="CntBadUsed"/>
        <description text="Count only blocks in the bad state that are in used/powered die"/></itemDef>
      <itemDef name="SUDA_CntUnknownAll" type="dn16"><alias namespace="SUDA" value="CntUnknownAll"/>
        <description text="Count all blocks in the unknown state per Flash Table"/></itemDef>
      <itemDef name="SUDA_CntUnknownUsed" type="dn16"><alias namespace="SUDA" value="CntUnknownUsed"/>
        <description text="Count only blocks in the unknown state that are in used/powered die"/></itemDef>

      <itemDef name="SUDA_MemRegionBlock2" type="dn16"><alias namespace="SUDA" value="MemRegionBlock2"/>
        <description text="Second block containing selected region (via PT), or 0xFFFF if not exist"/></itemDef>
      <itemDef name="SUDA_MemRegionBlock3" type="dn16"><alias namespace="SUDA" value="MemRegionBlock3"/>
        <description text="Third block containing selected region (via PT), or 0xFFFF if not exist"/></itemDef>
      <itemDef name="SUDA_MemRegionBlock4" type="dn16"><alias namespace="SUDA" value="MemRegionBlock4"/>
        <description text="Fourth block containing selected region (via PT), or 0xFFFF if not exist"/></itemDef>
      <itemDef name="SUDA_FTERRCNT" type="dn16"><alias namespace="SUDA" value="FlshTblErrCnt"/>
        <description text="Error counter for Flash Table"/></itemDef>

      <itemDef name="SUDA_FlshTblLastBlock" type="dn16"><alias namespace="SUDA" value="FlshTblLastBlock"/>
        <description text="Block number for last changed flash table entry"/></itemDef>
      <itemDef name="SUDA_FlshTblLastState" type="dn16"><alias namespace="SUDA" value="FlshTblLastState"/>
        <description text="Block state for last changed flash table entry"/></itemDef>
      <itemDef name="SUDA_FlshTblSpare" type="dn32"><alias namespace="SUDA" value="FlshTblSpare"/>
        <description text="Spare"/></itemDef>
      <!-- End: flashTableStatus_t flashTableTlm -->

      <itemDef name="SUDA_MemOpFailType" type="memOp16Type"><alias namespace="SUDA" value="MemOpFailType"/>
        <description text="Type of the last failed memory operation, or 0 if none"/></itemDef>
      <itemDef name="SUDA_MemOpFailRegion" type="region16"><alias namespace="SUDA" value="MemOpFailRegion"/>
        <description text="Region of the last failed memory operation, or invalid if none"/></itemDef>
      <itemDef name="SUDA_MEMSPARE0" type="dn32"><alias namespace="SUDA" value="MEMSPARE1"/>
        <description text="Spare field for memory component"/></itemDef>

      <itemDef name="SUDA_MPBCKTINIT" type="errOkay"><alias namespace="SUDA" value="MPBCKTINIT"/>
        <description text="Parameter bucket initialized correctly, for memory task"/></itemDef>
      <itemDef name="SUDA_MPBCKTCNT" type="dn8"><alias namespace="SUDA" value="MPBCKTCNT"/>
        <description text="Number of parameters in bucket, for memory task"/></itemDef>
      <itemDef name="SUDA_MPBCKTERR" type="dn3"><alias namespace="SUDA" value="MPBCKTERR"/>
        <description text="Counts errors seen by parameter bucket, for memory task"/></itemDef>
      <itemDef name="SUDA_MCBCKTINIT" type="errOkay"><alias namespace="SUDA" value="MCBCKTINIT"/>
        <description text="Command bucket initialized correctly, for memory task"/></itemDef>
      <itemDef name="SUDA_MCBCKTCNT" type="dn6"><alias namespace="SUDA" value="MCBCKTCNT"/>
        <description text="Number of commands in bucket, for memory task"/></itemDef>
      <itemDef name="SUDA_MCBCKTERR" type="dn3"><alias namespace="SUDA" value="MCBCKTERR"/>
        <description text="Counts errors seen by cmd bucket, for memory task"/></itemDef>
      <itemDef name="SUDA_MSBCKTINIT" type="errOkay"><alias namespace="SUDA" value="MSBCKTINIT"/>
        <description text="Status bucket initialized correctly, for memory task"/></itemDef>
      <itemDef name="SUDA_MSBCKTCNT" type="dn6"><alias namespace="SUDA" value="MSBCKTCNT"/>
        <description text="Number of logs in bucket, for memory task"/></itemDef>
      <itemDef name="SUDA_MSCBCKTERR" type="dn3"><alias namespace="SUDA" value="MSCBCKTERR"/>
        <description text="Counts errors seen by status bucket, for memory task"/></itemDef>
      <!-- End: comboBucketStatus_t bucketTlm -->
      <!-- End: memSwTlm_t memSwStat -->

      <!-- Begin: autoSwTlm_t autoSwStat -->
      <!-- Begin: autoCritTlm_t autoCritTlm -->
      <!-- Begin: intrCtrlCritTlm_t intrCtrlCritTlm -->
      <itemDef name="SUDA_IRQFLAGS" type="dn9"><alias namespace="SUDA" value="IRQFLAGS"/>
        <description text="If '1', interrupt handled for Wishbone error"/></itemDef>
      <itemDef name="SUDA_SWLASTIRQ" type="dn4"><alias namespace="SUDA" value="SWLASTIRQ"/>
        <description text="Last interrupt handled"/></itemDef>
      <itemDef name="SUDA_SWIRQTOTCNT" type="dn19"><alias namespace="SUDA" value="SWIRQTOTCNT"/>
        <description text="Total count of all interrupts"/></itemDef>
      <!-- End: intrCtrlCritTlm_t intrCtrlCritTlm -->

      <!-- Start: hvpsCtrlCritTlm_t hvpsCtrlCritTlm -->
      <itemDef name="SUDA_HVPWRMM_SW" type="dn1"><alias namespace="SUDA" value="HVPWRMM"/>
        <description text="BIT31 If '1', HVPS power enable MMR mismatch"/></itemDef>
      <itemDef name="SUDA_HVSENMM_SW" type="dn1"><alias namespace="SUDA" value="HVSENMM"/>
        <description text="BIT30 If '1', HVPS sensor enable MMR mismatch"/></itemDef>

      <itemDef name="SUDA_HVREFOVRSEN_SW" type="dn1"><alias namespace="SUDA" value="HVREFOVRSEN"/>
        <description text="BIT29 HVPS_REF_OVR_SEN_MASK"/></itemDef>
      <itemDef name="SUDA_HVREFOVRLIM_SW" type="dn1"><alias namespace="SUDA" value="HVREFOVRLIM"/>
        <description text="BIT28 HVPS_REF_OVR_LIM_MASK"/></itemDef>
      <itemDef name="SUDA_HVREFOVRREFMAX_SW" type="dn1"><alias namespace="SUDA" value="HVREFOVRREFMAX"/>
        <description text="BIT27 HVPS_REF_OVR_REF_MAX_MASK"/></itemDef>
      <itemDef name="SUDA_HVREFOVRLIMINST_SW" type="dn1"><alias namespace="SUDA" value="HVREFOVRLIMINST"/>
        <description text="BIT26 HVPS_REF_OVR_LIM_INST_MASK"/></itemDef>
      <itemDef name="SUDA_HVREFOVRSENDIS_SW" type="dn1"><alias namespace="SUDA" value="HVREFOVRSENDIS"/>
        <description text="BIT25 HVPS_REF_OVR_SEN_DIS_MASK"/></itemDef>
      <itemDef name="SUDA_HVREFOVRPOWER_SW" type="dn1"><alias namespace="SUDA" value="HVREFOVRPOWER"/>
        <description text="BIT24 HVPS_REF_OVR_POWER_MASK"/></itemDef>

      <itemDef name="SUDA_HVDETMM_SW" type="dn1"><alias namespace="SUDA" value="HVDETMM"/>
        <description text="BIT23 If '1', HVPS detector enable MMR mismatch"/></itemDef>
      <itemDef name="SUDA_HVPOLMM_SW" type="dn1"><alias namespace="SUDA" value="HVPOLMM"/>
        <description text="BIT22 If '1', HVPS polarity MMR mismatch"/></itemDef>

      <itemDef name="SUDA_HVTAROVRSEN_SW" type="dn1"><alias namespace="SUDA" value="HVTAROVRSEN"/>
        <description text="BIT21 HVPS_TAR_OVR_SEN_MASK"/></itemDef>
      <itemDef name="SUDA_HVTAROVRLIM_SW" type="dn1"><alias namespace="SUDA" value="HVTAROVRLIM"/>
        <description text="BIT20 HVPS_TAR_OVR_LIM_MASK"/></itemDef>
      <itemDef name="SUDA_HVTAROVRTARMAX_SW" type="dn1"><alias namespace="SUDA" value="HVTAROVRTARMAX"/>
        <description text="BIT19 HVPS_TAR_OVR_TAR_MAX_MASK"/></itemDef>
      <itemDef name="SUDA_HVTAROVRLIMINST_SW" type="dn1"><alias namespace="SUDA" value="HVTAROVRLIMINST"/>
        <description text="BIT18 HVPS_TAR_OVR_LIM_INST_MASK"/></itemDef>
      <itemDef name="SUDA_HVTAROVRSENDIS_SW" type="dn1"><alias namespace="SUDA" value="HVTAROVRSENDIS"/>
        <description text="BIT17 HVPS_TAR_OVR_SEN_DIS_MASK"/></itemDef>
      <itemDef name="SUDA_HVTAROVRPOWER_SW" type="dn1"><alias namespace="SUDA" value="HVTAROVRPOWER"/>
        <description text="BIT16 HVPS_TAR_OVR_POWER_MASK"/></itemDef>

      <itemDef name="SUDA_HVPSCRITSP_SW" type="dn3"><alias namespace="SUDA" value="HVPSCRITSP_SW"/>
        <description text="BIT13-15 Spare bits for HVPS critical TLM"/></itemDef>

      <itemDef name="SUDA_HVSENOVRLIM_SW" type="dn1"><alias namespace="SUDA" value="HVSENOVRLIM"/>
        <description text="BIT12 HVPS_SEN_OVR_LIM_MASK"/></itemDef>
      <itemDef name="SUDA_HVSENOVRSENMAX_SW" type="dn1"><alias namespace="SUDA" value="HVSENOVRSENMAX"/>
        <description text="BIT11 HVPS_SEN_OVR_SEN_MAX_MASK"/></itemDef>
      <itemDef name="SUDA_HVSENOVRLIMINST_SW" type="dn1"><alias namespace="SUDA" value="HVSENOVRLIMINST"/>
        <description text="BIT10 HVPS_SEN_OVR_LIM_INST_MASK"/></itemDef>
      <itemDef name="SUDA_HVSENOVRSENDIS_SW" type="dn1"><alias namespace="SUDA" value="HVSENOVRSENDIS"/>
        <description text="BIT9  HVPS_SEN_OVR_SEN_DIS_MASK"/></itemDef>
      <itemDef name="SUDA_HVSENOVRPOWER_SW" type="dn1"><alias namespace="SUDA" value="HVSENOVRPOWER"/>
        <description text="BIT8  HVPS_SEN_OVR_POWER_MASK"/></itemDef>

      <itemDef name="SUDA_HVSTATE_SW" type="hvState3"><alias namespace="SUDA" value="HVSTATE"/>
        <description text="BIT5-7 HVPS State: 0=OFF 1=STANDBY 2=RAMPING UP 3=ACTIVE 4=RAMPING DOWN"/></itemDef>

      <itemDef name="SUDA_HVDETOVRLIM_SW" type="dn1"><alias namespace="SUDA" value="HVDETOVRLIM"/>
        <description text="BIT4  HVPS_DET_OVR_LIM_MASK"/></itemDef>
      <itemDef name="SUDA_HVDETOVRDETMAX_SW" type="dn1"><alias namespace="SUDA" value="HVDETOVRDETMAX"/>
        <description text="BIT3  HVPS_DET_OVR_DET_MAX_MASK"/></itemDef>
      <itemDef name="SUDA_HVDETOVRLIMINST_SW" type="dn1"><alias namespace="SUDA" value="HVDETOVRLIMINST"/>
        <description text="BIT2  HVPS_DET_OVR_LIM_INST_MASK"/></itemDef>
      <itemDef name="SUDA_HVDETOVRDETDIS_SW" type="dn1"><alias namespace="SUDA" value="HVDETOVRDETDIS"/>
        <description text="BIT1  HVPS_DET_OVR_DET_DIS_MASK"/></itemDef>
      <itemDef name="SUDA_HVDETOVRPOWER_SW" type="dn1"><alias namespace="SUDA" value="HVDETOVRPOWER"/>
        <description text="BIT0  HVPS_DET_OVR_POWER_MASK"/></itemDef>
      <!-- End: hvpsCtrlCritTlm_t hvpsCtrlCritTlm -->

      <!-- Start: hkFaultCritTlm_t hkFaultCritTlm -->
      <itemDef name="SUDA_LVPSHKLOFLAGS_SW" type="dn32"><alias namespace="SUDA" value="LVPSHKLOFLAGS_SW"/>
        <description text="Identifies LVPS/Proc board analog measurements exceeding lower limit"/></itemDef>
      <itemDef name="SUDA_LVPSHKHIFLAGS_SW" type="dn32"><alias namespace="SUDA" value="LVPSHKHIFLAGS_SW"/>
        <description text="Identifies LVPS/Proc board analog measurements exceeding upper limit"/></itemDef>
      <itemDef name="SUDA_HVPSANALOFLAGS_SW" type="dn8"><alias namespace="SUDA" value="HVPSANALOFLAGS_SW"/>
        <description text="Identifies HVPS board analog measurements exceeding lower limit"/></itemDef>
      <itemDef name="SUDA_HVPSANAHIFLAGS_SW" type="dn8"><alias namespace="SUDA" value="HVPSANAHIFLAGS_SW"/>
        <description text="Identifies HVPS board analog measurements exceeding upper limit"/></itemDef>
      <itemDef name="SUDA_ANAFAULTCRITSPSW" type="dn16"><alias namespace="SUDA" value="ANAFAULTCRITSPSW"/>
        <description text="Spare bits related to analog measurement faults"/></itemDef>
      <!-- End: hkFaultCritTlm_t hkFaultCritTlm -->

      <!-- Start: faultCritTlm_t faultCritTlm -->
      <itemDef name="SUDA_CSA0TEMPHI_SW" type="dn1"><alias namespace="SUDA" value="CSA0TEMPHI_SW"/>
        <description text="High limit fault for CSA0 HK Temperature"/></itemDef>
      <itemDef name="SUDA_CSA1TEMPHI_SW" type="dn1"><alias namespace="SUDA" value="CSA1TEMPHI_SW"/>
        <description text="High limit fault for CSA1 HK Temperature"/></itemDef>
      <itemDef name="SUDA_BUFFTEMPHI_SW" type="dn1"><alias namespace="SUDA" value="BUFFTEMPHI_SW"/>
        <description text="High limit fault for BUFF HK Temperature"/></itemDef>
      <itemDef name="SUDA_CSA0TEMPLO_SW" type="dn1"><alias namespace="SUDA" value="CSA0TEMPLO_SW"/>
        <description text="Low limit fault for CSA0 HK Temperature"/></itemDef>
      <itemDef name="SUDA_CSA1TEMPLO_SW" type="dn1"><alias namespace="SUDA" value="CSA1TEMPLO_SW"/>
        <description text="Low limit fault for CSA1 HK Temperature"/></itemDef>
      <itemDef name="SUDA_BUFFTEMPLO_SW" type="dn1"><alias namespace="SUDA" value="BUFFTEMPLO_SW"/>
        <description text="Low limit fault for BUFF HK Temperature"/></itemDef>

      <itemDef name="SUDA_HVHIDETCURR_SW" type="dn1"><alias namespace="SUDA" value="HVHIDETCURR_SW"/>
        <description text="HVPS Detector Current exceeded high limit"/></itemDef>
      <itemDef name="SUDA_HVSENFAIL_SW" type="dn1"><alias namespace="SUDA" value="HVSENFAIL_SW"/>
        <description text="HVPS Sensor Oscillator Startup Failure"/></itemDef>

      <itemDef name="SUDA_FAULTCRITSP_SW" type="dn24"><alias namespace="SUDA" value="FAULTCRITSP_SW"/>
        <description text="Spare bits related to faults"/></itemDef>
      <!-- End: faultCritTlm_t faultCritTlm -->

      <!-- Begin: intrCtrlSwTlm_t intrCtrlSwTlm -->
      <itemDef name="SUDA_INTRCNTIBRAM" type="dn8"><alias namespace="SUDA" value="INTRCNTIBRAM"/>
        <description text="Counts interrupts handled for instr BRAM EDAC error"/></itemDef>
      <itemDef name="SUDA_INTRCNTDBRAM" type="dn8"><alias namespace="SUDA" value="INTRCNTSRAM"/>
        <description text="Counts interrupts handled for data BRAM EDAC error"/></itemDef>
      <itemDef name="SUDA_INTRCNTSRAM" type="dn8"><alias namespace="SUDA" value="INTRCNTSRAM"/>
        <description text="Counts interrupts handled for SRAM EDAC error"/></itemDef>
      <itemDef name="SUDA_INTRCNTTIMER" type="dn8"><alias namespace="SUDA" value="INTRCNTTIMER"/>
        <description text="Counts interrupts handled for Xilinx Xcore timer"/></itemDef>
      <itemDef name="SUDA_INTRCNTSPW" type="dn8"><alias namespace="SUDA" value="INTRCNTSPW"/>
        <description text="Counts interrupts handled for SpaceWire time code"/></itemDef>
      <itemDef name="SUDA_INTRCNTPLL" type="dn8"><alias namespace="SUDA" value="INTRCNTPLL"/>
        <description text="Counts interrupts handled for Science ADC PLL error"/></itemDef>
      <itemDef name="SUDA_INTRCNTFLASH" type="dn8"><alias namespace="SUDA" value="INTRCNTFLASH"/>
        <description text="Counts interrupts handled for Flash operation done"/></itemDef>
      <itemDef name="SUDA_INTRCNTWBONE" type="dn8"><alias namespace="SUDA" value="INTRCNTWBONE"/>
        <description text="Counts interrupts handled for Wishbone error"/></itemDef>
      <itemDef name="SUDA_BRAMSCRUB" type="enaDis"><alias namespace="SUDA" value="BRAMSCRUB"/>
        <description text="Indicates both BRAMs scrubbed since last software packet"/></itemDef>
      <itemDef name="SUDA_MERREG" type="dn7"><alias namespace="SUDA" value="MERREG"/>
        <description text="Master enable register"/></itemDef>
      <itemDef name="SUDA_IERREG" type="dn8"><alias namespace="SUDA" value="IERREG"/>
        <description text="Interrupt enable (individual) register"/></itemDef>
      <itemDef name="SUDA_IPRREG" type="dn8"><alias namespace="SUDA" value="IPRREG"/>
        <description text="Interrupt pending register"/></itemDef>
      <itemDef name="SUDA_ISRREG" type="dn8"><alias namespace="SUDA" value="ISRREG"/>
        <description text="Interrupt status register"/></itemDef>
      <itemDef name="SUDA_EXCIDENTITY" type="dn3"><alias namespace="SUDA" value="EXCIDENTITY"/>
        <description text="Identifies last exception handled"/></itemDef>
      <itemDef name="SUDA_EXCSTATREG" type="dn13"><alias namespace="SUDA" value="EXCSTATREG"/>
        <description text="Exception status register"/></itemDef>
      <itemDef name="SUDA_EXCCNT" type="dn16"><alias namespace="SUDA" value="EXCCNT"/>
        <description text="Total exception counter"/></itemDef>
      <itemDef name="SUDA_EXCADDR" type="dn32"><alias namespace="SUDA" value="EXCADDR"/>
        <description text="Holds exception address reg for last exception"/></itemDef>
      <!-- End: intrCtrlSwTlm_t intrCtrlSwTlm -->

      <!-- Begin: faultSwTlm_t faultSwTlm -->
      <itemDef name="SUDA_HVDETFLTSECS" type="dn32"><alias namespace="SUDA" value="HVDETFLTSECS"/>
        <description text="HVPS detector fault start timestamp (seconds only)"/></itemDef>
      <itemDef name="SUDA_HVSENFLTSECS" type="dn32"><alias namespace="SUDA" value="HVSENFLTSECS"/>
        <description text="HVPS sensor fault start timestamp (seconds only)"/></itemDef>
      <!-- End: faultSwTlm_t faultSwTlm -->

      <!-- Begin: hvpsCtrlSwTlm_t hvpsCtrlSwTlm -->
      <itemDef name="SUDA_HVMMCNT" type="dn32"><alias namespace="SUDA" value="HVMMCNT"/>
        <description text="Total count of HVPS MMR mismatches seen"/></itemDef>
      <!-- End: hvpsCtrlSwTlm_t hvpsCtrlSwTlm -->

      <itemDef name="SUDA_AUTOSW01" type="dn32"><alias namespace="SUDA" value="autosw01"/><description text="Reserved for autonomy subsystem"/> </itemDef>

      <itemDef name="SUDA_APBCKTINIT" type="errOkay"><alias namespace="SUDA" value="APBCKTINIT"/>
        <description text="Parameter bucket initialized correctly, for autonomy task"/></itemDef>
      <itemDef name="SUDA_APBCKTCNT" type="dn8"><alias namespace="SUDA" value="APBCKTCNT"/>
        <description text="Number of parameters in bucket, for autonomy task"/></itemDef>
      <itemDef name="SUDA_APBCKTERR" type="dn3"><alias namespace="SUDA" value="APBCKTERR"/>
        <description text="Counts errors seen by parameter bucket, for autonomy task"/></itemDef>
      <itemDef name="SUDA_ACBCKTINIT" type="errOkay"><alias namespace="SUDA" value="ACBCKTINIT"/>
        <description text="Command bucket initialized correctly, for autonomy task"/></itemDef>
      <itemDef name="SUDA_ACBCKTCNT" type="dn6"><alias namespace="SUDA" value="ACBCKTCNT"/>
        <description text="Number of commands in bucket, for autonomy task"/></itemDef>
      <itemDef name="SUDA_ACBCKTERR" type="dn3"><alias namespace="SUDA" value="ACBCKTERR"/>
        <description text="Counts errors seen by cmd bucket, for autonomy task"/></itemDef>
      <itemDef name="SUDA_ASBCKTINIT" type="errOkay"><alias namespace="SUDA" value="ASBCKTINIT"/>
        <description text="Status bucket initialized correctly, for autonomy task"/></itemDef>
      <itemDef name="SUDA_ASBCKTCNT" type="dn6"><alias namespace="SUDA" value="ASBCKTCNT"/>
        <description text="Number of logs in bucket, for autonomy task"/></itemDef>
      <itemDef name="SUDA_ASCBCKTERR" type="dn3"><alias namespace="SUDA" value="ASCBCKTERR"/>
        <description text="Counts errors seen by status bucket, for autonomy task"/></itemDef>
      <!-- End: comboBucketStatus_t bucketTlm -->
      <!-- End: autoSwTlm_t autoSwStat -->

      <!-- Begin: sciSwTlm_t sciStat -->
      <itemDef name="SUDA_SCIEVT_CNT" type="dn32">
          <alias namespace="SUDA" value="SCIEVT_CNT"/>
          <description text="Accumulated Event Count"/>
      </itemDef>
      <itemDef name="SUDA_SCISEVT_CNT" type="dn32">
          <alias namespace="SUDA" value="SCISEVT_CNT"/>
          <description text="FSW Generated Event Count"/>
      </itemDef>
      <itemDef name="SUDA_SCITPE_CNT" type="dn32">
          <alias namespace="SUDA" value="SCITPE_CNT"/>
          <description text="Test Pattern Error Count"/>
      </itemDef>
      <itemDef name="SUDA_SCIUNA_CNT" type="dn32">
          <alias namespace="SUDA" value="SCIUNA_CNT"/>
          <description text="Trigger Unavailable Count"/>
      </itemDef>
      <itemDef name="SUDA_SCISW01SP" type="dn32"><alias namespace="SUDA" value="scisw01"/><description text="Spare bits for science component"/> </itemDef>
      <itemDef name="SUDA_SCISW02SP" type="dn32"><alias namespace="SUDA" value="scisw02"/><description text="Spare bits for science component"/> </itemDef>
      <itemDef name="SUDA_SCISW03SP" type="dn32"><alias namespace="SUDA" value="scisw03"/><description text="Spare bits for science component"/> </itemDef>
      <itemDef name="SUDA_SCISW04SP" type="dn32"><alias namespace="SUDA" value="scisw04"/><description text="Spare bits for science component"/> </itemDef>
      <itemDef name="SUDA_SCISW05SP" type="dn32"><alias namespace="SUDA" value="scisw05"/><description text="Spare bits for science component"/> </itemDef>

      <itemDef name="SUDA_SCIPBCKTINIT" type="errOkay"><alias namespace="SUDA" value="SCIPBCKTINIT"/>
        <description text="Parameter bucket initialized correctly, for science task"/></itemDef>
      <itemDef name="SUDA_SCIPBCKTCNT" type="dn8"><alias namespace="SUDA" value="SCIPBCKTCNT"/>
        <description text="Number of parameters in bucket, for science task"/></itemDef>
      <itemDef name="SUDA_SCIPBCKTERR" type="dn3"><alias namespace="SUDA" value="SCIPBCKTERR"/>
        <description text="Counts errors seen by parameter bucket, for science task"/></itemDef>
      <itemDef name="SUDA_SCICBCKTINIT" type="errOkay"><alias namespace="SUDA" value="SCICBCKTINIT"/>
        <description text="Command bucket initialized correctly, for science task"/></itemDef>
      <itemDef name="SUDA_SCICBCKTCNT" type="dn6"><alias namespace="SUDA" value="SCICBCKTCNT"/>
        <description text="Number of commands in bucket, for science task"/></itemDef>
      <itemDef name="SUDA_SCICBCKTERR" type="dn3"><alias namespace="SUDA" value="SCICBCKTERR"/>
        <description text="Counts errors seen by cmd bucket, for science task"/></itemDef>
      <itemDef name="SUDA_SCISBCKTINIT" type="errOkay"><alias namespace="SUDA" value="SCISBCKTINIT"/>
        <description text="Status bucket initialized correctly, for science task"/></itemDef>
      <itemDef name="SUDA_SCISBCKTCNT" type="dn6"><alias namespace="SUDA" value="SCISBCKTCNT"/>
        <description text="Number of logs in bucket, for science task"/></itemDef>
      <itemDef name="SUDA_SCISCBCKTERR" type="dn3"><alias namespace="SUDA" value="SCISCBCKTERR"/>
        <description text="Counts errors seen by status bucket, for science task"/></itemDef>
      <!-- End: comboBucketStatus_t bucketTlm -->
      <!-- End: sciSwTlm_t sciStat -->

       <itemDef name="SUDA_CMDSEQFAILST_SW" type="faultArbState3"><alias namespace="SUDA" value="CMDSEQFAILST_SW"/>
        <description text="State for fault: command sequence failed during execution"/></itemDef>
      <itemDef name="SUDA_CMDSEQFAILCNT_SW" type="dn13"><alias namespace="SUDA" value="CMDSEQFAILCNT_SW"/>
        <description text="Counter for fault: command sequence failed during execution"/></itemDef>

      <itemDef name="SUDA_HVPSOSCERRST_SW" type="faultArbState3"><alias namespace="SUDA" value="HVPSOSCERRST_SW"/>
        <description text="State for fault: HVPS sensor oscillator failure"/></itemDef>
      <itemDef name="SUDA_HVPSOSCERRCNT_SW" type="dn13"><alias namespace="SUDA" value="HVPSOSCERRCNT_SW"/>
        <description text="Counter for fault: HVPS sensor oscillator failure"/></itemDef>

      <itemDef name="SUDA_HVPSCURRST_SW" type="faultArbState3"><alias namespace="SUDA" value="HVPSCURRST_SW"/>
        <description text="State for fault: HVPS high detector current"/></itemDef>
      <itemDef name="SUDA_HVPSCURRCNT_SW" type="dn13"><alias namespace="SUDA" value="HVPSCURRCNT_SW"/>
        <description text="Counter for fault: HVPS high detector current"/></itemDef>

      <itemDef name="SUDA_ANAHKLIMITST_SW" type="faultArbState3"><alias namespace="SUDA" value="ANAHKLIMITST_SW"/>
        <description text="State for fault: Analog HK reading out of limit"/></itemDef>
      <itemDef name="SUDA_ANAHKLIMITCNT_SW" type="dn13"><alias namespace="SUDA" value="ANAHKLIMITCNT_SW"/>
        <description text="Counter for fault: Analog HK reading out of limit"/></itemDef>

      <itemDef name="SUDA_COMMLOSSST_SW" type="faultArbState3"><alias namespace="SUDA" value="COMMLOSSST_SW"/>
        <description text="State for fault: Longterm loss of SpaceWire comm"/></itemDef>
      <itemDef name="SUDA_COMMLOSSCNT_SW" type="dn13"><alias namespace="SUDA" value="COMMLOSSCNT_SW"/>
        <description text="Counter for fault: Longterm loss of SpaceWire comm"/></itemDef>

      <itemDef name="SUDA_CSA0HOTST_SW" type="faultArbState3"><alias namespace="SUDA" value="CSA0HOTST_SW"/>
        <description text="State for fault: Op heater for CSA0 measures hot"/></itemDef>
      <itemDef name="SUDA_CSA0HOTCNT_SW" type="dn13"><alias namespace="SUDA" value="CSA0HOTCNT_SW"/>
        <description text="Counter for fault: Op heater for CSA0 measures hot"/></itemDef>

      <itemDef name="SUDA_CSA1HOTST_SW" type="faultArbState3"><alias namespace="SUDA" value="CSA1HOTST_SW"/>
        <description text="State for fault: Op heater for CSA1 measures hot"/></itemDef>
      <itemDef name="SUDA_CSA1HOTCNT_SW" type="dn13"><alias namespace="SUDA" value="CSA1HOTCNT_SW"/>
        <description text="Counter for fault: Op heater for CSA1 measures hot"/></itemDef>

      <itemDef name="SUDA_BUFFHOTST_SW" type="faultArbState3"><alias namespace="SUDA" value="BUFFHOTST_SW"/>
        <description text="State for fault: Op heater for buffer board measures hot"/></itemDef>
      <itemDef name="SUDA_BUFFHOTCNT_SW" type="dn13"><alias namespace="SUDA" value="BUFFHOTCNT_SW"/>
        <description text="Counter for fault: Op heater for buffer board measures hot"/></itemDef>

      <itemDef name="SUDA_OPHTRCOLDST_SW" type="faultArbState3"><alias namespace="SUDA" value="OPHTRCOLDST_SW"/>
        <description text="State for fault: Any op heater reads suspiciously cold"/></itemDef>
      <itemDef name="SUDA_OPHTRCOLDCNT_SW" type="dn13"><alias namespace="SUDA" value="OPHTRCOLDCNT_SW"/>
        <description text="Counter for fault: Any op heater reads suspiciously cold"/></itemDef>

      <itemDef name="SUDA_SEQFAULT00SP_SW" type="dn16"><alias namespace="SUDA" value="SEQFAULT00SP_SW"/>
        <description text="Spare bits for fault telemetry"/></itemDef>
      <itemDef name="SUDA_SEQFAULT01SP_SW" type="dn32"><alias namespace="SUDA" value="SEQFAULT01SP_SW"/>
        <description text="Spare bits for fault telemetry"/></itemDef>
      <itemDef name="SUDA_SEQFAULT02SP_SW" type="dn32"><alias namespace="SUDA" value="SEQFAULT02SP_SW"/>
        <description text="Spare bits for fault telemetry"/></itemDef>
      <itemDef name="SUDA_SEQFAULT03SP_SW" type="dn32"><alias namespace="SUDA" value="SEQFAULT03SP_SW"/>
        <description text="Spare bits for fault telemetry"/></itemDef>

      <itemDef name="SUDA_SEQSYS00SP_SW" type="dn32"><alias namespace="SUDA" value="SEQSYS00SP_SW"/><description text="Spare bits for sequence component"/></itemDef>
      <itemDef name="SUDA_SEQSYS01SP_SW" type="dn32"><alias namespace="SUDA" value="SEQSYS01SP_SW"/><description text="Spare bits for sequence component"/></itemDef>
      <itemDef name="SUDA_SEQSYS02SP_SW" type="dn32"><alias namespace="SUDA" value="SEQSYS02SP_SW"/><description text="Spare bits for sequence component"/></itemDef>

      <itemDef name="SUDA_SEQSW00SP" type="dn32"><alias namespace="SUDA" value="SEQSW00SP"/><description text="Spare bits for sequence component"/> </itemDef>
      <itemDef name="SUDA_SEQSW01SP" type="dn32"><alias namespace="SUDA" value="SEQSW01SP"/><description text="Spare bits for sequence component"/> </itemDef>
      <itemDef name="SUDA_SEQSW02SP" type="dn32"><alias namespace="SUDA" value="SEQSW02SP"/><description text="Spare bits for sequence component"/> </itemDef>
      <itemDef name="SUDA_SEQSW03SP" type="dn32"><alias namespace="SUDA" value="SEQSW03SP"/><description text="Spare bits for sequence component"/> </itemDef>
      <itemDef name="SUDA_SEQSW04SP" type="dn32"><alias namespace="SUDA" value="SEQSW04SP"/><description text="Spare bits for sequence component"/> </itemDef>

      <itemDef name="SUDA_SEQPBCKTINIT" type="errOkay"><alias namespace="SUDA" value="SEQPBCKTINIT"/>
        <description text="Parameter bucket initialized correctly, for sequence task"/></itemDef>
      <itemDef name="SUDA_SEQPBCKTCNT" type="dn8"><alias namespace="SUDA" value="SEQPBCKTCNT"/>
        <description text="Number of parameters in bucket, for sequence task"/></itemDef>
      <itemDef name="SUDA_SEQPBCKTERR" type="dn3"><alias namespace="SUDA" value="SEQPBCKTERR"/>
        <description text="Counts errors seen by parameter bucket, for sequence task"/></itemDef>
      <itemDef name="SUDA_SEQCBCKTINIT" type="errOkay"><alias namespace="SUDA" value="SEQCBCKTINIT"/>
        <description text="Command bucket initialized correctly, for sequence task"/></itemDef>
      <itemDef name="SUDA_SEQCBCKTCNT" type="dn6"><alias namespace="SUDA" value="SEQCBCKTCNT"/>
        <description text="Number of commands in bucket, for sequence task"/></itemDef>
      <itemDef name="SUDA_SEQCBCKTERR" type="dn3"><alias namespace="SUDA" value="SEQCBCKTERR"/>
        <description text="Counts errors seen by cmd bucket, for sequence task"/></itemDef>
      <itemDef name="SUDA_SEQSBCKTINIT" type="errOkay"><alias namespace="SUDA" value="SEQSBCKTINIT"/>
        <description text="Status bucket initialized correctly, for sequence task"/></itemDef>
      <itemDef name="SUDA_SEQSBCKTCNT" type="dn6"><alias namespace="SUDA" value="SEQSBCKTCNT"/>
        <description text="Number of logs in bucket, for sequence task"/></itemDef>
      <itemDef name="SUDA_SEQSCBCKTERR" type="dn3"><alias namespace="SUDA" value="SEQSCBCKTERR"/>
        <description text="Counts errors seen by status bucket, for sequence task"/></itemDef>
      <!-- End: comboBucketStatus_t bucketTlm -->

      <itemDef name="SUDA_SWCFG0" type="dn32"><alias namespace="SUDA" value="swcfg0"/><description text="Configurable point, set address in param table"/> </itemDef>
      <itemDef name="SUDA_SWCFG1" type="dn32"><alias namespace="SUDA" value="swcfg1"/><description text="Configurable point, set address in param table"/> </itemDef>
      <itemDef name="SUDA_SWCFG2" type="dn32"><alias namespace="SUDA" value="swcfg2"/><description text="Configurable point, set address in param table"/> </itemDef>
      <itemDef name="SUDA_SWCFG3" type="dn32"><alias namespace="SUDA" value="swcfg3"/><description text="Configurable point, set address in param table"/> </itemDef>

      <itemDef name="SUDA_SYNCMARKSWPKT" type="dn16"><description text="Synchronization marker"/>
        </itemDef>
      <itemDef name="SUDA_CRCSWPKT" type="dn16"><description text="Checksum"/>
        </itemDef>
    </field>
  </frameDef>

  <frameDef name="suda_sw" id="0x0586"><description text="Software-Centric Packet"/>
    <field>
      <frameCopy name="CCSDSPriHeader" suffix="_swPkt"/>
      <frameCopy name="CCSDSSecHeader" suffix="_swPkt"/>
      <item name="suda_sw_hk_frame"/>
    </field>
  </frameDef>

</hydraDef>
