<!-- SUDA-specific file to correlate event message IDs into descriptive text -->
<!-- Separated into its own file due to length -->

<hydraDef>

  <!-- Short-form textual description of each event log ID -->
  <dictionary name="logEntryIdDictionary">
    <!-- Group 0: DES (routine & errors) -->
    <pair key="0x00" str="EMPTY"/>
    <pair key="0x08" str="PMLOG_INIT"/>
    <pair key="0x0A" str="TASK_START"/>
    <pair key="0x0B" str="SLICE_ERR"/>
    <pair key="0x0C" str="PERF_PARAM_ERR"/>
    <pair key="0x0D" str="PERF_DURR_ERR"/>
    <pair key="0x0E" str="TASK_OVERRUN"/>
    <pair key="0x0F" str="TASK_DONE"/>

    <!-- Group 1: Command & telemetry (routine) -->
    <pair key="0x11" str="EXEC_CMD"/>
    <pair key="0x12" str="GOT_RX_DATA"/>
    <pair key="0x13" str="GOOD_CCSDS"/>
    <pair key="0x14" str="EXEC_TIME"/>
    <pair key="0x15" str="DUAL_EXPIRED"/>
    <pair key="0x1E" str="START_TX_PKT"/>
    <pair key="0x1F" str="START_LOOPBACK"/>

    <!-- Group 2: Command & telemetry (errors) -->
    <pair key="0x20" str="RX_CKSUM_ERR"/>
    <pair key="0x21" str="RX_LEN_ERR"/>
    <pair key="0x22" str="RX_UMS_ERR"/>
    <pair key="0x23" str="REINIT_SPW"/>
    <pair key="0x24" str="CCSDS_RX_ERR"/>
    <pair key="0x25" str="CMD_LEN_INVLD"/>
    <pair key="0x26" str="CMD_UNKNOWN"/>
    <pair key="0x27" str="CMD_RJCT_UNARM"/>
    <pair key="0x28" str="CMD_RJCT_ENGINE"/>
    <pair key="0x29" str="CMD_RJCT_ARGNUM"/>
    <pair key="0x2A" str="CMD_RJCT_NULL"/>
    <pair key="0x2B" str="CMD_RJCT_RANGE"/>
    <pair key="0x2C" str="CMD_RJCT_MODE"/>
    <pair key="0x2D" str="CMD_RJCT_BUSY"/>
    <pair key="0x2E" str="CMD_NO_CMD_YET"/>

    <!-- Group 3: Quickboot and memory initialization (routine & errors) -->
    <pair key="0x30" str="QBOOT_ST_CHANGE"/>
    <pair key="0x31" str="QBOOT_HALTED"/>
    <pair key="0x32" str="QBOOT_ALRDY_IDLE"/>
    <pair key="0x33" str="QBOOT_MEM_BUSY"/>
    <pair key="0x3A" str="REGION_OFF_DIE"/>
    <pair key="0x3B" str="INIT_FLASH_FOUND"/>
    <pair key="0x3C" str="LOAD_OFF_DIE"/>
    <pair key="0x3D" str="MEMINIT_OBJ_MISS"/>
    <pair key="0x3E" str="FIXED_INVLD_FTBL"/>
    <pair key="0x3F" str="INIT_CKSUM_MISMT"/>

    <!-- Group 4: Memory (routine & errors, overflow) -->
    <pair key="0x45" str="COPYTO_NO_HALT"/>
    <pair key="0x46" str="AUTOSAVE_ERR"/>
    <pair key="0x47" str="RECOVR_MODE_RST"/>
    <pair key="0x48" str="RECOVR_OPER_RST"/>
    <pair key="0x49" str="ANALYZE_ERROR"/>
    <pair key="0x4A" str="BOTH_MIRROR_BAD"/>
    <pair key="0x4B" str="FOUND_SCI_DATA"/>
    <pair key="0x4C" str="MEM_QUEUE_RJCT"/>
    <pair key="0x4D" str="MEM_COLLAB_START"/>
    <pair key="0x4E" str="MEM_COLLAB_SUCC"/>
    <pair key="0x4F" str="MEM_COLLAB_FAIL"/>

    <!-- Group 5: Memory (errors) -->
    <pair key="0x50" str="REBUILD_SUMMARY"/>
    <pair key="0x51" str="CKSUM_MISMATCH"/>
    <pair key="0x52" str="MISMATCH_REBUILT"/>
    <pair key="0x53" str="FLASH_DIE_UNUSED"/>
    <pair key="0x54" str="NO_CHANGE_NVFSW3"/>
    <pair key="0x55" str="FLASH_DRIVER_ERR"/>
    <pair key="0x56" str="OPERATION_FAILED"/>
    <pair key="0x57" str="FOUND_BAD_BLOCK"/>
    <pair key="0x58" str="FLASH_UERR"/>
    <pair key="0x59" str="FLASH_CERR"/>
    <pair key="0x5A" str="BAD_MEM_CLEANUP"/>
    <pair key="0x5B" str="FLASH_DRIVER_ERR"/>
    <pair key="0x5C" str="MEM_OBJ_MISSING"/>
    <pair key="0x5D" str="BAD_MODE_EXIT"/>
    <pair key="0x5E" str="BAD_OPER_EXIT"/>

    <!-- Group 6: Memory (routine) -->
    <pair key="0x61" str="MEM_FLASH_FOUND"/>
    <pair key="0x62" str="MEM_OP_HALTED"/>
    <pair key="0x63" str="MEM_OP_START"/>
    <pair key="0x64" str="MEM_OP_DONE"/>
    <pair key="0x65" str="MEM_OP_WORKING"/>
    <pair key="0x66" str="MEM_OP_SETUP"/>
    <pair key="0x67" str="MEM_OP_RUNNING"/>
    <pair key="0x68" str="DIR_RD_DONE"/>
    <pair key="0x69" str="DIR_WR_DONE"/>
    <pair key="0x6A" str="MEM_STATE_CHG"/>
    <pair key="0x6B" str="MEM_ALRDY_IDLE"/>
    <pair key="0x6C" str="LOAD_SPILLOVER"/>
    <pair key="0x6D" str="MEM_GOT_PARAM"/>
    <pair key="0x6E" str="CKSUM_MATCH"/>

    <!-- Group 7: Autonomy (routine) -->

    <!-- Group 8: Autonomy (errors) -->
    <pair key="0x80" str="IBRAM_WDOG"/>
    <pair key="0x81" str="DBRAM_WDOG"/>
    <pair key="0x82" str="SRAM_WDOG"/>
    <pair key="0x85" str="HTR_TEMP_FAULTLO"/>
    <pair key="0x86" str="HTR_TEMP_FAULTHI"/>
    <pair key="0x87" str="HV_CURRENT_FAULT"/>
    <pair key="0x88" str="HV_STATE_CHANGE"/>
    <pair key="0x8B" str="HV_MMR_MISMATCH"/>
    <pair key="0x8C" str="HV_BAD_STPT_MAX"/>
    <pair key="0x8D" str="ANA_HK_FAULTLO"/>
    <pair key="0x8E" str="ANA_HK_FAULTHI"/>
    <pair key="0x8F" str="HV_OSCIL_FAULT"/>

    <!-- Group 9: Upkeep (routine) -->
    <pair key="0x90" str="BOOT2OPER"/>
    <pair key="0x91" str="POR_RST"/>
    <pair key="0x92" str="CMD_RST"/>
    <pair key="0x93" str="BOOT_HELLO"/>
    <pair key="0x94" str="OPER_HELLO"/>
    <pair key="0x95" str="HTR_INIT_BOOT"/>
    <pair key="0x96" str="HTR_ENA"/>
    <pair key="0x97" str="HTR_DIS"/>
    <pair key="0x98" str="MODE_CHANGE"/>
    <pair key="0x99" str="TOOK_DWELL_DATA"/>
    <pair key="0x9A" str="DWELL_COMPLETE"/>
    <pair key="0x9F" str="HAPPY_GOODBYE"/>

    <!-- Group A: Upkeep (errors) -->
    <pair key="0xA0" str="DUBIOUS_GOODBYE"/>
    <pair key="0xA1" str="UPK_PROC_RST"/>
    <pair key="0xA2" str="UPK_WDOG_RST"/>
    <pair key="0xA3" str="UPK_UNKWN_RST"/>
    <pair key="0xA4" str="UPK_BOOT_ERR"/>

    <!-- Group B: Available for future use -->

    <!-- Group C: Science (routine) -->
    <pair key="0xC0" str="SCI_STATE"/>
    <pair key="0xC1" str="SCI_MEM_SUCC"/>
    <pair key="0xC2" str="SCI_MEM_FAIL"/>
    <pair key="0xC3" str="SCI_MEM_NEVER"/>
    <pair key="0xC4" str="SCI_CLK_TIMEOUT"/>
    <pair key="0xC5" str="SCI_SPI_WRITE"/>
    <pair key="0xC6" str="SCI_EVENT_ID"/>
    <pair key="0xC7" str="SCI_EVENT_LEN"/>
    <pair key="0xC8" str="SCI_NULL_COLLECT"/>
    <pair key="0xC9" str="SCI_PARSE_CHAN"/>
    <pair key="0xCA" str="SCI_PARSE_PAGE"/>
    <pair key="0xCB" str="SCI_PARSE_SQRL"/>
    <pair key="0xCC" str="SCI_DATA"/>
    <pair key="0xCD" str="SCI_SNDEVT_ST"/>
    <pair key="0xCE" str="SCI_SNDEVT_CHAN"/>
    <pair key="0xCF" str="SCI_SPI_READ"/>

    <!-- Group D: Science (errors) -->
    <pair key="0xD0" str="SCI_SMALL_EYE"/>

    <!-- Group E: Sequence (routine & errors) -->
    <pair key="0xE0" str="SEQ_STATE_CHANGE"/>
    <pair key="0xE1" str="SEQ_RESUME"/>
    <pair key="0xE2" str="SEQ_TERM_AT_IDLE"/>
    <pair key="0xE3" str="SEQ_PAUSE_IDLE"/>
    <pair key="0xE4" str="SEQ_PAUSE_STALE"/>
    <pair key="0xE5" str="SEQ_BUF_VERIFIED"/>
    <pair key="0xE6" str="SEQ_ABRT_UNCLEAN"/>
    <pair key="0xE7" str="SEQ_BUF_LEN_ERR"/>
    <pair key="0xE8" str="SEQ_ERROR_STOP"/>
    <pair key="0xE9" str="SUBSEQ_CALL_SUB"/>
    <pair key="0xEA" str="SEQ_BAD_STATE"/>
    <pair key="0xEB" str="SEQ_ERR_NO_SEQ"/>
    <pair key="0xEC" str="SEQ_RECURSE_CALL"/>
    <pair key="0xED" str="SEQ_BUF_NOT_LOAD"/>
    <pair key="0xEE" str="SEQ_BAD_CKSUM"/>
    <pair key="0xEF" str="SEQ_CMD_SUCC"/>

    <!-- Group F: Available for future use -->
    <pair key="0xFF" str="ENTRY_ID_INVAL"/>  <!-- For testing only -->
  </dictionary>

  <dictionary name="eventMsgDictionary">
    <!-- Group 0: DES (routine & errors) -->
    <pair key="0x08" str="DES Postmortem log initialized"/>
    <pair key="0x0A" str="DES Task execution started"/>
    <pair key="0x0B" str="DES Invalid DES slice, Invalid ID=0x%02x%02x%02x%02x"/>
    <pair key="0x0C" str="DES perfMon asked to add invalid entry, Task ID=0x%02x%02x, Slice value=0x%02x%02x, no entry added"/>
    <pair key="0x0D" str="DES PerfMon suspicious duration, task=0x%02x%02x, slice=0x%02x%02x"/>
    <pair key="0x0E" str="DES TASK OVERRUN, Start:End slice=0x%02x:%02x, TaskID=%02x"/>
    <pair key="0x0F" str="DES Task execution completed"/>

    <!-- Group 1: Command & telemetry (routine) -->
    <pair key="0x11" str="CMD success (APID=0x%02x%02x, $opCodeHexDictionary(0x%02x%02x))"/>
    <pair key="0x12" str="CMD RxSPW received data"/>
    <pair key="0x13" str="CMD UMS/CCSDS protocol found good on received pkt"/>
    <pair key="0x14" str="CMD Processed spacecraft time message"/>
    <pair key="0x15" str="CMD RT CmdEngine arm state expired"/>
    <pair key="0x1E" str="TLM Started tlm pkt tx"/>
    <pair key="0x1F" str="TLM STARTING LOOPBACK - EXPECT SPW COMMUNICATION TO CEASE"/>

    <!-- Group 2: Command & telemetry (errors) -->
    <pair key="0x20" str="CMD CRC mismatch (discarding), Param=0x%02x%02x%02x%02x"/>
    <pair key="0x21" str="CMD length error on rx pkt (discarding), Param=0x%02x%02x%02x%02x"/>
    <pair key="0x22" str="CMD Error with UMS header in rx pkt (discarding),  UMS=0x%02x%02x%02x%02x"/>
    <pair key="0x23" str="CMD SpW link timeout, reinitializing SpW link Param=0x%02x%02x%02x%02x"/>
    <pair key="0x24" str="CMD Error with CCSDS hdr in rx pkt (discarding), CCSDS1=0x%02x%02x%02x%02x"/>
    <pair key="0x25" str="CMD OUT OF BOUNDS LENGTH, hdr field=0x%02x%02x%02x%02x"/>
    <pair key="0x26" str="CMD UNKNOWN, ENGINE=$cmdEngine16Dictionary(%02x%02x), OpCode=0x%02x%02x"/>
    <pair key="0x27" str="CMD RJCT UNARM, ENGINE=$cmdEngine8Dictionary(%02x), $sudaModeType8Dictionary(%02x), $opCodeHexDictionary(0x%02x%02x)"/>
    <pair key="0x28" str="CMD RJCT ENGINE, ENGINE=$cmdEngine8Dictionary(%02x), $sudaModeType8Dictionary(%02x), $opCodeHexDictionary(0x%02x%02x)"/>
    <pair key="0x29" str="CMD RJCT ARG#, ENGINE=$cmdEngine8Dictionary(%02x), $sudaModeType8Dictionary(%02x), $opCodeHexDictionary(0x%02x%02x)"/>
    <pair key="0x2A" str="CMD RJCT NULL, ENGINE=$cmdEngine8Dictionary(%02x), $sudaModeType8Dictionary(%02x), $opCodeHexDictionary(0x%02x%02x)"/>
    <pair key="0x2B" str="CMD RJCT RANGE, ENGINE=$cmdEngine8Dictionary(%02x), $sudaModeType8Dictionary(%02x), $opCodeHexDictionary(0x%02x%02x)"/>
    <pair key="0x2C" str="CMD RJCT MODE, ENGINE=$cmdEngine8Dictionary(%02x), $sudaModeType8Dictionary(%02x), $opCodeHexDictionary(0x%02x%02x)"/>
    <pair key="0x2D" str="CMD RJCT BUSY, PARAM=0x%02x%02x%02x%02x"/>
    <pair key="0x2E" str="CMD REDUCED VALIDATION CRITERIA, Param=0x%02x%02x%02x%02x"/>

    <!-- Group 3: Quickboot and memory initialization (routine & errors) -->
    <pair key="0x30" str="QBT state change: $qbootState8Dictionary(%02x%02x)==>$qbootState8Dictionary(%02x%02x)"/>
    <pair key="0x31" str="QBT Quickboot halted"/>
    <pair key="0x32" str="QBT Quickboot halted, but already idle"/>
    <pair key="0x33" str="QBT Unexpected memory busy state while quickbooting"/>
    <pair key="0x3A" str="QBT FT REPORTS OBJECT IN OFF DIE, P=0x%02x%02x%02x%02x"/>
    <pair key="0x3B" str="QBT Loaded $region16Dictionary(0x%02x%02x) from block 0x%02x%02x"/>
    <pair key="0x3C" str="QBT LOADED $region16Dictionary(0x%02x%02x) FROM OFF DIE, BLOCK=0x%02x%02x"/>
    <pair key="0x3D" str="QBT OBJECT MISSING INIT! P=%02x%02x%02x%02x"/>
    <pair key="0x3E" str="QBT FOUND INVALID FT ENTRIES INIT, Cnt=%02x%02x%02x%02x"/>
    <pair key="0x3F" str="QBT CKSUM MISMATCH FOUND DURING INIT, P=0x%02x%02x%02x%02x"/>

    <!-- Group 4: Memory (routine & errors, overflow) -->
    <pair key="0x45" str="MEM Allowing CopyTo Flash operation to complete before halting, Param=0x%02x%02x%02x"/>
    <pair key="0x46" str="MEM AUTO-SAVE ERROR $memOp10Dictionary(%02x) $region16Dictionary(0x%02x) Prm=0x%02x Code=0x%02x"/>
    <pair key="0x47" str="MEM FOUND RESET DURING CORRUPTION SENSITIVE MODE, P=0x%02x%02x%02x%02x"/>
    <pair key="0x48" str="MEM FOUND RESET DURING CORRUPTION SENSITIVE MEM OPER, P=0x%02x%02x%02x%02x"/>
    <pair key="0x49" str="MEM FLASH BLOCK ANALYSIS FAILURE, Block=0x%02x%02x Error=0x%02x%02x"/>
    <pair key="0x4A" str="MEM BOTH MIRRORED BLOCKS FOUND BAD AT SAME TIME, Param=0x%02x%02x%02x%02x"/>
    <pair key="0x4B" str="MEM Found science data during collab cleanup, Param=0x%02x%02x%02x%02x"/>
    <pair key="0x4C" str="MEM QUEUED MEM CMD REJECTED, Param=0x%02x%02x%02x%02x"/>
    <pair key="0x4D" str="MEM collaboration started, $memCollab8Dictionary(%02x), Param=0x%02x%02x%02x"/>
    <pair key="0x4E" str="MEM collaboration succeeded, $memCollab8Dictionary(%02x), Param=0x%02x%02x%02x"/>
    <pair key="0x4F" str="MEM MEMORY COLLABORATION FAILED, $memCollab8Dictionary(%02x), Param=0x%02x%02x%02x"/>

    <!-- Group 5: Memory (errors) -->
    <pair key="0x50" str="MEM REBUILD ERROR SUMMARY, Param=0x%02x%02x%02x%02x"/>
    <pair key="0x51" str="MEM CKSUM MISMATCH FOR OBJECT, Param=0x%02x%02x%02x%02x"/>
    <pair key="0x52" str="MEM REBUILT MISMATCHED FT ENTRY, Param=0x%02x%02x%02x%02x"/>
    <pair key="0x53" str="MEM FLASH DIE UNPOWERED, Param=0x%02x%02x%02x%02x"/>
    <pair key="0x54" str="MEM REJECT MODIFY NVFSW3, Param=0x%02x%02x%02x%02x"/>
    <pair key="0x55" str="MEM UNEXPECTED FLASH ERROR, Param=0x%02x%02x%02x%02x"/>
    <pair key="0x56" str="MEM OPERATION FAILED, Param=0x%02x%02x%02x%02x"/>
    <pair key="0x57" str="MEM FOUND BAD BLOCK, Block=0x%02x%02x ErrType=%02x OldState=%02x"/>
    <pair key="0x58" str="MEM FLASH UErr FOUND, Param=0x%02x%02x%02x%02x"/>
    <pair key="0x59" str="MEM FLASH CErr FOUND, Param=0x%02x%02x%02x%02x"/>
    <pair key="0x5A" str="MEM BAD CLEANUP STATE P=%02x%02x%02x%02x"/>
    <pair key="0x5B" str="MEM FLASH DRIVER ERROR P=%02x%02x%02x%02x"/>
    <pair key="0x5C" str="MEM OBJECT MISSING! $region32Dictionary(%02x%02x), block=%02x%02x"/>
    <pair key="0x5D" str="MEM FOUND CORRUPTION-SENSITIVE MODE EXITED ABNORMALLY"/>
    <pair key="0x5E" str="MEM FOUND CORRUPTION-SENSITIVE MEM OPER EXITED ABNORMALLY"/>

    <!-- Group 6: Memory (routine) -->
    <pair key="0x60" str="MEM Operation queued, Type=0x%02x%02x Region=0x%02x%02x"/>
    <pair key="0x61" str="MEM Found $region16Dictionary(0x%02x%02x) in block 0x%02x%02x"/>
    <pair key="0x62" str="MEM Operation halted"/>
    <pair key="0x63" str="MEM Memory operation started"/>
    <pair key="0x64" str="MEM $memOpHexDictionary(%02x) $region16Dictionary(0x%02x) complete, duration=0x%02x%02x"/>
    <pair key="0x65" str="MEM operation working P=0x%02x%02x%02x%02x"/>
    <pair key="0x66" str="MEM operation setup P=0x%02x%02x%02x%02x"/>
    <pair key="0x67" str="MEM operation running P=0x%02x%02x%02x%02x"/>
    <pair key="0x68" str="MEM Exec raw read, value=0x%02x%02x%02x%02x"/>
    <pair key="0x69" str="MEM Exec raw write, addr=0x%02x%02x%02x%02x"/>
    <pair key="0x6A" str="MEM state change: Transition $memState16Dictionary(0x%02x%02x) &#60;== $memState16Dictionary(0x%02x%02x)"/>
    <pair key="0x6B" str="MEM Got halt but already idle"/>
    <pair key="0x6C" str="MEM load command spillover, Offset8=0x%05x Len8=%03x"/>
    <pair key="0x6D" str="MEM Got param cmd received and executed, Param=0x%02x%02x%02x%02x"/>
    <pair key="0x6E" str="MEM Checksum matched expected"/>
    <pair key="0x6F" str="MEM OperFSW was loaded from $region16Dictionary(0x%02x%02x%02x%02x)"/>

    <!-- Group 7: Autonomy (routine) -->

    <!-- Group 8: Autonomy (errors) -->
    <pair key="0x80" str="AUT IBRAM EDAC MERR causing intentional watchdog reset, P=0x%02x%02x%02x%02x"/>
    <pair key="0x81" str="AUT DBRAM EDAC MERR causing intentional watchdog reset, P=0x%02x%02x%02x%02x"/>
    <pair key="0x82" str="AUT SRAM EDAC MERR causing intentional watchdog reset, P=0x%02x%02x%02x%02x"/>
    <pair key="0x85" str="AUT OPHTR TEMP is FAULT LO, heater=$htrSelMulti32Dictionary(0x%02x%02x) temp=0x%02x%02x"/>
    <pair key="0x86" str="AUT OPHTR TEMP is FAULT HI, heater=$htrSelMulti32Dictionary(0x%02x%02x) temp=0x%02x%02x"/>
    <pair key="0x87" str="AUT HVPS DET CURRENT TOO HIGH FAULT I=0x%02x%02x Limit=0x%02x%02x"/>
    <pair key="0x88" str="AUT HVPS state=$hvStateDictionary(%d) (%d)"/>
    <pair key="0x8B" str="AUT HVPS FPGA MMR fails last written value check, P=0x%02x%02x $hvMmrMismatchDictionary(0x%02x%02x)"/>
    <pair key="0x8C" str="AUT HVPS setpoint (0x%02x%02x) greater than MAX (0x%02x%02x)"/>
    <pair key="0x8D" str="AUT ANALOG HK(0x%02x%02x) 0x%02x%02x is FAULT LO"/>
    <pair key="0x8E" str="AUT ANALOG HK(0x%02x%02x) 0x%02x%02x is FAULT HI"/>
    <pair key="0x8F" str="AUT HVPS SENSOR OSCILLATOR FAULT, P=0x%02x%02x%02x%02x"/>

    <!-- Group 9: Upkeep (routine) -->
    <pair key="0x90" str="UPK Advancing from %2x $sudaModeType8Dictionary(%d) to %2x $sudaModeType8Dictionary(%d)"/>
    <pair key="0x91" str="UPK POR Reset, P=0x%02x%02x%02x%02x"/>
    <pair key="0x92" str="UPK Commanded Reset, P=0x%02x%02x%02x%02x"/>
    <pair key="0x93" str="UPK BootFSW says hello, version=%02x.%02x.%02x%02x"/>
    <pair key="0x94" str="UPK OperFSW says hello, version=%02x.%02x.%02x%02x"/>
    <pair key="0x95" str="UPK Initialized op heater settings in BootFSW"/>
    <pair key="0x96" str="UPK Enabled op heater"/>
    <pair key="0x97" str="UPK Disabled op heater"/>
    <pair key="0x98" str="UPK Mode changed from %2x $sudaModeType8Dictionary(%d) to %2x $sudaModeType8Dictionary(%d)"/>
    <pair key="0x99" str="UPK Analog dwell measurement recorded"/>
    <pair key="0x9A" str="UPK Analog dwell completed"/>
    <pair key="0x9F" str="UPK CSCI change imminent (0x%02x) - goodbye"/>

    <!-- Group A: Upkeep (errors) -->
    <pair key="0xA0" str="UPK RESET IMMINENT (0x%02x) - DUBIOUS GOODBYE!"/>
    <pair key="0xA1" str="UPK PROCESSOR ONLY RESET, P=0x%02x%02x%02x%02x"/>
    <pair key="0xA2" str="UPK WATCHDOG RESET, P=0x%02x%02x%02x%02x"/>
    <pair key="0xA3" str="UPK UNKNOWN RESET, P=0x%02x%02x%02x%02x"/>
    <pair key="0xA4" str="UPK BOOT STATUS ERROR, P=0x%02x%02x%02x%02x"/>

    <!-- Group B: Available for future use -->

    <!-- Group C: Science (routine) -->
    <pair key="0xC0" str="SCI State Change: Transition $sciState16Dictionary(0x%02x%02x) to $sciState16Dictionary(0x%02x%02x)"/>
    <pair key="0xC1" str="SCI Mem Op Success: $memCollab8Dictionary(%02x%02x%02x%02x)"/>
    <pair key="0xC2" str="SCI Mem Op Fail: $memCollab8Dictionary(%02x%02x%02x%02x)"/>
    <pair key="0xC3" str="SCI Mem Op Never Scheduled: $memCollab8Dictionary(%02x%02x%02x%02x)"/>
    <pair key="0xC4" str="SCI Clock Training Failed.  Attempted: %d"/>
    <pair key="0xC5" str="SCI SPI write: (0x%02x%02x%02x%02x)"/>
    <pair key="0xC6" str="SCI event trigger (0x%02x%02x) id (0x%02x%02x)"/>
    <pair key="0xC7" str="SCI event length (0x%02x%02x%02x%02x)"/>
    <pair key="0xC8" str="SCI tlm collector not assigned"/>
    <pair key="0xC9" str="SCI Parse channel: $sciChannel16Dictionary(0x%02x%02x) size (0x%02x%02x)"/>
    <pair key="0xCA" str="SCI Parse page: (0x%02x%02x%02x%02x)"/>
    <pair key="0xCB" str="SCI Parse chan (0x%02x%02x) squirrel (0x%02x%02x)"/>
    <pair key="0xCC" str="SCI data: (0x%02x%02x%02x%02x)"/>
    <pair key="0xCD" str="SCI Send Event State: $sciSndEvtSt16Dictionary(0x%02x%02x) to $sciSndEvtSt16Dictionary(0x%02x%02x)"/>
    <pair key="0xCE" str="SCI Send Event channel: $sciChannel16Dictionary(0x%02x%02x) size (0x%02x%02x)"/>
    <pair key="0xCF" str="SCI SPI Read: ADC (0x%02x) ADDR (0x%02x) value (0x%02x%02x)"/>

    <!-- Group D: Science (errors) -->
    <pair key="0xD0" str="SCI Small Clock Eye Size: (0x%02x%02x%02x%02x)"/>
    <pair key="0xD1" str="SCI Task State Error: (0x%02x%02x) (0x%02x%02x)"/>
    <pair key="0xD2" str="SCI Parse State Error: (0x%02x%02x) (0x%02x%02x)"/>
    <pair key="0xD3" str="SCI Parse Size Error: channel (0x%02x%02x) size (0x%02x%02x)"/>
    <pair key="0xD4" str="SCI Send State Error: state (0x%02x%02x%02x%02x)"/>
    <pair key="0xD5" str="SCI Send Channel Error: channel (0x%02x%02x%02x%02x)"/>

    <!-- Group E: Sequence (routine & errors) -->
    <pair key="0xE0" str="SEQ engine has changed state, eng=0x%02x was=$seqEngineStateDictionary(0x%02x) is=$seqEngineStateDictionary(%02x) 0x%02x"/>
    <pair key="0xE1" str="SEQ Got resume command when not paused, P=0x%02x%02x%02x%02x"/>
    <pair key="0xE2" str="SEQ Got terminate command when already idle, P=0x%02x%02x%02x%02x"/>
    <pair key="0xE3" str="SEQ Got pause command when already idle, P=0x%02x%02x%02x%02x"/>
    <pair key="0xE4" str="SEQ Got pause command when stale, P=0x%02x%02x%02x%02x"/>
    <pair key="0xE5" str="SEQ buffer successfully verified, P=0x%02x%02x%02x%02x"/>
    <pair key="0xE6" str="SEQ aborted but cannot cleanup, P=0x%02x%02x%02x%02x"/>
    <pair key="0xE7" str="SEQ Buf length error: bufLen=0x%02x%02x%02x%02x"/>
    <pair key="0xE8" str="SEQ engine stopped due to error, P=0x%02x%02x%02x%02x"/>
    <pair key="0xE9" str="SEQ Attempted to call subseq while already in subseq, P=0x%02x%02x%02x%02x"/>
    <pair key="0xEA" str="SEQ state is undefined, stopping and going to idle, P=0x%02x%02x%02x%02x"/>
    <pair key="0xEB" str="SEQ Attempting work on sequence that is not loaded, P=0x%02x%02x%02x%02x"/>
    <pair key="0xEC" str="SEQ Attempted subseq call from one buf to same buf, P=0x%02x%02x%02x%02x"/>
    <pair key="0xED" str="SEQ Attempted operation on unloaded buf, P=0x%02x%02x%02x%02x"/>
    <pair key="0xEE" str="SEQ Buf's calculated cksum does not match hdr, P=0x%02x%02x%02x%02x"/>
    <pair key="0xEF" str="SEQ success (len=0x%02x%02x, $opCodeHexDictionary(%d))"/>

    <!-- Group F: Available for future use -->
    <pair key="0xFF" str="??? Invalid, P=0x%02x%02x%02x%02x"/>
  </dictionary>

</hydraDef>



