<!-- SUDA-specific file to define SUDA telemetry Memory Dump, Analog Dwell, and Flash Table Dump Packet -->

<hydraDef>
       
     
  <!-- Frame for Unified Message Structure SUDA Commands -->
  <frameDef name="ums_tlm_logical_addr">
    <field>
      <itemDef name="tlm_routing_addr"    type="dn2"/> <!-- NVM only = 0b01, NVM + FSW = 0b10, FSW only = 0b11-->
      <itemDef name="logical_addr_offset" type="dn1"/>
      <itemDef name="msg_hdr_type"        type="dn1"/>
      <itemDef name="Filter_id"           type="dn4"/> <!-- SUDA = 0x8 -->
    </field>
  </frameDef>
  
  <frameDef name="ums_tlm_protocol_id">
    <field>
      <itemDef name="ums_tlm_protocol_ID_val" type="dn8"/>
    </field>  
  </frameDef>
  
  <frameDef name="tlm_UMS_SUDA">
    <field>
      <frameCopy name="ums_tlm_logical_addr" suffix="_SUDAtlm0"/>
      <frameCopy name="ums_tlm_protocol_id" suffix="_SUDAcmd"/>
      <frameCopy name="ums_tlm_logical_addr" suffix="_SUDAtlm1"/>
      <frameCopy name="ums_tlm_logical_addr" suffix="_SUDAtlm2"/>
   </field>
  </frameDef>

  
  <!-- Reference frame for CCSDS tlm headers -->
  <frameDef name="CCSDSPriHeader">
    <description text="ccsds Primary Telemetry Header"/>
    <field>
      <itemDef name="sudaUms" type="dn32"/>
      <itemDef name="ver" type="dn3" value="0"/>
      <itemDef name="type" type="dn1" value="0"/>
      <itemDef name="secHdrFlg" type="dn1" value="1"/>
      <itemDef name="apId" type="dn11"/>
      <itemDef name="segFlg" type="dn2" value="3"/>
      <itemDef name="sourceSeqCnt" type="dn14"/>
      <itemDef name="pktLength" type="dn16"/>
    </field>
  </frameDef>

  <frameDef name="CCSDSSecHeader">
    <description text="ccsds Secondary Telemetry Header"/>
    <field>
      <itemDef name="sec" type="dn32"/>
      <itemDef name="subSec" type="dn16"/>
    </field>
  </frameDef>


  <!-- SUDA-Defined Packets -->                

  <!-- Logs put in their own file, so include it -->
  <include>Config\suda_tlm_logs.xml</include>
  <include>Config\suda_hwpkt.xml</include>
  <include>Config\suda_statuspkt.xml</include>
  <include>Config\suda_swpkt.xml</include>
 

  <!-- ====================================== -->
  <!-- Science Metadata Packet              -->
  <!-- ====================================== -->

  <frameDef name="suda_meta_hk_frame"><description text="Science metadata tlm contents"/>
    <field>
      <!-- Begin: telemetry content and arrangement required by Europa IICD -->
      <itemDef name="SUDA_AIDVAL" type="dn32"><alias namespace="SUDA" value="aidval"/>
        <description text="Accountability identifier"/> </itemDef>
      <itemDef name="SUDA_AIDCTRL" type="dn5"><alias namespace="SUDA" value="aidctrl"/>
        <description text="Indicates start or end of science"/> </itemDef>
      <itemDef name="SUDA_AIDAPID" type="dn11"><alias namespace="SUDA" value="aidapid"/>
        <description text="APID of the packet sequence contained within the ADP"/> </itemDef>
      <itemDef name="SUDA_AIDCOARSE" type="dn32"><alias namespace="SUDA" value="aidcoarse"/>
        <description text="SLCK of the positional pkt in a sequence corresponding to CTRL"/> </itemDef>
      <itemDef name="SUDA_AIDFINE" type="dn16"><alias namespace="SUDA" value="aidfine"/>
        <description text="SLCK of the positional pkt in a sequence corresponding to CTRL"/> </itemDef>
      <itemDef name="SUDA_AIDSRCSEQ" type="dn14"><alias namespace="SUDA" value="aidsrcseq"/>
        <description text="CCSDS src seq cnt of the positional packet corresponding to CTRL"/> </itemDef>
      <itemDef name="SUDA_UNUSEDMETA1" type="dn2"><alias namespace="SUDA" value="unusedmeta1"/>
        <description text="Unused"/> </itemDef>
      <itemDef name="SUDA_AIDNUMPKT" type="dn32"><alias namespace="SUDA" value="aidnumpkt"/>
        <description text="If end, number of packets minus one (zero fill for start)"/> </itemDef>

      <itemDef name="SUDA_SYNCMETAPKT" type="dn16"><alias namespace="SUDA" value="syncmarker_metaPkt"/><description text="Checksum"/></itemDef>
      <itemDef name="SUDA_CRCMETAPKT" type="dn16"><alias namespace="SUDA" value="cksum_metaPkt"/><description text="Checksum"/></itemDef>
    </field>
  </frameDef>

  <frameDef name="suda_meta" id="0x0581"><description text="Science Metadata Packet"/>
    <field>
      <frameCopy name="CCSDSPriHeader" suffix="_metaPkt"/>
      <frameCopy name="CCSDSSecHeader" suffix="_metaPkt"/>
      <item name="suda_meta_hk_frame"/>
    </field>
  </frameDef>

  
  <!-- ====================================== -->
  <!-- Science ADC Register Packet            -->
  <!-- ====================================== -->

  <frameDef name="suda_adcreg_hk_frame"><description text="Science ADC Register pkt contents"/>
    <field>
      <itemDef name="SUDA_ADCREGPWRSTAT" type="dn32"><alias namespace="SUDA" value="ADCREGPWRSTAT"/>
        <description text=""/></itemDef>
      <itemDef name="SUDA_ADCREGSP0" type="dn32"><alias namespace="SUDA" value="ADCREGSP0"/>
        <description text=""/></itemDef>
      <itemDef name="SUDA_ADCREGSP1" type="dn32"><alias namespace="SUDA" value="ADCREGSP1"/>
        <description text=""/></itemDef>
      <itemDef name="SUDA_ADCREGSP2" type="dn32"><alias namespace="SUDA" value="ADCREGSP2"/>
        <description text=""/></itemDef>

      <itemDef name="SUDA_ADCREG0" type="dn16" num="16"><alias namespace="SUDA" value="ADCREG0"/>
        <description text="Raw readings from registers internal to science adc #0"/> </itemDef>
      <itemDef name="SUDA_ADCREG1" type="dn16" num="16"><alias namespace="SUDA" value="ADCREG1"/>
        <description text="Raw readings from registers internal to science adc #1"/> </itemDef>

      <itemDef name="SUDA_SYNCADCREGPKT" type="dn16"> <description text="Sync marker"/></itemDef>
      <itemDef name="SUDA_CRCADCREGPKT" type="dn16"> <description text="Checksum"/></itemDef>
    </field>
  </frameDef>
  
  <frameDef name="suda_adcreg" id="0x058C"><description text="Science ADC Register Packet"/>
    <field>
      <frameCopy name="CCSDSPriHeader" suffix="_adcregPkt"/>
      <frameCopy name="CCSDSSecHeader" suffix="_adcregPkt"/>
      <item name="suda_adcreg_hk_frame"/>
    </field>
  </frameDef>
  
  
  <!-- ====================================== -->
  <!-- Memory Dump Packet                     -->
  <!-- ====================================== -->

  <frameDef name="suda_dump_hk_frame"><description text="Memory dump tlm pkt contents"/>
    <field>
      <itemDef name="SUDA_DUMPREGION" type="dn32"><alias namespace="SUDA" value="dumpregion"/><description text="Commanded dump operation, identifies region"/> </itemDef>
      <itemDef name="SUDA_DUMPOFFSET" type="dn32"><alias namespace="SUDA" value="dumpoffset"/><description text="Starting offset within region, i.e. block+page"/> </itemDef>
      <itemDef name="SUDA_DUMPTOTLEN" type="dn32"><alias namespace="SUDA" value="dumptotlen"/><description text="Total length of this region"/> </itemDef>
      <itemDef name="SUDA_DUMPVLDCNT" type="dn32"><alias namespace="SUDA" value="dumpvalidcnt"/><description text="Valid dwords in this pkt (rest is padded)"/> </itemDef>
      <itemDef name="SUDA_DUMPRESERV0" type="dn32"><alias namespace="SUDA" value="dumpreserv0"/><description text="Reserved0"/> </itemDef>
      <itemDef name="SUDA_DUMPRESERV1" type="dn32"><alias namespace="SUDA" value="dumpreserv1"/><description text="Reserved1"/> </itemDef>
      <itemDef name="SUDA_DUMPRESERV2" type="dn32"><alias namespace="SUDA" value="dumpreserv2"/><description text="Reserved2"/> </itemDef>
      <itemDef name="SUDA_DUMPRESERV3" type="dn32"><alias namespace="SUDA" value="dumpreserv3"/><description text="Reserved3"/> </itemDef>
      <itemDef name="SUDA_DUMPMEM" type="dn32" num="896"><alias namespace="SUDA" value="dumpmem"/><description text="Raw memory dump data"/> </itemDef>

      <itemDef name="SUDA_SYNCDUMPPKT" type="dn16"> <description text="Sync marker"/></itemDef>
      <itemDef name="SUDA_CRCDUMPPKT" type="dn16"> <description text="Checksum"/></itemDef>
    </field>
  </frameDef>
  
  <frameDef name="suda_dump" id="0x0587"><description text="Memory Dump Packet"/>
    <field>
      <frameCopy name="CCSDSPriHeader" suffix="_dumpPkt"/>
      <frameCopy name="CCSDSSecHeader" suffix="_dumpPkt"/>
      <item name="suda_dump_hk_frame"/>
    </field>
  </frameDef>
  
  
  <!-- ====================================== -->
  <!-- Analog Dwell Packet                    -->
  <!-- ====================================== -->

  <frameDef name="suda_dwell_hk_frame"><description text="Analog dwell pkt contents"/>
    <field>
      <itemDef name="SUDA_DWELLCHAN" type="dn32"><alias namespace="SUDA" value="dwellchan"/><description text="Analog channel for dwell"/> </itemDef>
      <itemDef name="SUDA_DWELLRESERV" type="dn32"><alias namespace="SUDA" value="dwellreserv"/><description text="Reserved"/> </itemDef>
      <itemDef name="SUDA_DWELLOFFSET" type="dn32"><alias namespace="SUDA" value="dwelloffset"/><description text="Sample offset"/> </itemDef>
      <itemDef name="SUDA_DWELLTOT" type="dn32"><alias namespace="SUDA" value="dwelltot"/><description text="Total dwell samples requested"/> </itemDef>
      <itemDef name="SUDA_DWELLCNT" type="dn32"><alias namespace="SUDA" value="dwellcnt"/><description text="Count of dwell samples in this pkt"/> </itemDef>
      <itemDef name="SUDA_DWELLPKTREM" type="dn32"><alias namespace="SUDA" value="dwellpktrem"/><description text="Dwell packets remaining"/> </itemDef>
      <itemDef name="SUDA_DWELLSEC" type="dn32"><alias namespace="SUDA" value="dwellsec"/><description text="Time of dwell start, seconds"/> </itemDef>
      <itemDef name="SUDA_DWELLSUBSEC" type="dn32"><alias namespace="SUDA" value="dwellsubsec"/><description text="Time of dwell start, subsec"/> </itemDef>
      <itemDef name="SUDA_DWELL" type="dn16" num="160"><alias namespace="SUDA" value="dwell"/><description text="Samples of dwell data [DN]"/> </itemDef>

      <itemDef name="SUDA_SYNCDWELLPKT" type="dn16"> <description text="Sync marker"/></itemDef>
      <itemDef name="SUDA_CRCDWELLPKT" type="dn16"> <description text="Checksum"/></itemDef>
    </field>
  </frameDef>    

  <frameDef name="suda_dwell" id="0x0589"><description text="Analog Dwell Packet"/>
    <field>
      <frameCopy name="CCSDSPriHeader" suffix="_dwellPkt"/>
      <frameCopy name="CCSDSSecHeader" suffix="_dwellPkt"/>
      <item name="suda_dwell_hk_frame"/>
    </field>
  </frameDef>


  <!-- ====================================== -->
  <!-- Flash Table Dump Packet                -->
  <!-- ====================================== -->

  <frameDef name="suda_flashtable_hk_frame"><description text="Flash table pkt contents"/>
    <field>
      <itemDef name="SUDA_FTABLEBLOCK" type="dn32"><alias namespace="SUDA" value="ftableblock"/><description text="Starting block for this flash table dump"/> </itemDef>
      <itemDef name="SUDA_FTABLEDUMP" type="dn32" num="323"><alias namespace="SUDA" value="ftable"/><description text="Flash table entries"/> </itemDef>

      <itemDef name="SUDA_SYNCFTABLEPKT" type="dn16"> <description text="Sync marker"/></itemDef>
      <itemDef name="SUDA_CRCFTABLEPKT" type="dn16"><description text="Checksum"/></itemDef>
    </field>
  </frameDef>    

  <frameDef name="suda_ftable" id="0x0588"><description text="Flash Table Dump Packet"/>
    <field>
      <frameCopy name="CCSDSPriHeader" suffix="_ftablePkt"/>
      <frameCopy name="CCSDSSecHeader" suffix="_ftablePkt"/>
      <item name="suda_flashtable_hk_frame"/>
    </field>
  </frameDef>


  <!-- ====================================== -->
  <!-- Science Packet 0 (APID 0x590)          -->
  <!-- ====================================== -->

  <frameDef name="suda_sci0_hk_frame"><description text="Science pkt contents"/>
    <field>
      <itemDef name="SUDA_SCI0AID" type="dn32"><alias namespace="SUDA" value="SCI0AID"/>
        <description text="Application process identifier"/> </itemDef>
      <itemDef name="SUDA_SCI0SPARE0" type="dn32"><alias namespace="SUDA" value=""/>
        <description text=""/> </itemDef>
      <itemDef name="SUDA_SCI0SPARE1" type="dn32"><alias namespace="SUDA" value=""/>
        <description text=""/> </itemDef>
      <itemDef name="SUDA_SCI0SPARE2" type="dn32"><alias namespace="SUDA" value=""/>
        <description text=""/> </itemDef>
      <itemDef name="SUDA_SCI0SPARE3" type="dn32"><alias namespace="SUDA" value=""/>
        <description text=""/> </itemDef>
      <itemDef name="SUDA_SCI0SPARE4" type="dn32"><alias namespace="SUDA" value=""/>
        <description text=""/> </itemDef>
      <itemDef name="SUDA_SCI0SPARE5" type="dn32"><alias namespace="SUDA" value=""/>
        <description text=""/> </itemDef>
      <itemDef name="SUDA_SCI0SPARE6" type="dn32"><alias namespace="SUDA" value=""/>
        <description text=""/> </itemDef>
        
      <!-- In reality, the science data is variable length -->
      <itemDef name="SUDA_SCI0RAW" type="dn32" num="10"><alias namespace="SUDA" value="sci0raw"/>
        <description text=""/> </itemDef>

      <itemDef name="SUDA_SYNCSCI0PKT" type="dn16"> <description text="Sync marker"/></itemDef>
      <itemDef name="SUDA_CRCSCI0PKT" type="dn16"><description text="Checksum"/></itemDef>
    </field>
  </frameDef>    

  <frameDef name="suda_sci0" id="0x0590"><description text="Science #0 Packet"/>
    <field>
      <frameCopy name="CCSDSPriHeader" suffix="_sci0Pkt"/>
      <frameCopy name="CCSDSSecHeader" suffix="_sci0Pkt"/>
      <item name="suda_sci0_hk_frame"/>
    </field>
  </frameDef>


</hydraDef>



