<hydraDef>


<euSegmented name="CSA1TEMP">
		<segment eu="CSA1tempseg1" low="0" high="2044"/>
		<segment eu="CSA1tempseg2" low="2044" high="2050"/>
		<segment eu="CSA1tempseg3" low="2050" high="2099"/>
		<segment eu="CSA1tempseg4" low="2099" high="2299"/>
		<segment eu="CSA1tempseg5" low="2299" high="3814"/>
		<segment eu="CSA1tempseg6" low="3814" high="3994"/>
		<segment eu="CSA1tempseg7" low="3994" high="4041"/>
		<segment eu="CSA1tempseg8" low="4041" high="4095"/>
		<segment eu="CSA1tempseg9" low="4095" high="4096"/>
	</euSegmented>

<typeEU name="CSA1TEMP" size="12" eu="CSA1TEMP" endian="LITTLE"/>

<euPoly name="CSA1tempseg1">
		<description text="segment 1 goes from 0 to 2044 DN"/>
		<coeff index="0" value="-130.0"/>
		<coeff index="1" value="0.00440098"/>
		<coeff index="2" value="0.0"/>
		<coeff index="3" value="0.0"/>
	</euPoly>
	
	
<euPoly name="CSA1tempseg2">
		<description text="segment 2 goes from 2045 to 2050 DN"/>
		<coeff index="0" value="-4543843.5"/>
		<coeff index="1" value="4432.4711"/>
		<coeff index="2" value="-1.0809791"/>
		<coeff index="3" value="0.0"/>
	</euPoly>
	

<euPoly name="CSA1tempseg3">
		<description text="segment 3 goes from 2051 to 2099 DN"/>
		<coeff index="0" value="-1677291.0"/>
		<coeff index="1" value="2400.3668"/>
		<coeff index="2" value="-1.1451923"/>
		<coeff index="3" value="0.0001821353"/>
	</euPoly>


<euPoly name="CSA1tempseg4">
		<description text="segment 4 goes from 2100 to 2299 DN"/>
		<coeff index="0" value="-12768.551"/>
		<coeff index="1" value="16.430963"/>
		<coeff index="2" value="-7.0988275e-3"/>
		<coeff index="3" value="1.0265009e-6"/>
	</euPoly>


<euPoly name="CSA1tempseg5">
		<description text="segment 5 goes from 2300 to 3814 DN"/>
		<coeff index="0" value="-4088.0525"/>
		<coeff index="1" value="6.5131776"/>
		<coeff index="2" value="-0.0042475324"/>
		<coeff index="3" value="1.4001406e-6"/>
		<coeff index="4" value="-2.3213837e-10"/>
		<coeff index="5" value="1.5494804e-14"/>
	</euPoly>


<euPoly name="CSA1tempseg6">
		<description text="segment 6 goes from 3815 to 3994 DN"/>
		<coeff index="0" value="-57341.06"/>
		<coeff index="1" value="45.695102"/>
		<coeff index="2" value="-0.012154636"/>
		<coeff index="3" value="1.079646e-6"/>
	</euPoly>
	
	<typeEU name="CSA1tempseg6EU" size="12" eu="CSA1tempseg6" endian="LITTLE"/>


<euPoly name="CSA1tempseg7">
		<description text="segment 7 goes from 3995 to 4041 DN"/>
		<coeff index="0" value="54971.375"/>
		<coeff index="1" value="-27.782989"/>
		<coeff index="2" value="0.0035139812"/>
		<coeff index="3" value="0.0"/>
	</euPoly>
	
	<typeEU name="CSA1tempseg7EU" size="12" eu="CSA1tempseg7" endian="LITTLE"/>


<euPoly name="CSA1tempseg8">
		<description text="segment 8 goes from 4042 to 4095 DN"/>
		<coeff index="0" value="359154.59"/>
		<coeff index="1" value="-178.27746"/>
		<coeff index="2" value="0.022128246"/>
		<coeff index="3" value="0.0"/>
	</euPoly>
	
	<typeEU name="CSA1tempseg8EU" size="12" eu="CSA1tempseg8" endian="LITTLE"/>


<euPoly name="CSA1tempseg9">
		<description text="defines upper boundary of previous segment"/>
		<coeff index="0" value="0.0"/>
		<coeff index="1" value="1.0"/>
		<coeff index="2" value="0.0"/>
		<coeff index="3" value="0.0"/>
	</euPoly>



<euSegmented name="CSA0TEMP">
		<segment eu="CSA0tempseg1" low="0" high="2044"/>
		<segment eu="CSA0tempseg2" low="2044" high="2050"/>
		<segment eu="CSA0tempseg3" low="2050" high="2099"/>
		<segment eu="CSA0tempseg4" low="2099" high="2299"/>
		<segment eu="CSA0tempseg5" low="2299" high="3814"/>
		<segment eu="CSA0tempseg6" low="3814" high="3994"/>
		<segment eu="CSA0tempseg7" low="3994" high="4041"/>
		<segment eu="CSA0tempseg8" low="4041" high="4095"/>
		<segment eu="CSA0tempseg9" low="4095" high="4096"/>
	</euSegmented>

<typeEU name="CSA0TEMP" size="12" eu="CSA0TEMP" endian="LITTLE"/>


<euPoly name="CSA0tempseg1">
		<description text="segment 1 goes from 0 to 2044 DN"/>
		<coeff index="0" value="-130.0"/>
		<coeff index="1" value="0.00440098"/>
		<coeff index="2" value="0.0"/>
		<coeff index="3" value="0.0"/>
	</euPoly>
	

<euPoly name="CSA0tempseg2">
		<description text="segment 2 goes from 2045 to 2050 DN"/>
		<coeff index="0" value="-4543843.5"/>
		<coeff index="1" value="4432.4711"/>
		<coeff index="2" value="-1.0809791"/>
		<coeff index="3" value="0.0"/>
	</euPoly>


<euPoly name="CSA0tempseg3">
		<description text="segment 3 goes from 2051 to 2099 DN"/>
		<coeff index="0" value="-1677291.0"/>
		<coeff index="1" value="2400.3668"/>
		<coeff index="2" value="-1.1451923"/>
		<coeff index="3" value="0.0001821353"/>
	</euPoly>


<euPoly name="CSA0tempseg4">
		<description text="segment 4 goes from 2100 to 2299 DN"/>
		<coeff index="0" value="-12768.551"/>
		<coeff index="1" value="16.430963"/>
		<coeff index="2" value="-7.0988275e-3"/>
		<coeff index="3" value="1.0265009e-6"/>
	</euPoly>


<euPoly name="CSA0tempseg5">
		<description text="segment 5 goes from 2300 to 3814 DN"/>
		<coeff index="0" value="-4088.0525"/>
		<coeff index="1" value="6.5131776"/>
		<coeff index="2" value="-0.0042475324"/>
		<coeff index="3" value="1.4001406e-6"/>
		<coeff index="4" value="-2.3213837e-10"/>
		<coeff index="5" value="1.5494804e-14"/>
	</euPoly>


<euPoly name="CSA0tempseg6">
		<description text="segment 6 goes from 3815 to 3994 DN"/>
		<coeff index="0" value="-57341.06"/>
		<coeff index="1" value="45.695102"/>
		<coeff index="2" value="-0.012154636"/>
		<coeff index="3" value="1.079646e-6"/>
	</euPoly>


<euPoly name="CSA0tempseg7">
		<description text="segment 7 goes from 3995 to 4041 DN"/>
		<coeff index="0" value="54971.375"/>
		<coeff index="1" value="-27.782989"/>
		<coeff index="2" value="0.0035139812"/>
		<coeff index="3" value="0.0"/>
	</euPoly>


<euPoly name="CSA0tempseg8">
		<description text="segment 8 goes from 4042 to 4095 DN"/>
		<coeff index="0" value="359154.59"/>
		<coeff index="1" value="-178.27746"/>
		<coeff index="2" value="0.022128246"/>
		<coeff index="3" value="0.0"/>
	</euPoly>


<euPoly name="CSA0tempseg9">
		<description text="segment 9 defines upper boundary prev segment"/>
		<coeff index="0" value="0.0"/>
		<coeff index="1" value="1.0"/>
		<coeff index="2" value="0.0"/>
		<coeff index="3" value="0.0"/>
	</euPoly>




<euSegmented name="DETTEMP">
		<segment eu="DETtempseg1" low="0" high="2044"/>
		<segment eu="DETtempseg2" low="2044" high="2050"/>
		<segment eu="DETtempseg3" low="2050" high="2099"/>
		<segment eu="DETtempseg4" low="2099" high="2299"/>
		<segment eu="DETtempseg5" low="2299" high="3814"/>
		<segment eu="DETtempseg6" low="3814" high="3994"/>
		<segment eu="DETtempseg7" low="3994" high="4041"/>
		<segment eu="DETtempseg8" low="4041" high="4095"/>
		<segment eu="DETtempseg9" low="4095" high="4096"/>
	</euSegmented>

<typeEU name="DETTEMP" size="12" eu="DETTEMP" endian="LITTLE"/>


<euPoly name="DETtempseg1">
		<description text="segment 1 goes from 0 to 2044 DN"/>
		<coeff index="0" value="-130.0"/>
		<coeff index="1" value="0.00440098"/>
		<coeff index="2" value="0.0"/>
		<coeff index="3" value="0.0"/>
	</euPoly>
	

<euPoly name="DETtempseg2">
		<description text="segment 2 goes from 2045 to 2050 DN"/>
		<coeff index="0" value="-4543843.5"/>
		<coeff index="1" value="4432.4711"/>
		<coeff index="2" value="-1.0809791"/>
		<coeff index="3" value="0.0"/>
	</euPoly>


<euPoly name="DETtempseg3">
		<description text="segment 3 goes from 2051 to 2099 DN"/>
		<coeff index="0" value="-1677291.0"/>
		<coeff index="1" value="2400.3668"/>
		<coeff index="2" value="-1.1451923"/>
		<coeff index="3" value="0.0001821353"/>
	</euPoly>


<euPoly name="DETtempseg4">
		<description text="segment 4 goes from 2100 to 2299 DN"/>
		<coeff index="0" value="-12768.551"/>
		<coeff index="1" value="16.430963"/>
		<coeff index="2" value="-7.0988275e-3"/>
		<coeff index="3" value="1.0265009e-6"/>
	</euPoly>


<euPoly name="DETtempseg5">
		<description text="segment 5 goes from 2300 to 3814 DN"/>
		<coeff index="0" value="-4088.0525"/>
		<coeff index="1" value="6.5131776"/>
		<coeff index="2" value="-0.0042475324"/>
		<coeff index="3" value="1.4001406e-6"/>
		<coeff index="4" value="-2.3213837e-10"/>
		<coeff index="5" value="1.5494804e-14"/>
	</euPoly>


<euPoly name="DETtempseg6">
		<description text="segment 6 goes from 3815 to 3994 DN"/>
		<coeff index="0" value="-57341.06"/>
		<coeff index="1" value="45.695102"/>
		<coeff index="2" value="-0.012154636"/>
		<coeff index="3" value="1.079646e-6"/>
	</euPoly>


<euPoly name="DETtempseg7">
		<description text="segment 7 goes from 3995 to 4041 DN"/>
		<coeff index="0" value="54971.375"/>
		<coeff index="1" value="-27.782989"/>
		<coeff index="2" value="0.0035139812"/>
		<coeff index="3" value="0.0"/>
	</euPoly>


<euPoly name="DETtempseg8">
		<description text="segment 8 goes from 4042 to 4095 DN"/>
		<coeff index="0" value="359154.59"/>
		<coeff index="1" value="-178.27746"/>
		<coeff index="2" value="0.022128246"/>
		<coeff index="3" value="0.0"/>
	</euPoly>


<euPoly name="DETtempseg9">
		<description text="segment 9 defines upper boundary prev segment"/>
		<coeff index="0" value="0.0"/>
		<coeff index="1" value="1.0"/>
		<coeff index="2" value="0.0"/>
		<coeff index="3" value="0.0"/>
	</euPoly>




<euSegmented name="ITCSAOPSETPT">
		<segment eu="ITCSAOPSETPTseg1" low="0" high="2044"/>
		<segment eu="ITCSAOPSETPTseg2" low="2044" high="2050"/>
		<segment eu="ITCSAOPSETPTseg3" low="2050" high="2099"/>
		<segment eu="ITCSAOPSETPTseg4" low="2099" high="2299"/>
		<segment eu="ITCSAOPSETPTseg5" low="2299" high="3814"/>
		<segment eu="ITCSAOPSETPTseg6" low="3814" high="3994"/>
		<segment eu="ITCSAOPSETPTseg7" low="3994" high="4041"/>
		<segment eu="ITCSAOPSETPTseg8" low="4041" high="4095"/>
		<segment eu="ITCSAOPSETPTseg9" low="4095" high="4096"/>
	</euSegmented>

<typeEU name="ITCSAOPSETPT" size="12" eu="ITCSAOPSETPT" endian="LITTLE"/>


<euPoly name="ITCSAOPSETPTseg1">
		<description text="segment 1 goes from 0 to 2044 DN"/>
		<coeff index="0" value="-130.0"/>
		<coeff index="1" value="0.00440098"/>
		<coeff index="2" value="0.0"/>
		<coeff index="3" value="0.0"/>
	</euPoly>
	

<euPoly name="ITCSAOPSETPTseg2">
		<description text="segment 2 goes from 2045 to 2050 DN"/>
		<coeff index="0" value="-4543843.5"/>
		<coeff index="1" value="4432.4711"/>
		<coeff index="2" value="-1.0809791"/>
		<coeff index="3" value="0.0"/>
	</euPoly>


<euPoly name="ITCSAOPSETPTseg3">
		<description text="segment 3 goes from 2051 to 2099 DN"/>
		<coeff index="0" value="-1677291.0"/>
		<coeff index="1" value="2400.3668"/>
		<coeff index="2" value="-1.1451923"/>
		<coeff index="3" value="0.0001821353"/>
	</euPoly>
	

<euPoly name="ITCSAOPSETPTseg4">
		<description text="segment 4 goes from 2100 to 2299 DN"/>
		<coeff index="0" value="-12768.551"/>
		<coeff index="1" value="16.430963"/>
		<coeff index="2" value="-7.0988275e-3"/>
		<coeff index="3" value="1.0265009e-6"/>
	</euPoly>
	

<euPoly name="ITCSAOPSETPTseg5">
		<description text="segment 5 goes from 2300 to 3814 DN"/>
		<coeff index="0" value="-4088.0525"/>
		<coeff index="1" value="6.5131776"/>
		<coeff index="2" value="-0.0042475324"/>
		<coeff index="3" value="1.4001406e-6"/>
		<coeff index="4" value="-2.3213837e-10"/>
		<coeff index="5" value="1.5494804e-14"/>
	</euPoly>


<euPoly name="ITCSAOPSETPTseg6">
		<description text="segment 6 goes from 3815 to 3994 DN"/>
		<coeff index="0" value="-57341.06"/>
		<coeff index="1" value="45.695102"/>
		<coeff index="2" value="-0.012154636"/>
		<coeff index="3" value="1.079646e-6"/>
	</euPoly>


<euPoly name="ITCSAOPSETPTseg7">
		<description text="segment 7 goes from 3995 to 4041 DN"/>
		<coeff index="0" value="54971.375"/>
		<coeff index="1" value="-27.782989"/>
		<coeff index="2" value="0.0035139812"/>
		<coeff index="3" value="0.0"/>
	</euPoly>
	

<euPoly name="ITCSAOPSETPTseg8">
		<description text="segment 8 goes from 4042 to 4095 DN"/>
		<coeff index="0" value="359154.59"/>
		<coeff index="1" value="-178.27746"/>
		<coeff index="2" value="0.022128246"/>
		<coeff index="3" value="0.0"/>
	</euPoly>


<euPoly name="ITCSAOPSETPTseg9">
		<description text="segment 9 defines upper boundary prev segment"/>
		<coeff index="0" value="0.0"/>
		<coeff index="1" value="1.0"/>
		<coeff index="2" value="0.0"/>
		<coeff index="3" value="0.0"/>
	</euPoly>




<euSegmented name="VCSAOPSETPT">
		<segment eu="VCSAOPSETPTseg1" low="0" high="2044"/>
		<segment eu="VCSAOPSETPTseg2" low="2044" high="2050"/>
		<segment eu="VCSAOPSETPTseg3" low="2050" high="2099"/>
		<segment eu="VCSAOPSETPTseg4" low="2099" high="2299"/>
		<segment eu="VCSAOPSETPTseg5" low="2299" high="3814"/>
		<segment eu="VCSAOPSETPTseg6" low="3814" high="3994"/>
		<segment eu="VCSAOPSETPTseg7" low="3994" high="4041"/>
		<segment eu="VCSAOPSETPTseg8" low="4041" high="4095"/>
		<segment eu="VCSAOPSETPTseg9" low="4095" high="4096"/>
	</euSegmented>

<typeEU name="VCSAOPSETPT" size="12" eu="VCSAOPSETPT" endian="LITTLE"/>


<euPoly name="VCSAOPSETPTseg1">
		<description text="segment 1 goes from 0 to 2044 DN"/>
		<coeff index="0" value="-130.0"/>
		<coeff index="1" value="0.00440098"/>
		<coeff index="2" value="0.0"/>
		<coeff index="3" value="0.0"/>
	</euPoly>


<euPoly name="VCSAOPSETPTseg2">
		<description text="segment 2 goes from 2045 to 2050 DN"/>
		<coeff index="0" value="-4543843.5"/>
		<coeff index="1" value="4432.4711"/>
		<coeff index="2" value="-1.0809791"/>
		<coeff index="3" value="0.0"/>
	</euPoly>


<euPoly name="VCSAOPSETPTseg3">
		<description text="segment 3 goes from 2051 to 2099 DN"/>
		<coeff index="0" value="-1677291.0"/>
		<coeff index="1" value="2400.3668"/>
		<coeff index="2" value="-1.1451923"/>
		<coeff index="3" value="0.0001821353"/>
	</euPoly>


<euPoly name="VCSAOPSETPTseg4">
		<description text="segment 4 goes from 2100 to 2299 DN"/>
		<coeff index="0" value="-12768.551"/>
		<coeff index="1" value="16.430963"/>
		<coeff index="2" value="-7.0988275e-3"/>
		<coeff index="3" value="1.0265009e-6"/>
	</euPoly>


<euPoly name="VCSAOPSETPTseg5">
		<description text="segment 5 goes from 2300 to 3814 DN"/>
		<coeff index="0" value="-4088.0525"/>
		<coeff index="1" value="6.5131776"/>
		<coeff index="2" value="-0.0042475324"/>
		<coeff index="3" value="1.4001406e-6"/>
		<coeff index="4" value="-2.3213837e-10"/>
		<coeff index="5" value="1.5494804e-14"/>
	</euPoly>


<euPoly name="VCSAOPSETPTseg6">
		<description text="segment 6 goes from 3815 to 3994 DN"/>
		<coeff index="0" value="-57341.06"/>
		<coeff index="1" value="45.695102"/>
		<coeff index="2" value="-0.012154636"/>
		<coeff index="3" value="1.079646e-6"/>
	</euPoly>


<euPoly name="VCSAOPSETPTseg7">
		<description text="segment 7 goes from 3995 to 4041 DN"/>
		<coeff index="0" value="54971.375"/>
		<coeff index="1" value="-27.782989"/>
		<coeff index="2" value="0.0035139812"/>
		<coeff index="3" value="0.0"/>
	</euPoly>


<euPoly name="VCSAOPSETPTseg8">
		<description text="segment 8 goes from 4042 to 4095 DN"/>
		<coeff index="0" value="359154.59"/>
		<coeff index="1" value="-178.27746"/>
		<coeff index="2" value="0.022128246"/>
		<coeff index="3" value="0.0"/>
	</euPoly>


<euPoly name="VCSAOPSETPTseg9">
		<description text="segment 9 defines upper boundary prev segment"/>
		<coeff index="0" value="0.0"/>
		<coeff index="1" value="1.0"/>
		<coeff index="2" value="0.0"/>
		<coeff index="3" value="0.0"/>
	</euPoly>



<euSegmented name="DETOPSETPT">
		<segment eu="DETOPSETPTseg1" low="0" high="2044"/>
		<segment eu="DETOPSETPTseg2" low="2044" high="2050"/>
		<segment eu="DETOPSETPTseg3" low="2050" high="2099"/>
		<segment eu="DETOPSETPTseg4" low="2099" high="2299"/>
		<segment eu="DETOPSETPTseg5" low="2299" high="3814"/>
		<segment eu="DETOPSETPTseg6" low="3814" high="3994"/>
		<segment eu="DETOPSETPTseg7" low="3994" high="4041"/>
		<segment eu="DETOPSETPTseg8" low="4041" high="4095"/>
		<segment eu="DETOPSETPTseg9" low="4095" high="4096"/>
	</euSegmented>

<typeEU name="DETOPSETPT" size="12" eu="DETOPSETPT" endian="LITTLE"/>

<euPoly name="DETOPSETPTseg1">
		<description text="segment 1 goes from 0 to 2044 DN"/>
		<coeff index="0" value="-130.0"/>
		<coeff index="1" value="0.00440098"/>
		<coeff index="2" value="0.0"/>
		<coeff index="3" value="0.0"/>
	</euPoly>


<euPoly name="DETOPSETPTseg2">
		<description text="segment 2 goes from 2045 to 2050 DN"/>
		<coeff index="0" value="-4543843.5"/>
		<coeff index="1" value="4432.4711"/>
		<coeff index="2" value="-1.0809791"/>
		<coeff index="3" value="0.0"/>
	</euPoly>


<euPoly name="DETOPSETPTseg3">
		<description text="segment 3 goes from 2051 to 2099 DN"/>
		<coeff index="0" value="-1677291.0"/>
		<coeff index="1" value="2400.3668"/>
		<coeff index="2" value="-1.1451923"/>
		<coeff index="3" value="0.0001821353"/>
	</euPoly>


<euPoly name="DETOPSETPTseg4">
		<description text="segment 4 goes from 2100 to 2299 DN"/>
		<coeff index="0" value="-12768.551"/>
		<coeff index="1" value="16.430963"/>
		<coeff index="2" value="-7.0988275e-3"/>
		<coeff index="3" value="1.0265009e-6"/>
	</euPoly>


<euPoly name="DETOPSETPTseg5">
		<description text="segment 5 goes from 2300 to 3814 DN"/>
		<coeff index="0" value="-4088.0525"/>
		<coeff index="1" value="6.5131776"/>
		<coeff index="2" value="-0.0042475324"/>
		<coeff index="3" value="1.4001406e-6"/>
		<coeff index="4" value="-2.3213837e-10"/>
		<coeff index="5" value="1.5494804e-14"/>
	</euPoly>


<euPoly name="DETOPSETPTseg6">
		<description text="segment 6 goes from 3815 to 3994 DN"/>
		<coeff index="0" value="-57341.06"/>
		<coeff index="1" value="45.695102"/>
		<coeff index="2" value="-0.012154636"/>
		<coeff index="3" value="1.079646e-6"/>
	</euPoly>


<euPoly name="DETOPSETPTseg7">
		<description text="segment 7 goes from 3995 to 4041 DN"/>
		<coeff index="0" value="54971.375"/>
		<coeff index="1" value="-27.782989"/>
		<coeff index="2" value="0.0035139812"/>
		<coeff index="3" value="0.0"/>
	</euPoly>


<euPoly name="DETOPSETPTseg8">
		<description text="segment 8 goes from 4042 to 4095 DN"/>
		<coeff index="0" value="359154.59"/>
		<coeff index="1" value="-178.27746"/>
		<coeff index="2" value="0.022128246"/>
		<coeff index="3" value="0.0"/>
	</euPoly>


<euPoly name="DETOPSETPTseg9">
		<description text="segment 9 defines upper boundary prev segment"/>
		<coeff index="0" value="0.0"/>
		<coeff index="1" value="1.0"/>
		<coeff index="2" value="0.0"/>
		<coeff index="3" value="0.0"/>
	</euPoly>



<euSegmented name="LVPSBDTEMP">
		<segment eu="LVPSBDtempseg1" low="0" high="2090"/>
		<segment eu="LVPSBDtempseg2" low="2090" high="3868"/>
		<segment eu="LVPSBDtempseg3" low="3868" high="4050"/>
		<segment eu="LVPSBDtempseg4" low="4050" high="4075"/>
		<segment eu="LVPSBDtempseg5" low="4075" high="4095"/>
		<segment eu="LVPSBDtempseg6" low="4095" high="4096"/>
	</euSegmented>

<typeEU name="LVPSBDTEMP" size="12" eu="LVPSBDTEMP" endian="LITTLE"/>


<euPoly name="LVPSBDtempseg1">
		<description text="segment 1 goes from 0 to 2090 DN"/>
		<coeff index="0" value="200.41374"/>
		<coeff index="1" value="-0.202063987"/>
		<coeff index="2" value="1.7540301e-4"/>
		<coeff index="3" value="-9.7395475e-8"/>
		<coeff index="4" value="2.8889322e-11"/>
		<coeff index="5" value="-3.5456032e-15"/>
	</euPoly>


<euPoly name="LVPSBDtempseg2">
		<description text="segment 2 goes from 2091 to 3868 DN"/>
		<coeff index="0" value="1193.93"/>
		<coeff index="1" value="-1.97726"/>
		<coeff index="2" value="0.0014106"/>
		<coeff index="3" value="-5.07894e-7"/>
		<coeff index="4" value="9.11987e-11"/>
		<coeff index="5" value="-6.55229e-15"/>
	</euPoly>


<euPoly name="LVPSBDtempseg3">
		<description text="segment 3 goes from 3869 to 4050 DN"/>
		<coeff index="0" value="170704.73"/>
		<coeff index="1" value="-131.19806"/>
		<coeff index="2" value="3.3637418e-2"/>
		<coeff index="3" value="-2.8770114e-6"/>
	</euPoly>


<euPoly name="LVPSBDtempseg4">
		<description text="segment 4 goes from 4051 to 4075 DN"/>
		<coeff index="0" value="-104713.89"/>
		<coeff index="1" value="52.02446"/>
		<coeff index="2" value="-0.0064633745"/>
	</euPoly>


<euPoly name="LVPSBDtempseg5">
		<description text="segment 5 goes from 4076 to 4095 DN"/>
		<coeff index="0" value="-419086.28"/>
		<coeff index="1" value="206.46236"/>
		<coeff index="2" value="-0.025430565"/>
	</euPoly>


<euPoly name="LVPSBDtempseg6">
		<description text="segment 6 defines upper boundary"/>
		<coeff index="0" value="0.0"/>
		<coeff index="1" value="1.0"/>
		<coeff index="2" value="0.0"/>
		<coeff index="3" value="0.0"/>
	</euPoly>



<euSegmented name="HVPSBDTEMP">
		<segment eu="HVPSBDtempseg1" low="0" high="2090"/>
		<segment eu="HVPSBDtempseg2" low="2090" high="3868"/>
		<segment eu="HVPSBDtempseg3" low="3868" high="4050"/>
		<segment eu="HVPSBDtempseg4" low="4050" high="4075"/>
		<segment eu="HVPSBDtempseg5" low="4075" high="4095"/>
		<segment eu="HVPSBDtempseg6" low="4095" high="4096"/>
	</euSegmented>

<typeEU name="HVPSBDTEMP" size="12" eu="HVPSBDTEMP" endian="LITTLE"/>


<euPoly name="HVPSBDtempseg1">
		<description text="segment 1 goes from 0 to 2090 DN"/>
		<coeff index="0" value="200.41374"/>
		<coeff index="1" value="-0.202063987"/>
		<coeff index="2" value="1.7540301e-4"/>
		<coeff index="3" value="-9.7395475e-8"/>
		<coeff index="4" value="2.8889322e-11"/>
		<coeff index="5" value="-3.5456032e-15"/>
	</euPoly>


<euPoly name="HVPSBDtempseg2">
		<description text="segment 2 goes from 2091 to 3868 DN"/>
		<coeff index="0" value="1193.93"/>
		<coeff index="1" value="-1.97726"/>
		<coeff index="2" value="0.0014106"/>
		<coeff index="3" value="-5.07894e-7"/>
		<coeff index="4" value="9.11987e-11"/>
		<coeff index="5" value="-6.55229e-15"/>
	</euPoly>


<euPoly name="HVPSBDtempseg3">
		<description text="segment 3 goes from 3869 to 4050 DN"/>
		<coeff index="0" value="170704.73"/>
		<coeff index="1" value="-131.19806"/>
		<coeff index="2" value="3.3637418e-2"/>
		<coeff index="3" value="-2.8770114e-6"/>
	</euPoly>


<euPoly name="HVPSBDtempseg4">
		<description text="segment 4 goes from 4051 to 4075 DN"/>
		<coeff index="0" value="-104713.89"/>
		<coeff index="1" value="52.02446"/>
		<coeff index="2" value="-0.0064633745"/>
	</euPoly>


<euPoly name="HVPSBDtempseg5">
		<description text="segment 5 goes from 4076 to 4095 DN"/>
		<coeff index="0" value="-419086.28"/>
		<coeff index="1" value="206.46236"/>
		<coeff index="2" value="-0.025430565"/>
	</euPoly>


<euPoly name="HVPSBDtempseg6">
		<description text="segment 6 defines upper boundary"/>
		<coeff index="0" value="0.0"/>
		<coeff index="1" value="1.0"/>
		<coeff index="2" value="0.0"/>
		<coeff index="3" value="0.0"/>
	</euPoly>




<euSegmented name="PROCBDTEMP">
		<segment eu="PROCBDtempseg1" low="0" high="2062"/>
		<segment eu="PROCBDtempseg2" low="2062" high="3852"/>
		<segment eu="PROCBDtempseg3" low="3852" high="4050"/>
		<segment eu="PROCBDtempseg4" low="4050" high="4078"/>
		<segment eu="PROCBDtempseg5" low="4078" high="4095"/>
		<segment eu="PROCBDtempseg6" low="4095" high="4096"/>
	</euSegmented>

<typeEU name="PROCBDTEMP" size="12" eu="PROCBDTEMP" endian="LITTLE"/>


<euPoly name="PROCBDtempseg1">
		<description text="segment 1 goes from 0 to 2062 DN"/>
		<coeff index="0" value="162.82764"/>
		<coeff index="1" value="-0.26686868"/>
		<coeff index="2" value="3.323794e-4"/>
		<coeff index="3" value="-2.4315299e-7"/>
		<coeff index="4" value="9.0345318e-11"/>
		<coeff index="5" value="-1.3277352e-14"/>
	</euPoly>


<euPoly name="PROCBDtempseg2">
		<description text="segment 2 goes from 2063 to 3852 DN"/>
		<coeff index="0" value="714.21239"/>
		<coeff index="1" value="-1.1940107"/>
		<coeff index="2" value="8.5990937e-4"/>
		<coeff index="3" value="-3.1452664e-7"/>
		<coeff index="4" value="5.7454164e-11"/>
		<coeff index="5" value="-4.2082309e-15"/>
	</euPoly>


<euPoly name="PROCBDtempseg3">
		<description text="segment 3 goes from 3853 to 4050 DN"/>
		<coeff index="0" value="136881.23"/>
		<coeff index="1" value="-105.46444"/>
		<coeff index="2" value="0.027102811"/>
		<coeff index="3" value="-2.3235431e-6"/>
	</euPoly>


<euPoly name="PROCBDtempseg4">
		<description text="segment 4 goes from 4051 to 4078 DN"/>
		<coeff index="0" value="-100809.92"/>
		<coeff index="1" value="50.038087"/>
		<coeff index="2" value="-0.0062120904"/>
	</euPoly>


<euPoly name="PROCBDtempseg5">
		<description text="segment 5 goes from 4079 to 4095 DN"/>
		<coeff index="0" value="-1320220.6"/>
		<coeff index="1" value="647.69771"/>
		<coeff index="2" value="-0.079443616"/>
	</euPoly>


<euPoly name="PROCBDtempseg6">
		<description text="segment 6 defines upper boundary"/>
		<coeff index="0" value="0.0"/>
		<coeff index="1" value="1.0"/>
		<coeff index="2" value="0.0"/>
		<coeff index="3" value="0.0"/>
	</euPoly>




<euSegmented name="PROCADCTEMP">
		<segment eu="PROCADCtempseg1" low="0" high="2062"/>
		<segment eu="PROCADCtempseg2" low="2062" high="3852"/>
		<segment eu="PROCADCtempseg3" low="3852" high="4050"/>
		<segment eu="PROCADCtempseg4" low="4050" high="4078"/>
		<segment eu="PROCADCtempseg5" low="4078" high="4095"/>
		<segment eu="PROCADCtempseg6" low="4095" high="4096"/>
	</euSegmented>

<typeEU name="PROCADCTEMP" size="12" eu="PROCADCTEMP" endian="LITTLE"/>


<euPoly name="PROCADCtempseg1">
		<description text="segment 1 goes from 0 to 2062 DN"/>
		<coeff index="0" value="162.82764"/>
		<coeff index="1" value="-0.26686868"/>
		<coeff index="2" value="3.323794e-4"/>
		<coeff index="3" value="-2.4315299e-7"/>
		<coeff index="4" value="9.0345318e-11"/>
		<coeff index="5" value="-1.3277352e-14"/>
	</euPoly>


<euPoly name="PROCADCtempseg2">
		<description text="segment 2 goes from 2063 to 3852 DN"/>
		<coeff index="0" value="714.21239"/>
		<coeff index="1" value="-1.1940107"/>
		<coeff index="2" value="8.5990937e-4"/>
		<coeff index="3" value="-3.1452664e-7"/>
		<coeff index="4" value="5.7454164e-11"/>
		<coeff index="5" value="-4.2082309e-15"/>
	</euPoly>


<euPoly name="PROCADCtempseg3">
		<description text="segment 3 goes from 3853 to 4050 DN"/>
		<coeff index="0" value="136881.23"/>
		<coeff index="1" value="-105.46444"/>
		<coeff index="2" value="0.027102811"/>
		<coeff index="3" value="-2.3235431e-6"/>
	</euPoly>


<euPoly name="PROCADCtempseg4">
		<description text="segment 4 goes from 4051 to 4078 DN"/>
		<coeff index="0" value="-100809.92"/>
		<coeff index="1" value="50.038087"/>
		<coeff index="2" value="-0.0062120904"/>
	</euPoly>


<euPoly name="PROCADCtempseg5">
		<description text="segment 5 goes from 4079 to 4095 DN"/>
		<coeff index="0" value="-1320220.6"/>
		<coeff index="1" value="647.69771"/>
		<coeff index="2" value="-0.079443616"/>
	</euPoly>


<euPoly name="PROCADCtempseg6">
		<description text="segment 6 defines upper boundary"/>
		<coeff index="0" value="0.0"/>
		<coeff index="1" value="1.0"/>
		<coeff index="2" value="0.0"/>
		<coeff index="3" value="0.0"/>
	</euPoly>



<euSegmented name="CMD_CFGHTR">
		<segment eu="CMD_CFGHTRseg1" low="-130.0" high="-121.0044"/>
		<segment eu="CMD_CFGHTRseg2" low="-121.0044" high="-92.41"/>
		<segment eu="CMD_CFGHTRseg3" low="-92.41" high="-63.96"/>
		<segment eu="CMD_CFGHTRseg4" low="-63.96" high="-40.76"/>
		<segment eu="CMD_CFGHTRseg5" low="-40.76" high="-30.76"/>
		<segment eu="CMD_CFGHTRseg6" low="-30.76" high="60.86"/>
		<segment eu="CMD_CFGHTRseg7" low="60.86" high="82.51"/>
		<segment eu="CMD_CFGHTRseg8" low="82.51" high="177.5"/>
	</euSegmented>

<typeEU name="CMD_CFGHTR" size="12" eu="CMD_CFGHTR" endian="LITTLE"/>


<euPoly name="CMD_CFGHTRseg1">
		<description text="segment 1 goes from -130.0C to -121.0044C"/>
		<coeff index="0" value="-1320220.6"/>
		<coeff index="1" value="647.69771"/>
		<coeff index="2" value="-0.079443616"/>
	</euPoly>


<euPoly name="CMD_CFGHTRseg2">
		<description text="segment 2 goes from -121.72C to -92.41C"/>
		<coeff index="0" value="2118.5"/>
		<coeff index="1" value="1.1921"/>
		<coeff index="2" value="0.00483875"/>
	</euPoly>


<euPoly name="CMD_CFGHTRseg3">
		<description text="segment 3 goes from -90.0C to -63.96C"/>
		<coeff index="0" value="4331.48"/>
		<coeff index="1" value="81.0665"/>
		<coeff index="2" value="0.973502"/>
		<coeff index="3" value="0.00393821"/>
	</euPoly>


<euPoly name="CMD_CFGHTRseg4">
		<description text="segment 4 goes from -62.93C to -40.76C"/>
		<coeff index="0" value="4154.31"/>
		<coeff index="1" value="86.0914"/>
		<coeff index="2" value="1.26519"/>
		<coeff index="3" value="0.0066097"/>
	</euPoly>


<euPoly name="CMD_CFGHTRseg5">
		<description text="segment 5 goes from -40.56C to -30.76C"/>
		<coeff index="0" value="3279.17"/>
		<coeff index="1" value="25.0514"/>
		<coeff index="2" value="-0.204476"/>
		<coeff index="3" value="-0.0043274"/>
		<coeff index="4" value="0.000068212"/>
		<coeff index="5" value="0.000000891543"/>
	</euPoly>


<euPoly name="CMD_CFGHTRseg6">
		<description text="segment 6 goes from 31.11 to 60.86C"/>
		<coeff index="0" value="3213.25"/>
		<coeff index="1" value="30.9149"/>
		<coeff index="2" value="-0.449583"/>
		<coeff index="3" value="0.00250683"/>
	</euPoly>


<euPoly name="CMD_CFGHTRseg7">
		<description text="segment 7 goes from 61.56 to 82.51C"/>
		<coeff index="0" value="3678.85"/>
		<coeff index="1" value="7.38443"/>
		<coeff index="2" value="-0.0363704"/>
	</euPoly>


<euPoly name="CMD_CFGHTRseg8">
		<description text="segment 8 goes from 83.16 to 177.5C"/>
		<coeff index="0" value="3948.21"/>
		<coeff index="1" value="1.45898"/>
		<coeff index="2" value="-0.00361221"/>
	</euPoly>



</hydraDef>

