<!-- IDEX-specific file to define IDEX-specific commands -->

<hydraDef>

  <!-- This version for Hydra only -->
  <!-- OASIS-CC not able to handle this command's "binary input" with XTCE tool -->
  <command name="IDX_cmd_loadmem4" decoder="cmdItfDecoder">
    <description text="Load data to the scratchpad at specified offset"/>
    <field>
      <opcode value="0xCCCB" type="dn16"/>
      <argument id="offset" type="dn32" default="0"><description text="Starting offset within scratchpad, in bytes"/></argument>
      <argument id="data" type="dn8" num="4" default="[0|0]"/>
      <itemDef name="loadmem4_pad" type="dn16" value="0"/>
    </field>
  </command>
    <alias name="loadmem4" command="IDX_cmd_loadmem4"/>

  <command name="IDX_cmd_loadmem512" decoder="cmdItfDecoder">
    <description text="Load data to the scratchpad at specified offset"/>
    <field>
      <opcode value="0xCCCB" type="dn16"/>
      <argument id="offset" type="dn32" default="0"><description text="Starting offset within scratchpad, in bytes"/></argument>
      <argument id="data" type="dn8" num="512" default="[0|0]"/>
      <itemDef name="loadmem512_pad" type="dn16" value="0"/>
    </field>
  </command>
  <alias name="loadmem512" command="IDX_cmd_loadmem512"/>
   
  <command name="IDX_cmd_loadmem512slow" decoder="cmdItfDecoder">
    <description text="Load data to the scratchpad at specified offset"/> 
    <field>
      <opcode value="0xCCCB" type="dn16"/>
      <argument id="offset" type="dn32" default="0"><description text="Starting offset within scratchpad, in bytes"/></argument>
      <argument id="data" type="dn8" num="512" default="[0|0]"/>
      <itemDef name="loadmem512slow_pad" type="dn16" value="0"/>
    </field>
  </command>
  <alias name="loadmem512slow" command="IDX_cmd_loadmem512slow"/>

  <senderFile name="loadmem4_sender" frame="IDX_cmd_loadmem4" interval="250" fileType="bin" addr="offset" buffer="data"></senderFile>
  <senderFile name="loadmem512_sender" frame="IDX_cmd_loadmem512" interval="250" fileType="bin" addr="offset" buffer="data"></senderFile>
  <senderFile name="loadmem512slow_sender" frame="IDX_cmd_loadmem512slow" interval="500" fileType="bin" addr="offset" buffer="data"></senderFile>

  <!-- This version for OASIS-CC only, has no alias for Hydra -->
  <command name="IDX_cmd_loadmem" decoder="cmdItfDecoder">
    <description text="Load data to the scratchpad at specified offset"/>
    <ancillaryDataSet>
      <ancillaryData name="safetyLevel"></ancillaryData>
      <ancillaryData name="constraints"></ancillaryData>
      <ancillaryData name="target"></ancillaryData>
      <ancillaryData name="telemetryResponse"></ancillaryData>
    </ancillaryDataSet>
    <field>
      <opcode value="0xCCCB" type="dn16"/>
      <argument id="offset" type="dn32" default="0"><description text="Starting offset within scratchpad, in bytes"/></argument>
      <argument id="data000" type="dn8" default="0"><description text=""/></argument>
      <argument id="data001" type="dn8" default="0"><description text=""/></argument>
      <argument id="data002" type="dn8" default="0"><description text=""/></argument>
      <argument id="data003" type="dn8" default="0"><description text=""/></argument>
      <argument id="data004" type="dn8" default="0"><description text=""/></argument>
      <argument id="data005" type="dn8" default="0"><description text=""/></argument>
      <argument id="data006" type="dn8" default="0"><description text=""/></argument>
      <argument id="data007" type="dn8" default="0"><description text=""/></argument>
      <argument id="data008" type="dn8" default="0"><description text=""/></argument>
      <argument id="data009" type="dn8" default="0"><description text=""/></argument>
      <argument id="data00A" type="dn8" default="0"><description text=""/></argument>
      <argument id="data00B" type="dn8" default="0"><description text=""/></argument>
      <argument id="data00C" type="dn8" default="0"><description text=""/></argument>
      <argument id="data00D" type="dn8" default="0"><description text=""/></argument>
      <argument id="data00E" type="dn8" default="0"><description text=""/></argument>
      <argument id="data00F" type="dn8" default="0"><description text=""/></argument>
      <argument id="data010" type="dn8" default="0"><description text=""/></argument>
      <argument id="data011" type="dn8" default="0"><description text=""/></argument>
      <argument id="data012" type="dn8" default="0"><description text=""/></argument>
      <argument id="data013" type="dn8" default="0"><description text=""/></argument>
      <argument id="data014" type="dn8" default="0"><description text=""/></argument>
      <argument id="data015" type="dn8" default="0"><description text=""/></argument>
      <argument id="data016" type="dn8" default="0"><description text=""/></argument>
      <argument id="data017" type="dn8" default="0"><description text=""/></argument>
      <argument id="data018" type="dn8" default="0"><description text=""/></argument>
      <argument id="data019" type="dn8" default="0"><description text=""/></argument>
      <argument id="data01A" type="dn8" default="0"><description text=""/></argument>
      <argument id="data01B" type="dn8" default="0"><description text=""/></argument>
      <argument id="data01C" type="dn8" default="0"><description text=""/></argument>
      <argument id="data01D" type="dn8" default="0"><description text=""/></argument>
      <argument id="data01E" type="dn8" default="0"><description text=""/></argument>
      <argument id="data01F" type="dn8" default="0"><description text=""/></argument>
      <argument id="data020" type="dn8" default="0"><description text=""/></argument>
      <argument id="data021" type="dn8" default="0"><description text=""/></argument>
      <argument id="data022" type="dn8" default="0"><description text=""/></argument>
      <argument id="data023" type="dn8" default="0"><description text=""/></argument>
      <argument id="data024" type="dn8" default="0"><description text=""/></argument>
      <argument id="data025" type="dn8" default="0"><description text=""/></argument>
      <argument id="data026" type="dn8" default="0"><description text=""/></argument>
      <argument id="data027" type="dn8" default="0"><description text=""/></argument>
      <argument id="data028" type="dn8" default="0"><description text=""/></argument>
      <argument id="data029" type="dn8" default="0"><description text=""/></argument>
      <argument id="data02A" type="dn8" default="0"><description text=""/></argument>
      <argument id="data02B" type="dn8" default="0"><description text=""/></argument>
      <argument id="data02C" type="dn8" default="0"><description text=""/></argument>
      <argument id="data02D" type="dn8" default="0"><description text=""/></argument>
      <argument id="data02E" type="dn8" default="0"><description text=""/></argument>
      <argument id="data02F" type="dn8" default="0"><description text=""/></argument>
      <argument id="data030" type="dn8" default="0"><description text=""/></argument>
      <argument id="data031" type="dn8" default="0"><description text=""/></argument>
      <argument id="data032" type="dn8" default="0"><description text=""/></argument>
      <argument id="data033" type="dn8" default="0"><description text=""/></argument>
      <argument id="data034" type="dn8" default="0"><description text=""/></argument>
      <argument id="data035" type="dn8" default="0"><description text=""/></argument>
      <argument id="data036" type="dn8" default="0"><description text=""/></argument>
      <argument id="data037" type="dn8" default="0"><description text=""/></argument>
      <argument id="data038" type="dn8" default="0"><description text=""/></argument>
      <argument id="data039" type="dn8" default="0"><description text=""/></argument>
      <argument id="data03A" type="dn8" default="0"><description text=""/></argument>
      <argument id="data03B" type="dn8" default="0"><description text=""/></argument>
      <argument id="data03C" type="dn8" default="0"><description text=""/></argument>
      <argument id="data03D" type="dn8" default="0"><description text=""/></argument>
      <argument id="data03E" type="dn8" default="0"><description text=""/></argument>
      <argument id="data03F" type="dn8" default="0"><description text=""/></argument>
      <argument id="data040" type="dn8" default="0"><description text=""/></argument>
      <argument id="data041" type="dn8" default="0"><description text=""/></argument>
      <argument id="data042" type="dn8" default="0"><description text=""/></argument>
      <argument id="data043" type="dn8" default="0"><description text=""/></argument>
      <argument id="data044" type="dn8" default="0"><description text=""/></argument>
      <argument id="data045" type="dn8" default="0"><description text=""/></argument>
      <argument id="data046" type="dn8" default="0"><description text=""/></argument>
      <argument id="data047" type="dn8" default="0"><description text=""/></argument>
      <argument id="data048" type="dn8" default="0"><description text=""/></argument>
      <argument id="data049" type="dn8" default="0"><description text=""/></argument>
      <argument id="data04A" type="dn8" default="0"><description text=""/></argument>
      <argument id="data04B" type="dn8" default="0"><description text=""/></argument>
      <argument id="data04C" type="dn8" default="0"><description text=""/></argument>
      <argument id="data04D" type="dn8" default="0"><description text=""/></argument>
      <argument id="data04E" type="dn8" default="0"><description text=""/></argument>
      <argument id="data04F" type="dn8" default="0"><description text=""/></argument>
      <argument id="data050" type="dn8" default="0"><description text=""/></argument>
      <argument id="data051" type="dn8" default="0"><description text=""/></argument>
      <argument id="data052" type="dn8" default="0"><description text=""/></argument>
      <argument id="data053" type="dn8" default="0"><description text=""/></argument>
      <argument id="data054" type="dn8" default="0"><description text=""/></argument>
      <argument id="data055" type="dn8" default="0"><description text=""/></argument>
      <argument id="data056" type="dn8" default="0"><description text=""/></argument>
      <argument id="data057" type="dn8" default="0"><description text=""/></argument>
      <argument id="data058" type="dn8" default="0"><description text=""/></argument>
      <argument id="data059" type="dn8" default="0"><description text=""/></argument>
      <argument id="data05A" type="dn8" default="0"><description text=""/></argument>
      <argument id="data05B" type="dn8" default="0"><description text=""/></argument>
      <argument id="data05C" type="dn8" default="0"><description text=""/></argument>
      <argument id="data05D" type="dn8" default="0"><description text=""/></argument>
      <argument id="data05E" type="dn8" default="0"><description text=""/></argument>
      <argument id="data05F" type="dn8" default="0"><description text=""/></argument>
      <argument id="data060" type="dn8" default="0"><description text=""/></argument>
      <argument id="data061" type="dn8" default="0"><description text=""/></argument>
      <argument id="data062" type="dn8" default="0"><description text=""/></argument>
      <argument id="data063" type="dn8" default="0"><description text=""/></argument>
      <argument id="data064" type="dn8" default="0"><description text=""/></argument>
      <argument id="data065" type="dn8" default="0"><description text=""/></argument>
      <argument id="data066" type="dn8" default="0"><description text=""/></argument>
      <argument id="data067" type="dn8" default="0"><description text=""/></argument>
      <argument id="data068" type="dn8" default="0"><description text=""/></argument>
      <argument id="data069" type="dn8" default="0"><description text=""/></argument>
      <argument id="data06A" type="dn8" default="0"><description text=""/></argument>
      <argument id="data06B" type="dn8" default="0"><description text=""/></argument>
      <argument id="data06C" type="dn8" default="0"><description text=""/></argument>
      <argument id="data06D" type="dn8" default="0"><description text=""/></argument>
      <argument id="data06E" type="dn8" default="0"><description text=""/></argument>
      <argument id="data06F" type="dn8" default="0"><description text=""/></argument>
      <argument id="data070" type="dn8" default="0"><description text=""/></argument>
      <argument id="data071" type="dn8" default="0"><description text=""/></argument>
      <argument id="data072" type="dn8" default="0"><description text=""/></argument>
      <argument id="data073" type="dn8" default="0"><description text=""/></argument>
      <argument id="data074" type="dn8" default="0"><description text=""/></argument>
      <argument id="data075" type="dn8" default="0"><description text=""/></argument>
      <argument id="data076" type="dn8" default="0"><description text=""/></argument>
      <argument id="data077" type="dn8" default="0"><description text=""/></argument>
      <argument id="data078" type="dn8" default="0"><description text=""/></argument>
      <argument id="data079" type="dn8" default="0"><description text=""/></argument>
      <argument id="data07A" type="dn8" default="0"><description text=""/></argument>
      <argument id="data07B" type="dn8" default="0"><description text=""/></argument>
      <argument id="data07C" type="dn8" default="0"><description text=""/></argument>
      <argument id="data07D" type="dn8" default="0"><description text=""/></argument>
      <argument id="data07E" type="dn8" default="0"><description text=""/></argument>
      <argument id="data07F" type="dn8" default="0"><description text=""/></argument>
      <argument id="data080" type="dn8" default="0"><description text=""/></argument>
      <argument id="data081" type="dn8" default="0"><description text=""/></argument>
      <argument id="data082" type="dn8" default="0"><description text=""/></argument>
      <argument id="data083" type="dn8" default="0"><description text=""/></argument>
      <argument id="data084" type="dn8" default="0"><description text=""/></argument>
      <argument id="data085" type="dn8" default="0"><description text=""/></argument>
      <argument id="data086" type="dn8" default="0"><description text=""/></argument>
      <argument id="data087" type="dn8" default="0"><description text=""/></argument>
      <argument id="data088" type="dn8" default="0"><description text=""/></argument>
      <argument id="data089" type="dn8" default="0"><description text=""/></argument>
      <argument id="data08A" type="dn8" default="0"><description text=""/></argument>
      <argument id="data08B" type="dn8" default="0"><description text=""/></argument>
      <argument id="data08C" type="dn8" default="0"><description text=""/></argument>
      <argument id="data08D" type="dn8" default="0"><description text=""/></argument>
      <argument id="data08E" type="dn8" default="0"><description text=""/></argument>
      <argument id="data08F" type="dn8" default="0"><description text=""/></argument>
      <argument id="data090" type="dn8" default="0"><description text=""/></argument>
      <argument id="data091" type="dn8" default="0"><description text=""/></argument>
      <argument id="data092" type="dn8" default="0"><description text=""/></argument>
      <argument id="data093" type="dn8" default="0"><description text=""/></argument>
      <argument id="data094" type="dn8" default="0"><description text=""/></argument>
      <argument id="data095" type="dn8" default="0"><description text=""/></argument>
      <argument id="data096" type="dn8" default="0"><description text=""/></argument>
      <argument id="data097" type="dn8" default="0"><description text=""/></argument>
      <argument id="data098" type="dn8" default="0"><description text=""/></argument>
      <argument id="data099" type="dn8" default="0"><description text=""/></argument>
      <argument id="data09A" type="dn8" default="0"><description text=""/></argument>
      <argument id="data09B" type="dn8" default="0"><description text=""/></argument>
      <argument id="data09C" type="dn8" default="0"><description text=""/></argument>
      <argument id="data09D" type="dn8" default="0"><description text=""/></argument>
      <argument id="data09E" type="dn8" default="0"><description text=""/></argument>
      <argument id="data09F" type="dn8" default="0"><description text=""/></argument>
      <argument id="data0A0" type="dn8" default="0"><description text=""/></argument>
      <argument id="data0A1" type="dn8" default="0"><description text=""/></argument>
      <argument id="data0A2" type="dn8" default="0"><description text=""/></argument>
      <argument id="data0A3" type="dn8" default="0"><description text=""/></argument>
      <argument id="data0A4" type="dn8" default="0"><description text=""/></argument>
      <argument id="data0A5" type="dn8" default="0"><description text=""/></argument>
      <argument id="data0A6" type="dn8" default="0"><description text=""/></argument>
      <argument id="data0A7" type="dn8" default="0"><description text=""/></argument>
      <argument id="data0A8" type="dn8" default="0"><description text=""/></argument>
      <argument id="data0A9" type="dn8" default="0"><description text=""/></argument>
      <argument id="data0AA" type="dn8" default="0"><description text=""/></argument>
      <argument id="data0AB" type="dn8" default="0"><description text=""/></argument>
      <argument id="data0AC" type="dn8" default="0"><description text=""/></argument>
      <argument id="data0AD" type="dn8" default="0"><description text=""/></argument>
      <argument id="data0AE" type="dn8" default="0"><description text=""/></argument>
      <argument id="data0AF" type="dn8" default="0"><description text=""/></argument>
      <argument id="data0B0" type="dn8" default="0"><description text=""/></argument>
      <argument id="data0B1" type="dn8" default="0"><description text=""/></argument>
      <argument id="data0B2" type="dn8" default="0"><description text=""/></argument>
      <argument id="data0B3" type="dn8" default="0"><description text=""/></argument>
      <argument id="data0B4" type="dn8" default="0"><description text=""/></argument>
      <argument id="data0B5" type="dn8" default="0"><description text=""/></argument>
      <argument id="data0B6" type="dn8" default="0"><description text=""/></argument>
      <argument id="data0B7" type="dn8" default="0"><description text=""/></argument>
      <argument id="data0B8" type="dn8" default="0"><description text=""/></argument>
      <argument id="data0B9" type="dn8" default="0"><description text=""/></argument>
      <argument id="data0BA" type="dn8" default="0"><description text=""/></argument>
      <argument id="data0BB" type="dn8" default="0"><description text=""/></argument>
      <argument id="data0BC" type="dn8" default="0"><description text=""/></argument>
      <argument id="data0BD" type="dn8" default="0"><description text=""/></argument>
      <argument id="data0BE" type="dn8" default="0"><description text=""/></argument>
      <argument id="data0BF" type="dn8" default="0"><description text=""/></argument>
      <argument id="data0C0" type="dn8" default="0"><description text=""/></argument>
      <argument id="data0C1" type="dn8" default="0"><description text=""/></argument>
      <argument id="data0C2" type="dn8" default="0"><description text=""/></argument>
      <argument id="data0C3" type="dn8" default="0"><description text=""/></argument>
      <argument id="data0C4" type="dn8" default="0"><description text=""/></argument>
      <argument id="data0C5" type="dn8" default="0"><description text=""/></argument>
      <argument id="data0C6" type="dn8" default="0"><description text=""/></argument>
      <argument id="data0C7" type="dn8" default="0"><description text=""/></argument>
      <argument id="data0C8" type="dn8" default="0"><description text=""/></argument>
      <argument id="data0C9" type="dn8" default="0"><description text=""/></argument>
      <argument id="data0CA" type="dn8" default="0"><description text=""/></argument>
      <argument id="data0CB" type="dn8" default="0"><description text=""/></argument>
      <argument id="data0CC" type="dn8" default="0"><description text=""/></argument>
      <argument id="data0CD" type="dn8" default="0"><description text=""/></argument>
      <argument id="data0CE" type="dn8" default="0"><description text=""/></argument>
      <argument id="data0CF" type="dn8" default="0"><description text=""/></argument>
      <argument id="data0D0" type="dn8" default="0"><description text=""/></argument>
      <argument id="data0D1" type="dn8" default="0"><description text=""/></argument>
      <argument id="data0D2" type="dn8" default="0"><description text=""/></argument>
      <argument id="data0D3" type="dn8" default="0"><description text=""/></argument>
      <argument id="data0D4" type="dn8" default="0"><description text=""/></argument>
      <argument id="data0D5" type="dn8" default="0"><description text=""/></argument>
      <argument id="data0D6" type="dn8" default="0"><description text=""/></argument>
      <argument id="data0D7" type="dn8" default="0"><description text=""/></argument>
      <argument id="data0D8" type="dn8" default="0"><description text=""/></argument>
      <argument id="data0D9" type="dn8" default="0"><description text=""/></argument>
      <argument id="data0DA" type="dn8" default="0"><description text=""/></argument>
      <argument id="data0DB" type="dn8" default="0"><description text=""/></argument>
      <argument id="data0DC" type="dn8" default="0"><description text=""/></argument>
      <argument id="data0DD" type="dn8" default="0"><description text=""/></argument>
      <argument id="data0DE" type="dn8" default="0"><description text=""/></argument>
      <argument id="data0DF" type="dn8" default="0"><description text=""/></argument>
      <argument id="data0E0" type="dn8" default="0"><description text=""/></argument>
      <argument id="data0E1" type="dn8" default="0"><description text=""/></argument>
      <argument id="data0E2" type="dn8" default="0"><description text=""/></argument>
      <argument id="data0E3" type="dn8" default="0"><description text=""/></argument>
      <argument id="data0E4" type="dn8" default="0"><description text=""/></argument>
      <argument id="data0E5" type="dn8" default="0"><description text=""/></argument>
      <argument id="data0E6" type="dn8" default="0"><description text=""/></argument>
      <argument id="data0E7" type="dn8" default="0"><description text=""/></argument>
      <argument id="data0E8" type="dn8" default="0"><description text=""/></argument>
      <argument id="data0E9" type="dn8" default="0"><description text=""/></argument>
      <argument id="data0EA" type="dn8" default="0"><description text=""/></argument>
      <argument id="data0EB" type="dn8" default="0"><description text=""/></argument>
      <argument id="data0EC" type="dn8" default="0"><description text=""/></argument>
      <argument id="data0ED" type="dn8" default="0"><description text=""/></argument>
      <argument id="data0EE" type="dn8" default="0"><description text=""/></argument>
      <argument id="data0EF" type="dn8" default="0"><description text=""/></argument>
      <argument id="data0F0" type="dn8" default="0"><description text=""/></argument>
      <argument id="data0F1" type="dn8" default="0"><description text=""/></argument>
      <argument id="data0F2" type="dn8" default="0"><description text=""/></argument>
      <argument id="data0F3" type="dn8" default="0"><description text=""/></argument>
      <argument id="data0F4" type="dn8" default="0"><description text=""/></argument>
      <argument id="data0F5" type="dn8" default="0"><description text=""/></argument>
      <argument id="data0F6" type="dn8" default="0"><description text=""/></argument>
      <argument id="data0F7" type="dn8" default="0"><description text=""/></argument>
      <argument id="data0F8" type="dn8" default="0"><description text=""/></argument>
      <argument id="data0F9" type="dn8" default="0"><description text=""/></argument>
      <argument id="data0FA" type="dn8" default="0"><description text=""/></argument>
      <argument id="data0FB" type="dn8" default="0"><description text=""/></argument>
      <argument id="data0FC" type="dn8" default="0"><description text=""/></argument>
      <argument id="data0FD" type="dn8" default="0"><description text=""/></argument>
      <argument id="data0FE" type="dn8" default="0"><description text=""/></argument>
      <argument id="data0FF" type="dn8" default="0"><description text=""/></argument>
      <argument id="data100" type="dn8" default="0"><description text=""/></argument>
      <argument id="data101" type="dn8" default="0"><description text=""/></argument>
      <argument id="data102" type="dn8" default="0"><description text=""/></argument>
      <argument id="data103" type="dn8" default="0"><description text=""/></argument>
      <argument id="data104" type="dn8" default="0"><description text=""/></argument>
      <argument id="data105" type="dn8" default="0"><description text=""/></argument>
      <argument id="data106" type="dn8" default="0"><description text=""/></argument>
      <argument id="data107" type="dn8" default="0"><description text=""/></argument>
      <argument id="data108" type="dn8" default="0"><description text=""/></argument>
      <argument id="data109" type="dn8" default="0"><description text=""/></argument>
      <argument id="data10A" type="dn8" default="0"><description text=""/></argument>
      <argument id="data10B" type="dn8" default="0"><description text=""/></argument>
      <argument id="data10C" type="dn8" default="0"><description text=""/></argument>
      <argument id="data10D" type="dn8" default="0"><description text=""/></argument>
      <argument id="data10E" type="dn8" default="0"><description text=""/></argument>
      <argument id="data10F" type="dn8" default="0"><description text=""/></argument>
      <argument id="data110" type="dn8" default="0"><description text=""/></argument>
      <argument id="data111" type="dn8" default="0"><description text=""/></argument>
      <argument id="data112" type="dn8" default="0"><description text=""/></argument>
      <argument id="data113" type="dn8" default="0"><description text=""/></argument>
      <argument id="data114" type="dn8" default="0"><description text=""/></argument>
      <argument id="data115" type="dn8" default="0"><description text=""/></argument>
      <argument id="data116" type="dn8" default="0"><description text=""/></argument>
      <argument id="data117" type="dn8" default="0"><description text=""/></argument>
      <argument id="data118" type="dn8" default="0"><description text=""/></argument>
      <argument id="data119" type="dn8" default="0"><description text=""/></argument>
      <argument id="data11A" type="dn8" default="0"><description text=""/></argument>
      <argument id="data11B" type="dn8" default="0"><description text=""/></argument>
      <argument id="data11C" type="dn8" default="0"><description text=""/></argument>
      <argument id="data11D" type="dn8" default="0"><description text=""/></argument>
      <argument id="data11E" type="dn8" default="0"><description text=""/></argument>
      <argument id="data11F" type="dn8" default="0"><description text=""/></argument>
      <argument id="data120" type="dn8" default="0"><description text=""/></argument>
      <argument id="data121" type="dn8" default="0"><description text=""/></argument>
      <argument id="data122" type="dn8" default="0"><description text=""/></argument>
      <argument id="data123" type="dn8" default="0"><description text=""/></argument>
      <argument id="data124" type="dn8" default="0"><description text=""/></argument>
      <argument id="data125" type="dn8" default="0"><description text=""/></argument>
      <argument id="data126" type="dn8" default="0"><description text=""/></argument>
      <argument id="data127" type="dn8" default="0"><description text=""/></argument>
      <argument id="data128" type="dn8" default="0"><description text=""/></argument>
      <argument id="data129" type="dn8" default="0"><description text=""/></argument>
      <argument id="data12A" type="dn8" default="0"><description text=""/></argument>
      <argument id="data12B" type="dn8" default="0"><description text=""/></argument>
      <argument id="data12C" type="dn8" default="0"><description text=""/></argument>
      <argument id="data12D" type="dn8" default="0"><description text=""/></argument>
      <argument id="data12E" type="dn8" default="0"><description text=""/></argument>
      <argument id="data12F" type="dn8" default="0"><description text=""/></argument>
      <argument id="data130" type="dn8" default="0"><description text=""/></argument>
      <argument id="data131" type="dn8" default="0"><description text=""/></argument>
      <argument id="data132" type="dn8" default="0"><description text=""/></argument>
      <argument id="data133" type="dn8" default="0"><description text=""/></argument>
      <argument id="data134" type="dn8" default="0"><description text=""/></argument>
      <argument id="data135" type="dn8" default="0"><description text=""/></argument>
      <argument id="data136" type="dn8" default="0"><description text=""/></argument>
      <argument id="data137" type="dn8" default="0"><description text=""/></argument>
      <argument id="data138" type="dn8" default="0"><description text=""/></argument>
      <argument id="data139" type="dn8" default="0"><description text=""/></argument>
      <argument id="data13A" type="dn8" default="0"><description text=""/></argument>
      <argument id="data13B" type="dn8" default="0"><description text=""/></argument>
      <argument id="data13C" type="dn8" default="0"><description text=""/></argument>
      <argument id="data13D" type="dn8" default="0"><description text=""/></argument>
      <argument id="data13E" type="dn8" default="0"><description text=""/></argument>
      <argument id="data13F" type="dn8" default="0"><description text=""/></argument>
      <argument id="data140" type="dn8" default="0"><description text=""/></argument>
      <argument id="data141" type="dn8" default="0"><description text=""/></argument>
      <argument id="data142" type="dn8" default="0"><description text=""/></argument>
      <argument id="data143" type="dn8" default="0"><description text=""/></argument>
      <argument id="data144" type="dn8" default="0"><description text=""/></argument>
      <argument id="data145" type="dn8" default="0"><description text=""/></argument>
      <argument id="data146" type="dn8" default="0"><description text=""/></argument>
      <argument id="data147" type="dn8" default="0"><description text=""/></argument>
      <argument id="data148" type="dn8" default="0"><description text=""/></argument>
      <argument id="data149" type="dn8" default="0"><description text=""/></argument>
      <argument id="data14A" type="dn8" default="0"><description text=""/></argument>
      <argument id="data14B" type="dn8" default="0"><description text=""/></argument>
      <argument id="data14C" type="dn8" default="0"><description text=""/></argument>
      <argument id="data14D" type="dn8" default="0"><description text=""/></argument>
      <argument id="data14E" type="dn8" default="0"><description text=""/></argument>
      <argument id="data14F" type="dn8" default="0"><description text=""/></argument>
      <argument id="data150" type="dn8" default="0"><description text=""/></argument>
      <argument id="data151" type="dn8" default="0"><description text=""/></argument>
      <argument id="data152" type="dn8" default="0"><description text=""/></argument>
      <argument id="data153" type="dn8" default="0"><description text=""/></argument>
      <argument id="data154" type="dn8" default="0"><description text=""/></argument>
      <argument id="data155" type="dn8" default="0"><description text=""/></argument>
      <argument id="data156" type="dn8" default="0"><description text=""/></argument>
      <argument id="data157" type="dn8" default="0"><description text=""/></argument>
      <argument id="data158" type="dn8" default="0"><description text=""/></argument>
      <argument id="data159" type="dn8" default="0"><description text=""/></argument>
      <argument id="data15A" type="dn8" default="0"><description text=""/></argument>
      <argument id="data15B" type="dn8" default="0"><description text=""/></argument>
      <argument id="data15C" type="dn8" default="0"><description text=""/></argument>
      <argument id="data15D" type="dn8" default="0"><description text=""/></argument>
      <argument id="data15E" type="dn8" default="0"><description text=""/></argument>
      <argument id="data15F" type="dn8" default="0"><description text=""/></argument>
      <argument id="data160" type="dn8" default="0"><description text=""/></argument>
      <argument id="data161" type="dn8" default="0"><description text=""/></argument>
      <argument id="data162" type="dn8" default="0"><description text=""/></argument>
      <argument id="data163" type="dn8" default="0"><description text=""/></argument>
      <argument id="data164" type="dn8" default="0"><description text=""/></argument>
      <argument id="data165" type="dn8" default="0"><description text=""/></argument>
      <argument id="data166" type="dn8" default="0"><description text=""/></argument>
      <argument id="data167" type="dn8" default="0"><description text=""/></argument>
      <argument id="data168" type="dn8" default="0"><description text=""/></argument>
      <argument id="data169" type="dn8" default="0"><description text=""/></argument>
      <argument id="data16A" type="dn8" default="0"><description text=""/></argument>
      <argument id="data16B" type="dn8" default="0"><description text=""/></argument>
      <argument id="data16C" type="dn8" default="0"><description text=""/></argument>
      <argument id="data16D" type="dn8" default="0"><description text=""/></argument>
      <argument id="data16E" type="dn8" default="0"><description text=""/></argument>
      <argument id="data16F" type="dn8" default="0"><description text=""/></argument>
      <argument id="data170" type="dn8" default="0"><description text=""/></argument>
      <argument id="data171" type="dn8" default="0"><description text=""/></argument>
      <argument id="data172" type="dn8" default="0"><description text=""/></argument>
      <argument id="data173" type="dn8" default="0"><description text=""/></argument>
      <argument id="data174" type="dn8" default="0"><description text=""/></argument>
      <argument id="data175" type="dn8" default="0"><description text=""/></argument>
      <argument id="data176" type="dn8" default="0"><description text=""/></argument>
      <argument id="data177" type="dn8" default="0"><description text=""/></argument>
      <argument id="data178" type="dn8" default="0"><description text=""/></argument>
      <argument id="data179" type="dn8" default="0"><description text=""/></argument>
      <argument id="data17A" type="dn8" default="0"><description text=""/></argument>
      <argument id="data17B" type="dn8" default="0"><description text=""/></argument>
      <argument id="data17C" type="dn8" default="0"><description text=""/></argument>
      <argument id="data17D" type="dn8" default="0"><description text=""/></argument>
      <argument id="data17E" type="dn8" default="0"><description text=""/></argument>
      <argument id="data17F" type="dn8" default="0"><description text=""/></argument>
      <argument id="data180" type="dn8" default="0"><description text=""/></argument>
      <argument id="data181" type="dn8" default="0"><description text=""/></argument>
      <argument id="data182" type="dn8" default="0"><description text=""/></argument>
      <argument id="data183" type="dn8" default="0"><description text=""/></argument>
      <argument id="data184" type="dn8" default="0"><description text=""/></argument>
      <argument id="data185" type="dn8" default="0"><description text=""/></argument>
      <argument id="data186" type="dn8" default="0"><description text=""/></argument>
      <argument id="data187" type="dn8" default="0"><description text=""/></argument>
      <argument id="data188" type="dn8" default="0"><description text=""/></argument>
      <argument id="data189" type="dn8" default="0"><description text=""/></argument>
      <argument id="data18A" type="dn8" default="0"><description text=""/></argument>
      <argument id="data18B" type="dn8" default="0"><description text=""/></argument>
      <argument id="data18C" type="dn8" default="0"><description text=""/></argument>
      <argument id="data18D" type="dn8" default="0"><description text=""/></argument>
      <argument id="data18E" type="dn8" default="0"><description text=""/></argument>
      <argument id="data18F" type="dn8" default="0"><description text=""/></argument>
      <argument id="data190" type="dn8" default="0"><description text=""/></argument>
      <argument id="data191" type="dn8" default="0"><description text=""/></argument>
      <argument id="data192" type="dn8" default="0"><description text=""/></argument>
      <argument id="data193" type="dn8" default="0"><description text=""/></argument>
      <argument id="data194" type="dn8" default="0"><description text=""/></argument>
      <argument id="data195" type="dn8" default="0"><description text=""/></argument>
      <argument id="data196" type="dn8" default="0"><description text=""/></argument>
      <argument id="data197" type="dn8" default="0"><description text=""/></argument>
      <argument id="data198" type="dn8" default="0"><description text=""/></argument>
      <argument id="data199" type="dn8" default="0"><description text=""/></argument>
      <argument id="data19A" type="dn8" default="0"><description text=""/></argument>
      <argument id="data19B" type="dn8" default="0"><description text=""/></argument>
      <argument id="data19C" type="dn8" default="0"><description text=""/></argument>
      <argument id="data19D" type="dn8" default="0"><description text=""/></argument>
      <argument id="data19E" type="dn8" default="0"><description text=""/></argument>
      <argument id="data19F" type="dn8" default="0"><description text=""/></argument>
      <argument id="data1A0" type="dn8" default="0"><description text=""/></argument>
      <argument id="data1A1" type="dn8" default="0"><description text=""/></argument>
      <argument id="data1A2" type="dn8" default="0"><description text=""/></argument>
      <argument id="data1A3" type="dn8" default="0"><description text=""/></argument>
      <argument id="data1A4" type="dn8" default="0"><description text=""/></argument>
      <argument id="data1A5" type="dn8" default="0"><description text=""/></argument>
      <argument id="data1A6" type="dn8" default="0"><description text=""/></argument>
      <argument id="data1A7" type="dn8" default="0"><description text=""/></argument>
      <argument id="data1A8" type="dn8" default="0"><description text=""/></argument>
      <argument id="data1A9" type="dn8" default="0"><description text=""/></argument>
      <argument id="data1AA" type="dn8" default="0"><description text=""/></argument>
      <argument id="data1AB" type="dn8" default="0"><description text=""/></argument>
      <argument id="data1AC" type="dn8" default="0"><description text=""/></argument>
      <argument id="data1AD" type="dn8" default="0"><description text=""/></argument>
      <argument id="data1AE" type="dn8" default="0"><description text=""/></argument>
      <argument id="data1AF" type="dn8" default="0"><description text=""/></argument>
      <argument id="data1B0" type="dn8" default="0"><description text=""/></argument>
      <argument id="data1B1" type="dn8" default="0"><description text=""/></argument>
      <argument id="data1B2" type="dn8" default="0"><description text=""/></argument>
      <argument id="data1B3" type="dn8" default="0"><description text=""/></argument>
      <argument id="data1B4" type="dn8" default="0"><description text=""/></argument>
      <argument id="data1B5" type="dn8" default="0"><description text=""/></argument>
      <argument id="data1B6" type="dn8" default="0"><description text=""/></argument>
      <argument id="data1B7" type="dn8" default="0"><description text=""/></argument>
      <argument id="data1B8" type="dn8" default="0"><description text=""/></argument>
      <argument id="data1B9" type="dn8" default="0"><description text=""/></argument>
      <argument id="data1BA" type="dn8" default="0"><description text=""/></argument>
      <argument id="data1BB" type="dn8" default="0"><description text=""/></argument>
      <argument id="data1BC" type="dn8" default="0"><description text=""/></argument>
      <argument id="data1BD" type="dn8" default="0"><description text=""/></argument>
      <argument id="data1BE" type="dn8" default="0"><description text=""/></argument>
      <argument id="data1BF" type="dn8" default="0"><description text=""/></argument>
      <argument id="data1C0" type="dn8" default="0"><description text=""/></argument>
      <argument id="data1C1" type="dn8" default="0"><description text=""/></argument>
      <argument id="data1C2" type="dn8" default="0"><description text=""/></argument>
      <argument id="data1C3" type="dn8" default="0"><description text=""/></argument>
      <argument id="data1C4" type="dn8" default="0"><description text=""/></argument>
      <argument id="data1C5" type="dn8" default="0"><description text=""/></argument>
      <argument id="data1C6" type="dn8" default="0"><description text=""/></argument>
      <argument id="data1C7" type="dn8" default="0"><description text=""/></argument>
      <argument id="data1C8" type="dn8" default="0"><description text=""/></argument>
      <argument id="data1C9" type="dn8" default="0"><description text=""/></argument>
      <argument id="data1CA" type="dn8" default="0"><description text=""/></argument>
      <argument id="data1CB" type="dn8" default="0"><description text=""/></argument>
      <argument id="data1CC" type="dn8" default="0"><description text=""/></argument>
      <argument id="data1CD" type="dn8" default="0"><description text=""/></argument>
      <argument id="data1CE" type="dn8" default="0"><description text=""/></argument>
      <argument id="data1CF" type="dn8" default="0"><description text=""/></argument>
      <argument id="data1D0" type="dn8" default="0"><description text=""/></argument>
      <argument id="data1D1" type="dn8" default="0"><description text=""/></argument>
      <argument id="data1D2" type="dn8" default="0"><description text=""/></argument>
      <argument id="data1D3" type="dn8" default="0"><description text=""/></argument>
      <argument id="data1D4" type="dn8" default="0"><description text=""/></argument>
      <argument id="data1D5" type="dn8" default="0"><description text=""/></argument>
      <argument id="data1D6" type="dn8" default="0"><description text=""/></argument>
      <argument id="data1D7" type="dn8" default="0"><description text=""/></argument>
      <argument id="data1D8" type="dn8" default="0"><description text=""/></argument>
      <argument id="data1D9" type="dn8" default="0"><description text=""/></argument>
      <argument id="data1DA" type="dn8" default="0"><description text=""/></argument>
      <argument id="data1DB" type="dn8" default="0"><description text=""/></argument>
      <argument id="data1DC" type="dn8" default="0"><description text=""/></argument>
      <argument id="data1DD" type="dn8" default="0"><description text=""/></argument>
      <argument id="data1DE" type="dn8" default="0"><description text=""/></argument>
      <argument id="data1DF" type="dn8" default="0"><description text=""/></argument>
      <argument id="data1E0" type="dn8" default="0"><description text=""/></argument>
      <argument id="data1E1" type="dn8" default="0"><description text=""/></argument>
      <argument id="data1E2" type="dn8" default="0"><description text=""/></argument>
      <argument id="data1E3" type="dn8" default="0"><description text=""/></argument>
      <argument id="data1E4" type="dn8" default="0"><description text=""/></argument>
      <argument id="data1E5" type="dn8" default="0"><description text=""/></argument>
      <argument id="data1E6" type="dn8" default="0"><description text=""/></argument>
      <argument id="data1E7" type="dn8" default="0"><description text=""/></argument>
      <argument id="data1E8" type="dn8" default="0"><description text=""/></argument>
      <argument id="data1E9" type="dn8" default="0"><description text=""/></argument>
      <argument id="data1EA" type="dn8" default="0"><description text=""/></argument>
      <argument id="data1EB" type="dn8" default="0"><description text=""/></argument>
      <argument id="data1EC" type="dn8" default="0"><description text=""/></argument>
      <argument id="data1ED" type="dn8" default="0"><description text=""/></argument>
      <argument id="data1EE" type="dn8" default="0"><description text=""/></argument>
      <argument id="data1EF" type="dn8" default="0"><description text=""/></argument>
      <argument id="data1F0" type="dn8" default="0"><description text=""/></argument>
      <argument id="data1F1" type="dn8" default="0"><description text=""/></argument>
      <argument id="data1F2" type="dn8" default="0"><description text=""/></argument>
      <argument id="data1F3" type="dn8" default="0"><description text=""/></argument>
      <argument id="data1F4" type="dn8" default="0"><description text=""/></argument>
      <argument id="data1F5" type="dn8" default="0"><description text=""/></argument>
      <argument id="data1F6" type="dn8" default="0"><description text=""/></argument>
      <argument id="data1F7" type="dn8" default="0"><description text=""/></argument>
      <argument id="data1F8" type="dn8" default="0"><description text=""/></argument>
      <argument id="data1F9" type="dn8" default="0"><description text=""/></argument>
      <argument id="data1FA" type="dn8" default="0"><description text=""/></argument>
      <argument id="data1FB" type="dn8" default="0"><description text=""/></argument>
      <argument id="data1FC" type="dn8" default="0"><description text=""/></argument>
      <argument id="data1FD" type="dn8" default="0"><description text=""/></argument>
      <argument id="data1FE" type="dn8" default="0"><description text=""/></argument>
      <argument id="data1FF" type="dn8" default="0"><description text=""/></argument>
    </field>
  </command>

</hydraDef>
