<!-- IDEX-specific file to define IDEX Telemetry Hardware Packet -->

<hydraDef>
  
  <!-- ====================================== -->
  <!-- Hardware-Centric Packet                -->
  <!-- ====================================== -->

  <frameDef name="IDX_hw_hk_frame" id="0x0485"><description text="Hardware tlm contents"/>
    <field>
  <!--BEGIN: globalHWPkt_t -->
    <!-- fpgaRevAndGpio -->
    <itemDef name="IDX_gpio" type="dn16"><alias namespace="IDEX" value="gpio"/>
      <description text="Controls state of 16 general purpose I/O signals"/></itemDef>    
    <itemDef name="IDX_PROCBDID" type="board"><alias namespace="IDEX" value="PROCBDID"/>
      <description text="Processor board assembly self-identification"/></itemDef>  
    
    <!-- fpgaBuild -->    
    <itemDef name="IDX_fpgayear" type="dn16"><alias namespace="IDEX" value="year"/>
      <description text="Date of FPGA compilation, year"/></itemDef>
    <itemDef name="IDX_fpgamonth" type="dn8"><alias namespace="IDEX" value="month"/>
      <description text="Date of FPGA compilation, year"/></itemDef>  
    <itemDef name="IDX_fpgaday" type="dn8"><alias namespace="IDEX" value="day"/>
      <description text="Date of FPGA compilation, day"/></itemDef>  
    
    <!-- wdogCntAndMuxAddrAndMram -->   
    <itemDef name="IDX_MRAMPwr" type="enaDis"><alias namespace="IDEX" value="MRAMPwr"/>
      <description text="Control power state of MRAM, register deprecated but remains for posterity"/></itemDef>     
    <itemDef name="IDX_testMuxAddr" type="dn5"><alias namespace="IDEX" value="testMuxAddr"/>
      <description text="Test Mux Address Register"/></itemDef>     
    <itemDef name="IDX_wdogCount" type="dn26"><alias namespace="IDEX" value="wdogCount"/>
      <description text="Current value of the Watchdog Counter, in 25 nsec ticks"/></itemDef>     
    
    <!-- wdogHWMAndIntrMskAndIntrStat -->
    <itemDef name="IDX_IntrMaskSpare" type="dn2"><alias namespace="IDEX" value="IntrMaskSpare"/>
      <description text="Spare"/></itemDef>     
    <itemDef name="IDX_DcmLockedMask" type="enaDis"><alias namespace="IDEX" value="DcmLockedMask"/>
      <description text="Mask interrupt when DCM becomes locked"/></itemDef>     
    <itemDef name="IDX_PllLockedMask" type="enaDis"><alias namespace="IDEX" value="PllLockedMask"/>
      <description text="Mask interrupt when PLL becomes locked"/></itemDef> 
    <itemDef name="IDX_DcmUnlockedMask" type="enaDis"><alias namespace="IDEX" value="DcmUnlockedMask"/>
      <description text="Mask interrupt when DCM loses lock"/></itemDef>  
    <itemDef name="IDX_PllUnlockedMask" type="enaDis"><alias namespace="IDEX" value="PllUnlockedMask"/>
      <description text="Mask interrupt when PLL loses lock"/></itemDef>  
    <itemDef name="IDX_WDOGHWM" type="dn26"><alias namespace="IDEX" value="WDOGHWM"/>
      <description text="Max watchdog count since last clear, in 25 nsec ticks"/></itemDef>
    
    <!-- Scratchpad Registers and Test Mux -->
    <itemDef name="IDX_scratch1" type="dn32"><alias namespace="IDEX" value="scratch1"/>
      <description text="Scratchpad register #1 in FPGA Global/System module"/></itemDef>
    <itemDef name="IDX_scratch2" type="dn32"><alias namespace="IDEX" value="scratch2"/>
      <description text="Scratchpad register #2 in FPGA Global/System module"/></itemDef>
    <itemDef name="IDX_scratch3" type="dn32"><alias namespace="IDEX" value="scratch3"/>
      <description text="Scratchpad register #3 in FPGA Global/System module"/></itemDef>
    <itemDef name="IDX_scratch4" type="dn32"><alias namespace="IDEX" value="scratch4"/>
      <description text="Scratchpad register #4 in FPGA Global/System module"/></itemDef>
    <itemDef name="IDX_testMuxData" type="dn32"><alias namespace="IDEX" value="testMuxData"/>
      <description text="Data for test mux used during ground test"/></itemDef>  
  

    <!-- spareInputAndIntrStat -->
    <itemDef name="IDX_FPGABOOTCFG" type="dn17"><alias namespace="IDEX" value="FPGABOOTCFG"/>
      <description text="FPGA BootSTS register gives status of FPGA boot config"/></itemDef>     
    <itemDef name="IDX_IntrStatSpare0" type="dn5"><alias namespace="IDEX" value="IntrStatSpare0"/>
      <description text="spare"/></itemDef>     
    <itemDef name="IDX_TestPort" type="enaDis"><alias namespace="IDEX" value="TestPort"/>
      <description text="State of Proc Bd's Test Port connector signals, see FPGA Test Port Register"/></itemDef>     
    <itemDef name="IDX_IntrStatSpare1" type="dn1"><alias namespace="IDEX" value="IntrStatSpare1"/>
      <description text="spare"/></itemDef>     
    <itemDef name="IDX_DcmLockedSt" type="enaDis"><alias namespace="IDEX" value="DcmLockedSt"/>
      <description text="DCM transitioned from unlocked to locked since last clear"/></itemDef>     
    <itemDef name="IDX_PllLockedSt" type="enaDis"><alias namespace="IDEX" value="PllLockedSt"/>
      <description text="Status for PLL becomes locked"/></itemDef> 
    <itemDef name="IDX_DcmUnlockedSt" type="enaDis"><alias namespace="IDEX" value="DcmUnlockedSt"/>
      <description text="Status for DCM loses lock"/></itemDef>  
    <itemDef name="IDX_PllUnlockedSt" type="enaDis"><alias namespace="IDEX" value="PllUnlockedSt"/>
      <description text="Status for PLL loses lock"/></itemDef>  
    <itemDef name="IDX_SpareInput3" type="enaDis"><alias namespace="IDEX" value="SpareInput3"/>
      <description text="Spare 1 input signal for HVPS to Processor Board"/></itemDef>     
    <itemDef name="IDX_SpareInput2" type="enaDis"><alias namespace="IDEX" value="SpareInput2"/>
      <description text="Spare 0 input signal for HVPS to Processor Board"/></itemDef>  
    <itemDef name="IDX_SpareInput1" type="enaDis"><alias namespace="IDEX" value="SpareInput1"/>
      <description text="Spare 1 input signal for LVPS to Processor Board"/></itemDef>  
    <itemDef name="IDX_SpareInput0" type="enaDis"><alias namespace="IDEX" value="SpareInput0"/>
      <description text="Spare  0input signal for LVPS to Processor Board"/></itemDef>      
  <!--END: globalHWPkt_t -->    

  <!--BEGIN: nandHWPkt_t -->
    <!-- dieAndIntrAndErrors -->
    <itemDef name="IDX_FLASHDIESPARE0" type="dn7"><alias namespace="IDEX" value="FLASHDIESPARE0"/>
      <description text="Spare"/></itemDef>    
    <itemDef name="IDX_FLASHBUFOP" type="busyIdle"><alias namespace="IDEX" value="FLASHBUFOP"/>
      <description text="Flash busy with buffer copy operation"/></itemDef>    
    <itemDef name="IDX_FLASHINTRSTAT" type="enaDis"><alias namespace="IDEX" value="FLASHINTRSTAT"/>
      <description text="Interrupt state for FPGA Flash buffer read/write state machine"/></itemDef>    
    <itemDef name="IDX_FLASHINTRENA" type="enaDis"><alias namespace="IDEX" value="FLASHINTRENA"/>
      <description text="Interrupt mask for FPGA Flash buffer read/write state machine"/></itemDef>    
    <itemDef name="IDX_FLASHDIESPARE1" type="dn3"><alias namespace="IDEX" value="FLASHDIESPARE1"/>
      <description text="Spare"/></itemDef>    
    <itemDef name="IDX_FLASHERRINJECT" type="injectErrType3"><alias namespace="IDEX" value="FLASHERRINJECT"/>
      <description text="Mode for injecting errors"/></itemDef>    
    <itemDef name="IDX_FLASHDIEENA" type="dn8"><alias namespace="IDEX" value="FLASHDIEENA"/>
      <description text="Indicates which Flash die are enabled"/></itemDef>   
    <itemDef name="IDX_FLASHDIERDY" type="dn8"><alias namespace="IDEX" value="FLASHDIERDY"/>
      <description text="Indicates which Flash die are ready"/></itemDef>   
    <itemDef name="IDX_FLASHSTM" type="dn32"><alias namespace="IDEX" value="FLASHSTM"/>
      <description text="State of the Flash module's internal state machine, for debugging"/></itemDef>     
    <itemDef name="IDX_FLASHPAGEINDEX" type="dn32"><alias namespace="IDEX" value="FLASHPAGEINDEX"/>
      <description text="Current word address within the current page, for FPGA debug"/></itemDef>  
    <itemDef name="IDX_FLASHSTATUS" type="dn32"><alias namespace="IDEX" value="FLASHSTATUS"/>
      <description text="Status register for the Flash module, duplicated in HS pkt"/></itemDef>
  <!--END: nandHWPkt_t -->


  <!--BEGIN: sciBufHWPkt_t -->
	  <itemDef name="IDX_MIRRORENA" type="enaDis"><alias namespace="IDEX" value="MIRRORENA"/>
      <description text="If '1', enable die mirroring when writing science data"/></itemDef> 
    <itemDef name="IDX_FLASHWREN" type="nandOwn"><alias namespace="IDEX" value="FLASHWREN"/>
      <description text="FPGA has exclusive access to read/write Flash"/></itemDef> 
    <itemDef name="IDX_SCIBUFUNUSED00" type="dn14"><alias namespace="IDEX" value="SCIBUFUNUSED00"/>
      <description text="Unused"/></itemDef> 
    <itemDef name="IDX_btblUerr" type="yesNo"><alias namespace="IDEX" value="btblUerr"/>
      <description text="Uncorrectable bit flip in FPGA's block table RAM"/></itemDef> 
    <itemDef name="IDX_btblCerr" type="yesNo"><alias namespace="IDEX" value="btblCerr"/>
      <description text="Correctable bit flip in FPGA's block table RAM"/></itemDef> 
    <itemDef name="IDX_sciUerr" type="yesNo"><alias namespace="IDEX" value="sciUerr"/>
      <description text="Uncorrectable bit flip in FPGA's science buffer FIFO"/></itemDef> 
    <itemDef name="IDX_sciCerr" type="yesNo"><alias namespace="IDEX" value="sciCerr"/>
      <description text="Correctable bit flip in FPGA's science buffer FIFO"/></itemDef> 
    <itemDef name="IDX_SCIBUFIONUERR" type="yesNo"><alias namespace="IDEX" value="SCIBUFIONUERR"/>
      <description text="Uncorrectable bit flip in FPGA buffer holding ion grid sci data"/></itemDef> 
    <itemDef name="IDX_SCIBUFTHRUERR" type="yesNo"><alias namespace="IDEX" value="SCIBUFTHRUERR"/>
      <description text="Uncorrectable bit flip in FPGA buffer holding target high range sci data"/></itemDef> 
    <itemDef name="IDX_SCIBUFTLRUERR" type="yesNo"><alias namespace="IDEX" value="SCIBUFTLRUERR"/>
      <description text="Uncorrectable bit flip in FPGA buffer holding target low range sci data"/></itemDef> 
    <itemDef name="IDX_SCIBUFIONCERR" type="yesNo"><alias namespace="IDEX" value="SCIBUFIONCERR"/>
      <description text="Correctable bit flip in FPGA buffer holding ion grid sci data"/></itemDef> 
    <itemDef name="IDX_SCIBUFTHRCERR" type="yesNo"><alias namespace="IDEX" value="SCIBUFTHRCERR"/>
      <description text="Correctable bit flip in FPGA buffer holding target high range sci data"/></itemDef> 
    <itemDef name="IDX_SCIBUFTLRCERR" type="yesNo"><alias namespace="IDEX" value="SCIBUFTLRCERR"/>
      <description text="Correctable bit flip in FPGA buffer holding target low range sci data"/></itemDef> 
    <itemDef name="IDX_TOFMGUERR" type="yesNo"><alias namespace="IDEX" value="TOFMGUERR"/>
      <description text="Uncorrectable bit flip in FPGA buffer holding TOF mid gain sci data"/></itemDef> 
    <itemDef name="IDX_TOFLGUERR" type="yesNo"><alias namespace="IDEX" value="TOFLGUERR"/>
      <description text="Uncorrectable bit flip in FPGA buffer holding TOF low gain sci data"/></itemDef> 
    <itemDef name="IDX_TOFHGUERR" type="yesNo"><alias namespace="IDEX" value="TOFHGUERR"/>
      <description text="Uncorrectable bit flip in FPGA buffer holding TOF high gain sci data"/></itemDef> 
    <itemDef name="IDX_TOFMGCERR" type="yesNo"><alias namespace="IDEX" value="TOFMGCERR"/>
      <description text="Correctable bit flip in FPGA buffer holding TOF mid gain sci data"/></itemDef> 
    <itemDef name="IDX_TOFLGCERR" type="yesNo"><alias namespace="IDEX" value="TOFLGCERR"/>
      <description text="Correctable bit flip in FPGA buffer holding TOF low gain sci data"/></itemDef> 
    <itemDef name="IDX_TOFHGCERR" type="yesNo"><alias namespace="IDEX" value="TOFHGCERR"/>
      <description text="Correctable bit flip in FPGA buffer holding TOF high gain sci data"/></itemDef> 

    <itemDef name="IDX_SCIBUFUNUSED0" type="dn11"><alias namespace="IDEX" value="SCIBUFUNUSED0"/>
      <description text="Spare"/></itemDef>      
    <itemDef name="IDX_SCIBUFMERR" type="errOkay"><alias namespace="IDEX" value="SCIBUFMERR"/>
      <description text="Science buffer saw Flash multi bit error"/></itemDef>     
    <itemDef name="IDX_SCIBUFDERR" type="errOkay"><alias namespace="IDEX" value="SCIBUFDERR"/>
      <description text="Science buffer saw Flash double bit error"/></itemDef>     
    <itemDef name="IDX_SCIBUFSERR" type="errOkay"><alias namespace="IDEX" value="SCIBUFSERR"/>
      <description text="Science buffer saw Flash single bit error"/></itemDef>     
    <itemDef name="IDX_SCIBUFWRERR" type="errOkay"><alias namespace="IDEX" value="SCIBUFWRERR"/>
      <description text="Science buffer saw write error when writing to Flash"/></itemDef>     
    <itemDef name="IDX_SCIBUFOVRFLW" type="errOkay"><alias namespace="IDEX" value="SCIBUFOVRFLW"/>
      <description text="Science buffer ran out of available blocks to write sci data to"/></itemDef>     
    <itemDef name="IDX_SCIBUFTESTBUS" type="enaDis"><alias namespace="IDEX" value="SCIBUFTESTBUS"/>
      <description text="If Flash write is disabled, enables output to test bus instead of Flash"/></itemDef>             
    <itemDef name="IDX_SCIBUFSTARTBLOCK" type="dn15"><alias namespace="IDEX" value="SCIBUFSTARTBLOCK"/>
      <description text="Block address for start of data write (assumes page 0)"/></itemDef>    
    <itemDef name="IDX_SCIBUFDATACNT" type="dn32"><alias namespace="IDEX" value="SCIBUFDATACNT"/>
      <description text="Number of words of data processed since last time register was cleared"/></itemDef>  
    <itemDef name="IDX_SCIBUFUNUSED1" type="dn11"><alias namespace="IDEX" value="SCIBUFUNUSED1"/>
      <description text="Spare"/></itemDef>  
    <itemDef name="IDX_SCIBUFCURRDIE" type="dn3"><alias namespace="IDEX" value="SCIBUFCURRDIE"/>
      <description text="Current/last Flash location written by SciBuf, die"/></itemDef>  
    <itemDef name="IDX_SCIBUFCURRBLOCK" type="dn12"><alias namespace="IDEX" value="SCIBUFCURRBLOCK"/>
      <description text="Current/last Flash location written by SciBuf, block"/></itemDef>   
    <itemDef name="IDX_SCIBUFCURRPAGE" type="dn6"><alias namespace="IDEX" value="SCIBUFCURRPAGE"/>
      <description text="Current/last Flash location written by SciBuf, page"/></itemDef>        
  <!--END: sciBufHWPkt_t -->    
  
  <!--BEGIN: sciAdcHWPkt_t -->
    <!-- testPattern -->
		<itemDef name="IDX_BRSTUNUSED0" type="dn14"><alias namespace="IDEX" value="BRSTUNUSED0"/>
      <description text="Spare"/></itemDef>
    <itemDef name="IDX_BRSTLNGTH" type="dn10"><alias namespace="IDEX" value="BRSTLNGTH"/>
      <description text="Length of test pattern burst"/></itemDef>
		<itemDef name="IDX_BRSTUNUSED1" type="dn1"><alias namespace="IDEX" value="BRSTUNUSED1"/>
      <description text="Spare"/></itemDef>
    <itemDef name="IDX_PatternBurst" type="enaDis"><alias namespace="IDEX" value="PatternBurst"/>
      <description text="Configure test pattern for burst mode"/></itemDef>
    <itemDef name="IDX_PATTIONCSA" type="enaDis"><alias namespace="IDEX" value="PATTIONCSA"/>
      <description text="Test pattern enabled for ion grid CSA, see FPGA spec for details"/></itemDef>     
    <itemDef name="IDX_PATTTHRCSA" type="enaDis"><alias namespace="IDEX" value="PATTTHRCSA"/>
      <description text="Test pattern enabled on Target High Range CSA, see FPGA spec for details"/></itemDef>  
    <itemDef name="IDX_PATTTLRCSA" type="enaDis"><alias namespace="IDEX" value="PATTTLRCSA"/>
      <description text="Test pattern enabled on Target Low Range CSA, see FPGA spec for details"/></itemDef>  
    <itemDef name="IDX_TESTPATTTOFMG" type="enaDis"><alias namespace="IDEX" value="TESTPATTTOFMG"/>
      <description text="FPGA-producing test pattern replacing TOF MG (ADC1-Q) data"/></itemDef>
    <itemDef name="IDX_TESTPATTTOFLG" type="enaDis"><alias namespace="IDEX" value="TESTPATTTOFLG"/>
      <description text="FPGA-producing test pattern replacing TOF LG (ADC0-Q) data"/></itemDef>
    <itemDef name="IDX_TESTPATTTOFHG" type="enaDis"><alias namespace="IDEX" value="TESTPATTTOFHG"/>
      <description text="FPGA-producing test pattern replacing TOF HG (ADC0-I) data"/></itemDef>
    
    <!-- stopCnt -->
    <itemDef name="IDX_STOPUNUSED0" type="dn2"><alias namespace="IDEX" value="STOPUNUSED0"/>
      <description text="Spare"/></itemDef>  
    <itemDef name="IDX_SCIADCSAMPLEST" type="adcSampleState3"><alias namespace="IDEX" value="SCIADCSAMPLEST"/>
      <description text="Science ADC Buffer Control State Machine Current State"/></itemDef>    
    <itemDef name="IDX_SCIADCEVTBUFFEN" type="enaDis"><alias namespace="IDEX" value="SCIADCEVTBUFFEN"/>
      <description text="Science Event Buffer under FSW Control"/></itemDef>    
    <itemDef name="IDX_SCIADC1DQFULL" type="errOkay"><alias namespace="IDEX" value="SCIADC1DQFULL"/>
      <description text="Science Mid Gain (ADC1 channel Q) FIFO was full since last clear"/></itemDef>
    <itemDef name="IDX_SCIADC0DQFULL" type="errOkay"><alias namespace="IDEX" value="SCIADC0DQFULL"/>
      <description text="Science Low Gain (ADC0 channel Q) FIFO was full since last clear"/></itemDef>
      <itemDef name="IDX_SCIADC0DIFULL" type="errOkay"><alias namespace="IDEX" value="SCIADC0DIFULL"/>
    <description text="Science High Gain (ADC0 channel I) FIFO was full since last clear"/></itemDef>
      <itemDef name="IDX_SCIRDUNDRFLW" type="errOkay"><alias namespace="IDEX" value="SCIRDUNDRFLW"/>
      <description text="Read pointer advanced when event buffers already empty"/></itemDef>
    <itemDef name="IDX_SCIBUFFULL" type="yesNo"><alias namespace="IDEX" value="SCIBUFFULL"/>
      <description text="Science ADC event buffers full, overflow on next trigger"/></itemDef>
    <itemDef name="IDX_SCIDATARDY" type="yesNo"><alias namespace="IDEX" value="SCIDATARDY"/>
      <description text="Science ADC data available in event buffers"/></itemDef>
    <itemDef name="IDX_SCISTOPCNT" type="dn20">
        <alias namespace="IDEX" value="SCISTOPCNT"/>
      <description text="Number of clock cycles spent in STOPPED state"/>
    </itemDef>  
    <!-- transCount -->
    <itemDef name="IDX_HOSTMODE" type="errOkay"><alias namespace="IDEX" value="HOSTMODE"/>
      <description text="FSW had direct access to event buffer data (probably bad)"/></itemDef>    
     <itemDef name="IDX_TRANSUNUSED" type="dn1">
      <alias namespace="IDEX" value="TRANSCNTUNUSED"/>
      <description text="Spare"/></itemDef> 
     <itemDef name="IDX_SCITRANSCNT_TOFMG" type="dn10">
        <alias namespace="IDEX" value="SCITRANSCNT_TOFMG"/>
      <description text="Number of times ADC data value crossed programmed threshold value for TOF MG"/>
    </itemDef>  
    <itemDef name="IDX_SCITRANSCNT_TOFLG" type="dn10">
        <alias namespace="IDEX" value="SCITRANSCNT_TOFLG"/>
      <description text="Number of times ADC data value crossed programmed threshold value for TOF LG"/>
    </itemDef>  
    <itemDef name="IDX_SCITRANSCNT_TOFHG" type="dn10">
        <alias namespace="IDEX" value="SCITRANSCNT_TOFHG"/>
      <description text="Number of times ADC data value crossed programmed threshold value for TOF HG"/>
    </itemDef>  
    
    <!-- blockSel -->
     <itemDef name="IDX_hsErr" type="errOkay">
        <alias namespace="IDEX" value="hsErr"/>
      <description text="Too many (16) pre- and post-trigger HS blocks selected (R/O)"/>
    </itemDef>
     <itemDef name="IDX_lsErr" type="errOkay">
        <alias namespace="IDEX" value="lsErr"/>
      <description text="Too many (32) pre- and post-trigger LS blocks selected (R/O)"/>
    </itemDef>
     <itemDef name="IDX_deadTimeBase" type="dn6">
        <alias namespace="IDEX" value="deadTimeBase"/>
      <description text="Base value for dead time computation, see FPGA ADC N Blocks register"/>
    </itemDef>
     <itemDef name="IDX_deadTimeShift" type="dn4">
        <alias namespace="IDEX" value="deadTimeShift"/>
      <description text="Shift value for dead time computation, see FPGA ADC N Blocks register"/>
    </itemDef>
     <itemDef name="IDX_hsPreTrg" type="dn4">
        <alias namespace="IDEX" value="hsPreTrg"/>
      <description text="Add 1 to get the number of HS blocks for pre-trigger data"/>
    </itemDef>
     <itemDef name="IDX_hsPostTrg" type="dn4">
        <alias namespace="IDEX" value="hsPostTrg"/>
      <description text="Add 1 to get the number of HS blocks for post-trigger data"/>
    </itemDef>
     <itemDef name="IDX_lsPreTrg" type="dn6">
        <alias namespace="IDEX" value="lsPreTrg"/>
      <description text="Add 1 to get the number of LS blocks for pre-trigger data"/>
    </itemDef>
     <itemDef name="IDX_lsPostTrg" type="dn6">
        <alias namespace="IDEX" value="lsPostTrg"/>
      <description text="Add 1 to get the number of LS blocks for post-trigger data"/>
    </itemDef>  

    <!-- trig1CtrlHS0I -->
    <itemDef name="IDX_TRIGTOFHGNMAX2" type="dn8"><alias namespace="IDEX" value="TRIGTOFHGNMAX2"/>
      <description text="Max consecutive samples above threshold for double pulse 2 only, TOFHG(HSADC0-I)"/></itemDef>
    <itemDef name="IDX_TRIGTOFHGNMIN2" type="dn8"><alias namespace="IDEX" value="TRIGTOFHGNMIN2"/>
      <description text="Min consecutive samples above threshold for double pulse 2 only, TOFHG(HSADC0-I)"/></itemDef>
    <itemDef name="IDX_TRIGTOFHGNMAX1" type="dn8"><alias namespace="IDEX" value="TRIGTOFHGNMAX1"/>
      <description text="Max consecutive samples above threshold for double pulse 1 only, TOFHG(HSADC0-I)"/></itemDef>
    <itemDef name="IDX_TRIGTOFHGNMIN1" type="dn8"><alias namespace="IDEX" value="TRIGTOFHGNMIN1"/>
      <description text="Min consecutive samples above threshold for double pulse 1 only, TOFHG(HSADC0-I)"/></itemDef>
    
    <!-- trig2CtrlHS0I -->
    <itemDef name="IDX_TRIGTOFHGTHOLD" type="dn10"><alias namespace="IDEX" value="TRIGTOFHGTHOLD"/>
      <description text="Threshold level for triggering for all 3 modes, TOFHG(HSADC0-I)"/></itemDef>
    <itemDef name="IDX_TRIGTOFHGNMAX12" type="dn11"><alias namespace="IDEX" value="TRIGTOFHGNMAX12"/>
      <description text="Max consecutive samples below threshold for double pulse only, TOFHG(HSADC0-I)"/></itemDef>
    <itemDef name="IDX_TRIGTOFHGNMIN12" type="dn11"><alias namespace="IDEX" value="TRIGTOFHGNMIN12"/>
      <description text="Min consecutive samples below threshold for double pulse only, TOFHG(HSADC0-I)"/></itemDef>

    <!-- trig1CtrlHS0Q -->
    <itemDef name="IDX_TRIGTOFLGNMAX2" type="dn8"><alias namespace="IDEX" value="TRIGTOFLGNMAX2"/>
      <description text="Max consecutive samples above threshold for double pulse 2 only, TOFLG(HSADC0-Q)"/></itemDef>
    <itemDef name="IDX_TRIGTOFLGNMIN2" type="dn8"><alias namespace="IDEX" value="TRIGTOFLGNMIN2"/>
      <description text="Min consecutive samples above threshold for double pulse 2 only, TOFLG(HSADC0-Q)"/></itemDef>
    <itemDef name="IDX_TRIGTOFLGNMAX1" type="dn8"><alias namespace="IDEX" value="TRIGTOFLGNMAX1"/>
      <description text="Max consecutive samples above threshold for double pulse 1 only, TOFLG(HSADC0-Q)"/></itemDef>
    <itemDef name="IDX_TRIGTOFLGNMIN1" type="dn8"><alias namespace="IDEX" value="TRIGTOFLGNMIN1"/>
      <description text="Min consecutive samples above threshold for double pulse 1 only, TOFLG(HSADC0-Q)"/></itemDef>
    
    <!-- trig2CtrlHS0Q -->
    <itemDef name="IDX_TRIGTOFLGTHOLD" type="dn10"><alias namespace="IDEX" value="TRIGTOFLGTHOLD"/>
      <description text="Threshold level for triggering for all 3 modes, TOFLG(HSADC0-Q)"/></itemDef>
    <itemDef name="IDX_TRIGTOFLGNMAX12" type="dn11"><alias namespace="IDEX" value="TRIGTOFLGNMAX12"/>
      <description text="Max consecutive samples below threshold for double pulse only, TOFLG(HSADC0-Q)"/></itemDef>
    <itemDef name="IDX_TRIGTOFLGNMIN12" type="dn11"><alias namespace="IDEX" value="TRIGTOFLGNMIN12"/>
      <description text="Min consecutive samples below threshold for double pulse only, TOFLG(HSADC0-Q)"/></itemDef>

    <!-- trig1CtrlHS1Q -->
    <itemDef name="IDX_TRIGTOFMGNMAX2" type="dn8"><alias namespace="IDEX" value="TRIGTOFMGNMAX2"/>
      <description text="Max consecutive samples above threshold for double pulse 2 only, TOFMG(HSADC1-Q)"/></itemDef>
    <itemDef name="IDX_TRIGTOFMGNMIN2" type="dn8"><alias namespace="IDEX" value="TRIGTOFMGNMIN2"/>
      <description text="Min consecutive samples above threshold for double pulse 2 only, TOFMG(HSADC1-Q)"/></itemDef>
    <itemDef name="IDX_TRIGTOFMGNMAX1" type="dn8"><alias namespace="IDEX" value="TRIGTOFMGNMAX1"/>
      <description text="Max consecutive samples above threshold for double pulse 1 only, TOFMG(HSADC1-Q)"/></itemDef>
    <itemDef name="IDX_TRIGTOFMGNMIN1" type="dn8"><alias namespace="IDEX" value="TRIGTOFMGNMIN1"/>
      <description text="Min consecutive samples above threshold for double pulse 1 only, TOFMG(HSADC1-Q)"/></itemDef>
    
    <!-- trig2CtrlHS1Q -->    
    <itemDef name="IDX_TRIGTOFMGTHOLD" type="dn10"><alias namespace="IDEX" value="TRIGTOFMGTHOLD"/>
      <description text="Threshold level for triggering for all 3 modes, TOFMG(HSADC1-Q)"/></itemDef>
    <itemDef name="IDX_TRIGTOFMGNMAX12" type="dn11"><alias namespace="IDEX" value="TRIGTOFMGNMAX12"/>
      <description text="Max consecutive samples below threshold for double pulse only, TOFMG(HSADC1-Q)"/></itemDef>
    <itemDef name="IDX_TRIGTOFMGNMIN12" type="dn11"><alias namespace="IDEX" value="TRIGTOFMGNMIN12"/>
      <description text="Min consecutive samples below threshold for double pulse only, TOFMG(HSADC1-Q)"/></itemDef>

    <!-- trigCtrlLS0 -->
    <itemDef name="IDX_TRIGLSUNUSED0" type="dn3"><alias namespace="IDEX" value="TRIGLSUNUSED0"/>
      <description text="Spare"/></itemDef>  
    <itemDef name="IDX_TRIGEXTPOL" type="extTrigType1"><alias namespace="IDEX" value="TRIGEXTPOL"/>
      <description text="Ground-only external trigger polarity set for rising or falling"/></itemDef>  
    <itemDef name="IDX_TRIGLSUNUSED1" type="dn4"><alias namespace="IDEX" value="TRIGLSUNUSED0"/>
      <description text="Spare"/></itemDef>  
    <itemDef name="IDX_TRIGCOINWINDOW" type="dn3"><alias namespace="IDEX" value="TRIGCOINWINDOW"/>
      <description text="Number sample blocks during which the coincidence window is open"/></itemDef>  
    <itemDef name="IDX_TRIGLSPOLARITY" type="trigPolType1"><alias namespace="IDEX" value="TRIGLSPOLARITY"/>
      <description text="Selects Target (low speed ADC) triggers on samples above/below threshold"/></itemDef>  
    <itemDef name="IDX_TRIGLSTHOLD" type="dn12"><alias namespace="IDEX" value="TRIGLSTHOLD"/>
      <description text="Threshold level for triggering on Target (low speed ADC)"/></itemDef>      
    <itemDef name="IDX_TRIGLSNMIN" type="dn8"><alias namespace="IDEX" value="TRIGLSNMIN"/>
      <description text="Min consecutive samples above/below threshold, Target channel"/></itemDef>  

    <!-- dclkAlign -->
    <itemDef name="IDX_SCIALIGNSTATE" type="busyIdle"><alias namespace="IDEX" value="SCIALIGNSTATE"/>
      <description text="Status of science ADC clock alignment operation"/></itemDef>
    <itemDef name="IDX_SCIALIGNERR" type="errOkay"><alias namespace="IDEX" value="SCIALIGNERR"/>
      <description text="Error found during science ADC clock alignment operation, read on clear"/></itemDef>
    <itemDef name="IDX_SCIALIGNUNUSED0" type="dn5"><alias namespace="IDEX" value="SCIALIGNUNUSED0"/>
      <description text="Unused"/></itemDef>        
    <itemDef name="IDX_SCIALIGNEYESIZE" type="dn9"><alias namespace="IDEX" value="SCIALIGNEYESIZE"/>
      <description text="Reflects eye size after successful science ADC clock alignment"/></itemDef>    
    <itemDef name="IDX_SCIALIGNEYEPOS" type="dn8"><alias namespace="IDEX" value="SCIALIGNEYEPOS"/>
      <description text="Reflects eye phase offset position after successful science ADC clock alignment"/></itemDef>    
    <itemDef name="IDX_SCIALIGNUNUSED1" type="dn1"><alias namespace="IDEX" value="SCIALIGNUNUSED1"/>
      <description text="Unused"/></itemDef>        
    <itemDef name="IDX_SCIALIGNEYECENTR" type="dn7"><alias namespace="IDEX" value="SCIALIGNEYECENTR"/>
      <description text="Reflects phase offset to center after successful science ADC clock alignment"/></itemDef>    

    <itemDef name="IDX_SCIPOSTTRIGHOST" type="dn4"><alias namespace="IDEX" value="SCIPOSTTRIGHOST"/>
      <description text="Spare"/></itemDef>
    <itemDef name="IDX_SCITRIGHOSTEXT" type="yesNo"><alias namespace="IDEX" value="SCITRIGHOSTEXT"/>
      <description text="Accessible trigger generated externally"/></itemDef>
    <itemDef name="IDX_SCITRIGHOSTSW" type="yesNo"><alias namespace="IDEX" value="SCITRIGHOSTSW"/>
      <description text="Accessible trigger generated by software"/></itemDef>
    <itemDef name="IDX_SCITRIGHOSTID" type="dn4"><alias namespace="IDEX" value="SCITRIGHOSTID"/>
      <description text="Spare"/></itemDef>
    <itemDef name="IDX_SCITOFHGMIN" type="dn10"><alias namespace="IDEX" value="SCITOFHGMIN"/>
      <description text="Minimum reading on TOF HG"/></itemDef>
    <itemDef name="IDX_SCITOFHGMAXSPARE" type="dn2"><alias namespace="IDEX" value="SCITOFHGMAXSPARE"/>
      <description text="Spare"/></itemDef>
    <itemDef name="IDX_SCITOFHGMAX" type="dn10"><alias namespace="IDEX" value="SCITOFHGMAX"/>
      <description text="Maximum reading on TOF HG"/></itemDef>

    <itemDef name="IDX_SCITOFLGMINSPARE" type="dn6"><alias namespace="IDEX" value="SCITOFLGMINSPARE"/>
      <description text="Spare"/></itemDef>
    <itemDef name="IDX_TOFMGPDN" type="onOffActiveLow1"> <alias namespace="IDEX" value="TOFMGPDN"/>
      <description text="Power (PDNQ) signal for HS ADC1 (mid gain), see FPGA ADC1 Power Control reg"/></itemDef>
    <itemDef name="IDX_TOFMGPD" type="onOffActiveLow1"><alias namespace="IDEX" value="TOFMGPD"/>
      <description text="Analog chain (PDQ) signal for HS ADC1 (mid gain), see FPGA ADC1 Power Ctrl reg"/></itemDef>
    <itemDef name="IDX_hs1Pdni" type="onOffActiveLow1"><alias namespace="IDEX" value="hs1Pdni"/>
      <description text="Power (PDNI) signal for HS ADC1 (unused), see FPGA ADC1 Power Control reg"/></itemDef>
    <itemDef name="IDX_hs1Pdi" type="onOffActiveLow1"><alias namespace="IDEX" value="hs1Pdi"/>
      <description text="Analog chain (PDI) signal for HS ADC1 (unused), see FPGA ADC1 Power Ctrl reg"/></itemDef>
    <itemDef name="IDX_SCITOFLGMIN" type="dn10"><alias namespace="IDEX" value="SCITOFLGMIN"/>
      <description text="Minimum reading on TOF LG"/></itemDef>
    <itemDef name="IDX_SCITOFLGMAXSPARE" type="dn2"><alias namespace="IDEX" value="SCITOFLGMAXSPARE"/>
      <description text="Spare"/></itemDef>
    <itemDef name="IDX_SCITOFLGMAX" type="dn10"><alias namespace="IDEX" value="SCITOFLGMAX"/>
      <description text="Maximum reading on TOF LG"/></itemDef>

    <itemDef name="IDX_SCITOFMGMINSPARE" type="dn4"><alias namespace="IDEX" value="SCITOFMGMINSPARE"/>
      <description text="Spare"/></itemDef>
    <itemDef name="IDX_hs1CalRunFlag" type="enaDis"><alias namespace="IDEX" value="hs1CalRunFlag"/>
      <description text="Latched State of CALRUN output pin (active high) for ADC1"/></itemDef>
    <itemDef name="IDX_hs1Calrun" type="enaDis"><alias namespace="IDEX" value="hs1Calrun"/>
      <description text="State of CALRUN output pin (active high) for ADC1"/></itemDef>
    <itemDef name="IDX_hs1Cal" type="enaDis"><alias namespace="IDEX" value="hs1Cal"/>
      <description text="State of Calibration Cycle Initiate pin for Science ADC1"/></itemDef>
    <itemDef name="IDX_hs1Tpm" type="enaDis"><alias namespace="IDEX" value="hs1Tpm"/>
      <description text="State of Test Pattern Mode pin for Science ADC1"/></itemDef>
    <itemDef name="IDX_hs1Fsr" type="enaDis"><alias namespace="IDEX" value="hs1Fsr"/>
      <description text="State of Full-Scale Range pin for Science ADC1"/></itemDef>    
    <itemDef name="IDX_hs1Ece" type="onOffActiveLow1"><alias namespace="IDEX" value="hs1Ece"/>
      <description text="State of Extended feature control (SPI) pin for Science ADC1"/></itemDef>  
    <itemDef name="IDX_SCITOFMGMIN" type="dn10"><alias namespace="IDEX" value="SCITOFMGMIN"/>
      <description text="Minimum reading on HS1Q"/></itemDef>
    <itemDef name="IDX_SCITOFMGMAXSPARE" type="dn2"><alias namespace="IDEX" value="SCITOFMGMINSPARE"/>
      <description text="Spare"/></itemDef>
    <itemDef name="IDX_SCITOFMGMAX" type="dn10"><alias namespace="IDEX" value="SCITOFMGMAX"/>
      <description text="Maximum reading on HS1Q"/></itemDef>

    <itemDef name="IDX_SCIADCCOINCENA" type="enaDis"><alias namespace="IDEX" value="SCIADCCOINCENA"/>
      <description text="Config of coincidence triggering (THR trigger opens window)"/></itemDef> 
    <itemDef name="IDX_SCIADCMODELS" type="enaDis"><alias namespace="IDEX" value="SCIADCMODELS"/>
      <description text="Trigger mode for THR science channel"/></itemDef> 
    <itemDef name="IDX_SCIADCMODETOFMG" type="trigModeType2"><alias namespace="IDEX" value="SCIADCMODETOFMG"/>
      <description text="Trigger mode (or disable) for high speed science TOF MG"/></itemDef>
    <itemDef name="IDX_SCIADCMODETOFLG" type="trigModeType2"><alias namespace="IDEX" value="SCIADCMODETOFLG"/>
      <description text="Trigger mode (or disable) for high speed science TOF LG"/></itemDef>
    <itemDef name="IDX_SCIADCMODETOFHG" type="trigModeType2"><alias namespace="IDEX" value="SCIADCMODETOFHG"/>
      <description text="Trigger mode (or disable) for high speed science TOF HG"/></itemDef>
    <itemDef name="IDX_SCITLRMIN" type="dn12"><alias namespace="IDEX" value="SCITLRMIN"/>
      <description text="Minimum reading on Target Low Range CSA channel"/></itemDef>
    <itemDef name="IDX_SCITLRMAX" type="dn12"><alias namespace="IDEX" value="SCITLRMAX"/>
      <description text="Maximum reading on Target Low Range CSA channel"/></itemDef>

    <itemDef name="IDX_SCITHRMINSPARE" type="dn4"><alias namespace="IDEX" value="SCITHRMINSPARE"/>
      <description text="Spare"/></itemDef>
    <itemDef name="IDX_TOFLGPDN" type="onOffActiveLow1"><alias namespace="IDEX" value="TOFLGPDN"/>
      <description text="Power (PDNQ) signal for HS ADC0 low gain), see FPGA ADC1 Power Control reg"/></itemDef>
    <itemDef name="IDX_TOFLGPD" type="onOffActiveLow1"><alias namespace="IDEX" value="TOFLGPD"/>
      <description text="Analog chain (PDQ) signal for HS ADC0 low gain), see FPGA ADC1 Power Ctrl reg"/></itemDef>
    <itemDef name="IDX_TOFHGPDN" type="onOffActiveLow1"><alias namespace="IDEX" value="TOFHGPDN"/>
      <description text="Power (PDNI) signal for HS ADC0 (high gain), see FPGA ADC1 Power Control reg"/></itemDef>
    <itemDef name="IDX_TOFHGPD" type="onOffActiveLow1"><alias namespace="IDEX" value="TOFHGPD"/>
      <description text="Analog chain (PDI) signal for HS ADC0 (high gain), see FPGA ADC1 Power Ctrl reg"/></itemDef>
    <itemDef name="IDX_SCITHRMIN" type="dn12"><alias namespace="IDEX" value="SCITHRMIN"/>
      <description text="Minimum reading on Target High Range CSA channel"/></itemDef>
    <itemDef name="IDX_SCITHRMAX" type="dn12"><alias namespace="IDEX" value="SCITHRMAX"/>
      <description text="Maximum reading on Target High Range CSA channel"/></itemDef>

    <itemDef name="IDX_SCIIONMINSPARE" type="dn2"><alias namespace="IDEX" value="SCIIONMINSPARE"/>
      <description text="Spare"/></itemDef>
    <itemDef name="IDX_hs0CalRunFlag" type="enaDis"><alias namespace="IDEX" value="hs01CalRunFlag"/>
      <description text="Latched state of CALRUN output pin (active high) for ADC0"/></itemDef>
    <itemDef name="IDX_hs0Calrun" type="enaDis"><alias namespace="IDEX" value="hs0Calrun"/>
      <description text="State of CALRUN output pin (active high) for ADC0"/></itemDef>
    <itemDef name="IDX_hs0Cal" type="enaDis"><alias namespace="IDEX" value="hs0Cal"/>
      <description text="State of Calibration Cycle Initiate pin for Science ADC0"/></itemDef>
    <itemDef name="IDX_hs0Tpm" type="enaDis"><alias namespace="IDEX" value="hs0Tpm"/>
      <description text="State Test Pattern Mode enabled for Science ADC0"/></itemDef>
    <itemDef name="IDX_hs0Fsr" type="enaDis"><alias namespace="IDEX" value="hs0Fsr"/>
      <description text="State Full-Scale Range enabled for Science ADC0"/></itemDef>    
    <itemDef name="IDX_hs0Ece" type="onOffActiveLow1"><alias namespace="IDEX" value="hs0Ece"/>
      <description text="State Extended Feature Control (SPI) pin for Science ADC0"/></itemDef> 
    <itemDef name="IDX_SCIIONMIN" type="dn12"><alias namespace="IDEX" value="SCIIONMIN"/>
      <description text="Minimum reading on Ion Grid CSA channel"/></itemDef>
    <itemDef name="IDX_SCIIONMAX" type="dn12"><alias namespace="IDEX" value="SCIIONMAX"/>
      <description text="Maximum reading on Ion Grid CSA channel"/></itemDef>

    <!-- ADC Eye Pattern Registers, selected via parameter table entry -->
    <itemDef name="IDX_SCIEYEPATTERR0" type="dn32"><alias namespace="IDEX" value="SCIEYEPATTERR0"/>
      <description text="Expanded results 1/4 of DCLK alignment process, bus selected by param table"/></itemDef>
    <itemDef name="IDX_SCIEYEPATTERR1" type="dn32"><alias namespace="IDEX" value="SCIEYEPATTERR1"/>
      <description text="Expanded results 2/4 of DCLK alignment process, bus selected by param table"/></itemDef>
    <itemDef name="IDX_SCIEYEPATTERR2" type="dn32"><alias namespace="IDEX" value="SCIEYEPATTERR2"/>
      <description text="Expanded results 3/4 of DCLK alignment process, bus selected by param table"/></itemDef>
    <itemDef name="IDX_SCIEYEPATTERR3" type="dn32"><alias namespace="IDEX" value="SCIEYEPATTERR3"/>
      <description text="Expanded results 4/4 of DCLK alignment process, bus selected by param table"/></itemDef>
    <!--END: sciAdcHWPkt_t -->  
  
    <!--BEGIN: hvpsHWPkt_t -->
    <!-- sensorDetectorSetpoint -->
    <itemDef name="IDX_HVPSSWSPARE0" type="dn5"><alias namespace="IDEX" value="HVPSSWSPARE"/>
      <description text="Spare"/></itemDef>  
    <itemDef name="IDX_HVPSPWRCTRL" type="hvpsBoardPwr3"><alias namespace="IDEX" value="HVPSPWRCTRL"/>
      <description text="HVPS power control state, duplicated in HS pkt"/></itemDef>  
    <itemDef name="IDX_HVSENSORSETPT" type="dn12"><alias namespace="IDEX" value="HVSENSORSETPT"/>
      <description text="Control setpoint for Sensor/Reflectron HVPS output"/></itemDef>  
    <itemDef name="IDX_HVDETECTSETPT" type="dn12"><alias namespace="IDEX" value="HVDETECTSETPT"/>
      <description text="Control setpoint for Detector HVPS output"/></itemDef>
    
    <!-- targetReflectronSetpoint -->
    <itemDef name="IDX_HVPOLCTRL" type="hvPolarity1"><alias namespace="IDEX" value="HVPOLCTRL"/>
      <description text="State of HVPS polarity control bit (not used on IDEX)"/></itemDef>
    <itemDef name="IDX_HVPOLSTAT" type="hvPolarity1"><alias namespace="IDEX" value="HVPOLSTAT"/>
      <description text="State of HVPS polarity status bit (not used on IDEX)"/></itemDef>
    <itemDef name="IDX_HVSAFEPLUG" type="inOut"><alias namespace="IDEX" value="HVSAFEPLUG"/>
      <description text="State of external HVPS safe plug which limits HVPS outputs"/></itemDef>
    <itemDef name="IDX_HVPWRENASTAT" type="enaDis"><alias namespace="IDEX" value="HVPWRENASTAT"/>
      <description text="State of HVPS power enable"/></itemDef>
    <itemDef name="IDX_HVSENSCTRL" type="enaDis"><alias namespace="IDEX" value="HVSENSCTRL"/>
      <description text="State of FPGA logic for Sensor HVPS Enable, see FPGA HVPS Status Register"/></itemDef>
    <itemDef name="IDX_HVDETCTRL" type="enaDis"><alias namespace="IDEX" value="HVDETCTRL"/>
      <description text="State of FPGA logic for Detector HVPS Enable, see FPGA HVPS Status Register"/></itemDef>
    <itemDef name="IDX_HVSENSSTAT" type="enaDis"><alias namespace="IDEX" value="HVSENSSTAT"/>
      <description text="State of Sensor HVPS Enable (also enables Target and Rejection)"/></itemDef>
    <itemDef name="IDX_HVDETSTAT" type="enaDis"><alias namespace="IDEX" value="HVDETSTAT"/>
      <description text="State of Detector HVPS Enable"/></itemDef>
    <itemDef name="IDX_HVTARGETSETPT" type="dn12"><alias namespace="IDEX" value="HVTARGETSETPT"/>
      <description text="Control setpoint for Target HVPS output"/></itemDef>  
    <itemDef name="IDX_HVRJCTNSETPT" type="dn12"><alias namespace="IDEX" value="HVRJCTNSETPT"/>
      <description text="Control setpoint for Rejection HVPS output"/></itemDef>

    <!-- sensorDetectorMax -->
    <itemDef name="IDX_HVDETECTOVRD" type="dn8"><alias namespace="IDEX" value="HVDETECTOVRD"/>
      <description text="FPGA has overridden the setpoint due to error"/></itemDef>  
    <itemDef name="IDX_HVDETECTMAX" type="dn12"><alias namespace="IDEX" value="HVDETECTMAX"/>
      <description text="Maximum allowable DAC value for Detector HVPS"/></itemDef>  
    <itemDef name="IDX_HVDETECTLAST" type="dn12"><alias namespace="IDEX" value="HVDETECTLAST"/>
      <description text="Last raw value sent to DAC controlling the Detector HVPS"/></itemDef>    
 
    <!-- sensorDetectorLast -->
    <itemDef name="IDX_HVSENSOROVRD" type="dn8"><alias namespace="IDEX" value="HVSENSOROVRD"/>
      <description text="FPGA has overridden the setpoint due to error"/></itemDef>  
    <itemDef name="IDX_HVSENSORMAX" type="dn12"><alias namespace="IDEX" value="HVSENSORMAX"/>
      <description text="Maximum allowable DAC value for Sensor/Reflectron HVPS"/></itemDef>  
    <itemDef name="IDX_HVSENSORLAST" type="dn12"><alias namespace="IDEX" value="HVSENSORLAST"/>
      <description text="Last raw value sent to DAC controlling the Sensor/Reflectron HVPS"/></itemDef>  

    <!-- sensorDetectorLast -->
    <itemDef name="IDX_HVTARGETOVRD" type="dn8"><alias namespace="IDEX" value="HVTARGETOVRD"/>
      <description text="FPGA has overridden the setpoint due to error"/></itemDef>  
    <itemDef name="IDX_HVTARGETMAX" type="dn12"><alias namespace="IDEX" value="HVTARGETMAX"/>
      <description text="Maximum allowable DAC value for Target HVPS"/></itemDef>  
    <itemDef name="IDX_HVTARGETLAST" type="dn12"><alias namespace="IDEX" value="HVTARGETLAST"/>
      <description text="Last raw value sent to DAC controlling the Target HVPS"/></itemDef>  

    <!-- sensorDetectorLast -->
    <itemDef name="IDX_HVRJCTNOVRD" type="dn8"><alias namespace="IDEX" value="HVRJCTNOVRD"/>
      <description text="FPGA has overridden the setpoint due to error"/></itemDef>  
    <itemDef name="IDX_HVRJCTNMAX" type="dn12"><alias namespace="IDEX" value="HVRJCTNMAX"/>
      <description text="Maximum allowable DAC value for Rejection HVPS"/></itemDef>  
    <itemDef name="IDX_HVRJCTNLAST" type="dn12"><alias namespace="IDEX" value="HVRJCTNLAST"/>
      <description text="Last raw value sent to DAC controlling the Rejection HVPS"/></itemDef>
    <!--END: hvpsHWPkt_t -->

    <!--BEGIN: dabIntfHwPkt_t -->
    <!-- stim.dword -->
    <itemDef name="IDX_DABSP0" type="dn1"> <alias namespace="IDEX" value="DABSP0"/>
      <description text="Spare"/></itemDef>
    <itemDef name="IDX_StimPulsEna" type="enaDis"> <alias namespace="IDEX" value="StimPulsEna"/>
      <description text="Detector stimulus pulse is currently active or not"/></itemDef>
    <itemDef name="IDX_DABSP1" type="dn2"> <alias namespace="IDEX" value="DABSP1"/>
      <description text="Spare"/></itemDef>
    <itemDef name="IDX_StimPulsOnDur" type="dn12"> <alias namespace="IDEX" value="DETSTIMONTIME"/>
      <description text="Duration of the stim pulse when it is on"/></itemDef>
    <itemDef name="IDX_StimPulsOffShift" type="dn4"> <alias namespace="IDEX" value="StimPulsOffShift"/>
      <description text="Duration of stim pulse when off (duration between pulses), time shift"/></itemDef>
    <itemDef name="IDX_StimPulsOffBase" type="dn12"> <alias namespace="IDEX" value="StimPulsOffBase"/>
      <description text="Duration of stim pulse when off (duration between pulses), time base"/></itemDef>

    <!-- coverAndStim.dword -->
    <itemDef name="IDX_StimPulsCnt" type="dn16"> <alias namespace="IDEX" value="StimPulsCnt"/>
      <description text="Counts DAB stim pulses since last clear, no rollover"/></itemDef>
    <itemDef name="IDX_DOORCRLRED" type="onOff"> <alias namespace="IDEX" value="DOORCRLRED"/>
      <description text="Redundant/secondary pin puller is actively deploying or not"/></itemDef>
    <itemDef name="IDX_DOORSTRED" type="closedOpen1"> <alias namespace="IDEX" value="DOORSTRED"/>
      <description text="Redundant pin puller deployment reading, only valid if s/c decon htr bus active"/></itemDef>
    <itemDef name="IDX_DOORCRLPRI" type="onOff"> <alias namespace="IDEX" value="DOORCRLPRI"/>
      <description text="Primary pin puller is actively deploying or not"/></itemDef>
    <itemDef name="IDX_DOORSTPRI" type="closedOpen1"> <alias namespace="IDEX" value="DOORSTPRI"/>
      <description text="Primary pin puller deployment reading, only valid if s/c decon htr bus is active"/></itemDef>
    <itemDef name="IDX_DOORTMOUT" type="dn12"> <alias namespace="IDEX" value="DOORTMOUT"/>
      <description text="Configuration of timeout for deploying door, in millisec"/></itemDef>

    <!-- decon.dword -->
    <itemDef name="IDX_AnyDabErr" type="errOkay"> <alias namespace="IDEX" value="AnyDabErr"/>
      <description text="An error condition has occurred since last clear, ClrTlmSt clears"/></itemDef>
    <itemDef name="IDX_DeconHtrErr" type="errOkay"> <alias namespace="IDEX" value="DeconHtrErr"/>
      <description text="Decon htr control signal was active during an error condition, ClrTlmSt clears"/></itemDef>
    <itemDef name="IDX_DoorRedErr" type="errOkay"> <alias namespace="IDEX" value="DoorRedErr"/>
      <description text="Redundant door cntrl signal  active during error condition, ClrTlmSt clears"/></itemDef>
    <itemDef name="IDX_DoorPriErr" type="errOkay"> <alias namespace="IDEX" value="DoorPriErr"/>
      <description text="Primary door cntrl signal was active during error condition, ClrTlmSt clears"/></itemDef>
    <itemDef name="IDX_DECONPWR" type="onOff"> <alias namespace="IDEX" value="DECONPWR"/>
      <description text="Decontamination heater is heating"/></itemDef>
    <itemDef name="IDX_DABSP2" type="dn1"> <alias namespace="IDEX" value="DABSP3"/>
      <description text="Spare"/></itemDef>
    <itemDef name="IDX_DECONSELTHERM1" type="yesNo"> <alias namespace="IDEX" value="DECONSELTHERM1"/>
      <description text="Decon heater is configured to use Thermistor #1 for closed-loop control"/></itemDef>
    <itemDef name="IDX_DECONSELTHERM0" type="yesNo"> <alias namespace="IDEX" value="DECONSELTHERM0"/>
      <description text="Decon heater is configured to use Thermistor #0 for closed-loop control"/></itemDef>
    <itemDef name="IDX_DECONLIM0HI" type="dn12"> <alias namespace="IDEX" value="DECONLIM0HI"/>
      <description text="Upper limit for decon heater control thermistor 0, in raw DN"/></itemDef>
    <itemDef name="IDX_DECONLIM0LO" type="dn12"> <alias namespace="IDEX" value="DECONLIM0LO"/>
      <description text="Lower limit for decon heater control thermistor 0, in raw DN"/></itemDef>
  <!--END: dabIntfHwPkt_t -->

  <!--BEGIN: sramHwPkt_t -->    
    <!-- edacAndMerr -->
    <itemDef name="IDX_SramUerrData" type="dn32"><alias namespace="IDEX" value="SramUerrData"/>
      <description text="Raw value read back for most recent UErr, only seen if wdog response disabled"/></itemDef>  

    <itemDef name="IDX_SramUErrCnt2" type="dn16"><alias namespace="IDEX" value="SramUErrCnt2"/>
      <description text="FPGA count of uncorrectable EDAC SRAM errors since last clear"/></itemDef>  
    <itemDef name="IDX_SramCErrCnt2" type="dn16"><alias namespace="IDEX" value="SramCErrCnt2"/>
      <description text="FPGA count of correctable EDAC SRAM errors since last clear"/></itemDef>  
      
    <itemDef name="IDX_SramUErrCheck" type="dn8"><alias namespace="IDEX" value="SramUErrCheck"/>
      <description text="EDAC check bits read back for most recent uncorrectable error"/></itemDef>
    <itemDef name="IDX_SramScrubBusy" type="yesNo"><alias namespace="IDEX" value="SramScrubBusy"/>
      <description text="FPGA not finished initializing SRAM values (the word scrub is misleading)"/></itemDef>
    <itemDef name="IDX_SramSpare4" type="dn2"><alias namespace="IDEX" value="SramSpare4"/>
      <description text="Spare"/></itemDef>
    <itemDef name="IDX_SramCerrFlag" type="yesNo"><alias namespace="IDEX" value="SramCerrFlag"/>
      <description text="Uncorrectable error seen on SRAM (latched until cleared)"/></itemDef>
    <itemDef name="IDX_SramUerrFlag" type="yesNo"><alias namespace="IDEX" value="SramUerrFlag"/>
      <description text="Correctable error seen on SRAM (latched until cleared)"/></itemDef>
    <itemDef name="IDX_SramUErrAddr" type="dn19"><alias namespace="IDEX" value="SramUErrAddr"/>
      <description text="SRAM address of the most recent uncorrectable error"/></itemDef>

    <itemDef name="IDX_SramCErrCheck" type="dn8"><alias namespace="IDEX" value="SramCErrCheck"/>
      <description text="EDAC check bits read back for most recent correctable error"/></itemDef>
    <itemDef name="IDX_SramScrub" type="enaDis"><alias namespace="IDEX" value="SramScrub"/>
      <description text="Enables automatic SRAM EDAC scrubbing by FPGA (detect and correct if correctable)"/></itemDef>
    <itemDef name="IDX_SramEdacIntr" type="enaDis"><alias namespace="IDEX" value="SramEdacIntr"/>
      <description text="Allows interrupt on detection of uncorrectable SRAM EDAC error"/></itemDef>  
    <itemDef name="IDX_SramErrInject" type="enaDis"><alias namespace="IDEX" value="SramErrInject"/>
      <description text="EDAC errors inject for SRAM accesses, see FPGA documentation for specifics"/></itemDef>
    <itemDef name="IDX_SramSpare5" type="dn1"><alias namespace="IDEX" value="SramSpare5"/>
      <description text="Spare"/></itemDef>
    <itemDef name="IDX_SramEdacEna" type="enaDis"><alias namespace="IDEX" value="SramEdacEna"/>
      <description text="Enables FPGA to add EDAC data for writes and examine EDAC data for reads"/></itemDef>  
    <itemDef name="IDX_SramCErrAddr" type="dn19"><alias namespace="IDEX" value="SramCErrAddr"/>
      <description text="SRAM address of the most recent correctable error"/></itemDef>
  <!--END: sramHwPkt_t -->

  <!--BEGIN: timerHwPkt_t xtimer -->
    <!-- ctrlStat -->
      <itemDef name="IDX_timer0_ctrlStat" type="dn16">
        <alias namespace="IDEX" value="timer0_ctrlStat"/>
      <description text="FPGA's Xcore Timer 0 Control Status Register, unused by SUDA"/>
    </itemDef>  
      <itemDef name="IDX_timer1_ctrlStat" type="dn16">
        <alias namespace="IDEX" value="timer1_ctrlStat"/>
      <description text="FPGA's Xcore Timer 0 Control Status Register, unused by SUDA"/>
    </itemDef>  
    
    <!-- load -->   
      <itemDef name="IDX_timer0_load" type="dn32">
        <alias namespace="IDEX" value="timer0_load"/>
      <description text="FPGA's Xcore Timer 0 Load Register, unused by SUDA"/>
    </itemDef>  
    
    <!-- timerCntr -->
      <itemDef name="IDX_timer0_cntr" type="dn32">
        <alias namespace="IDEX" value="timer0_timerCntr"/>
      <description text="FPGA's Xcore Timer 0 Counter Register, unused by SUDA"/>
    </itemDef>      
    
    <!-- load -->   
      <itemDef name="IDX_timer1_load" type="dn32">
        <alias namespace="IDEX" value="timer1_load"/>
      <description text="FPGA's Xcore Timer 0 Load Register, unused by SUDA"/>
    </itemDef>  
    
    <!-- timerCntr -->
      <itemDef name="IDX_timer1_cntr" type="dn32">
        <alias namespace="IDEX" value="timer1_timerCntr"/>
      <description text="FPGA's Xcore Timer 0 Counter Register, unused by SUDA"/>
    </itemDef>      
  <!--END: timerHwPkt_t timer1 -->

  <!--BEGIN: bramHwPkt_t ibram -->
    <!-- intrEnaEccMerrSerr -->
    <itemDef name="IDX_IBRAMECC" type="enaDis"><alias namespace="IDEX" value="IBRAMECC"/>
      <description text="Ctrl to enable instr BRAM error correcting code"/></itemDef>
    <itemDef name="IDX_IBRAMSPAREHW" type="dn5"><alias namespace="IDEX" value="IBRAMSPAREHW"/>
      <description text="Spare"/></itemDef> 
    <itemDef name="IDX_IBramCerrIntr" type="enaDis"><alias namespace="IDEX" value="IBramCerrIntr"/>
      <description text="Allow interrupt for correctable EDAC errors in instruction BRAM"/></itemDef>
    <itemDef name="IDX_IBramUerrIntr" type="enaDis"><alias namespace="IDEX" value="IBramUerrIntr"/>
      <description text="Allow interrupt for uncorrectable EDAC errors in instruction BRAM"/></itemDef>
    <itemDef name="IDX_IBRAMERRINJCODE" type="dn8"><alias namespace="IDEX" value="IBRAMERRINJCODE"/>
      <description text="Inject error in the generated ECC written to the iBRAM"/></itemDef>
    <itemDef name="IDX_IBRAMUERRCODE" type="dn8"><alias namespace="IDEX" value="IBRAMUERRCODE"/>
      <description text="Stores ECC code identifying first ECC fail, reset by clearing status register"/></itemDef>
    <itemDef name="IDX_IBRAMCERRCODE" type="dn8"><alias namespace="IDEX" value="IBRAMCERRCODE"/>
      <description text="Stores ECC code identifying first ECC fail, reset by clearing status register"/></itemDef>  
    <itemDef name="IDX_IBRAMCERRDATA" type="dn32"><alias namespace="IDEX" value="IBRAMCERRDATA"/>
      <description text="Uncorrected data from correctable EDAC error in instruction BRAM"/></itemDef>
    <itemDef name="IDX_IBRAMUERRDATA" type="dn32"><alias namespace="IDEX" value="IBRAMUERRDATA"/>
      <description text="Uncorrected data from uncorrectable EDAC error in instruction BRAM"/></itemDef>
    <itemDef name="IDX_IBRAMUERRADDR" type="dn32"><alias namespace="IDEX" value="IBRAMUERRADDR"/>
      <description text="Address of uncorrectable EDAC error in instruction BRAM"/></itemDef>
    <itemDef name="IDX_IBRAMERRINJDATA" type="dn32"><alias namespace="IDEX" value="IBRAMERRINJDATA"/>
      <description text="Selects which bits errors are injected into instruction BRAM"/></itemDef>    
    <itemDef name="IDX_IBRAMCERRFLAG" type="yesNo"><alias namespace="IDEX" value="IBRAMCERRFLAG"/>
      <description text="Correctable error seen in instruction BRAM (latched until cleared by cmd)"/></itemDef>
    <itemDef name="IDX_IBRAMUERRFLAG" type="yesNo"><alias namespace="IDEX" value="IBRAMUERRFLAG"/>
      <description text="Uncorrectable error seen in instruction BRAM (latched until cleared by cmd)"/></itemDef>
    <itemDef name="IDX_IBRAMCERRCNT" type="dn30"><alias namespace="IDEX" value="IBRAMCERRCNT"/>
      <description text="Count of correctable errors detected in instruction BRAM"/></itemDef>
  <!--END: bramHwPkt_t ibram -->

  <!--BEGIN: bramHwPkt_t dbram -->
    <itemDef name="IDX_DBRAMECC" type="enaDis"><alias namespace="IDEX" value="DBRAMECC"/>
      <description text="Ctrl to enable data BRAM error correcting code"/></itemDef>
    <itemDef name="IDX_DBRAMSPAREHW" type="dn5"><alias namespace="IDEX" value="DBRAMSPAREHW"/>
      <description text="Spare"/></itemDef> 
    <itemDef name="IDX_DBramCerrIntr" type="enaDis"><alias namespace="IDEX" value="DBramCerrIntr"/>
      <description text="Allow interrupt for correctable EDAC errors in data BRAM"/></itemDef>
    <itemDef name="IDX_DBramUerrIntr" type="enaDis"><alias namespace="IDEX" value="DBramUerrIntr"/>
      <description text="Allow interrupt for uncorrectable EDAC errors in data BRAM"/></itemDef>
    <itemDef name="IDX_DBRAMERRINJCODE" type="dn8"><alias namespace="IDEX" value="DBRAMERRINJCODE"/>
      <description text="Inject error in the generated ECC written to the dBRAM"/></itemDef>
    <itemDef name="IDX_DBRAMUERRCODE" type="dn8"><alias namespace="IDEX" value="DBRAMUERRCODE"/>
      <description text="Stores ECC code identifying first ECC fail, reset by clearing status register"/></itemDef>
    <itemDef name="IDX_DBRAMCERRCODE" type="dn8"><alias namespace="IDEX" value="DBRAMCERRCODE"/>
      <description text="Stores ECC code identifying first ECC fail, reset by clearing status register"/></itemDef>  
    <itemDef name="IDX_DBRAMCERRDATA" type="dn32"><alias namespace="IDEX" value="DBRAMCERRDATA"/>
      <description text="Uncorrected data from correctable EDAC error in data BRAM"/></itemDef>
    <itemDef name="IDX_DBRAMUERRDATA" type="dn32"><alias namespace="IDEX" value="DBRAMUERRDATA"/>
      <description text="Uncorrected data from uncorrectable EDAC error in data BRAM"/></itemDef>
    <itemDef name="IDX_DBRAMUERRADDR" type="dn32"><alias namespace="IDEX" value="DBRAMUERRADDR"/>
      <description text="Address of uncorrectable EDAC error in data BRAM"/></itemDef>
    <itemDef name="IDX_DBRAMERRINJDATA" type="dn32"><alias namespace="IDEX" value="DBRAMERRINJDATA"/>
      <description text="Selects which bits errors are injected into data BRAM"/></itemDef>    
    <itemDef name="IDX_DBRAMCERRFLAG" type="yesNo"><alias namespace="IDEX" value="DBRAMCERRFLAG"/>
      <description text="Correctable error seen in data BRAM (latched until cleared by cmd)"/></itemDef>
    <itemDef name="IDX_DBRAMUERRFLAG" type="yesNo"><alias namespace="IDEX" value="DBRAMUERRFLAG"/>
      <description text="Uncorrectable error seen in data BRAM (latched until cleared by cmd)"/></itemDef>
    <itemDef name="IDX_DBRAMCERRCNT" type="dn30"><alias namespace="IDEX" value="DBRAMCERRCNT"/>
      <description text="Count of correctable errors detected in data BRAM"/></itemDef>
  <!--END: bramHwPkt_t dbram -->  

  <!--BEGIN: spiHwPkt_t spi0 -->  
    <!-- Interrupt Control -->
    <itemDef name="IDX_Spi0IntrCtrl" type="dn32"><alias namespace="IDEX" value="Spi0IntrCtrl"/>
      <description text="Provides control over various aspect of SPI #0 core"/></itemDef>
    
    <!-- Status -->   
    <itemDef name="IDX_Spi0Spare0" type="dn2"><alias namespace="IDEX" value="Spi0Spare0"/>
      <description text="Spare"/></itemDef>
    <itemDef name="IDX_Spi0TxFifoLen" type="dn4"><alias namespace="IDEX" value="Spi0TxFifoLen"/>
      <description text="Add one to get the number of elements in SPI0 transmit FIFO"/></itemDef>
    <itemDef name="IDX_Spi0RxFifoLen" type="dn4"><alias namespace="IDEX" value="Spi0RxFifoLen"/>
      <description text="Add one to get the number of elements in SPI0 receive FIFO"/></itemDef>
    <itemDef name="IDX_Spi0SlaveSel" type="yesNo"><alias namespace="IDEX" value="Spi0SlaveSel"/>
      <description text="Slave Mode Select for SPI0"/></itemDef>  
    <itemDef name="IDX_Spi0MODF" type="yesNo"><alias namespace="IDEX" value="Spi0MODF"/>
      <description text="SPI0 Mode Fault Error, see SPI xCore documentation"/></itemDef>
    <itemDef name="IDX_Spi0TxFull" type="yesNo"><alias namespace="IDEX" value="Spi0TxFull"/>
      <description text="SPI0 transmit buffer is full"/></itemDef>
    <itemDef name="IDX_Spi0TxEmpty" type="yesNo"><alias namespace="IDEX" value="Spi0TxEmpty"/>
      <description text="SPI0 transmit buffer is empty"/></itemDef>
    <itemDef name="IDX_Spi0RxFull" type="yesNo"><alias namespace="IDEX" value="Spi0RxFull"/>
      <description text="SPI0 receive buffer is full"/></itemDef>
    <itemDef name="IDX_Spi0RxEmpty" type="yesNo"><alias namespace="IDEX" value="Spi0RxEmpty"/>
      <description text="SPI0 receive buffer is empty"/></itemDef>
    <itemDef name="IDX_Spi0Spare1" type="dn4"><alias namespace="IDEX" value="Spi0Spare1"/>
      <description text="Spare"/></itemDef>    
    <itemDef name="IDX_DECONLIM1HI" type="dn12"> <alias namespace="IDEX" value="DECONLIM1HI"/>
      <description text="Upper limit for decon heater control thermistor 1, in raw DN"/></itemDef>
  <!--END: spiHwPkt_t spi0 -->  

  <!--BEGIN: spiHwPkt_t spi1 -->  
    <!-- Interrupt Control -->
    <itemDef name="IDX_Spi1IntrCtrl" type="dn32"><alias namespace="IDEX" value="Spi1IntrCtrl"/>
      <description text="Provides control over various aspect of SPI #1 core"/></itemDef>
    
    <!-- Status -->   
    <itemDef name="IDX_Spi1Spare0" type="dn2"><alias namespace="IDEX" value="Spi0Spare1"/>
      <description text="Spare"/></itemDef>
    <itemDef name="IDX_Spi1TxFifoLen" type="dn4"><alias namespace="IDEX" value="Spi1TxFifoLen"/>
      <description text="Add one to get the number of elements in SPI1 transmit FIFO"/></itemDef>
    <itemDef name="IDX_Spi1RxFifoLen" type="dn4"><alias namespace="IDEX" value="Spi1RxFifoLen"/>
      <description text="Add one to get the number of elements in SPI1 receive FIFO"/></itemDef>
    <itemDef name="IDX_Spi1SlaveSel" type="yesNo"><alias namespace="IDEX" value="Spi1SlaveSel"/>
      <description text="Slave Mode Select for SPI1"/></itemDef>  
    <itemDef name="IDX_Spi1MODF" type="yesNo"><alias namespace="IDEX" value="Spi1MODF"/>
      <description text="SPI1 Mode Fault Error, see SPI xCore documentation"/></itemDef>
    <itemDef name="IDX_Spi1TxFull" type="yesNo"><alias namespace="IDEX" value="Spi1TxFull"/>
      <description text="SPI1 transmit buffer is full"/></itemDef>
    <itemDef name="IDX_Spi1TxEmpty" type="yesNo"><alias namespace="IDEX" value="Spi1TxEmpty"/>
      <description text="SPI1 transmit buffer is empty"/></itemDef>
    <itemDef name="IDX_Spi1RxFull" type="yesNo"><alias namespace="IDEX" value="Spi1RxFull"/>
      <description text="SPI1 receive buffer is full"/></itemDef>
    <itemDef name="IDX_Spi1RxEmpty" type="yesNo"><alias namespace="IDEX" value="Spi1RxEmpty"/>
      <description text="SPI1 receive buffer is empty"/></itemDef>
    <itemDef name="IDX_Spi1Spare1" type="dn4"><alias namespace="IDEX" value="Spi1Spare1"/>
      <description text="Spare"/></itemDef>    
    <itemDef name="IDX_DECONLIM1LO" type="dn12"> <alias namespace="IDEX" value="DECONLIM1LO"/>
      <description text="Lower limit for decon heater control thermistor 1, in raw DN"/></itemDef>
  <!--END: spiHwPkt_t spi1 -->  

  <!--BEGIN: txPktCtrlHwPkt_t --> 
    <!-- Status -->   
    <itemDef name="IDX_TxPktSpare0" type="dn10"><alias namespace="IDEX" value="TxPktSpare7"/>
      <description text="Spare"/></itemDef>
    <itemDef name="IDX_TxUerrRead" type="errOkay"><alias namespace="IDEX" value="txUerrRead"/>
      <description text="Uncorrectable bit error was detected when FPGA sent tlm pkt"/></itemDef>  
    <itemDef name="IDX_TxCerrRead" type="errOkay"><alias namespace="IDEX" value="TxCerrRead"/>
      <description text="Single bit error was detected when FPGA sent tlm pkt"/></itemDef>  
    <itemDef name="IDX_txBuffOvrflw" type="errOkay"><alias namespace="IDEX" value="txBuffOvrflw"/>
      <description text="Transmit pkt buffer overflow-FSW tried to add one more pkt than FPGA can hold"/></itemDef>  
    <itemDef name="IDX_txBuffUndrflw" type="errOkay"><alias namespace="IDEX" value="txBuffUndrflw"/>
      <description text="Transmit pkt buffer underflow-FSW tried to read pkt when FPGA is empty"/></itemDef>   
    <itemDef name="IDX_txBuffFull" type="yesNo"><alias namespace="IDEX" value="txBuffFull"/>
      <description text="Transmit-side packet buffer is full"/></itemDef>   
    <itemDef name="IDX_txBuffEmpty" type="yesNo"><alias namespace="IDEX" value="txBuffEmpty"/>
      <description text="Transmit-side packet buffer is empty"/></itemDef>   
    <itemDef name="IDX_TxPktWndwOvrride" type="enaDis"><alias namespace="IDEX" value="TxPktWndwOvrride"/>
      <description text="When override enabled, FPGA allows FSW to select when tlm pkts can send"/></itemDef>
    <itemDef name="IDX_TxPktCtrlEna" type="disEna"><alias namespace="IDEX" value="TxPktCtrlEna"/>
      <description text="Control setting for transmit side of the spacecraft interface"/></itemDef>
    <itemDef name="IDX_TxPktSpare1" type="dn2"><alias namespace="IDEX" value="TxPktSpare1"/>
      <description text="Spare"/></itemDef>
    <itemDef name="IDX_TxPktLen" type="dn12"><alias namespace="IDEX" value="TxPktLen"/>
      <description text="Length in bytes of the packet to be transmitted (minus one)"/></itemDef>
  <!--END: txPktCtrlHwPkt_t --> 
  
  <!--BEGIN: rxPktCtrlHwPkt_t --> 
    <!-- Combo1 -->   
    <itemDef name="IDX_RxItfCksum" type="dn16"><alias namespace="IDEX" value="RxItfCksum"/>
      <description text="Checksum for the received ITF"/></itemDef>
    <itemDef name="IDX_PrezeroSSec" type="dn16"><alias namespace="IDEX" value="PrezeroSSec"/>
      <description text="Subseconds counter when last valid time tick was received (or rollover)"/></itemDef>

    <!-- Combo2 -->   
    <itemDef name="IDX_RxPktLoopback" type="enaDis"><alias namespace="IDEX" value="RxPktLoopback"/>
      <description text="Loopback communication so that IDEX tlm returns as IDEX cmds"/></itemDef>
    <itemDef name="IDX_RxPktCtrlEna" type="disEna"><alias namespace="IDEX" value="RxPktCtrlEna"/>
      <description text="Control setting for receive side of the spacecraft interface"/></itemDef>
    <itemDef name="IDX_RxParityErr" type="errOkay"><alias namespace="IDEX" value="RxParityErr"/>
      <description text="FPGA detected parity error on received packet"/></itemDef>
    <itemDef name="IDX_RxFrameErr" type="errOkay"><alias namespace="IDEX" value="RxFrameErr"/>
      <description text="FPGA detected frame error on received packet"/></itemDef>
    <itemDef name="IDX_RxPktOvrFlwErr" type="errOkay"><alias namespace="IDEX" value="RxPktOvrFlwErr"/>
      <description text="Received bad pkt which overflowed buffer"/></itemDef>
    <itemDef name="IDX_RxPktReady" type="yesNo"><alias namespace="IDEX" value="RxPktReady"/>
      <description text="Receive-side packet buffer holds at least one packet"/></itemDef>
    <itemDef name="IDX_TimeOverdue" type="errOkay"><alias namespace="IDEX" value="TimeOverdue"/>
      <description text="Time tick from SC is overdue by more than 1060 millisec"/></itemDef>
    <itemDef name="IDX_GotTimeTick" type="yesNo"><alias namespace="IDEX" value="GotTimeTick"/>
      <description text="Received a time tick from the SC"/></itemDef>
    <itemDef name="IDX_RxFrameLen" type="dn12"><alias namespace="IDEX" value="RxFrameLen"/>
      <description text="Length of received frame, in bytes, excludes sync mark"/></itemDef>      
    <itemDef name="IDX_RxPktReadyMask" type="enaDis"><alias namespace="IDEX" value="RxPktReady"/>
      <description text="Allow interrupt if rx-side pkt buffer holds at least one packet"/></itemDef>
    <itemDef name="IDX_TimeOverdueMask" type="enaDis"><alias namespace="IDEX" value="TimeOverdueMask"/>
      <description text="Allow interrupt if time tick from SC is overdue"/></itemDef>
    <itemDef name="IDX_GotTimeTickMask" type="enaDis"><alias namespace="IDEX" value="GotTimeTickMask"/>
      <description text="Allow interrupt if a time tick from the SC is received"/></itemDef>
    <itemDef name="IDX_RxPktCksumErr" type="errOkay"><alias namespace="IDEX" value="RxPktCksumErr"/>
      <description text="FPGA indentified checksum error on received packet"/></itemDef>      
    <itemDef name="IDX_RxPktDropped" type="errOkay"><alias namespace="IDEX" value="RxPktDropped"/>
      <description text="Received packet dropped due to all buffers being full"/></itemDef>      
    <itemDef name="IDX_RxLenErr" type="errOkay"><alias namespace="IDEX" value="RxLenErr"/>
      <description text="FPGA identified length error on received packet"/></itemDef>      
    <itemDef name="IDX_RxPktUErr" type="errOkay"><alias namespace="IDEX" value="RxPktUErr"/>
      <description text="Uncorrectable EDAC error detected when reading received packet"/></itemDef>      
    <itemDef name="IDX_RxPktCErr" type="errOkay"><alias namespace="IDEX" value="RxPktCErr"/>
      <description text="Correctable EDAC error detected when reading received packet"/></itemDef>      
    <itemDef name="IDX_RxPktBufOvflw" type="errOkay"><alias namespace="IDEX" value="RxPktBufOvflw"/>
      <description text="Receive pkt buffer overflow-internal FPGA error"/></itemDef>  
    <itemDef name="IDX_RxPktBufUndrflw" type="errOkay"><alias namespace="IDEX" value="RxPktBufUndrflw"/>
      <description text="Receive pkt buffer underflow-FSW tries to read more pkts than available"/></itemDef>  
    <itemDef name="IDX_RxPktBufFull" type="yesNo"><alias namespace="IDEX" value="RxPktBufFull"/>
      <description text="Receive-side packet buffer is full"/></itemDef>   
    <itemDef name="IDX_RxPktBufEmpty" type="yesNo"><alias namespace="IDEX" value="RxPktBufEmpty"/>
      <description text="Receive-side packet buffer is empty"/></itemDef>   
    <!--END: rxPktCtrlHwPkt_t --> 
                      
    <!--BEGIN: compHwPkt_t -->  
    <itemDef name="IDX_COMPRDATASIZE" type="dn16"><alias namespace="IDEX" value="COMPRDATASIZE"/>
      <description text="Length (in 32 bit words) of most recently compressed data set"/></itemDef>
    <itemDef name="IDX_COMPRSTARTPTR" type="dn16"><alias namespace="IDEX" value="COMPRSTARTPTR"/>
      <description text="15 bit pointer to start of data to be compressed"/></itemDef>
    
    <itemDef name="IDX_COMPRUNUSED2" type="dn3"><alias namespace="IDEX" value="COMPRUNUSED2"/>
      <description text="Unused Bits"/></itemDef>
    <itemDef name="IDX_COMPRSTATUS" type="busyIdle"><alias namespace="IDEX" value="COMPRSTATUS"/>
      <description text="Status of FPGA RICE compression operation of science data"/></itemDef>
    <itemDef name="IDX_COMPRUNUSED1" type="dn3"><alias namespace="IDEX" value="COMPRUNUSED1"/>
      <description text="Unused Bits"/></itemDef>
    <itemDef name="IDX_COMPRDEPTH" type="depthSelType1"><alias namespace="IDEX" value="COMPRDEPTH"/>
      <description text="Selects data depth being compressed, 10 bit (0) or 12 bit (1)"/></itemDef>
    <itemDef name="IDX_COMPRUNUSED0" type="dn8"><alias namespace="IDEX" value="COMPRUNUSED0"/>
      <description text="Unused Bits"/></itemDef>
    <itemDef name="IDX_COMPRRICEUERR" type="errOkay"><alias namespace="IDEX" value="COMPRRICEUERR"/>
      <description text="Uncorrectable multi bit upset in compression core internals"/></itemDef>
    <itemDef name="IDX_COMPRRICECERR" type="errOkay"><alias namespace="IDEX" value="COMPRRICECERR"/>
      <description text="Correctable single bit upset in compression core internals"/></itemDef>
    <itemDef name="IDX_COMPRBUFUERR" type="errOkay"><alias namespace="IDEX" value="COMPRBUFUERR"/>
      <description text="Uncorrectable multi bit upset in compression buffer RAM"/></itemDef>
    <itemDef name="IDX_COMPRBUFCERR" type="errOkay"><alias namespace="IDEX" value="COMPRBUFCERR"/>
      <description text="Correctable single bit upset in compression buffer RAM"/></itemDef>
    <itemDef name="IDX_COMPRDATALEN" type="dn12"><alias namespace="IDEX" value="COMPRDATALEN"/>
      <description text="Length of data to be compresses in 32-bit words"/></itemDef>
    <!--END: compHwPkt_t --> 
                      
    <!--BEGIN: pulserHwPkt_t -->  
    <itemDef name="IDX_PulserSpare0" type="dn5"><alias namespace="IDEX" value="PulserSpare1"/>
      <description text="Spare"/></itemDef>
    <itemDef name="IDX_StimDetBufEna" type="enaDis"><alias namespace="IDEX" value="StimDetBufEna"/>
      <description text="Enable state for detector buffer stim pulser"/></itemDef>
    <itemDef name="IDX_StimIonEna" type="enaDis"><alias namespace="IDEX" value="StimIonEna"/>
      <description text="Enable state for ion grid stim pulser"/></itemDef>
    <itemDef name="IDX_StimTarEna" type="enaDis"><alias namespace="IDEX" value="StimTarEna"/>
      <description text="Enable state for target stim pulser"/></itemDef>
    <itemDef name="IDX_StimTarLst" type="dn12"><alias namespace="IDEX" value="StimTarLst"/>
      <description text="Last commanded value for target stim pulser"/></itemDef>
    <itemDef name="IDX_StimTarSP" type="dn12"><alias namespace="IDEX" value="StimTarSP"/>
      <description text="Setpoint for target stim pulser"/></itemDef>

    <itemDef name="IDX_PulserSpare1" type="dn8"><alias namespace="IDEX" value="PulserSpare1"/>
      <description text="Spare"/></itemDef>
    <itemDef name="IDX_StimIonLst" type="dn12"><alias namespace="IDEX" value="StimIonLst"/>
      <description text="Last commanded value for ion grid stim pulser"/></itemDef>
    <itemDef name="IDX_StimIonSP" type="dn12"><alias namespace="IDEX" value="StimIonSP"/>
      <description text="Setpoint for ion grid stim pulser"/></itemDef>

    <itemDef name="IDX_PulserSpare2" type="dn8"><alias namespace="IDEX" value="PulserSpare2"/>
      <description text="Spare"/></itemDef>
    <itemDef name="IDX_StimDetBufLst" type="dn12"><alias namespace="IDEX" value="StimDetBufLst"/>
      <description text="Last commanded value for detector buffer stim pulser"/></itemDef>
    <itemDef name="IDX_StimDetBufSP" type="dn12"><alias namespace="IDEX" value="StimDetBufSP"/>
      <description text="Setpoint for detector buffer stim pulser"/></itemDef>
    <!--END: pulserHwPkt_t -->  
      
    <itemDef name="IDX_SYNCMARKHWPKT" type="dn16"><alias namespace="IDEX" value="SYNCMARKHWPKT"/>
      <description text="Synchronization marker"/></itemDef>
    <itemDef name="IDX_CRCHWPKT" type="dn16"><alias namespace="IDEX" value="CRCHWPKT"/>
      <description text="16-Bit CRC Checksum Value of HW Payload Packet"/></itemDef>    
  </field>
  </frameDef>

  <frameDef name="IDX_hw" id="0x0585"><description text="Hardware-Centric Packet"/>
    <field>
      <frameCopy name="CCSDSPriHeader" suffix="_hwPkt"/>
      <frameCopy name="CCSDSSecHeader" suffix="_hwPkt"/>
      <item name="IDX_hw_hk_frame"/>
    </field>
  </frameDef>

</hydraDef>
