<!--
	File:    idex_tlm.xml
  Purpose: Defines IDEX telemetry packets including Autonomy, Memory Dump,  
           Analog Dwell, and Flash Table Dump Packets.  This is where the 
           other tlm packets are included.           
-->

<hydraDef>


  <!-- Reference frame for CCSDS tlm headers -->
  <frameDef name="CCSDSPriHeader">
    <description text="ccsds Primary Telemetry Header"/>
    <field>
      <itemDef name="ver" type="dn3" value="0"/>
      <itemDef name="type" type="dn1" value="0"/>
      <itemDef name="secHdrFlg" type="dn1" value="1"/>
      <itemDef name="apid" type="dn11"/>
      <itemDef name="segFlg" type="dn2" value="3"/>
      <itemDef name="sourceSeqCnt" type="dn14"/>
      <itemDef name="pktLength" type="dn16"/>
    </field>
  </frameDef>

  <frameDef name="CCSDSSecHeader">
    <description text="ccsds Secondary Telemetry Header"/>
    <field>
      <itemDef name="sec" type="dn32"/>
      <itemDef name="subSec" type="dn16"/>
    </field>
  </frameDef>


  <!-- IDEX-Defined Packets -->

  <!-- Logs put in their own file, so include it -->
  <include>Config\idex_tlm_logs.xml</include>
  
  <!-- Many packets organized in their own files, so include them -->
  <include>Config\idex_hwpkt.xml</include>
  <include>Config\idex_scipkts.xml</include>
  <include>Config\idex_anapkt.xml</include>
  <include>Config\idex_swpkt.xml</include>


  <!-- ====================================== -->
  <!-- Autonomy Packet                        -->
  <!-- ====================================== -->

  <frameDef name="IDX_auto_hk_frame"><description text="Autonomy tlm pkt contents"/>
    <field>
      <itemDef name="IDX_AutoPkt" type="dn32"><alias namespace="IDEX" value="IDX_AutoPkt"/>
        <description text="Integer seconds timestamp for packet transmission"/> </itemDef>
      <itemDef name="IDX_AutoSpare0" type="dn6"><alias namespace="IDEX" value="AutoSpare0"/>
        <description text="Spare"/> </itemDef>
      <itemDef name="IDX_PwrCycleReqAuto" type="yesNo"><alias namespace="IDEX" value="PwrCycleReqAuto"/>
        <description text="IDEX requesting spacecraft for power cycle"/></itemDef>
      <itemDef name="IDX_PwrDownReqAuto" type="yesNo"><alias namespace="IDEX" value="PwrDownReqAuto"/>
        <description text="IDEX requesting spacecraft for power down"/></itemDef>
      <itemDef name="IDX_AutoSpare1" type="dn7"><alias namespace="IDEX" value="AutoSpare1"/>
        <description text="Spare"/> </itemDef>
      <itemDef name="IDX_AtnHvEn" type="enaDis"><alias namespace="IDEX" value="PwrDownReqAuto"/>
        <description text="IDEX high voltage power supply state, monitored by s/c"/></itemDef>
      <!-- Note: this packet has no trailing sync pattern or CRC, per ICD -->
    </field>
  </frameDef>

  <frameDef name="IDX_auto" id="0x0560"><description text="Autonomy Packet"/>
    <field>
      <frameCopy name="CCSDSPriHeader" suffix="_autoPkt"/>
      <!-- Note: Unlike other tlm, no secondary header since subseconds not permitted per ICD -->
      <item name="IDX_auto_hk_frame"/>
    </field>
  </frameDef>


  <!-- ====================================== -->
  <!-- Memory Dump Packet                     -->
  <!-- ====================================== -->

  <frameDef name="IDX_dump_hk_frame"><description text="Memory dump tlm pkt contents"/>
    <field>
      <itemDef name="IDX_DUMPREGION" type="dn32"><alias namespace="IDEX" value="dumpregion"/><description text="Commanded dump operation, identifies region"/> </itemDef>
      <itemDef name="IDX_DUMPOFFSET" type="dn32"><alias namespace="IDEX" value="dumpoffset"/><description text="Starting offset within region, i.e. block+page"/> </itemDef>
      <itemDef name="IDX_DUMPTOTLEN" type="dn32"><alias namespace="IDEX" value="dumptotlen"/><description text="Total length of this region"/> </itemDef>
      <itemDef name="IDX_DUMPVLDCNT" type="dn32"><alias namespace="IDEX" value="dumpvalidcnt"/><description text="Valid dwords in this pkt (rest is padded)"/> </itemDef>
      <itemDef name="IDX_DUMPFLASHBLOCK" type="dn26"><alias namespace="IDEX" value="DUMPFLASHBLOCK"/><description text="Holds associated Flash block and page, when applicable"/> </itemDef>
      <itemDef name="IDX_DUMPFLASHPAGE" type="dn6"><alias namespace="IDEX" value="DUMPFLASHPAGE"/><description text="Holds associated Flash block and page, when applicable"/> </itemDef>
      <itemDef name="IDX_DUMPRESERV1" type="dn32"><alias namespace="IDEX" value="dumpreserv1"/><description text="Reserved1"/> </itemDef>
      <itemDef name="IDX_DUMPRESERV2" type="dn32"><alias namespace="IDEX" value="dumpreserv2"/><description text="Reserved2"/> </itemDef>
      <itemDef name="IDX_DUMPRESERV3" type="dn32"><alias namespace="IDEX" value="dumpreserv3"/><description text="Reserved3"/> </itemDef>
      <itemDef name="IDX_DUMPMEM" type="dn32" num="896"><alias namespace="IDEX" value="dumpmem"/><description text="Raw memory dump data"/> </itemDef>

      <itemDef name="IDX_SYNCDUMPPKT" type="dn16"><alias namespace="IDEX" value="SYNCDUMPPKT"/>
        <description text="Synchronization marker"/></itemDef>
      <itemDef name="IDX_CRCDUMPPKT" type="dn16"><alias namespace="IDEX" value="CRCDUMPPKT"/>
        <description text="CRC CCITT-16"/></itemDef>
    </field>
  </frameDef>

  <frameDef name="IDX_dump" id="0x0587"><description text="Memory Dump Packet"/>
    <field>
      <frameCopy name="CCSDSPriHeader" suffix="_dumpPkt"/>
      <frameCopy name="CCSDSSecHeader" suffix="_dumpPkt"/>
      <item name="IDX_dump_hk_frame"/>
    </field>
  </frameDef>


  <!-- ====================================== -->
  <!-- Analog Dwell Packet                    -->
  <!-- ====================================== -->

  <frameDef name="IDX_dwell_hk_frame"><description text="Dwell pkt contents"/>
    <field>
      <itemDef name="IDX_DWELLSTARTSEC" type="dn32"><alias namespace="IDEX" value="DWELLSTARTSEC"/>
        <description text="Time of dwell start, integer seconds"/> </itemDef>
      <itemDef name="IDX_DWELLSTARTMSEC" type="dn32"><alias namespace="IDEX" value="DWELLSTARTMSEC"/>
        <description text="Time of dwell start, integer milliseconds"/> </itemDef>
      <itemDef name="IDX_DWELLENDSEC" type="dn32"><alias namespace="IDEX" value="DWELLENDSEC"/>
        <description text="Time of dwell start, integer seconds"/> </itemDef>
      <itemDef name="IDX_DWELLENDMSEC" type="dn32"><alias namespace="IDEX" value="DWELLENDMSEC"/>
        <description text="Time of dwell start, integer milliseconds"/> </itemDef>
      <itemDef name="IDX_DWELLADDRCH0" type="dn32"><alias namespace="IDEX" value="DWELLADDRCH0"/>
        <description text="Dwelled on this processor address for channel "/> </itemDef>
      <itemDef name="IDX_DWELLADDRCH1" type="dn32"><alias namespace="IDEX" value="DWELLADDRCH1"/>
        <description text="Dwelled on this processor address for channel "/> </itemDef>
      <itemDef name="IDX_DWELLADDRCH2" type="dn32"><alias namespace="IDEX" value="DWELLADDRCH2"/>
        <description text="Dwelled on this processor address for channel "/> </itemDef>
      <itemDef name="IDX_DWELLADDRCH3" type="dn32"><alias namespace="IDEX" value="DWELLADDRCH3"/>
        <description text="Dwelled on this processor address for channel "/> </itemDef>
      <itemDef name="IDX_DWELLADDRCH4" type="dn32"><alias namespace="IDEX" value="DWELLADDRCH4"/>
        <description text="Dwelled on this processor address for channel "/> </itemDef>
      <itemDef name="IDX_DWELLADDRCH5" type="dn32"><alias namespace="IDEX" value="DWELLADDRCH5"/>
        <description text="Dwelled on this processor address for channel "/> </itemDef>
      <itemDef name="IDX_DWELLADDRCH6" type="dn32"><alias namespace="IDEX" value="DWELLADDRCH6"/>
        <description text="Dwelled on this processor address for channel "/> </itemDef>
      <itemDef name="IDX_DWELLADDRCH7" type="dn32"><alias namespace="IDEX" value="DWELLADDRCH7"/>
        <description text="Dwelled on this processor address for channel "/> </itemDef>
      <itemDef name="IDX_DWELLRESERV0" type="dn32"><alias namespace="IDEX" value="DWELLRESERV0"/>
        <description text="Reserved for future use"/> </itemDef>
      <itemDef name="IDX_DWELLRESERV1" type="dn32"><alias namespace="IDEX" value="DWELLRESERV1"/>
        <description text="Reserved for future use"/> </itemDef>

      <itemDef name="IDX_DWELLSAMPLE" type="dn32" num="240"><alias namespace="IDEX" value="DWELLSAMP0"/>
        <description text="All samples of all dwell channels"/> </itemDef>

      <itemDef name="IDX_SYNCDWELLPKT" type="dn16"><alias namespace="IDEX" value="SYNCDWELLPKT"/>
        <description text="Synchronization marker"/></itemDef>
      <itemDef name="IDX_CRCDWELLPKT" type="dn16"><alias namespace="IDEX" value="CRCDWELLPKT"/>
        <description text="CRC CCITT-16"/></itemDef>
    </field>
  </frameDef>

  <frameDef name="IDX_dwell" id="0x0589"><description text="Dwell Packet"/>
    <field>
      <frameCopy name="CCSDSPriHeader" suffix="_dwellPkt"/>
      <frameCopy name="CCSDSSecHeader" suffix="_dwellPkt"/>
      <item name="IDX_dwell_hk_frame"/>
    </field>
  </frameDef>


  <!-- ====================================== -->
  <!-- Flash Table Dump Packet                -->
  <!-- ====================================== -->
  <!-- Statistics region for the FT dump pkt -->
  <frameDef name="FTDUMPREGION">
    <field>
      <itemDef name="DIE0" type="dn16"/><description text="Number of blocks in die #0 holding this type of region"/>
      <itemDef name="DIE1" type="dn16"/><description text="Number of blocks in die #1 holding this type of region"/>
      <itemDef name="DIE2" type="dn16"/><description text="Number of blocks in die #2 holding this type of region"/>
      <itemDef name="DIE3" type="dn16"/><description text="Number of blocks in die #3 holding this type of region"/>
      <itemDef name="DIE4" type="dn16"/><description text="Number of blocks in die #4 holding this type of region"/>
      <itemDef name="DIE5" type="dn16"/><description text="Number of blocks in die #5 holding this type of region"/>
      <itemDef name="DIE6" type="dn16"/><description text="Number of blocks in die #6 holding this type of region"/>
      <itemDef name="DIE7" type="dn16"/><description text="Number of blocks in die #7 holding this type of region"/>
    </field>
  </frameDef>

  <frameDef name="IDX_ftable_hk_frame"><description text="Flash table pkt contents"/>
    <field>
      <itemDef name="IDX_FTDUMPSP" type="dn16"><alias namespace="IDEX" value="FTDUMPSP"/>
        <description text="Spare field within metadata"/></itemDef>
      <itemDef name="IDX_FTDUMPDIESEL" type="dn8"><alias namespace="IDEX" value="FTDUMPDIESEL"/>
        <description text="PT entry showing which die are used/powered"/></itemDef>
      <itemDef name="IDX_FTDUMPREGTLMSEL" type="dn8"><alias namespace="IDEX" value="FTDUMPREGIONSEL"/>
        <description text="PT entry for which Flash region is used in this packet's extra list"/> </itemDef>

      <frameCopy name="FTDUMPREGION" suffix="SCISTART" prefix="IDX_FTCNT"><alias namespace="IDEX" value=""/><description text="Number of Flash blocks holding this memory region"/></frameCopy>
      <frameCopy name="FTDUMPREGION" suffix="NVFSW1" prefix="IDX_FTCNT"><alias namespace="IDEX" value=""/><description text="Number of Flash blocks holding this memory region"/></frameCopy>
      <frameCopy name="FTDUMPREGION" suffix="NVFSW2" prefix="IDX_FTCNT"><alias namespace="IDEX" value=""/><description text="Number of Flash blocks holding this memory region"/></frameCopy>
      <frameCopy name="FTDUMPREGION" suffix="NVFSW3" prefix="IDX_FTCNT"><alias namespace="IDEX" value=""/><description text="Number of Flash blocks holding this memory region"/></frameCopy>
      <frameCopy name="FTDUMPREGION" suffix="NVPT" prefix="IDX_FTCNT"><alias namespace="IDEX" value=""/><description text="Number of Flash blocks holding this memory region"/></frameCopy>
      <frameCopy name="FTDUMPREGION" suffix="SCICONT" prefix="IDX_FTCNT"><alias namespace="IDEX" value=""/><description text="Number of Flash blocks holding this memory region"/></frameCopy>
      <frameCopy name="FTDUMPREGION" suffix="NVPERST" prefix="IDX_FTCNT"><alias namespace="IDEX" value=""/><description text="Number of Flash blocks holding this memory region"/></frameCopy>
      <frameCopy name="FTDUMPREGION" suffix="NVFT" prefix="IDX_FTCNT"><alias namespace="IDEX" value=""/><description text="Number of Flash blocks holding this memory region"/></frameCopy>
      <frameCopy name="FTDUMPREGION" suffix="NVPMLOG" prefix="IDX_FTCNT"><alias namespace="IDEX" value=""/><description text="Number of Flash blocks holding this memory region"/></frameCopy>
      <frameCopy name="FTDUMPREGION" suffix="NVSCIT" prefix="IDX_FTCNT"><alias namespace="IDEX" value=""/><description text="Number of Flash blocks holding this memory region"/></frameCopy>
      <frameCopy name="FTDUMPREGION" suffix="SCIRSVD" prefix="IDX_FTCNT"><alias namespace="IDEX" value=""/><description text="Number of Flash blocks holding this memory region"/></frameCopy>
      <frameCopy name="FTDUMPREGION" suffix="FETCHT" prefix="IDX_FTCNT"><alias namespace="IDEX" value=""/><description text="Number of Flash blocks holding this memory region"/></frameCopy>
      <frameCopy name="FTDUMPREGION" suffix="NVSCS" prefix="IDX_FTCNT"><alias namespace="IDEX" value=""/><description text="Number of Flash blocks holding this memory region"/></frameCopy>
      <frameCopy name="FTDUMPREGION" suffix="CATALOG" prefix="IDX_FTCNT"><alias namespace="IDEX" value=""/><description text="Number of Flash blocks holding this memory region"/></frameCopy>
      <frameCopy name="FTDUMPREGION" suffix="REG14" prefix="IDX_FTCNT"><alias namespace="IDEX" value=""/><description text="Number of Flash blocks holding this memory region"/></frameCopy>
      <frameCopy name="FTDUMPREGION" suffix="USERDEF" prefix="IDX_FTCNT"><alias namespace="IDEX" value=""/><description text="Number of Flash blocks holding this memory region"/></frameCopy>
      <frameCopy name="FTDUMPREGION" suffix="EMPTY" prefix="IDX_FTCNT"><alias namespace="IDEX" value=""/><description text="Number of Flash blocks holding this memory state"/></frameCopy>
      <frameCopy name="FTDUMPREGION" suffix="BAD" prefix="IDX_FTCNT"><alias namespace="IDEX" value=""/><description text="Number of Flash blocks holding this memory state"/></frameCopy>
      <frameCopy name="FTDUMPREGION" suffix="UNKNOWN" prefix="IDX_FTCNT"><alias namespace="IDEX" value=""/><description text="Number of Flash blocks holding this memory state"/></frameCopy>

      <frameCopy name="FTDUMPREGION" suffix="SCISTART" prefix="IDX_FTFIRST"><alias namespace="IDEX" value=""/><description text="Lowest block number holding this memory region"/></frameCopy>
      <frameCopy name="FTDUMPREGION" suffix="NVFSW1" prefix="IDX_FTFIRST"><alias namespace="IDEX" value=""/><description text="Lowest block number holding this memory region"/></frameCopy>
      <frameCopy name="FTDUMPREGION" suffix="NVFSW2" prefix="IDX_FTFIRST"><alias namespace="IDEX" value=""/><description text="Lowest block number holding this memory region"/></frameCopy>
      <frameCopy name="FTDUMPREGION" suffix="NVFSW3" prefix="IDX_FTFIRST"><alias namespace="IDEX" value=""/><description text="Lowest block number holding this memory region"/></frameCopy>
      <frameCopy name="FTDUMPREGION" suffix="NVPT" prefix="IDX_FTFIRST"><alias namespace="IDEX" value=""/><description text="Lowest block number holding this memory region"/></frameCopy>
      <frameCopy name="FTDUMPREGION" suffix="SCICONT" prefix="IDX_FTFIRST"><alias namespace="IDEX" value=""/><description text="Lowest block number holding this memory region"/></frameCopy>
      <frameCopy name="FTDUMPREGION" suffix="NVPERST" prefix="IDX_FTFIRST"><alias namespace="IDEX" value=""/><description text="Lowest block number holding this memory region"/></frameCopy>
      <frameCopy name="FTDUMPREGION" suffix="NVFT" prefix="IDX_FTFIRST"><alias namespace="IDEX" value=""/><description text="Lowest block number holding this memory region"/></frameCopy>
      <frameCopy name="FTDUMPREGION" suffix="NVPMLOG" prefix="IDX_FTFIRST"><alias namespace="IDEX" value=""/><description text="Lowest block number holding this memory region"/></frameCopy>
      <frameCopy name="FTDUMPREGION" suffix="NVSCIT" prefix="IDX_FTFIRST"><alias namespace="IDEX" value=""/><description text="Lowest block number holding this memory region"/></frameCopy>
      <frameCopy name="FTDUMPREGION" suffix="SCIRSVD" prefix="IDX_FTFIRST"><alias namespace="IDEX" value=""/><description text="Lowest block number holding this memory region"/></frameCopy>
      <frameCopy name="FTDUMPREGION" suffix="FETCHT" prefix="IDX_FTFIRST"><alias namespace="IDEX" value=""/><description text="Lowest block number holding this memory region"/></frameCopy>
      <frameCopy name="FTDUMPREGION" suffix="NVSCS" prefix="IDX_FTFIRST"><alias namespace="IDEX" value=""/><description text="Lowest block number holding this memory region"/></frameCopy>
      <frameCopy name="FTDUMPREGION" suffix="CATALOG" prefix="IDX_FTFIRST"><alias namespace="IDEX" value=""/><description text="Lowest block number holding this memory region"/></frameCopy>
      <frameCopy name="FTDUMPREGION" suffix="REG14" prefix="IDX_FTFIRST"><alias namespace="IDEX" value=""/><description text="Lowest block number holding this memory region"/></frameCopy>
      <frameCopy name="FTDUMPREGION" suffix="USERDEF" prefix="IDX_FTFIRST"><alias namespace="IDEX" value=""/><description text="Lowest block number holding this memory region"/></frameCopy>
      <frameCopy name="FTDUMPREGION" suffix="EMPTY" prefix="IDX_FTFIRST"><alias namespace="IDEX" value=""/><description text="Lowest block number holding this memory state"/></frameCopy>
      <frameCopy name="FTDUMPREGION" suffix="BAD" prefix="IDX_FTFIRST"><alias namespace="IDEX" value=""/><description text="Lowest block number holding this memory state"/></frameCopy>
      <frameCopy name="FTDUMPREGION" suffix="UNKNOWN" prefix="IDX_FTFIRST"><alias namespace="IDEX" value=""/><description text="Lowest block number holding this memory state"/></frameCopy>

      <frameCopy name="FTDUMPREGION" suffix="SCISTART" prefix="IDX_FTLAST"><alias namespace="IDEX" value=""/><description text="Highest block number holding this memory region"/></frameCopy>
      <frameCopy name="FTDUMPREGION" suffix="NVFSW1" prefix="IDX_FTLAST"><alias namespace="IDEX" value=""/><description text="Highest block number holding this memory region"/></frameCopy>
      <frameCopy name="FTDUMPREGION" suffix="NVFSW2" prefix="IDX_FTLAST"><alias namespace="IDEX" value=""/><description text="Highest block number holding this memory region"/></frameCopy>
      <frameCopy name="FTDUMPREGION" suffix="NVFSW3" prefix="IDX_FTLAST"><alias namespace="IDEX" value=""/><description text="Highest block number holding this memory region"/></frameCopy>
      <frameCopy name="FTDUMPREGION" suffix="NVPT" prefix="IDX_FTLAST"><alias namespace="IDEX" value=""/><description text="Highest block number holding this memory region"/></frameCopy>
      <frameCopy name="FTDUMPREGION" suffix="SCICONT" prefix="IDX_FTLAST"><alias namespace="IDEX" value=""/><description text="Highest block number holding this memory region"/></frameCopy>
      <frameCopy name="FTDUMPREGION" suffix="NVPERST" prefix="IDX_FTLAST"><alias namespace="IDEX" value=""/><description text="Highest block number holding this memory region"/></frameCopy>
      <frameCopy name="FTDUMPREGION" suffix="NVFT" prefix="IDX_FTLAST"><alias namespace="IDEX" value=""/><description text="Highest block number holding this memory region"/></frameCopy>
      <frameCopy name="FTDUMPREGION" suffix="NVPMLOG" prefix="IDX_FTLAST"><alias namespace="IDEX" value=""/><description text="Highest block number holding this memory region"/></frameCopy>
      <frameCopy name="FTDUMPREGION" suffix="NVSCIT" prefix="IDX_FTLAST"><alias namespace="IDEX" value=""/><description text="Highest block number holding this memory region"/></frameCopy>
      <frameCopy name="FTDUMPREGION" suffix="SCIRSVD" prefix="IDX_FTLAST"><alias namespace="IDEX" value=""/><description text="Highest block number holding this memory region"/></frameCopy>
      <frameCopy name="FTDUMPREGION" suffix="FETCHT" prefix="IDX_FTLAST"><alias namespace="IDEX" value=""/><description text="Highest block number holding this memory region"/></frameCopy>
      <frameCopy name="FTDUMPREGION" suffix="NVSCS" prefix="IDX_FTLAST"><alias namespace="IDEX" value=""/><description text="Highest block number holding this memory region"/></frameCopy>
      <frameCopy name="FTDUMPREGION" suffix="CATALOG" prefix="IDX_FTLAST"><alias namespace="IDEX" value=""/><description text="Highest block number holding this memory region"/></frameCopy>
      <frameCopy name="FTDUMPREGION" suffix="REG14" prefix="IDX_FTLAST"><alias namespace="IDEX" value=""/><description text="Highest block number holding this memory region"/></frameCopy>
      <frameCopy name="FTDUMPREGION" suffix="USERDEF" prefix="IDX_FTLAST"><alias namespace="IDEX" value=""/><description text="Highest block number holding this memory region"/></frameCopy>
      <frameCopy name="FTDUMPREGION" suffix="EMPTY" prefix="IDX_FTLAST"><alias namespace="IDEX" value=""/><description text="Highest block number holding this memory state"/></frameCopy>
      <frameCopy name="FTDUMPREGION" suffix="BAD" prefix="IDX_FTLAST"><alias namespace="IDEX" value=""/><description text="Highest block number holding this memory state"/></frameCopy>
      <frameCopy name="FTDUMPREGION" suffix="UNKNOWN" prefix="IDX_FTLAST"><alias namespace="IDEX" value=""/><description text="Highest block number holding this memory state"/></frameCopy>

      <itemDef name="IDX_FTLISTSCISTART" type="dn16" num="16"><alias namespace="IDEX" value=""/>
        <description text="First 16 blocks for each full Flash region"/> </itemDef>
      <itemDef name="IDX_FTLISTNVFSW1" type="dn16" num="16"><alias namespace="IDEX" value=""/>
        <description text="First 16 blocks for each full Flash region"/> </itemDef>
      <itemDef name="IDX_FTLISTNVFSW2" type="dn16" num="16"><alias namespace="IDEX" value=""/>
        <description text="First 16 blocks for each full Flash region"/> </itemDef>
      <itemDef name="IDX_FTLISTNVFSW3" type="dn16" num="16"><alias namespace="IDEX" value=""/>
        <description text="First 16 blocks for each full Flash region"/> </itemDef>
      <itemDef name="IDX_FTLISTNVPT" type="dn16" num="16"><alias namespace="IDEX" value=""/>
        <description text="First 16 blocks for each full Flash region"/> </itemDef>
      <itemDef name="IDX_FTLISTSCICONT" type="dn16" num="16"><alias namespace="IDEX" value=""/>
        <description text="First 16 blocks for each full Flash region"/> </itemDef>
      <itemDef name="IDX_FTLISTNVPERST" type="dn16" num="16"><alias namespace="IDEX" value=""/>
        <description text="First 16 blocks for each full Flash region"/> </itemDef>
      <itemDef name="IDX_FTLISTNVFT" type="dn16" num="16"><alias namespace="IDEX" value=""/>
        <description text="First 16 blocks for each full Flash region"/> </itemDef>
      <itemDef name="IDX_FTLISTNVPMLOG" type="dn16" num="16"><alias namespace="IDEX" value=""/>
        <description text="First 16 blocks for each full Flash region"/> </itemDef>
      <itemDef name="IDX_FTLISTNVSCIT" type="dn16" num="16"><alias namespace="IDEX" value=""/>
        <description text="First 16 blocks for each full Flash region"/> </itemDef>
      <itemDef name="IDX_FTLISTSCIRSVD" type="dn16" num="16"><alias namespace="IDEX" value=""/>
        <description text="First 16 blocks for each full Flash region"/> </itemDef>
      <itemDef name="IDX_FTLISTFETCHT" type="dn16" num="16"><alias namespace="IDEX" value=""/>
        <description text="First 16 blocks for each full Flash region"/> </itemDef>
      <itemDef name="IDX_FTLISTNVSCS" type="dn16" num="16"><alias namespace="IDEX" value=""/>
        <description text="First 16 blocks for each full Flash region"/> </itemDef>
      <itemDef name="IDX_FTLISTCATALOG" type="dn16" num="16"><alias namespace="IDEX" value=""/>
        <description text="First 16 blocks for each full Flash region"/> </itemDef>
      <itemDef name="IDX_FTLISTREG14" type="dn16" num="16"><alias namespace="IDEX" value=""/>
        <description text="First 16 blocks for each full Flash region"/> </itemDef>
      <itemDef name="IDX_FTLISTUSERDEF" type="dn16" num="16"><alias namespace="IDEX" value=""/>
        <description text="First 16 blocks for each full Flash region"/> </itemDef>

      <itemDef name="IDX_FTLISTEXTRA" type="dn16" num="32"><alias namespace="IDEX" value=""/>
        <description text="Blocks 17-48 for the selected Flash region"/> </itemDef>

      <itemDef name="IDX_FTABLEDUMPSP0" type="dn32"><alias namespace="IDEX" value="FTABLEDUMPSP0"/>
        <description text="Spare"/> </itemDef>
      <itemDef name="IDX_FTABLEDUMPSP1" type="dn32"><alias namespace="IDEX" value="FTABLEDUMPSP1"/>
        <description text="Spare"/> </itemDef>
      <itemDef name="IDX_FTABLEDUMPSP2" type="dn32"><alias namespace="IDEX" value="FTABLEDUMPSP2"/>
        <description text="Spare"/> </itemDef>
      <itemDef name="IDX_FTABLEDUMPSP3" type="dn32"><alias namespace="IDEX" value="FTABLEDUMPSP3"/>
        <description text="Spare"/> </itemDef>

      <itemDef name="IDX_SYNCFTABLEPKT" type="dn16"><alias namespace="IDEX" value="SYNCFTABLEPKT"/>
        <description text="Synchronization marker"/></itemDef>
      <itemDef name="IDX_CRCFTABLEPKT" type="dn16"><alias namespace="IDEX" value="CRCFTABLEPKT"/>
        <description text="CRC CCITT-16"/></itemDef>
    </field>
  </frameDef>

  <frameDef name="IDX_ftable" id="0x0588"><description text="Flash Table Dump Packet"/>
    <field>
      <frameCopy name="CCSDSPriHeader" suffix="_ftablePkt"/>
      <frameCopy name="CCSDSSecHeader" suffix="_ftablePkt"/>
      <item name="IDX_ftable_hk_frame"/>
    </field>
  </frameDef>

</hydraDef>





