<!-- IDEX-specific file to define IDEX Analog Housekeeping Telemetry Packet -->

<hydraDef>


  <!-- ====================================== -->
  <!-- Analog HK Packet                       -->
  <!-- ====================================== -->

  <frameDef name="IDX_ana_hk_frame"><description text="Analog HK tlm contents"/>
    <field>

    <!--BEGIN: anaHkStatPkt_t -->
    <itemDef name="IDX_ANAHKSP0" type="dn8"><alias namespace="IDEX" value="ANAHKSP0"/>
      <description text="Spare"/></itemDef>
    <itemDef name="IDX_PROC1V0CURRHI" type="dn12"><alias namespace="IDEX" value="PROC1V0CURRHI"/>
      <description text="High side current reading on 1.0V bus (Proc ADC channel 0)"/></itemDef>
    <itemDef name="IDX_PROC1V9CURRHI" type="dn12"><alias namespace="IDEX" value="PROC1V9CURRHI"/>
      <description text="High side current reading on 1.9V bus (Proc ADC channel 1)"/></itemDef>

    <itemDef name="IDX_ANAHKSP1" type="dn8"><alias namespace="IDEX" value="ANAHKSP1"/>
      <description text="Spare"/></itemDef>
    <itemDef name="IDX_PROCADCTEMP" type="dn12"><alias namespace="IDEX" value="PROCADCTEMP"/>
      <description text="Processor Board temperature near HS ADCs (Proc ADC channel 2)"/></itemDef>
    <itemDef name="IDX_PROCBDTEMP" type="dn12"><alias namespace="IDEX" value="PROCBDTEMP"/>
      <description text="Processor Board temperature near PWB center (Proc ADC channel 3)"/></itemDef>

    <itemDef name="IDX_ANAHKSP2" type="dn8"><alias namespace="IDEX" value="ANAHKSP2"/>
      <description text="Spare"/></itemDef>
      <itemDef name="IDX_PROC1V0VOLT" type="dn12"><alias namespace="IDEX" value="PROC1V0VOLT"/>
      <description text="Voltage reading on 1.0V bus (Proc ADC channel 4)"/></itemDef>
    <itemDef name="IDX_FPGATEMP" type="dn12"><alias namespace="IDEX" value="FPGATEMP"/>
      <description text="Temperature reading internal to FPGA (Proc ADC channel 5)"/></itemDef>

    <itemDef name="IDX_ANAHKSP3" type="dn8"><alias namespace="IDEX" value="ANAHKSP3"/>
       <description text="Spare"/></itemDef>
    <itemDef name="IDX_PROC1V9VOLT" type="dn12"><alias namespace="IDEX" value="PROC1V9VOLT"/>
      <description text="Voltage reading on 1.9V bus (Proc ADC channel 6)"/></itemDef>
    <itemDef name="IDX_PROC3V3VOLT" type="dn12"><alias namespace="IDEX" value="PROC3V3VOLT"/>
      <description text="Voltage reading on 3.3V bus (Proc ADC channel 7)"/></itemDef>
    <!--END: anaHkStatPkt_t -->

    <!--BEGIN: comboStatPkt_t -->
    <itemDef name="IDX_ANAHVPSSP0" type="dn8"> <alias namespace="IDEX" value="ANAHVPSSP0"/>
      <description text="Spare"/></itemDef>
    <itemDef name="IDX_HVPSDETVOLT" type="dn12"> <alias namespace="IDEX" value="HVPSDETVOLT"/>
      <description text="Voltage reading on Detector (HVPS ADC channel 0)"/></itemDef>
    <itemDef name="IDX_HVPSSENSVOLT" type="dn12"> <alias namespace="IDEX" value="HVPSSENSVOLT"/>
      <description text="Voltage reading on Sensor (HVPS ADC channel 1)"/></itemDef>
    <!--END: hvps0, start hvps1 -->
    <itemDef name="IDX_ANAHVPSSP1" type="dn8"> <alias namespace="IDEX" value="ANAHVPSSP1"/>
      <description text="Spare"/></itemDef>
    <itemDef name="IDX_HVPSTARGETVOLT" type="dn12"> <alias namespace="IDEX" value="HVPSTARGETVOLT"/>
      <description text="Voltage reading on Target (HVPS ADC channel 2)"/></itemDef>
    <itemDef name="IDX_HVPSREFLCTVOLT" type="dn12"> <alias namespace="IDEX" value="HVPSREFLCTVOLT"/>
      <description text="Voltage reading on Reflectron Grid (HVPS ADC channel 3)"/></itemDef>
    <!--END: hvps1, start hvps2 -->
    <itemDef name="IDX_ANAHVPSSP2" type="dn8"> <alias namespace="IDEX" value="ANAHVPSSP2"/>
      <description text="Spare"/></itemDef>
    <itemDef name="IDX_HVPSREJCTNVOLT" type="dn12"> <alias namespace="IDEX" value="HVPSREJCTNVOLT"/>
      <description text="Voltage reading on Rejection Grid (HVPS ADC channel 4)"/></itemDef>
    <itemDef name="IDX_HVPSDETCURR" type="dn12"> <alias namespace="IDEX" value="HVPSDETCURR"/>
      <description text="Current reading on Detector HVPS tap (HVPS ADC channel 5)"/></itemDef>
    <!--END: hvps2, start hvps3 -->
    <itemDef name="IDX_ANAHVPSSP3" type="dn8"> <alias namespace="IDEX" value="ANAHVPSSP3"/>
      <description text="Spare"/></itemDef>
    <itemDef name="IDX_HVPSSENSPCURR" type="dn12"> <alias namespace="IDEX" value="HVPSSENSPCURR"/>
       <description text="Current reading on Positive Sensor HVPS tap (HVPS ADC channel 6)"/></itemDef>
    <itemDef name="IDX_HVPSSENSNCURR" type="dn12"> <alias namespace="IDEX" value="HVPSSENSNCURR"/>
       <description text="Current reading on Negative Sensor HVPS tap (HVPS ADC channel 7)"/></itemDef>
    <!--END: comboStatPkt_t -->

    <!--BEGIN: lvpsStatPkt_t -->
    <!-- adc0Ch1And0 -->
    <itemDef name="IDX_LVPSANASP0" type="dn8"> <alias namespace="IDEX" value="LVPSANASP0"/>
      <description text="Spare"/></itemDef>
    <itemDef name="IDX_LVPS3V3REFOPVOLT" type="dn12"><alias namespace="IDEX" value="LVPS3V3REFOPVOLT"/>
      <description text="Voltage reading on 3.3V bus OP reference bus (LVPS ADC 0 channel 1)"/></itemDef>
    <itemDef name="IDX_LVPS3V3REFHKVOLT" type="dn12"><alias namespace="IDEX" value="LVPS3V3REFHKVOLT"/>
      <description text="Voltage reading on 3.3V bus HK reference (LVPS ADC 0 channel 0)"/></itemDef>
    <!-- ADC0CH2And3 -->
    <itemDef name="IDX_LVPSANASP1" type="dn8"> <alias namespace="IDEX" value="LVPSANASP1"/>
      <description text="Spare"/></itemDef>
    <itemDef name="IDX_LVPSP6V0VOLT" type="dn12"><alias namespace="IDEX" value="LVPSP6V0VOLT"/>
      <description text="Voltage reading on positive 16V bus (LVPS ADC 0 channel 3)"/></itemDef>
    <itemDef name="IDX_LVPSN6V0VOLT" type="dn12"><alias namespace="IDEX" value="LVPSN6V0VOLT"/>
      <description text="Voltage reading on negative 16V bus (LVPS ADC 0 channel 2)"/></itemDef>
    <!-- ADC0CH4And5 -->
    <itemDef name="IDX_LVPSANASP2" type="dn8"> <alias namespace="IDEX" value="LVPSANASP2"/>
      <description text="Spare"/></itemDef>
    <itemDef name="IDX_LVPS3V3VOLT" type="dn12"><alias namespace="IDEX" value="LVPS3V3VOLT"/>
      <description text="Voltage reading on 3.3 bus (LVPS ADC 0 channel 5)"/></itemDef>
    <itemDef name="IDX_LVPS16V0VOLT" type="dn12"><alias namespace="IDEX" value="LVPS16V0VOLT"/>
      <description text="Voltage reading on 16V bus (LVPS ADC 0 channel 4)"/></itemDef>
    <!-- ADC0CH4And5 -->
    <itemDef name="IDX_LVPSANASP3" type="dn8"> <alias namespace="IDEX" value="LVPSANASP3"/>
      <description text="Spare"/></itemDef>
    <itemDef name="IDX_LVPSP5V0VOLT" type="dn12"><alias namespace="IDEX" value="LVPSP5V0VOLT"/>
      <description text="Voltage reading on positive 5V bus (LVPS ADC 0 channel 7)"/></itemDef>
    <itemDef name="IDX_LVPSN5V0VOLT" type="dn12"><alias namespace="IDEX" value="LVPSN5V0VOLT"/>
      <description text="Voltage reading on negative 5V bus (LVPS ADC 0 channel 6)"/></itemDef>

    <!-- adc1CH0And1 -->
    <itemDef name="IDX_LVPSANASP4" type="dn8"> <alias namespace="IDEX" value="LVPSANASP4"/>
      <description text="Spare"/></itemDef>
    <itemDef name="IDX_LVPS16V0CURR" type="dn12"><alias namespace="IDEX" value="LVPS16V0CURR"/>
      <description text="Current reading on 16V bus (LVPS ADC 1 channel 1)"/></itemDef>
    <itemDef name="IDX_LVPS3V3CURR" type="dn12"><alias namespace="IDEX" value="LVPS3V3CURR"/>
      <description text="Current reading on 3.3V bus (LVPS ADC 1 channel 0)"/></itemDef>
    <!-- ADC1CH2And3 -->
    <itemDef name="IDX_LVPSANASP5" type="dn8"> <alias namespace="IDEX" value="LVPSANASP5"/>
      <description text="Spare"/></itemDef>
    <itemDef name="IDX_LVPSN6V0CURR" type="dn12"><alias namespace="IDEX" value="LVPSN6V0CURR"/>
      <description text="Current reading on negative 6V bus (LVPS ADC 1 channel 3)"/></itemDef>
    <itemDef name="IDX_LVPSP6V0CURR" type="dn12"><alias namespace="IDEX" value="LVPSP6V0CURR"/>
      <description text="Current reading on positive 6V bus (LVPS ADC 1 channel 2)"/></itemDef>
    <!-- ADC1CH4And5 -->
    <itemDef name="IDX_ANAHKSP4" type="dn8"><alias namespace="IDEX" value="ANAHKSP4"/>
       <description text="Spare"/></itemDef>
    <itemDef name="IDX_LVPSN5V0CURR" type="dn12"><alias namespace="IDEX" value="LVPSN5V0CURR"/>
      <description text="Current reading on negative 5V bus (LVPS ADC 1 channel 5)"/></itemDef>
    <itemDef name="IDX_LVPSP5V0CURR" type="dn12"><alias namespace="IDEX" value="LVPSP5V0CURR"/>
      <description text="Current reading on positive 5V bus (LVPS ADC 1 channel 4)"/></itemDef>
    <!-- ADC1CH4And5 -->
    <itemDef name="IDX_ANAHKSP5" type="dn8"><alias namespace="IDEX" value="ANAHKSP5"/>
      <description text="Spare"/></itemDef>
    <itemDef name="IDX_LVPSN2V5CURR" type="dn12"><alias namespace="IDEX" value="LVPSN2V5CURR"/>
      <description text="Current reading on negative 2.5V bus (LVPS ADC 1 channel 7)"/></itemDef>
    <itemDef name="IDX_LVPSP2V5CURR" type="dn12"><alias namespace="IDEX" value="LVPSP2V5CURR"/>
      <description text="Current reading on positive 2.5V bus (LVPS ADC 1 channel 6)"/></itemDef>

    <!-- ADC2CH0And1 -->
    <itemDef name="IDX_ANAHKSP6" type="dn8"><alias namespace="IDEX" value="ANAHKSP6"/>
      <description text="Spare"/></itemDef>
    <itemDef name="IDX_DECON1TEMP" type="dn12"><alias namespace="IDEX" value="DECON1TEMP"/>
      <description text="Temperature for target (redundant), used for decon control loop (LVPS ADC2ch1)"/></itemDef>
    <itemDef name="IDX_DECON0TEMP" type="dn12"><alias namespace="IDEX" value="DECON0TEMP"/>
      <description text="Temperature for target (primary), used for decon control loop (LVPS ADC2ch0)"/></itemDef>
    <!-- ADC2CH2And3 -->
    <itemDef name="IDX_ANAHKSP7" type="dn8"><alias namespace="IDEX" value="ANAHKSP7"/>
      <description text="Spare"/></itemDef>
    <itemDef name="IDX_LVPSBDTEMP" type="dn12"><alias namespace="IDEX" value="LVPSBDTEMP"/>
      <description text="Temperature reading on LVPS Board (LVPS ADC 2 channel 3)"/></itemDef>
    <itemDef name="IDX_DABTEMP" type="dn12"><alias namespace="IDEX" value="DABTEMP"/>
      <description text="Temperature reading on DAB board (LVPS ADC 2 channel 2)"/></itemDef>
    <!-- ADC2CH4And5 -->
    <itemDef name="IDX_ANAHKSP8" type="dn8"><alias namespace="IDEX" value="ANAHKSP8"/>
      <description text="Spare"/></itemDef>
    <itemDef name="IDX_LVPSP2V5VOLT" type="dn12"><alias namespace="IDEX" value="LVPSP2V5VOLT"/>
      <description text="Voltage reading on positive 2.5V bus (LVPS ADC 2 channel 5)"/></itemDef>
    <itemDef name="IDX_HVPSBDTEMP" type="dn12"><alias namespace="IDEX" value="HVPSBDTEMP"/>
      <description text="Temperature reading on HVPS Board (LVPS ADC 2 channel 4)"/></itemDef>
    <!-- ADC2CH4And5 -->
    <itemDef name="IDX_ANAHKSP9" type="dn8"><alias namespace="IDEX" value="ANAHKSP9"/>
      <description text="Spare"/></itemDef>
    <itemDef name="IDX_LVPSSPAREADC" type="dn12"><alias namespace="IDEX" value="LVPSSPAREADC"/>
      <description text="Voltage reading on unused signal (LVPS ADC 2 channel 7)"/></itemDef>
    <itemDef name="IDX_LVPSN2V5VOLT" type="dn12"><alias namespace="IDEX" value="LVPSN2V5VOLT"/>
      <description text="Voltage reading on negative 2.5V bus (LVPS ADC 2 channel 6)"/></itemDef>
    <!--END: lvpsStatPkt_t -->

    <itemDef name="IDX_ANACFGREAD0" type="dn32"><alias namespace="IDEX" value="ANACFGREAD0"/>
      <description text="Configurable point, set address in param table entry 67"/></itemDef>
    <itemDef name="IDX_ANACFGREAD1" type="dn32"><alias namespace="IDEX" value="ANACFGREAD1"/>
      <description text="Configurable point, set address in param table entry 68"/></itemDef>
    <itemDef name="IDX_ANACFGREAD2" type="dn32"><alias namespace="IDEX" value="ANACFGREAD2"/>
      <description text="Configurable point, set address in param table entry 69"/></itemDef>
    <itemDef name="IDX_ANACFGREAD3" type="dn32"><alias namespace="IDEX" value="ANACFGREAD3"/>
      <description text="Configurable point, set address in param table entry 70"/></itemDef>
    <itemDef name="IDX_ANACFGREAD4" type="dn32"><alias namespace="IDEX" value="ANACFGREAD4"/>
      <description text="Configurable point, set address in param table entry 71"/></itemDef>
    <itemDef name="IDX_ANACFGREAD5" type="dn32"><alias namespace="IDEX" value="ANACFGREAD5"/>
      <description text="Configurable point, set address in param table entry 72"/></itemDef>
    <itemDef name="IDX_ANACFGREAD6" type="dn32"><alias namespace="IDEX" value="ANACFGREAD6"/>
      <description text="Configurable point, set address in param table entry 73"/></itemDef>
    <itemDef name="IDX_ANACFGREAD7" type="dn32"><alias namespace="IDEX" value="ANACFGREAD7"/>
      <description text="Configurable point, set address in param table entry 74"/></itemDef>

    <itemDef name="IDX_SYNCMARKANAPKT" type="dn16"><alias namespace="IDEX" value="SYNCMARKANAPKT"/>
      <description text="Synchronization marker"/></itemDef>
    <itemDef name="IDX_CRCANAPKT" type="dn16"><alias namespace="IDEX" value="CRCANAPKT"/>
      <description text="CRC CCITT-16"/></itemDef>
  </field>
  </frameDef>

  <frameDef name="IDX_ana" id="0x0561"><description text="Analog HK packet"/>
    <field>
      <frameCopy name="CCSDSPriHeader" suffix="_anaPkt"/>
      <frameCopy name="CCSDSSecHeader" suffix="_anaPkt"/>
      <item name="IDX_ana_hk_frame"/>
    </field>
  </frameDef>

</hydraDef>
