<!--
	File:    idex_tlm_config.xml
  Purpose: Defines the telemetry-side serial communication data flow for IDEX, 
           including the hardware reader, decoders, and logging.  Telemetry 
           packets are defined elsewhere.

  Important notes:
    COM port errors: If you get connection errors with COM port, change port# in this
                     file (hwSerial's port attribute)
										 
	Telemetry flow:
    1. readerHeader	idexSerialDevice reads from SeaLevel SeaLink RS422-to-USB adapter cable
		   and sends raw data to:
		2. readerHeader serialTlmReader searches raw data stream for 4-byte sync marker
		   which starts the ITF frame, when found sends the ITF frame to
	  3. decoderDef itfHdrDecoder handles 10-byte ITF header, saves it, and sends the ITF to
		4. decoderSub itfSubPktDecoder which looks at the ITF contents and treats it as
		   as one or more CCSDS packets, sending each CCSDS packet to
    5. decoderDef ccsdsDecoder which decomposes the CCSDS packet for database ingestion 
-->

<hydraDef>


  <!-- Reference frame for interface transfer frame (ITF) headers for IDEX telemetry -->
  <frameDef name="itfTlmHdr">
    <description text="ITF telemetry header"/>
    <field>
		  <!-- Sync marker should always be 0xfefa30c8 -->
      <itemDef name="itfTlmSync" type="dn32"/> 
			
			<!-- Either 21 for regular IDEX frame, or 22 for irregular IDEX frame -->
      <itemDef name="itfTlmVC" type="dn8"/>
			
			<!-- Sequence counter for this frame, each virtual channel has its own -->
      <itemDef name="itfTlmSeqCnt" type="dn8"/>
			
			<!-- Length of remaining frame, from offset to trailing checksum -->
      <itemDef name="itfTlmLength" type="dn16"/>
			
			<!-- Offset to first CCSDS packet, always zero for IDEX -->
      <itemDef name="itfTlmOffset" type="dn16"/>
    </field>
  </frameDef>
	
  
  <!-- Useful for testing. To use, change serialTlmReader's hw to myInputFile -->
	<hwInFile name="myInputFile" filename="example.tlm" interval="200"/>


  <!-- COM port settings (port number usually changes across computers) -->
  <hwSerial name="idexSerialDevice" port="COM6" baud="115200" parity="ODD" stopbits="1">
	  <description text="Serial comm port connected to RS422-to-USB cable"/>
	</hwSerial>

	<!-- headerSize: User's guide says this is really the minimum size of the frame, so  12
		        comes from the 10 byte header plus the 2 byte checksum at the end of a frame.
		   maxSize: 8kbyte according to GI ICD
		   lengthField: using ITF frame definition
		   offset: Found -2 through testing.  Seems like it should be 8, but then maybe 
            headerSize is subtracted from this?			  -->
	<readerHeader name="serialTlmReader" headerSize="10" maxSize="8192" lengthField="6:0:dn16" 
	  offset="-2" hw="idexSerialDevice" decoder="itfHdrDecoder" autoStart="true">
		<description text="Reads raw IDEX telemetry from serial port"/>
    
    <!-- Min size can be 2 since IDEX packets length must be even number of bytes -->
    <sync length="4" minSize="2" pattern="0xFE 0xFA 0x30 0xC8"/>    
	</readerHeader>


  <decoderDef name="itfHdrDecoder" updateDB="true">
		<description text="Decodes telemetry interface transfer frame (ITF) encapsulating CCSDS"/>
    <outBuffer size="8192"/>
    <frame name="itfTlmHdr"/>  
    <outputDevice name="serialTlmLog" enabled="true"/>
    <outputDevice name="itfSubPktDecoder"/>     
  </decoderDef>


  <!-- startByte: Length of ITF is 10 bytes
       lengthOffset: For CCSDS packets, add 7 to length field
       subPktLength: This is the length field of the CCSDS packet, alternatively ="4:0:dn16"
       maxSubPkts: Don't know if this matters, so put in a lot of margin
       maxSubPktSize: Largest possible packet size (lots of margin)  -->
  <decoderSub name="itfSubPktDecoder" updateDB="enabled" startByte="10" lengthOffset="7" 
	            subPktLength="CCSDSPriHeader.pktLength" maxSubPkts="12" maxSubPktSize="4096">
		<description text="Decodes subpackets within one telemetry ITF"/>
    <outBuffer size="8192"/>
    <outputDevice name="ccsdsDecoder"/>
		<outputDevice name="ccsdsOnly" enabled="false"/>
  </decoderSub>


  <decoderDef name="ccsdsDecoder" updateDB="true">
		<description text="Decodes one CCSDS telemetry packet"/>
    <outBuffer size="8192"/>
    <frameID name="0:5:dn11"/>

		<outputDevice name="OASISTlmOutput" enabled="true"/>
		<outputDevice name="sciDataLog" enabled="true" frameID="1424-1426"/>
  </decoderDef>
	
  
  <!-- serialTlmLog: Contains all ITFs and CCSDS telemetry
       sciDataLog:   Only science APIDs (0x590-2)
       ccsdsOnly:    All CCSDS tlm packets copied here, ITF hdr/cksum removed -->
	<hwOutFile name="serialTlmLog" prefix="serialTlm" maxSize="#LOG_FILE_MAX_SIZE"/>
	<hwOutFile name="sciDataLog" prefix="sciData" maxSize="#LOG_FILE_MAX_SIZE"/>
	<hwOutFile name="ccsdsOnly" prefix="ccsdsOnly" maxSize="#LOG_FILE_MAX_SIZE"/>



</hydraDef>



