<!--
	File:    IDX_cmd_timemsg.xml
  Purpose: Defines spacecraft-generated Time and Status Messages, mostly hardcoded.
	         Three separate time message commands are defined
					  - Nominal: Data rate is set to High Rate, power down warning inactive
					  - Low: Data rate is set to LOW Rate, power down warning inactive
					  - PwrDown: Data rate is set to High Rate, power down warning ACTIVE
					  - CatBed: Data rate is set to High Rate, catbed heater warning ACTIVE
                Note: this flag has now called the S/C Daily Repoint Maneuver Flag
						- Long: Three RawRead cmds follow the nominal Time Msg
						- ExLong: Five RawRead cmds follow the nominal Time Msg
						- MemLoads: Time message followed by five medium size memory load cmds
						- Err: Includes three commands that fail for different reasons
					 See IDX_cmd_config.xml comments for details.					 
	Note:    Probably a smarter way exists to define these multiple time messages without
           so much copy&paste, but it seems to work as-is.	
-->


<hydraDef>

  <!-- Defines an entire ITF frame with one Time and Status Message -->
	<!-- IDEX data rate is set to High Rate. Power down flag is inactive. -->
  <!-- Note: GIICD considers this a telemetry pkt not command, so CCSDS type is 0 --> 
  <frameDef name="timeMsgHdr" decoder="timeMsgDecoder">
    <description text="ITF holding one CCSDS time message, indicating high data rate"/>
    <field>
		  <!-- ITF header -->
		  <!-- Sync marker should always be 0xfefa30c8 -->
			<!-- Virtual channel, always 21 for IDEX commands -->
			<!-- Sequence counter for this frame, each virtual channel has its own -->
			<!-- Length of remaining frame, from offset to trailing checksum (inclusive) -->
			<!-- Offset to first CCSDS packet, always zero for IDEX -->
      <itemDef name="itfCmdSync_stm" type="dn32" value="0xFEFA30C8"/> 			
      <itemDef name="itfCmdVC_stm" type="dn8" value="21"/>
			<itemCounter name="itfCmdSeqCnt_stm"  type="dn8" value="0" min="0" max="0xFF" incr="1"/>
      <itemDef name="itfCmdLength_stm" type="dn16" value="0"/>
      <itemDef name="itfCmdOffset_stm" type="dn16" value="0"/>
      
			<!-- CCSDS header for Spacecraft Time and Status Message -->
      <itemDef name="cmdCcsdsVersion_stm"     type="dn3" value="0" />
      <itemDef name="cmdCcsdsPktType_stm"     type="dn1" value="0" />
      <itemDef name="cmdCcsdsSecHdrFlag_stm"  type="dn1" value="1" />
      <itemDef name="cmdCcsdsApid_stm"        type="dn11" value="0x1DF"/>  
      <itemDef name="cmdCcsdsGroup_stm"       type="dn2"  value="3"/>
      <itemCounter name="cmdCcsdsSeqCnt_stm"  type="dn14" value="1" min="0" max="0x3FFF" incr="1"/>
      <itemDef name="cmdCcsdsLength_stm"      type="dn16" value="0x1f"/>
      <!-- In reality, there is no opcode, instead next 32 bits are time when pkt was sent -->
      <itemDef name="STM_sentsec" type="dn32" value="0xBEEF"/>
      <itemDef name="STM_sentsubsec" type="dn8" value="0xEE"/>
      <itemDef name="STM_spare0" type="dn8" value="0"/>
      <placeholder/>
      <itemDef name="STM_powerdown" type="dn12" value="0"/>
      <itemDef name="STM_spare1" type="dn4" value="0"/>
      <itemDef name="STM_spinComplete" type="dn32" value="0"/>
      <itemDef name="STM_spinPeriod" type="dn16" value="0"/>
      <itemDef name="STM_spinPhase" type="dn16" value="0x11223344"/>
      <itemDef name="STM_spinFlags" type="dn3" value="0"/>
      <itemDef name="STM_catbedHtr" type="dn1" value="0"/>
      <itemDef name="STM_spare2" type="dn4" value="0"/>
      <itemDef name="STM_dataRate" type="dn12" value="0x004"/>
      <itemDef name="STM_spare3" type="dn4" value="0"/>
      <itemDef name="STM_hitStartup" type="dn1" value="0"/>
      <itemDef name="STM_spare4" type="dn15" value="0x5555"/>
      <itemDef name="STM_spare5" type="dn8" value="0"/>
      <itemDef name="STM_spare6" type="dn32" value="0"/>
      <itemDef name="STM_spare7" type="dn16" value="0"/>
      <!-- End of CCSDS command -->
						
      <itemDef name="itfCmdCksum_stm" type="dn16" value="0"/>

    </field>
		
    <!-- Subtract the usual 7 bytes per CCSDS plus: 10 bytes ITF header, 2 bytes ITF cksum -->
    <length item="cmdCcsdsLength_stm" offset="-152"/>
		
    <length item="itfCmdLength_stm" offset="-64"/>
    
    <!-- TODO: The checksum actually produced is 8-bits (but otherwise seems right) -->
    <checksum item="itfCmdCksum_stm" width="16" method="xor" seed="0" 
              start="itfCmdVC_stm" stop="itfCmdCksum_stm" />

  </frameDef>



  <!-- Decoder creates command ITFs which encompass CCSDS packets -->
  <decoderDef name="timeMsgDecoder" updateDB="false">
    <description text="Decoder creates ITFs encompassing CCSDS time messages"/>
    <outBuffer size="4096"/>

    <headerFrame name="timeMsgHdr"/>
    <outputDevice name="idexSerialDevice"/>
    <outputDevice name="serialCmdLog" enabled="true"/>
  </decoderDef>


  <!-- Time and Status Message sent by IMAP spacecraft -->
  <command name="IDX_cmd_timemsg" decoder="timeMsgDecoder">
    <field>
      <itemCounter name="simulated_sclk"  type="dn32" value="1" min="0" max="0x7FFFFFFF" incr="1"/>
    </field>
  </command>
  <alias name="timemsg" command="IDX_cmd_timemsg"/>

  <!--  <itemTime name="currentTime" type="dn32" method="secSinceEpoch" epoch="Jan 01 2010 00:00:00"/> -->




  <!-- Defines an entire ITF frame with one Time Message command. -->
	<!-- IDEX data rate is set to Low Rate.  Power down flag is inactive. -->
  <frameDef name="timeMsgHdrLow" decoder="timeMsgDecoderLow">
    <description text="ITF holding one CCSDS time message indicating low data rate"/>
    <field>
		  <!-- ITF header -->
		  <!-- Sync marker should always be 0xfefa30c8 -->
			<!-- Virtual channel, always 21 for IDEX commands -->
			<!-- Sequence counter for this frame, each virtual channel has its own -->
			<!-- Length of remaining frame, from offset to trailing checksum (inclusive) -->
			<!-- Offset to first CCSDS packet, always zero for IDEX -->
      <itemDef name="itfCmdSync_stmlow" type="dn32" value="0xFEFA30C8"/> 			
      <itemDef name="itfCmdVC_stmlow" type="dn8" value="21"/>
			<itemCounter name="itfCmdSeqCnt_stmlow"  type="dn8" value="0" min="0" max="0xFF" incr="1"/>
      <itemDef name="itfCmdLength_stmlow" type="dn16" value="0"/>
      <itemDef name="itfCmdOffset_stmlow" type="dn16" value="0"/>
      
			<!-- CCSDS header for Spacecraft Time and Status Message -->
      <itemDef name="cmdCcsdsVersion_stmlow"     type="dn3" value="0" />
      <itemDef name="cmdCcsdsPktType_stmlow"     type="dn1" value="0" />
      <itemDef name="cmdCcsdsSecHdrFlag_stmlow"  type="dn1" value="1" />
      <itemDef name="cmdCcsdsApid_stmlow"        type="dn11" value="0x1DF"/>  
      <itemDef name="cmdCcsdsGroup_stmlow"       type="dn2"  value="3"/>
      <itemCounter name="cmdCcsdsSeqCnt_stmlow"  type="dn14" value="1" min="0" max="0x3FFF" incr="1"/>
      <itemDef name="cmdCcsdsLength_stmlow"      type="dn16" value="0x1f"/>
      <!-- In reality, there is no opcode, instead next 32 bits are time when pkt was sent -->
      <itemDef name="STMlow_sentsec" type="dn32" value="0xBEEF"/>
      <itemDef name="STMlow_sentsubsec" type="dn8" value="0xEE"/>
      <itemDef name="STMlow_spare0" type="dn8" value="0"/>
      <placeholder/>
      <itemDef name="STMlow_powerdown" type="dn12" value="0"/>
      <itemDef name="STMlow_spare1" type="dn4" value="0"/>
      <itemDef name="STMlow_spinComplete" type="dn32" value="0"/>
      <itemDef name="STMlow_spinPeriod" type="dn16" value="0"/>
      <itemDef name="STMlow_spinPhase" type="dn16" value="0x11223344"/>
      <itemDef name="STMlow_spinFlags" type="dn3" value="0"/>
      <itemDef name="STMlow_catbedHtr" type="dn1" value="0"/>
      <itemDef name="STMlow_spare2" type="dn4" value="0"/>
      <itemDef name="STMlow_dataRate" type="dn12" value="0"/>
      <itemDef name="STMlow_spare3" type="dn4" value="0"/>
      <itemDef name="STMlow_hitStartup" type="dn1" value="0"/>
      <itemDef name="STMlow_spare4" type="dn15" value="0x5555"/>
      <itemDef name="STMlow_spare5" type="dn8" value="0"/>
      <itemDef name="STMlow_spare6" type="dn32" value="0"/>
      <itemDef name="STMlow_spare7" type="dn16" value="0"/>
      <!-- End of CCSDS command -->
			
      <itemDef name="itfCmdCksum_stmlow" type="dn16" value="0"/>

    </field>
    <!-- Subtract the usual 7 bytes per CCSDS plus: 10 bytes ITF header, 2 bytes ITF cksum -->
    <length item="cmdCcsdsLength_stmlow" offset="-152"/>
		
    <length item="itfCmdLength_stmlow" offset="-64"/>
    
    <!-- TODO: The checksum actually produced is 8-bits (but otherwise seems right) -->
    <checksum item="itfCmdCksum_stmlow" width="16" method="xor" seed="0" 
              start="itfCmdVC_stmlow" stop="itfCmdCksum_stmlow" />
  </frameDef>


  <!-- Decoder creates command ITFs which encompass CCSDS packets -->
  <decoderDef name="timeMsgDecoderLow" updateDB="false">
    <description text="Decoder creates ITFs encompassing CCSDS time messages"/>
    <outBuffer size="4096"/>

    <headerFrame name="timeMsgHdrLow"/>
    <outputDevice name="idexSerialDevice"/>
    <outputDevice name="serialCmdLog" enabled="true"/>
  </decoderDef>


  <command name="idx_cmd_timemsglow" decoder="timeMsgDecoderLow">
    <field>
      <itemCounter name="simulated_sclk_low"  type="dn32" value="1" min="0" max="0x7FFFFFFF" incr="1"/>
    </field>
  </command>
  <alias name="timemsglow" command="idx_cmd_timemsglow"/>



  <!-- Defines an entire ITF frame with one Time Message command. -->
	<!-- IDEX power down flag is asserted.  Data rate set to High Rate. -->
  <frameDef name="timeMsgHdrPwrDown" decoder="timeMsgDecoderPwrDown">
    <description text="ITF holding one CCSDS time message indicating power down"/>
    <field>
		  <!-- ITF header -->
		  <!-- Sync marker should always be 0xfefa30c8 -->
			<!-- Virtual channel, always 21 for IDEX commands -->
			<!-- Sequence counter for this frame, each virtual channel has its own -->
			<!-- Length of remaining frame, from offset to trailing checksum (inclusive) -->
			<!-- Offset to first CCSDS packet, always zero for IDEX -->
      <itemDef name="itfCmdSync_stmpwrdown" type="dn32" value="0xFEFA30C8"/> 			
      <itemDef name="itfCmdVC_stmpwrdown" type="dn8" value="21"/>
			<itemCounter name="itfCmdSeqCnt_stmpwrdown"  type="dn8" value="0" min="0" max="0xFF" incr="1"/>
      <itemDef name="itfCmdLength_stmpwrdown" type="dn16" value="0"/>
      <itemDef name="itfCmdOffset_stmpwrdown" type="dn16" value="0"/>
      
			<!-- CCSDS header for Spacecraft Time and Status Message -->
      <itemDef name="cmdCcsdsVersion_stmpwrdown"     type="dn3" value="0" />
      <itemDef name="cmdCcsdsPktType_stmpwrdown"     type="dn1" value="0" />
      <itemDef name="cmdCcsdsSecHdrFlag_stmpwrdown"  type="dn1" value="1" />
      <itemDef name="cmdCcsdsApid_stmpwrdown"        type="dn11" value="0x1DF"/>  
      <itemDef name="cmdCcsdsGroup_stmpwrdown"       type="dn2"  value="3"/>
      <itemCounter name="cmdCcsdsSeqCnt_stmpwrdown"  type="dn14" value="1" min="0" max="0x3FFF" incr="1"/>
      <itemDef name="cmdCcsdsLength_stmpwrdown"      type="dn16" value="0x1f"/>
      <!-- In reality, there is no opcode, instead next 32 bits are time when pkt was sent -->
      <itemDef name="stmpwrdown_sentsec" type="dn32" value="0xBEEF"/>
      <itemDef name="stmpwrdown_sentsubsec" type="dn8" value="0xEE"/>
      <itemDef name="stmpwrdown_spare0" type="dn8" value="0"/>
      <placeholder/>
      <itemDef name="stmpwrdown_powerdown" type="dn12" value="0x004"/>
      <itemDef name="stmpwrdown_spare1" type="dn4" value="0"/>
      <itemDef name="stmpwrdown_spinComplete" type="dn32" value="0x66778899"/>
      <itemDef name="stmpwrdown_spinPeriod" type="dn16" value="0xAABB"/>
      <itemDef name="stmpwrdown_spinPhase" type="dn16" value="0xCCDDEEFF"/>
      <itemDef name="stmpwrdown_spinFlags" type="dn3" value="0x5"/>
      <itemDef name="stmpwrdown_catbedHtr" type="dn1" value="0"/>
      <itemDef name="stmpwrdown_spare2" type="dn4" value="0"/>
      <itemDef name="stmpwrdown_dataRate" type="dn12" value="0x004"/>
      <itemDef name="stmpwrdown_spare3" type="dn4" value="0"/>
      <itemDef name="stmpwrdown_hitStartup" type="dn1" value="0"/>
      <itemDef name="stmpwrdown_spare4" type="dn15" value="0x5555"/>
      <itemDef name="stmpwrdown_spare5" type="dn8" value="0"/>
      <itemDef name="stmpwrdown_spare6" type="dn32" value="0"/>
      <itemDef name="stmpwrdown_spare7" type="dn16" value="0"/>
      <!-- End of CCSDS command -->
			
      <itemDef name="itfCmdCksum_stmpwrdown" type="dn16" value="0"/>

    </field>
    <!-- Subtract the usual 7 bytes per CCSDS plus: 10 bytes ITF header, 2 bytes ITF cksum -->
    <length item="cmdCcsdsLength_stmpwrdown" offset="-152"/>
		
    <length item="itfCmdLength_stmpwrdown" offset="-64"/>
    
    <!-- TODO: The checksum actually produced is 8-bits (but otherwise seems right) -->
    <checksum item="itfCmdCksum_stmpwrdown" width="16" method="xor" seed="0" 
              start="itfCmdVC_stmpwrdown" stop="itfCmdCksum_stmpwrdown" />
  </frameDef>


  <!-- Decoder creates command ITFs which encompass CCSDS packets -->
  <decoderDef name="timeMsgDecoderPwrDown" updateDB="false">
    <description text="Decoder creates ITFs encompassing CCSDS time messages"/>
    <outBuffer size="4096"/>

    <headerFrame name="timeMsgHdrPwrDown"/>
    <outputDevice name="idexSerialDevice"/>
    <outputDevice name="serialCmdLog" enabled="true"/>
  </decoderDef>


  <command name="idx_cmd_timemsgPwrDown" decoder="timeMsgDecoderPwrDown">
    <field>
      <itemCounter name="simulated_sclk_pwrdown"  type="dn32" value="0x77777777" min="0" max="0x7FFFFFFF" incr="1"/>
    </field>
  </command>
  <alias name="timemsgPwrDown" command="idx_cmd_timemsgPwrDown"/>




  <!-- Defines an entire ITF frame with one Time Message command. -->
	<!-- IDEX catbed heater flag is asserted.  Data rate set to High Rate. -->
  <frameDef name="timeMsgHdrCatBed" decoder="timeMsgDecoderCatBed">
    <description text="ITF holding one CCSDS time message indicating catbed heater on"/>
    <field>
		  <!-- ITF header -->
		  <!-- Sync marker should always be 0xfefa30c8 -->
			<!-- Virtual channel, always 21 for IDEX commands -->
			<!-- Sequence counter for this frame, each virtual channel has its own -->
			<!-- Length of remaining frame, from offset to trailing checksum (inclusive) -->
			<!-- Offset to first CCSDS packet, always zero for IDEX -->
      <itemDef name="itfCmdSync_stmcatbed" type="dn32" value="0xFEFA30C8"/> 			
      <itemDef name="itfCmdVC_stmcatbed" type="dn8" value="21"/>
			<itemCounter name="itfCmdSeqCnt_stmcatbed"  type="dn8" value="0" min="0" max="0xFF" incr="1"/>
      <itemDef name="itfCmdLength_stmcatbed" type="dn16" value="0"/>
      <itemDef name="itfCmdOffset_stmcatbed" type="dn16" value="0"/>
      
			<!-- CCSDS header for Spacecraft Time and Status Message -->
      <itemDef name="cmdCcsdsVersion_stmcatbed"     type="dn3" value="0" />
      <itemDef name="cmdCcsdsPktType_stmcatbed"     type="dn1" value="0" />
      <itemDef name="cmdCcsdsSecHdrFlag_stmcatbed"  type="dn1" value="1" />
      <itemDef name="cmdCcsdsApid_stmcatbed"        type="dn11" value="0x1DF"/>  
      <itemDef name="cmdCcsdsGroup_stmcatbed"       type="dn2"  value="3"/>
      <itemCounter name="cmdCcsdsSeqCnt_stmcatbed"  type="dn14" value="1" min="0" max="0x3FFF" incr="1"/>
      <itemDef name="cmdCcsdsLength_stmcatbed"      type="dn16" value="0x1f"/>
      <!-- In reality, there is no opcode, instead next 32 bits are time when pkt was sent -->
      <itemDef name="stmcatbed_sentsec" type="dn32" value="0xBEEF"/>
      <itemDef name="stmcatbed_sentsubsec" type="dn8" value="0xEE"/>
      <itemDef name="stmcatbed_spare0" type="dn8" value="0"/>
      <placeholder/>
      <itemDef name="stmcatbed_powerdown" type="dn12" value="0"/>
      <itemDef name="stmcatbed_spare1" type="dn4" value="0"/>
      <itemDef name="stmcatbed_spinComplete" type="dn32" value="0"/>
      <itemDef name="stmcatbed_spinPeriod" type="dn16" value="0"/>
      <itemDef name="stmcatbed_spinPhase" type="dn16" value="0"/>
      <itemDef name="stmcatbed_spinFlags" type="dn3" value="0"/>
      <itemDef name="stmcatbed_catbedHtr" type="dn1" value="1"/>
      <itemDef name="stmcatbed_spare2" type="dn4" value="0"/>
      <itemDef name="stmcatbed_dataRate" type="dn12" value="0x004"/>
      <itemDef name="stmcatbed_spare3" type="dn4" value="0"/>
      <itemDef name="stmcatbed_hitStartup" type="dn1" value="0"/>
      <itemDef name="stmcatbed_spare4" type="dn15" value="0"/>
      <itemDef name="stmcatbed_spare5" type="dn8" value="0"/>
      <itemDef name="stmcatbed_spare6" type="dn32" value="0"/>
      <itemDef name="stmcatbed_spare7" type="dn16" value="0"/>
      <!-- End of CCSDS command -->
			
      <itemDef name="itfCmdCksum_stmcatbed" type="dn16" value="0"/>

    </field>
    <!-- Subtract the usual 7 bytes per CCSDS plus: 10 bytes ITF header, 2 bytes ITF cksum -->
    <length item="cmdCcsdsLength_stmcatbed" offset="-152"/>
		
    <length item="itfCmdLength_stmcatbed" offset="-64"/>
    
    <!-- TODO: The checksum actually produced is 8-bits (but otherwise seems right) -->
    <checksum item="itfCmdCksum_stmcatbed" width="16" method="xor" seed="0" 
              start="itfCmdVC_stmcatbed" stop="itfCmdCksum_stmcatbed" />
  </frameDef>


  <!-- Decoder creates command ITFs which encompass CCSDS packets -->
  <decoderDef name="timeMsgDecoderCatBed" updateDB="false">
    <description text="Decoder creates ITFs encompassing CCSDS time messages"/>
    <outBuffer size="4096"/>

    <headerFrame name="timeMsgHdrCatBed"/>
    <outputDevice name="idexSerialDevice"/>
    <outputDevice name="serialCmdLog" enabled="true"/>
  </decoderDef>


  <command name="idx_cmd_timemsgCatBed" decoder="timeMsgDecoderCatBed">
    <field>
      <itemCounter name="simulated_sclk_catBed"  type="dn32" value="0x77777777" min="0" max="0x7FFFFFFF" incr="1"/>
    </field>
  </command>
  <alias name="timemsgCatBed" command="idx_cmd_timemsgCatBed"/>




  <!-- Defines one ITF frame with one Time and Status Message followed by 3 cmds. -->
	<!-- IDEX data rate is set to High Rate. Power down flag is inactive. -->
  <!-- Note: GIICD considers this a telemetry pkt not command, so CCSDS type is 0 --> 
  <frameDef name="timeMsgLongHdr" decoder="timeMsgLongDecoder">
    <description text="ITF holding one nominal CCSDS time message and three raw read cmds"/>
    <field>
		  <!-- ITF header -->
		  <!-- Sync marker should always be 0xfefa30c8 -->
			<!-- Virtual channel, always 21 for IDEX commands -->
			<!-- Sequence counter for this frame, each virtual channel has its own -->
			<!-- Length of remaining frame, from offset to trailing checksum (inclusive) -->
			<!-- Offset to first CCSDS packet, always zero for IDEX -->
      <itemDef name="itfCmdSync_longstm" type="dn32" value="0xFEFA30C8"/> 			
      <itemDef name="itfCmdVC_longstm" type="dn8" value="21"/>
			<itemCounter name="itfCmdSeqCnt_longstm"  type="dn8" value="0" min="0" max="0xFF" incr="1"/>
      <itemDef name="itfCmdLength_longstm" type="dn16" value="0"/>
      <itemDef name="itfCmdOffset_longstm" type="dn16" value="0"/>
      
			<!-- CCSDS header for Spacecraft Time and Status Message -->
      <itemDef name="cmdCcsdsVersion_longstm"     type="dn3" value="0" />
      <itemDef name="cmdCcsdsPktType_longstm"     type="dn1" value="0" />
      <itemDef name="cmdCcsdsSecHdrFlag_longstm"  type="dn1" value="1" />
      <itemDef name="cmdCcsdsApid_longstm"        type="dn11" value="0x1DF"/>  
      <itemDef name="cmdCcsdsGroup_longstm"       type="dn2"  value="3"/>
      <itemCounter name="cmdCcsdsSeqCnt_longstm"  type="dn14" value="1" min="0" max="0x3FFF" incr="1"/>
      <itemDef name="cmdCcsdsLength_longstm"      type="dn16" value="0x1f"/>
      <!-- In reality, there is no opcode, instead next 32 bits are time when pkt was sent -->
      <itemDef name="stmlong_sentsec" type="dn32" value="0xBEEF"/>
      <itemDef name="stmlong_sentsubsec" type="dn8" value="0xEE"/>
      <itemDef name="stmlong_spare0" type="dn8" value="0"/>
      <placeholder/>
      <itemDef name="stmlong_powerdown" type="dn12" value="0"/>
      <itemDef name="stmlong_spare1" type="dn4" value="0"/>
      <itemDef name="stmlong_spinComplete" type="dn32" value="0"/>
      <itemDef name="stmlong_spinPeriod" type="dn16" value="0"/>
      <itemDef name="stmlong_spinPhase" type="dn16" value="0x11223344"/>
      <itemDef name="stmlong_spinFlags" type="dn3" value="0"/>
      <itemDef name="stmlong_catbedHtr" type="dn1" value="0"/>
      <itemDef name="stmlong_spare2" type="dn4" value="0"/>
      <itemDef name="stmlong_dataRate" type="dn12" value="0x004"/>
      <itemDef name="stmlong_spare3" type="dn4" value="0"/>
      <itemDef name="stmlong_hitStartup" type="dn1" value="0"/>
      <itemDef name="stmlong_spare4" type="dn15" value="0x5555"/>
      <itemDef name="stmlong_spare5" type="dn8" value="0"/>
      <itemDef name="stmlong_spare6" type="dn32" value="0"/>
      <itemDef name="stmlong_spare7" type="dn16" value="0"/>
      <!-- End of CCSDS command -->
			
      <!-- This section adds three RAWREAD commands in frame after the time  
           message, format consistent with how it appears for Flight.	-->
				 
			<itemDef name="cmdCcsdsSecHdrFlag1"  type="dn5" value="0x03" />
      <itemDef name="cmdCcsdsApID1"        type="dn11" value="0x580"/>
      <itemDef name="cmdCcsdsGroup1"       type="dn2"  value="3"/>
      <itemDef name="cmdCcsdsSeqCnt1"      type="dn14"  value="0x3333"/>
      <itemDef name="cmdCcsdsLength1"      type="dn16" value="0x000D"/>
      <itemDef name="cmdCcsdsTimestamp1"   type="dn32" value="0x7FFFFFFF"/>
      <itemDef name="cmdOpCode1"           type="dn16" value="0xCCCD"/>
      <itemDef name="cmdReadAddr1"         type="dn32" value="0x2222"/>
      <itemDef name="rawread_pad1"         type="dn16" value="0"/>
      <itemDef name="cmdCrc16Checksum1"    type="dn16" value="0"/>

		  <itemDef name="cmdCcsdsSecHdrFlag2"  type="dn5" value="0x03" />
      <itemDef name="cmdCcsdsApID2"        type="dn11" value="0x580"/>
      <itemDef name="cmdCcsdsGroup2"       type="dn2"  value="3"/>
      <itemDef name="cmdCcsdsSeqCnt2"      type="dn14"  value="0x3333"/> <!-- intentional duplicate -->
      <itemDef name="cmdCcsdsLength2"      type="dn16" value="0x000D"/>
      <itemDef name="cmdCcsdsTimestamp2"   type="dn32" value="0x7FFFFFFF"/>
      <itemDef name="cmdOpCode2"           type="dn16" value="0xCCCD"/>
      <itemDef name="cmdReadAddr2"         type="dn32" value="0x2222"/>
      <itemDef name="rawread_pad2"         type="dn16" value="0"/>
      <itemDef name="cmdCrc16Checksum2"    type="dn16" value="0"/>

		  <itemDef name="cmdCcsdsSecHdrFlag3"  type="dn5" value="0x03" />
      <itemDef name="cmdCcsdsApID3"        type="dn11" value="0x580"/>
      <itemDef name="cmdCcsdsGroup3"       type="dn2"  value="3"/>
      <itemDef name="cmdCcsdsSeqCnt3"      type="dn14"  value="0x3332"/> <!-- Intentional out of order -->
      <itemDef name="cmdCcsdsLength3"      type="dn16" value="0x000D"/>
      <itemDef name="cmdCcsdsTimestamp3"   type="dn32" value="0x7FFFFFFF"/>
      <itemDef name="cmdOpCode3"           type="dn16" value="0xCCCD"/>
      <itemDef name="cmdReadAddr3"         type="dn32" value="0x2222"/>
      <itemDef name="rawread_pad3"         type="dn16" value="0"/>
      <itemDef name="cmdCrc16Checksum3"    type="dn16" value="0"/>
			
      <itemDef name="itfCmdCksum_longstm" type="dn16" value="0"/>

    </field>
		
    <!-- Subtract the usual 7 bytes per CCSDS plus: 10 bytes ITF header, 2 bytes ITF cksum -->
    <length item="cmdCcsdsLength_longstm" offset="-632"/>
		
    <length item="itfCmdLength_longstm" offset="-64"/>
    
    <!-- TODO: The checksum actually produced is 8-bits (but otherwise seems right) -->
    <checksum item="itfCmdCksum_longstm" width="16" method="xor" seed="0" 
              start="itfCmdVC_longstm" stop="itfCmdCksum_longstm" />

  </frameDef>


  <!-- Decoder creates command ITFs which encompass CCSDS packets -->
  <decoderDef name="timeMsgLongDecoder" updateDB="false">
    <description text="Decoder creates ITFs encompassing CCSDS time messages"/>
    <outBuffer size="4096"/>

    <headerFrame name="timeMsgLongHdr"/>
    <outputDevice name="idexSerialDevice"/>
    <outputDevice name="serialCmdLog" enabled="true"/>
  </decoderDef>

  <command name="idx_cmd_timeMsgLong" decoder="timeMsgLongDecoder">
    <field>
      <itemCounter name="simulated_sclk_long"  type="dn32" value="1" min="0" max="0x7FFFFFFF" incr="1"/>
    </field>
  </command>
  <alias name="timeMsgLong" command="idx_cmd_timeMsgLong"/>




  <!-- Defines one ITF frame with one Time and Status Message followed by 5 cmds. -->
	<!-- IDEX data rate is set to High Rate. Power down flag is inactive. -->
  <!-- Note: GIICD considers this a telemetry pkt not command, so CCSDS type is 0 --> 
  <frameDef name="timeMsgExLongHdr" decoder="timeMsgExLongDecoder">
    <description text="ITF holding one nominal CCSDS time message and five raw read cmds"/>
    <field>
		  <!-- ITF header -->
		  <!-- Sync marker should always be 0xfefa30c8 -->
			<!-- Virtual channel, always 21 for IDEX commands -->
			<!-- Sequence counter for this frame, each virtual channel has its own -->
			<!-- Length of remaining frame, from offset to trailing checksum (inclusive) -->
			<!-- Offset to first CCSDS packet, always zero for IDEX -->
      <itemDef name="itfCmdSync_exlongstm" type="dn32" value="0xFEFA30C8"/> 			
      <itemDef name="itfCmdVC_exlongstm" type="dn8" value="21"/>
			<itemCounter name="itfCmdSeqCnt_exlongstm"  type="dn8" value="0" min="0" max="0xFF" incr="1"/>
      <itemDef name="itfCmdLength_exlongstm" type="dn16" value="0"/>
      <itemDef name="itfCmdOffset_exlongstm" type="dn16" value="0"/>
      
			<!-- CCSDS header for Spacecraft Time and Status Message -->
      <itemDef name="cmdCcsdsVersion_exlongstm"     type="dn3" value="0" />
      <itemDef name="cmdCcsdsPktType_exlongstm"     type="dn1" value="0" />
      <itemDef name="cmdCcsdsSecHdrFlag_exlongstm"  type="dn1" value="1" />
      <itemDef name="cmdCcsdsApid_exlongstm"        type="dn11" value="0x1DF"/>  
      <itemDef name="cmdCcsdsGroup_exlongstm"       type="dn2"  value="3"/>
      <itemCounter name="cmdCcsdsSeqCnt_exlongstm"  type="dn14" value="1" min="0" max="0x3FFF" incr="1"/>
      <itemDef name="cmdCcsdsLength_exlongstm"      type="dn16" value="0x1f"/>
      <!-- In reality, there is no opcode, instead next 32 bits are time when pkt was sent -->
      <itemDef name="stmExLong_sentsec" type="dn32" value="0xBEEF"/>
      <itemDef name="stmExLong_sentsubsec" type="dn8" value="0xEE"/>
      <itemDef name="stmExlong_spare0" type="dn8" value="0"/>
      <placeholder/>
      <itemDef name="stmExLong_powerdown" type="dn12" value="0"/>
      <itemDef name="stmExLong_spare1" type="dn4" value="0"/>
      <itemDef name="stmExLong_spinComplete" type="dn32" value="0"/>
      <itemDef name="stmExLong_spinPeriod" type="dn16" value="0"/>
      <itemDef name="stmExLong_spinPhase" type="dn16" value="0x11223344"/>
      <itemDef name="stmExLong_spinFlags" type="dn3" value="0"/>
      <itemDef name="stmExLong_catbedHtr" type="dn1" value="0"/>
      <itemDef name="stmExLong_spare2" type="dn4" value="0"/>
      <itemDef name="stmExLong_dataRate" type="dn12" value="0x004"/>
      <itemDef name="stmExLong_spare3" type="dn4" value="0"/>
      <itemDef name="stmExLong_hitStartup" type="dn1" value="0"/>
      <itemDef name="stmExLong_spare4" type="dn15" value="0x5555"/>
      <itemDef name="stmExLong_spare5" type="dn8" value="0"/>
      <itemDef name="stmExLong_spare6" type="dn32" value="0"/>
      <itemDef name="stmExLong_spare7" type="dn16" value="0"/>
      <!-- End of CCSDS command -->
			
      <!-- This section adds three RAWREAD commands in frame after the time  
           message, format consistent with how it appears for Flight.	-->
				 
			<itemDef name="cmdCcsdsSecHdrFlagExLong1"  type="dn5" value="0x03" />
      <itemDef name="cmdCcsdsApIDExLong1"        type="dn11" value="0x580"/>
      <itemDef name="cmdCcsdsGroupExLong1"       type="dn2"  value="3"/>
      <itemDef name="cmdCcsdsSeqCntExLong1"      type="dn14"  value="0x6666"/>
      <itemDef name="cmdCcsdsLengthExLong1"      type="dn16" value="0x000D"/>
      <itemDef name="cmdCcsdsTimestampExLong1"   type="dn32" value="0x7FFFFFFF"/>
      <itemDef name="cmdOpCodeExLong1"           type="dn16" value="0xCCCD"/>
      <itemDef name="cmdReadAddrExLong1"         type="dn32" value="0x3333"/>
      <itemDef name="rawread_padExLong1"         type="dn16" value="0"/>
      <itemDef name="cmdCrc16ChecksumExLong1"    type="dn16" value="0"/>

		  <itemDef name="cmdCcsdsSecHdrFlagExLong2"  type="dn5" value="0x03" />
      <itemDef name="cmdCcsdsApIDExLong2"        type="dn11" value="0x580"/>
      <itemDef name="cmdCcsdsGroupExLong2"       type="dn2"  value="3"/>
      <itemDef name="cmdCcsdsSeqCntExLong2"      type="dn14"  value="0x6667"/> <!-- incremented seq cntr -->
      <itemDef name="cmdCcsdsLengthExLong2"      type="dn16" value="0x000D"/>
      <itemDef name="cmdCcsdsTimestampExLong2"   type="dn32" value="0x7FFFFFFF"/>
      <itemDef name="cmdOpCodeExLong2"           type="dn16" value="0xCCCD"/>
      <itemDef name="cmdReadAddrExLong2"         type="dn32" value="0x4444"/>
      <itemDef name="rawread_padExLong2"         type="dn16" value="0"/>
      <itemDef name="cmdCrc16ChecksumExLong2"    type="dn16" value="0"/>

		  <itemDef name="cmdCcsdsSecHdrFlagExLong3"  type="dn5" value="0x03" />
      <itemDef name="cmdCcsdsApIDExLong3"        type="dn11" value="0x580"/>
      <itemDef name="cmdCcsdsGroupExLong3"       type="dn2"  value="3"/>
      <itemDef name="cmdCcsdsSeqCntExLong3"      type="dn14"  value="0x6668"/> <!-- incremented seq cntr -->
      <itemDef name="cmdCcsdsLengthExLong3"      type="dn16" value="0x000D"/>
      <itemDef name="cmdCcsdsTimestampExLong3"   type="dn32" value="0x7FFFFFFF"/>
      <itemDef name="cmdOpCodeExLong3"           type="dn16" value="0xCCCD"/>
      <itemDef name="cmdReadAddrExLong3"         type="dn32" value="0x5555"/>
      <itemDef name="rawread_padExLong3"         type="dn16" value="0"/>
      <itemDef name="cmdCrc16ChecksumExLong3"    type="dn16" value="0"/>
			
		  <itemDef name="cmdCcsdsSecHdrFlagExLong4"  type="dn5" value="0x03" />
      <itemDef name="cmdCcsdsApIDExLong4"        type="dn11" value="0x580"/>
      <itemDef name="cmdCcsdsGroupExLong4"       type="dn2"  value="3"/>
      <itemDef name="cmdCcsdsSeqCntExLong4"      type="dn14"  value="0x6669"/> <!-- incremented seq cntr -->
      <itemDef name="cmdCcsdsLengthExLong4"      type="dn16" value="0x000D"/>
      <itemDef name="cmdCcsdsTimestampExLong4"   type="dn32" value="0x7FFFFFFF"/>
      <itemDef name="cmdOpCodeExLong4"           type="dn16" value="0xCCCD"/>
      <itemDef name="cmdReadAddrExLong4"         type="dn32" value="0x6666"/>
      <itemDef name="rawread_padExLong4"         type="dn16" value="0"/>
      <itemDef name="cmdCrc16ChecksumExLong4"    type="dn16" value="0"/>

		  <itemDef name="cmdCcsdsSecHdrFlagExLong5"  type="dn5" value="0x03" />
      <itemDef name="cmdCcsdsApIDExLong5"        type="dn11" value="0x580"/>
      <itemDef name="cmdCcsdsGroupExLong5"       type="dn2"  value="3"/>
      <itemDef name="cmdCcsdsSeqCntExLong5"      type="dn14"  value="0x666A"/> <!-- incremented seq cntr -->
      <itemDef name="cmdCcsdsLengthExLong5"      type="dn16" value="0x000D"/>
      <itemDef name="cmdCcsdsTimestampExLong5"   type="dn32" value="0x7FFFFFFF"/>
      <itemDef name="cmdOpCodeExLong5"           type="dn16" value="0xCCCD"/>
      <itemDef name="cmdReadAddrExLong5"         type="dn32" value="0x7777"/>
      <itemDef name="rawread_padExLong5"         type="dn16" value="0"/>
      <itemDef name="cmdCrc16ChecksumExLong5"    type="dn16" value="0"/>
			
      <itemDef name="itfCmdCksum_exlongstm" type="dn16" value="0"/>

    </field>
		
    <!-- Subtract the usual 7 bytes per CCSDS plus: 10 bytes ITF header, 2 bytes ITF cksum -->
    <length item="cmdCcsdsLength_exlongstm" offset="-952"/>
		
    <length item="itfCmdLength_exlongstm" offset="-64"/>
    
    <!-- TODO: The checksum actually produced is 8-bits (but otherwise seems right) -->
    <checksum item="itfCmdCksum_exlongstm" width="16" method="xor" seed="0" 
              start="itfCmdVC_exlongstm" stop="itfCmdCksum_exlongstm" />

  </frameDef>


  <!-- Decoder creates command ITFs which encompass CCSDS packets -->
  <decoderDef name="timeMsgExLongDecoder" updateDB="false">
    <description text="Decoder creates ITFs encompassing CCSDS time messages"/>
    <outBuffer size="4096"/>

    <headerFrame name="timeMsgExLongHdr"/>
    <outputDevice name="idexSerialDevice"/>
    <outputDevice name="serialCmdLog" enabled="true"/>
  </decoderDef>

  <command name="idx_cmd_timeMsgExLong" decoder="timeMsgExLongDecoder">
    <field>
      <itemCounter name="simulated_sclk_exlong"  type="dn32" value="1" min="0" max="0x7FFFFFFF" incr="1"/>
    </field>
  </command>
  <alias name="timeMsgExLong" command="idx_cmd_timeMsgExLong"/>



  <!-- Defines one ITF frame with one Time and Status Message followed by 5 memory load commands. -->
	<!-- Five memory loads in one ITF is one of the most taxing activites for FSW cmd CSC. -->
	<!-- IDEX data rate is set to High Rate. Power down flag is inactive. -->
  <!-- Note: GIICD considers this a telemetry pkt not command, so CCSDS type is 0 --> 
  <frameDef name="timeMsgMemLoadsHdr" decoder="timeMsgMemLoadsDecoder">
    <description text="ITF holding one nominal CCSDS time message and five memory load cmds"/>
    <field>
		  <!-- ITF header -->
		  <!-- Sync marker should always be 0xfefa30c8 -->
			<!-- Virtual channel, always 21 for IDEX commands -->
			<!-- Sequence counter for this frame, each virtual channel has its own -->
			<!-- Length of remaining frame, from offset to trailing checksum (inclusive) -->
			<!-- Offset to first CCSDS packet, always zero for IDEX -->
      <itemDef name="itfCmdSync_memloads" type="dn32" value="0xFEFA30C8"/> 			
      <itemDef name="itfCmdVC_memloads" type="dn8" value="21"/>
			<itemCounter name="itfCmdSeqCnt_memloads"  type="dn8" value="0" min="0" max="0xFF" incr="1"/>
      <itemDef name="itfCmdLength_memloads" type="dn16" value="0"/>
      <itemDef name="itfCmdOffset_memloads" type="dn16" value="0"/>
      
			<!-- CCSDS header for Spacecraft Time and Status Message -->
      <itemDef name="cmdCcsdsVersion_memloads"     type="dn3" value="0" />
      <itemDef name="cmdCcsdsPktType_memloads"     type="dn1" value="0" />
      <itemDef name="cmdCcsdsSecHdrFlag_memloads"  type="dn1" value="1" />
      <itemDef name="cmdCcsdsApid_memloads"        type="dn11" value="0x1DF"/>  
      <itemDef name="cmdCcsdsGroup_memloads"       type="dn2"  value="3"/>
      <itemCounter name="cmdCcsdsSeqCnt_memloads"  type="dn14" value="1" min="0" max="0x3FFF" incr="1"/>
      <itemDef name="cmdCcsdsLength_memloads"      type="dn16" value="0x1f"/>
      <!-- In reality, there is no opcode, instead next 32 bits are time when pkt was sent -->
      <itemDef name="memLoads_sentsec" type="dn32" value="0xBEEF"/>
      <itemDef name="memLoads_sentsubsec" type="dn8" value="0xEE"/>
      <itemDef name="memLoads_spare0" type="dn8" value="0"/>
      <placeholder/>
      <itemDef name="memLoads_powerdown" type="dn12" value="0"/>
      <itemDef name="memLoads_spare1" type="dn4" value="0"/>
      <itemDef name="memLoads_spinComplete" type="dn32" value="0"/>
      <itemDef name="memLoads_spinPeriod" type="dn16" value="0"/>
      <itemDef name="memLoads_spinPhase" type="dn16" value="0x11223344"/>
      <itemDef name="memLoads_spinFlags" type="dn3" value="0"/>
      <itemDef name="memLoads_catbedHtr" type="dn1" value="0"/>
      <itemDef name="memLoads_spare2" type="dn4" value="0"/>
      <itemDef name="memLoads_dataRate" type="dn12" value="0x004"/>
      <itemDef name="memLoads_spare3" type="dn4" value="0"/>
      <itemDef name="memLoads_hitStartup" type="dn1" value="0"/>
      <itemDef name="memLoads_spare4" type="dn15" value="0x5555"/>
      <itemDef name="memLoads_spare5" type="dn8" value="0"/>
      <itemDef name="memLoads_spare6" type="dn32" value="0"/>
      <itemDef name="memLoads_spare7" type="dn16" value="0"/>
      <!-- End of CCSDS command -->
			
      <!-- This section adds three RAWREAD commands in frame after the time  
           message, format consistent with how it appears for Flight.	-->
				 
		  <itemDef name="cmdCcsdsSecHdrFlag_memLoads1"  type="dn5"  value="0x03" />
      <itemDef name="cmdCcsdsApID_memLoads1"        type="dn11" value="0x580"/>
      <itemDef name="cmdCcsdsGroup_memLoads1"       type="dn2"  value="3"/>
      <itemDef name="cmdCcsdsSeqCnt_memLoads1"      type="dn14" value="0x666A"/> <!-- incrementing seq cntr -->
      <itemDef name="cmdCcsdsLength_memLoads1"      type="dn16" value="0x00B5"/>
      <itemDef name="cmdCcsdsTimestamp_memLoads1"   type="dn32" value="0x7FFFFFFF"/>
      <itemDef name="cmdOpCode_memLoads1"           type="dn16" value="0xCCCB"/>
      <itemDef name="loadOffset_memLoads1"          type="dn32" value="0x0000"/>
      <itemDef name="loadData_memLoads1"            type="dn8"  num="168" value="0x11"/>
      <itemDef name="rawread_pad_memLoads1"         type="dn16" value="0"/>
      <itemDef name="cmdCrc16Checksum_memLoads1"    type="dn16" value="0"/>

		  <itemDef name="cmdCcsdsSecHdrFlag_memLoads2"  type="dn5"  value="0x03" />
      <itemDef name="cmdCcsdsApID_memLoads2"        type="dn11" value="0x580"/>
      <itemDef name="cmdCcsdsGroup_memLoads2"       type="dn2"  value="3"/>
      <itemDef name="cmdCcsdsSeqCnt_memLoads2"      type="dn14" value="0x666B"/> <!-- incremented seq cntr -->
      <itemDef name="cmdCcsdsLength_memLoads2"      type="dn16" value="0x00B5"/>
      <itemDef name="cmdCcsdsTimestamp_memLoads2"   type="dn32" value="0x7FFFFFFF"/>
      <itemDef name="cmdOpCode_memLoads2"           type="dn16" value="0xCCCB"/>
      <itemDef name="loadOffset_memLoads2"          type="dn32" value="0x0200"/>
      <itemDef name="loadData_memLoads2"            type="dn8"  num="168" value="0x22"/>
      <itemDef name="rawread_pad_memLoads2"         type="dn16" value="0"/>
      <itemDef name="cmdCrc16Checksum_memLoads2"    type="dn16" value="0"/>

		  <itemDef name="cmdCcsdsSecHdrFlag_memLoads3"  type="dn5"  value="0x03" />
      <itemDef name="cmdCcsdsApID_memLoads3"        type="dn11" value="0x580"/>
      <itemDef name="cmdCcsdsGroup_memLoads3"       type="dn2"  value="3"/>
      <itemDef name="cmdCcsdsSeqCnt_memLoads3"      type="dn14" value="0x666C"/> <!-- incremented seq cntr -->
      <itemDef name="cmdCcsdsLength_memLoads3"      type="dn16" value="0x00B5"/>
      <itemDef name="cmdCcsdsTimestamp_memLoads3"   type="dn32" value="0x7FFFFFFF"/>
      <itemDef name="cmdOpCode_memLoads3"           type="dn16" value="0xCCCB"/>
      <itemDef name="loadOffset_memLoads3"          type="dn32" value="0x0400"/>
      <itemDef name="loadData_memLoads3"            type="dn8"  num="168" value="0x33"/>
      <itemDef name="rawread_pad_memLoads3"         type="dn16" value="0"/>
      <itemDef name="cmdCrc16Checksum_memLoads3"    type="dn16" value="0"/>
			
		  <itemDef name="cmdCcsdsSecHdrFlag_memLoads4"  type="dn5"  value="0x03" />
      <itemDef name="cmdCcsdsApID_memLoads4"        type="dn11" value="0x580"/>
      <itemDef name="cmdCcsdsGroup_memLoads4"       type="dn2"  value="3"/>
      <itemDef name="cmdCcsdsSeqCnt_memLoads4"      type="dn14" value="0x666D"/> <!-- incremented seq cntr -->
      <itemDef name="cmdCcsdsLength_memLoads4"      type="dn16" value="0x00B5"/>
      <itemDef name="cmdCcsdsTimestamp_memLoads4"   type="dn32" value="0x7FFFFFFF"/>
      <itemDef name="cmdOpCode_memLoads4"           type="dn16" value="0xCCCB"/>
      <itemDef name="loadOffset_memLoads4"          type="dn32" value="0x0600"/>
      <itemDef name="loadData_memLoads4"            type="dn8"  num="168" value="0x44"/>
      <itemDef name="rawread_pad_memLoads4"         type="dn16" value="0"/>
      <itemDef name="cmdCrc16Checksum_memLoads4"    type="dn16" value="0"/>

		  <itemDef name="cmdCcsdsSecHdrFlag_memLoads5"  type="dn5"  value="0x03" />
      <itemDef name="cmdCcsdsApID_memLoads5"        type="dn11" value="0x580"/>
      <itemDef name="cmdCcsdsGroup_memLoads5"       type="dn2"  value="3"/>
      <itemDef name="cmdCcsdsSeqCnt_memLoads5"      type="dn14" value="0x666E"/> <!-- incremented seq cntr -->
      <itemDef name="cmdCcsdsLength_memLoads5"      type="dn16" value="0x00B5"/>
      <itemDef name="cmdCcsdsTimestamp_memLoads5"   type="dn32" value="0x7FFFFFFF"/>
      <itemDef name="cmdOpCode_memLoads5"           type="dn16" value="0xCCCB"/>
      <itemDef name="loadOffset_memLoads5"          type="dn32" value="0x0800"/>
      <itemDef name="loadData_memLoads5"            type="dn8"  num="168" value="0x55"/>
      <itemDef name="rawread_pad_memLoads5"         type="dn16" value="0"/>
      <itemDef name="cmdCrc16Checksum_memLoads5"    type="dn16" value="0"/>
			
      <itemDef name="itfCmdCksum_memloads" type="dn16" value="0"/>

    </field>
		
    <!-- Subtract the usual 7 bytes per CCSDS plus: 10 bytes ITF header, 2 bytes ITF cksum -->
    <!-- <length item="cmdCcsdsLength_memloads" offset="-952"/> -->
		
    <length item="itfCmdLength_memloads" offset="-64"/>
    
    <!-- TODO: The checksum actually produced is 8-bits (but otherwise seems right) -->
    <checksum item="itfCmdCksum_memloads" width="16" method="xor" seed="0" 
              start="itfCmdVC_memloads" stop="itfCmdCksum_memloads" />

  </frameDef>


  <!-- Decoder creates command ITFs which encompass CCSDS packets -->
  <decoderDef name="timeMsgMemLoadsDecoder" updateDB="false">
    <description text="Decoder creates ITFs encompassing CCSDS time messages"/>
    <outBuffer size="4096"/>

    <headerFrame name="timeMsgMemLoadsHdr"/>
    <outputDevice name="idexSerialDevice"/>
    <outputDevice name="serialCmdLog" enabled="true"/>
  </decoderDef>

  <command name="idx_cmd_timeMsgMemLoads" decoder="timeMsgMemLoadsDecoder">
    <field>
      <itemCounter name="simulated_sclk_MemLoads"  type="dn32" value="1" min="0" max="0x7FFFFFFF" incr="1"/>
    </field>
  </command>
  <alias name="timeMsgMemLoads" command="idx_cmd_timeMsgMemLoads"/>




  <!-- Defines one ITF frame with one Time and Status Message followed by 3 cmds. -->
	<!-- IDEX data rate is set to High Rate. Power down flag is inactive. -->
  <!-- Each of the 3 commands contains an error and will be rejected: 
	     incorrect length for the command, next invalid APID, lastly invalid op code --> 
  <frameDef name="timeMsgErrHdr" decoder="timeMsgErrDecoder">
    <description text="ITF holding one nominal CCSDS time message and three raw read cmds"/>
    <field>
		  <!-- ITF header -->
		  <!-- Sync marker should always be 0xfefa30c8 -->
			<!-- Virtual channel, always 21 for IDEX commands -->
			<!-- Sequence counter for this frame, each virtual channel has its own -->
			<!-- Length of remaining frame, from offset to trailing checksum (inclusive) -->
			<!-- Offset to first CCSDS packet, always zero for IDEX -->
      <itemDef name="itfCmdSync_errstm" type="dn32" value="0xFEFA30C8"/> 			
      <itemDef name="itfCmdVC_errstm" type="dn8" value="21"/>
			<itemCounter name="itfCmdSeqCnt_errstm"  type="dn8" value="0" min="0" max="0xFF" incr="1"/>
      <itemDef name="itfCmdLength_errstm" type="dn16" value="0"/>
      <itemDef name="itfCmdOffset_errstm" type="dn16" value="0"/>
      
			<!-- CCSDS header for Spacecraft Time and Status Message -->
      <itemDef name="cmdCcsdsVersion_errstm"     type="dn3" value="0" />
      <itemDef name="cmdCcsdsPktType_errstm"     type="dn1" value="0" />
      <itemDef name="cmdCcsdsSecHdrFlag_errstm"  type="dn1" value="1" />
      <itemDef name="cmdCcsdsApid_errstm"        type="dn11" value="0x1DF"/>  
      <itemDef name="cmdCcsdsGroup_errstm"       type="dn2"  value="3"/>
      <itemCounter name="cmdCcsdsSeqCnt_errstm"  type="dn14" value="1" min="0" max="0x3FFF" incr="1"/>
      <itemDef name="cmdCcsdsLength_errstm"      type="dn16" value="0x1f"/>
      <!-- In reality, there is no opcode, instead next 32 bits are time when pkt was sent -->
      <itemDef name="stmerr_sentsec" type="dn32" value="0xBEEF"/>
      <itemDef name="stmerr_sentsubsec" type="dn8" value="0xEE"/>
      <itemDef name="stmerr_spare0" type="dn8" value="0"/>
      <placeholder/>
      <itemDef name="stmerr_powerdown" type="dn12" value="0"/>
      <itemDef name="stmerr_spare1" type="dn4" value="0"/>
      <itemDef name="stmerr_spinComplete" type="dn32" value="0"/>
      <itemDef name="stmerr_spinPeriod" type="dn16" value="0"/>
      <itemDef name="stmerr_spinPhase" type="dn16" value="0x11223344"/>
      <itemDef name="stmerr_spinFlags" type="dn3" value="0"/>
      <itemDef name="stmerr_catbedHtr" type="dn1" value="0"/>
      <itemDef name="stmerr_spare2" type="dn4" value="0"/>
      <itemDef name="stmerr_dataRate" type="dn12" value="0x004"/>
      <itemDef name="stmerr_spare3" type="dn4" value="0"/>
      <itemDef name="stmerr_hitStartup" type="dn1" value="0"/>
      <itemDef name="stmerr_spare4" type="dn15" value="0x5555"/>
      <itemDef name="stmerr_spare5" type="dn8" value="0"/>
      <itemDef name="stmerr_spare6" type="dn32" value="0"/>
      <itemDef name="stmerr_spare7" type="dn16" value="0"/>
      <!-- End of CCSDS command -->
			
      <!-- This section adds three SETFLAG commands in frame after the time  
           message, format consistent with how it appears for Flight.	-->
				 
			<itemDef name="cmdCcsdsSecHdrFlagErr1"  type="dn5" value="0x03" />
      <itemDef name="cmdCcsdsApIDErr1"        type="dn11" value="0x581"/> <!-- intentional bad apid -->
      <itemDef name="cmdCcsdsGroupErr1"       type="dn2"  value="3"/>
      <itemDef name="cmdCcsdsSeqCntErr1"      type="dn14"  value="0x3332"/>
      <itemDef name="cmdCcsdsLengthErr1"      type="dn16" value="0x000D"/>
      <itemDef name="cmdCcsdsTimestampErr1"   type="dn32" value="0x7FFFFFFF"/>
      <itemDef name="cmdOpCodeErr1"           type="dn16" value="0xCCC0"/>
      <itemDef name="cmdReadAddrErr1"         type="dn32" value="0x2222"/>
      <itemDef name="rawread_padErr1"         type="dn16" value="0"/>
      <itemDef name="cmdCrc16ChecksumErr1"    type="dn16" value="0"/>

		  <itemDef name="cmdCcsdsSecHdrFlagErr2"  type="dn5" value="0x03" />
      <itemDef name="cmdCcsdsApIDErr2"        type="dn11" value="0x580"/>
      <itemDef name="cmdCcsdsGroupErr2"       type="dn2"  value="3"/>
      <itemDef name="cmdCcsdsSeqCntErr2"      type="dn14"  value="0x3333"/> 
      <itemDef name="cmdCcsdsLengthErr2"      type="dn16" value="0x000D"/>
      <itemDef name="cmdCcsdsTimestampErr2"   type="dn32" value="0x7FFFFFFF"/>
      <itemDef name="cmdOpCodeErr2"           type="dn16" value="0xFCCD"/> <!-- intentional bad op code -->
      <itemDef name="cmdReadAddrErr2"         type="dn32" value="0x2222"/>
      <itemDef name="rawread_padErr2"         type="dn16" value="0"/>
      <itemDef name="cmdCrc16ChecksumErr2"    type="dn16" value="0"/>

		  <itemDef name="cmdCcsdsSecHdrFlagErr3"  type="dn5" value="0x03" />
      <itemDef name="cmdCcsdsApIDErr3"        type="dn11" value="0x580"/>
      <itemDef name="cmdCcsdsGroupErr3"       type="dn2"  value="3"/>
      <itemDef name="cmdCcsdsSeqCntErr3"      type="dn14"  value="0x3334"/> 
      <itemDef name="cmdCcsdsLengthErr3"      type="dn16" value="0x000D"/>
      <itemDef name="cmdCcsdsTimestampErr3"   type="dn32" value="0x7FFFFFFF"/>
      <itemDef name="cmdOpCodeErr3"           type="dn16" value="0xCCC0"/>  <!-- To few bytes for this raw write cmd -->
      <itemDef name="cmdReadAddrErr3"         type="dn32" value="0x2222"/>
      <itemDef name="rawread_padErr3"         type="dn16" value="0"/>
      <itemDef name="cmdCrc16ChecksumErr3"    type="dn16" value="0"/>
			
      <itemDef name="itfCmdCksum_errstm" type="dn16" value="0"/>

    </field>
		
    <!-- Subtract the usual 7 bytes per CCSDS plus: 10 bytes ITF header, 2 bytes ITF cksum -->
    <length item="cmdCcsdsLength_errstm" offset="-632"/>
		
    <length item="itfCmdLength_errstm" offset="-64"/>
    
    <!-- TODO: The checksum actually produced is 8-bits (but otherwise seems right) -->
    <checksum item="itfCmdCksum_errstm" width="16" method="xor" seed="0" 
              start="itfCmdVC_errstm" stop="itfCmdCksum_errstm" />

  </frameDef>


  <!-- Decoder creates command ITFs which encompass CCSDS packets -->
  <decoderDef name="timeMsgErrDecoder" updateDB="false">
    <description text="Decoder creates ITFs encompassing CCSDS time messages"/>
    <outBuffer size="4096"/>

    <headerFrame name="timeMsgErrHdr"/>
    <outputDevice name="idexSerialDevice"/>
    <outputDevice name="serialCmdLog" enabled="true"/>
  </decoderDef>

  <command name="idx_cmd_timeMsgErr" decoder="timeMsgErrDecoder">
    <field>
      <itemCounter name="simulated_sclk_err"  type="dn32" value="1" min="0" max="0x7FFFFFFF" incr="1"/>
    </field>
  </command>
  <alias name="timeMsgErr" command="idx_cmd_timeMsgErr"/>


</hydraDef>



