<hydraDef>

	<typeDN name="dn1" size="1"/>
	<typeDN name="dn2" size="2"/>
	<typeDN name="dn3" size="3"/>
	<typeDN name="dn4" size="4"/>
	<typeDN name="dn5" size="5"/>
	<typeDN name="dn6" size="6"/>
	<typeDN name="dn7" size="7"/>
	<typeDN name="dn8" size="8"/>
	<typeDN name="dn9" size="9"/>
	<typeDN name="dn10" size="10"/>
	<typeDN name="dn11" size="11"/>
	<typeDN name="dn12" size="12"/>
	<typeDN name="dn13" size="13"/>
	<typeDN name="dn14" size="14"/>
	<typeDN name="dn15" size="15"/>
	<typeDN name="dn16" size="16"/>
	<typeDN name="dn22" size="22"/>
	<typeDN name="dn23" size="23"/>
	<typeDN name="dn24" size="24"/>
	<typeDN name="dn26" size="26"/>  
	<typeDN name="dn32" size="32"/>
	
	<typeSN name="sn8" size="8"/>
	<typeSN name="sn16" size="16"/>
	<typeSN name="sn32" size="32"/>

	<typeDouble name="double"/>
	<typeFloat name="float"/>
	<typeChar name="char"/>

</hydraDef>