<!-- SUDA-specific file to define SUDA science-related telemetry:
     - Science ADP Metadata packet  (0x0581)
     - Science ADC Register packet  (0x058C)
     - Science Catalog Packet       (0x0592)
     - Science Fetch packet         (0x0591)
     - Science Tranmit packet       (0x0590)
     -->

<hydraDef>


  <!-- ====================================== -->
  <!-- Science Metadata Packet (0x0581)       -->
  <!-- ====================================== -->

  <frameDef name="suda_meta_hk_frame"><description text="Science metadata tlm contents"/>
    <field>
      <!-- Begin: telemetry content and arrangement required by Europa IICD -->
      <itemDef name="SUDA_ADPAID" type="dn32"><alias namespace="SUDA" value="AIDVAL"/>
        <description text="Accountability identifier for this ADP dataset"/> </itemDef>
      <itemDef name="SUDA_ADPCTRL" type="adpMetaControl5"><alias namespace="SUDA" value="ADPCTRL"/>
        <description text="Indicates whether this pkt represents start or end of ADP dataset"/> </itemDef>
      <itemDef name="SUDA_ADPAPID" type="dn11"><alias namespace="SUDA" value="ADPAPID"/>
        <description text="CCSDS APID used for this ADP dataset"/> </itemDef>
      <itemDef name="SUDA_ADPCOARSE" type="dn32"><alias namespace="SUDA" value="ADPCOARSE"/>
        <description text="Integer seconds of CCSDS timestamp for start or end packet of ADP dataset"/> </itemDef>
      <itemDef name="SUDA_ADPFINE" type="dn16"><alias namespace="SUDA" value="ADPFINE"/>
        <description text="Subseconds of CCSDS timestamp for start or end packet of ADP dataset"/> </itemDef>
      <itemDef name="SUDA_ADPSRCSEQ" type="dn14"><alias namespace="SUDA" value="ADPSRCSEQ"/>
        <description text="CCSDS source sequence cunter for start or end packet of ADP dataset"/> </itemDef>
      <itemDef name="SUDA_ADPSPARE" type="dn2"><alias namespace="SUDA" value="ADPSPARE"/>
        <description text="Spare"/> </itemDef>
      <itemDef name="SUDA_ADPNUMPKT" type="dn32"><alias namespace="SUDA" value="ADPNUMPKT"/>
        <description text="Number of pkts contained in this ADP dataset, or 0 if start packet"/> </itemDef>

      <!-- Note: no synchonization marker -->
      <itemDef name="SUDA_CRCMETAPKT" type="dn16"><alias namespace="SUDA" value="CRCMETAPKT"/>
        <description text="CRC CCITT-16"/></itemDef>
    </field>
  </frameDef>

  <frameDef name="suda_meta" id="0x0581"><description text="Science Metadata Packet"/>
    <field>
      <frameCopy name="CCSDSPriHeader" suffix="_metaPkt"/>
      <frameCopy name="CCSDSSecHeader" suffix="_metaPkt"/>
      <item name="suda_meta_hk_frame"/>
    </field>
  </frameDef>


 <!-- ====================================== -->
  <!-- Science ADC Register Packet 0x058C)    -->
  <!-- ====================================== -->

  <frameDef name="suda_adcreg_hk_frame"><description text="Science ADC Register pkt contents"/>
    <field>
      <itemDef name="SUDA_ADCREGPWRSTAT" type="dn32"><alias namespace="SUDA" value="ADCREGPWRSTAT"/>
        <description text=""/></itemDef>
      <itemDef name="SUDA_ADCREGSP0" type="dn32"><alias namespace="SUDA" value="ADCREGSP0"/>
        <description text=""/></itemDef>
      <itemDef name="SUDA_ADCREGSP1" type="dn32"><alias namespace="SUDA" value="ADCREGSP1"/>
        <description text=""/></itemDef>
      <itemDef name="SUDA_ADCREGSP2" type="dn32"><alias namespace="SUDA" value="ADCREGSP2"/>
        <description text=""/></itemDef>

      <itemDef name="SUDA_SPI1R0" type="dn16" >
        <alias namespace="SUDA" value="SPI1R0"/>
        <description text="SCI SPI ADC #1 0x0 Configuration 1"/>
      </itemDef>
      <itemDef name="SUDA_SPI0R0" type="dn16" >
        <alias namespace="SUDA" value="SPI0R0"/>
        <description text="SCI SPI ADC #0 0x0 Configuration 1"/>
      </itemDef>
      <itemDef name="SUDA_SPI1R1" type="dn16" >
        <alias namespace="SUDA" value="SPI1R1"/>
        <description text="SCI SPI ADC #1 0x1 Reserved 1"/>
      </itemDef>
      <itemDef name="SUDA_SPI0R1" type="dn16" >
        <alias namespace="SUDA" value="SPI0R1"/>
        <description text="SCI SPI ADC #0 0x1 Reserved 1"/>
      </itemDef>
      <itemDef name="SUDA_SPI1R2" type="dn16" >
        <alias namespace="SUDA" value="SPI1R2"/>
        <description text="SCI SPI ADC #1 0x2 I Offset Adj"/>
      </itemDef>
      <itemDef name="SUDA_SPI0R2" type="dn16" >
        <alias namespace="SUDA" value="SPI0R2"/>
        <description text="SCI SPI ADC #0 0x2 I Offset Adj"/>
      </itemDef>
      <itemDef name="SUDA_SPI1R3" type="dn16" >
        <alias namespace="SUDA" value="SPI1R3"/>
        <description text="SCI SPI ADC #1 0x3 I FSR Adj"/>
      </itemDef>
      <itemDef name="SUDA_SPI0R3" type="dn16" >
        <alias namespace="SUDA" value="SPI0R3"/>
        <description text="SCI SPI ADC #0 0x3 I FSR Adj"/>
      </itemDef>
      <itemDef name="SUDA_SPI1R4" type="dn16" >
        <alias namespace="SUDA" value="SPI1R4"/>
        <description text="SCI SPI ADC #1 0x4 Cal Adj"/>
      </itemDef>
      <itemDef name="SUDA_SPI0R4" type="dn16" >
        <alias namespace="SUDA" value="SPI0R4"/>
        <description text="SCI SPI ADC #0 0x4 Cal Adj"/>
      </itemDef>
      <itemDef name="SUDA_SPI1R5" type="dn16" >
        <alias namespace="SUDA" value="SPI1R5"/>
        <description text="SCI SPI ADC #1 0x5 Cal Val"/>
      </itemDef>
      <itemDef name="SUDA_SPI0R5" type="dn16" >
        <alias namespace="SUDA" value="SPI0R5"/>
        <description text="SCI SPI ADC #0 0x5 Cal Val"/>
      </itemDef>
      <itemDef name="SUDA_SPI1R6" type="dn16" >
        <alias namespace="SUDA" value="SPI1R6"/>
        <description text="SCI SPI ADC #1 0x6 Reserved 2"/>
      </itemDef>
      <itemDef name="SUDA_SPI0R6" type="dn16" >
        <alias namespace="SUDA" value="SPI0R6"/>
        <description text="SCI SPI ADC #0 0x6 Reserved 2"/>
      </itemDef>
      <itemDef name="SUDA_SPI1R7" type="dn16" >
        <alias namespace="SUDA" value="SPI1R7"/>
        <description text="SCI SPI ADC #1 0x7 DES Time Adj"/>
      </itemDef>
      <itemDef name="SUDA_SPI0R7" type="dn16" >
        <alias namespace="SUDA" value="SPI0R7"/>
        <description text="SCI SPI ADC #0 0x7 DES Time Adj"/>
      </itemDef>
      <itemDef name="SUDA_SPI1R8" type="dn16" >
        <alias namespace="SUDA" value="SPI1R8"/>
        <description text="SCI SPI ADC #1 0x8 Reserved 3"/>
      </itemDef>
      <itemDef name="SUDA_SPI0R8" type="dn16" >
        <alias namespace="SUDA" value="SPI0R8"/>
        <description text="SCI SPI ADC #0 0x8 Reserved 3"/>
      </itemDef>
      <itemDef name="SUDA_SPI1R9" type="dn16" >
        <alias namespace="SUDA" value="SPI1R9"/>
        <description text="SCI SPI ADC #1 0x9 Reserved 4"/>
      </itemDef>
      <itemDef name="SUDA_SPI0R9" type="dn16" >
        <alias namespace="SUDA" value="SPI0R9"/>
        <description text="SCI SPI ADC #0 0x9 Reserved 4"/>
      </itemDef>
      <itemDef name="SUDA_SPI1RA" type="dn16" >
        <alias namespace="SUDA" value="SPI1RA"/>
        <description text="SCI SPI ADC #1 0xA Q Offset Adj"/>
      </itemDef>
      <itemDef name="SUDA_SPI0RA" type="dn16" >
        <alias namespace="SUDA" value="SPI0RA"/>
        <description text="SCI SPI ADC #0 0xA Q Offset Adj"/>
      </itemDef>
      <itemDef name="SUDA_SPI1RB" type="dn16" >
        <alias namespace="SUDA" value="SPI1RB"/>
        <description text="SCI SPI ADC #1 0xB Q FSR Adj"/>
      </itemDef>
      <itemDef name="SUDA_SPI0RB" type="dn16" >
        <alias namespace="SUDA" value="SPI0RB"/>
        <description text="SCI SPI ADC #0 0xB Q FSR Adj"/>
      </itemDef>
      <itemDef name="SUDA_SPI1RC" type="dn16" >
        <alias namespace="SUDA" value="SPI1RC"/>
        <description text="SCI SPI ADC #1 0xC AD C Adj"/>
      </itemDef>
      <itemDef name="SUDA_SPI0RC" type="dn16" >
        <alias namespace="SUDA" value="SPI0RC"/>
        <description text="SCI SPI ADC #0 0xC AD C Adj"/>
      </itemDef>
      <itemDef name="SUDA_SPI1RD" type="dn16" >
        <alias namespace="SUDA" value="SPI1RD"/>
        <description text="SCI SPI ADC #1 0xD AD F Adj"/>
      </itemDef>
      <itemDef name="SUDA_SPI0RD" type="dn16" >
        <alias namespace="SUDA" value="SPI0RD"/>
        <description text="SCI SPI ADC #0 0xD AD F Adj"/>
      </itemDef>
      <itemDef name="SUDA_SPI1RE" type="dn16" >
        <alias namespace="SUDA" value="SPI1RE"/>
        <description text="SCI SPI ADC #1 0xE AutoSync"/>
      </itemDef>
      <itemDef name="SUDA_SPI0RE" type="dn16" >
        <alias namespace="SUDA" value="SPI0RE"/>
        <description text="SCI SPI ADC #0 0xE AutoSync"/>
      </itemDef>
      <itemDef name="SUDA_SPI1RF" type="dn16" >
        <alias namespace="SUDA" value="SPI1RF"/>
        <description text="SCI SPI ADC #1 0xF Reserved 5"/>
      </itemDef>
      <itemDef name="SUDA_SPI0RF" type="dn16" >
        <alias namespace="SUDA" value="SPI0RF"/>
        <description text="SCI SPI ADC #0 0xF Reserved 5"/>
      </itemDef>

      <itemDef name="SUDA_SYNCADCREGPKT" type="dn16"><alias namespace="SUDA" value="SYNCADCREGPKT"/>
        <description text="Sync marker"/></itemDef>
      <itemDef name="SUDA_CRCADCREGPKT" type="dn16"><alias namespace="SUDA" value="CRCADCREGPKT"/>
        <description text="CRC CCITT-16"/></itemDef>
    </field>
  </frameDef>

  <frameDef name="suda_adcreg" id="0x058C"><description text="Science ADC Register Packet"/>
    <field>
      <frameCopy name="CCSDSPriHeader" suffix="_adcregPkt"/>
      <frameCopy name="CCSDSSecHeader" suffix="_adcregPkt"/>
      <item name="suda_adcreg_hk_frame"/>
    </field>
  </frameDef>



  <!-- ====================================== -->
  <!-- Science Catalog Packet (APID 0x0592)   -->
  <!-- ====================================== -->

  <!-- sciLSAttributes_t -->
  <frameDef name="sciLSAttributes"><description text="Structure for Event Low Speed Channel attributes"/>
    <field>
      <itemDef name="VARIANCELS" type="dn32"><alias namespace="SUDA" value=""/>
        <description text="Variance of initial data for channel waveform"/></itemDef>
      <itemDef name="MEANLS" type="dn32"><alias namespace="SUDA" value=""/>
        <description text="Mean of initial data for channel waveform 12 bits"/></itemDef>
      <itemDef name="AMAXLS" type="dn32"><alias namespace="SUDA" value=""/>
        <description text="Maximum amplitude (raw value) for channel waveform 12 bits"/></itemDef>
      <itemDef name="TMAXLS" type="dn32"><alias namespace="SUDA" value=""/>
        <description text="Block,Index of Maximum amplitude (first occurrence sample index) for channel waveform"/></itemDef>
      <itemDef name="ANINETYLS" type="dn32"><alias namespace="SUDA" value=""/>
        <description text="Amplitude at Time of computed 90% index for channel waveform"/></itemDef>
      <itemDef name="TNINETYLS" type="dn32"><alias namespace="SUDA" value=""/>
        <description text="Block,Index of 90% amplitude based on line equation"/></itemDef>
      <itemDef name="ATENLS" type="dn32"><alias namespace="SUDA" value=""/>
        <description text="Amplitude at Time of computed 10% index for channel waveform"/></itemDef>
      <itemDef name="TTENLS" type="dn32"><alias namespace="SUDA" value=""/>
        <description text="Block,Index of 10% amplitude based on line equation"/></itemDef>
      <itemDef name="AIMPACTLS" type="dn32"><alias namespace="SUDA" value=""/>
        <description text="Ampitude at time of Impact (may differ from mean, but shouldn't)"/></itemDef>
      <itemDef name="TIMPACTLS" type="dn32"><alias namespace="SUDA" value=""/>
        <description text="Block,Index of Impact"/></itemDef>
      <itemDef name="TRISELS" type="dn32"><alias namespace="SUDA" value=""/>
        <description text="Computed Rise Time of channel waveform"/></itemDef>
    </field>
  </frameDef>
  <!-- sciLSAttributes_t -->

  <!-- catalogEntry_t -->
  <frameDef name="catalogEntry"><description text="Structure for Event Catalog entry. Each event will have an associated entry."/>
    <field>
      <itemDef name="EVENTNUMBER" type="dn32"><alias namespace="SUDA" value=""/>
        <description text="Event number from FPGA Event Header"/></itemDef>
      <itemDef name="EVENTTIME" type="dn32"><alias namespace="SUDA" value=""/>
        <description text="32 of the 48 bits from FPGA Event Time"/></itemDef>
      <itemDef name="EVENTTRIGGER" type="dn32"><alias namespace="SUDA" value=""/>
        <description text="Trigger or triggers for this event. 10 bits, but only 6 relevant"/></itemDef>
      <itemDef name="FLAGS" type="dn32"><alias namespace="SUDA" value=""/>
        <description text="Clipping flag for all LS and single TOF channel, HVPS Polarity"/></itemDef>
      <itemDef name="CATEGORY" type="dn32"><alias namespace="SUDA" value=""/>
        <description text="Category determined by FSW Processing"/></itemDef>

      <itemDef name="CHANTOF" type="dn32"><alias namespace="SUDA" value=""/>
        <description text="TOF Channel used for processing"/></itemDef>
      <itemDef name="MEANTOF" type="dn32"><alias namespace="SUDA" value=""/>
        <description text="TOF Mean (baseline)"/></itemDef>
      <itemDef name="VARIANCETOF" type="dn32"><alias namespace="SUDA" value=""/>
        <description text="TOF Variance"/></itemDef>
      <itemDef name="PEAKCOUNTTOF" type="dn32"><alias namespace="SUDA" value=""/>
        <description text="TOF Number of peaks found 0-63"/></itemDef>
      <itemDef name="AMAXPEAKTOF" type="dn32"><alias namespace="SUDA" value=""/>
        <description text="TOF Max Peak amplitude (10 bits)"/></itemDef>
      <itemDef name="TMAXPEAKTOF" type="dn32"><alias namespace="SUDA" value=""/>
        <description text="TOF Max peak amplitude Time (sample index)"/></itemDef>
      <itemDef name="APEAK1TOF" type="dn32"><alias namespace="SUDA" value=""/>
        <description text="TOF Peak 1 (highest) amplitude (10 bits)"/></itemDef>
      <itemDef name="TPEAK1TOF" type="dn32"><alias namespace="SUDA" value=""/>
        <description text="TOF Block,Index of Peak 1"/></itemDef>
      <itemDef name="APEAK2TOF" type="dn32"><alias namespace="SUDA" value=""/>
        <description text="TOF Peak 2 (second highest) amplitude (10 bits)"/></itemDef>
      <itemDef name="TPEAK2TOF" type="dn32"><alias namespace="SUDA" value=""/>
        <description text="TOF Block,Index of Peak 2"/></itemDef>
      <itemDef name="APEAK3TOF" type="dn32"><alias namespace="SUDA" value=""/>
        <description text="TOF Peak 3 (third highest) amplitude (10 bits)"/></itemDef>
      <itemDef name="TPEAK3TOF" type="dn32"><alias namespace="SUDA" value=""/>
        <description text="TOF Block,Index of Peak 3"/></itemDef>
      <frameCopy name="sciLSAttributes" suffix="_0"/>
      <frameCopy name="sciLSAttributes" suffix="_1"/>
      <frameCopy name="sciLSAttributes" suffix="_2"/>
    </field>
  </frameDef>
  <!-- catalogEntry_t -->

  <!-- eventHeader_t -->
  <frameDef name="sciEventHeader"><description text="Structure for Event Catalog entry. Each event will have an associated entry."/>
    <field>
      <!-- Does not include the sync words 0xF0F0A5A0 and 0XF0F0. Does include the 64 32 bit word header, and all of the science data -->
      <itemDef name="SUDA_PACKETLENGTH" type="dn32"><alias namespace="SUDA" value=""/></itemDef>           <!-- 0 -->
      <itemDef name="SUDA_TIMESTAMP1" type="dn32"><alias namespace="SUDA" value=""/></itemDef>             <!-- 1 -->
      <itemDef name="SUDA_TIMESTAMP2" type="dn32"><alias namespace="SUDA" value=""/></itemDef>             <!-- 2 -->
      <itemDef name="SUDA_EVENTHEADERWORD3" type="dn32"><alias namespace="SUDA" value=""/></itemDef>       <!-- 3 -->
      <itemDef name="SUDA_BLOCKS" type="dn32"><alias namespace="SUDA" value=""/></itemDef>                 <!-- 4 -->
      <itemDef name="SUDA_HSADC0IHDR1" type="dn32"><alias namespace="SUDA" value=""/></itemDef>            <!-- 5 -->
      <itemDef name="SUDA_HSADC0IHDR2" type="dn32"><alias namespace="SUDA" value=""/></itemDef>            <!-- 6 -->
      <itemDef name="SUDA_HSADC0QHDR1" type="dn32"><alias namespace="SUDA" value=""/></itemDef>            <!-- 7 -->
      <itemDef name="SUDA_HSADC0QHDR2" type="dn32"><alias namespace="SUDA" value=""/></itemDef>            <!-- 8 -->
      <itemDef name="SUDA_HSADC1QHDR1" type="dn32"><alias namespace="SUDA" value=""/></itemDef>            <!-- 9 -->
      <itemDef name="SUDA_HSADC1QHDR2" type="dn32"><alias namespace="SUDA" value=""/></itemDef>            <!-- 10 -->
      <itemDef name="SUDA_LSADC" type="dn32"><alias namespace="SUDA" value=""/></itemDef>                  <!-- 11 -->
      <itemDef name="SUDA_TRIGGERMODE" type="dn32"><alias namespace="SUDA" value=""/></itemDef>            <!-- 12 -->
      <itemDef name="SUDA_ZERO" type="dn32" num="4"><alias namespace="SUDA" value=""/></itemDef>           <!-- 13-16 -->
      <itemDef name="SUDA_TOFMAX" type="dn32"><alias namespace="SUDA" value=""/></itemDef>                 <!-- 17 -->
      <itemDef name="SUDA_TOFMIN" type="dn32"><alias namespace="SUDA" value=""/></itemDef>                 <!-- 18 -->
      <itemDef name="SUDA_LSADC0MINMAX" type="dn32"><alias namespace="SUDA" value=""/></itemDef>           <!-- 19 -->
      <itemDef name="SUDA_LSADC1MINMAX" type="dn32"><alias namespace="SUDA" value=""/></itemDef>           <!-- 20 -->
      <itemDef name="SUDA_LSADC2MINMAX" type="dn32"><alias namespace="SUDA" value=""/></itemDef>           <!-- 21 -->
      <itemDef name="SUDA_TOFTRIGGERDELAY" type="dn32"><alias namespace="SUDA" value=""/></itemDef>        <!-- 22 -->
      <itemDef name="SUDA_TOFSAMPLEDELAY" type="dn32"><alias namespace="SUDA" value=""/></itemDef>         <!-- 23 -->
      <itemDef name="SUDA_TOFTRANSCOUNT" type="dn32"><alias namespace="SUDA" value=""/></itemDef>          <!-- 24 -->
      <itemDef name="SUDA_PROCHKADCCHAN01" type="dn32"><alias namespace="SUDA" value=""/></itemDef>        <!-- 25 -->
      <itemDef name="SUDA_PROCHKADCCHAN23" type="dn32"><alias namespace="SUDA" value=""/></itemDef>        <!-- 26 -->
      <itemDef name="SUDA_PROCHKADCCHAN45" type="dn32"><alias namespace="SUDA" value=""/></itemDef>        <!-- 27 -->
      <itemDef name="SUDA_PROCHKADCCHAN67" type="dn32"><alias namespace="SUDA" value=""/></itemDef>        <!-- 28 -->
      <itemDef name="SUDA_HVPSHKADCCHAN01" type="dn32"><alias namespace="SUDA" value=""/></itemDef>        <!-- 29 -->
      <itemDef name="SUDA_HVPSHKADCCHAN23" type="dn32"><alias namespace="SUDA" value=""/></itemDef>        <!-- 30 -->
      <itemDef name="SUDA_HVPSHKADCCHAN45" type="dn32"><alias namespace="SUDA" value=""/></itemDef>        <!-- 31 -->
      <itemDef name="SUDA_HVPSHKADCCHAN67" type="dn32"><alias namespace="SUDA" value=""/></itemDef>        <!-- 32 -->
      <itemDef name="SUDA_LVPSHKADC0CHAN01" type="dn32"><alias namespace="SUDA" value=""/></itemDef>       <!-- 33 -->
      <itemDef name="SUDA_LVPSHKADC0CHAN23" type="dn32"><alias namespace="SUDA" value=""/></itemDef>       <!-- 34 -->
      <itemDef name="SUDA_LVPSHKADC0CHAN45" type="dn32"><alias namespace="SUDA" value=""/></itemDef>       <!-- 35 -->
      <itemDef name="SUDA_LVPSHKADC0CHAN67" type="dn32"><alias namespace="SUDA" value=""/></itemDef>       <!-- 36 -->
      <itemDef name="SUDA_LVPSHKADC1CHAN01" type="dn32"><alias namespace="SUDA" value=""/></itemDef>       <!-- 37 -->
      <itemDef name="SUDA_LVPSHKADC1CHAN23" type="dn32"><alias namespace="SUDA" value=""/></itemDef>       <!-- 38 -->
      <itemDef name="SUDA_LVPSHKADC1CHAN45" type="dn32"><alias namespace="SUDA" value=""/></itemDef>       <!-- 39 -->
      <itemDef name="SUDA_LVPSHKADC1CHAN67" type="dn32"><alias namespace="SUDA" value=""/></itemDef>       <!-- 40 -->
      <itemDef name="SUDA_LVPSHKADC2CHAN01" type="dn32"><alias namespace="SUDA" value=""/></itemDef>       <!-- 41 -->
      <itemDef name="SUDA_LVPSHKADC2CHAN23" type="dn32"><alias namespace="SUDA" value=""/></itemDef>       <!-- 42 -->
      <itemDef name="SUDA_LVPSHKADC2CHAN45" type="dn32"><alias namespace="SUDA" value=""/></itemDef>       <!-- 43 -->
      <itemDef name="SUDA_LVPSHKADC2CHAN67" type="dn32"><alias namespace="SUDA" value=""/></itemDef>       <!-- 44 -->
      <itemDef name="SUDA_ZERO1" type="dn32" num="2"><alias namespace="SUDA" value=""/></itemDef>          <!-- 45-46 -->
      <itemDef name="SUDA_FSWHEADER" type="dn32" num="16"><alias namespace="SUDA" value=""/></itemDef>     <!-- 47-62 -->
      <itemDef name="SUDA_FPGAVER" type="dn32"><alias namespace="SUDA" value=""/></itemDef>                <!-- 63 -->
    </field>
  </frameDef>
  <!-- eventHeader_t -->

  <!-- catalogHdr_t -->
  <frameDef name="catalogHdr">
    <description text="Header of catalog containing metadata for events in this catalog"/>
    <field>
      <!-- Packet begins with header common to dump memory packets -->
      <itemDef name="SUDA_CATACCOUNTID" type="dn32"><alias namespace="SUDA" value="CATACCOUNTID"/>
        <description text="Commanded dump operation, identifies region"/> </itemDef>
      <itemDef name="SUDA_CATOFFSET" type="dn32"><alias namespace="SUDA" value="dumpoffset"/>
        <description text="Starting offset within region, i.e. block+page"/> </itemDef>
      <itemDef name="SUDA_CATTOTLEN" type="dn32"><alias namespace="SUDA" value="dumptotlen"/>
        <description text="Total length of this region"/> </itemDef>
      <itemDef name="SUDA_CATVLDCNT" type="dn32"><alias namespace="SUDA" value="dumpvalidcnt"/>
        <description text="Valid dwords in this pkt (rest is padded)"/> </itemDef>
      <itemDef name="SUDA_CATFLASHBLOCK" type="dn26"><alias namespace="SUDA" value="DUMPFLASHBLOCK"/>
        <description text="Holds associated Flash block and page, when applicable"/> </itemDef>
      <itemDef name="SUDA_CATFLASHPAGE" type="dn6"><alias namespace="SUDA" value="DUMPFLASHPAGE"/>
        <description text="Holds associated Flash block and page, when applicable"/> </itemDef>
      <itemDef name="SUDA_CATRESERV1" type="dn32"><alias namespace="SUDA" value="dumpreserv1"/>
        <description text="Reserved1"/> </itemDef>
      <itemDef name="SUDA_CATRESERV2" type="dn32"><alias namespace="SUDA" value="dumpreserv2"/>
        <description text="Reserved2"/> </itemDef>
      <itemDef name="SUDA_CATRESERV3" type="dn32"><alias namespace="SUDA" value="dumpreserv3"/>
        <description text="Reserved3"/> </itemDef>

      <!-- Start of header is common to all FSW objects in Flash, see flashHdrSel_t -->
      <itemDef name="SUDA_CATHDRKEY" type="dn32"><alias namespace="SUDA" value="CATHDRKEY"/>
        <description text="indicates the Flash block contents, if valid"/></itemDef>
      <itemDef name="SUDA_CATHDRCKSUM" type="dn32"><alias namespace="SUDA" value="CATHDRCKSUM"/>
        <description text="Self-reported checksum of the region"/></itemDef>
      <itemDef name="SUDA_CATHDRLEN" type="dn32"><alias namespace="SUDA" value="CATHDRLEN"/>
        <description text="Self-reported length of the region, in dwords"/></itemDef>
      <itemDef name="SUDA_CATHDRMORE" type="dn32"><alias namespace="SUDA" value="CATHDRMORE"/>
        <description text="Additional data associated with this region"/></itemDef>
      <itemDef name="SUDA_CATHDRCONT" type="dn32"><alias namespace="SUDA" value="CATHDRCONT"/>
        <description text="Continues to next block if '1', otherwise end of data"/></itemDef>
      <itemDef name="SUDA_CATHDRSP0" type="dn32"><alias namespace="SUDA" value="CATHDRSP0"/></itemDef>
      <itemDef name="SUDA_CATHDRSP1" type="dn32"><alias namespace="SUDA" value="CATHDRSP1"/></itemDef>
      <itemDef name="SUDA_CATHDRSP2" type="dn32"><alias namespace="SUDA" value="CATHDRSP2"/></itemDef>

      <!-- Remainder of header contains metadata unique to a science catalog -->
      <itemDef name="SUDA_CATAID" type="dn32"><alias namespace="SUDA" value=""/>
        <description text="Accountability identifier uniquely tags sets of data"/></itemDef>
      <itemDef name="SUDA_CATEVTCNT" type="dn32"><alias namespace="SUDA" value=""/>
        <description text="Number of events contained in this catalog"/></itemDef>
      <itemDef name="SUDA_CATBLOCKCNT" type="dn32"><alias namespace="SUDA" value=""/>
        <description text="Block count for this dataset, ignores mirrored blocks"/></itemDef>
      <itemDef name="SUDA_CATTRIGUNAVAIL" type="dn32"><alias namespace="SUDA" value=""/>
        <description text="FPGA's Trigger Unavailable Count register for entire dataset"/></itemDef>
      <itemDef name="SUDA_CATSTARTTIME" type="dn32"><alias namespace="SUDA" value=""/>
        <description text="Integer seconds of first event"/></itemDef>
      <itemDef name="SUDA_CATENDTIME" type="dn32"><alias namespace="SUDA" value=""/>
        <description text="Integer seconds of last event"/></itemDef>
      <itemDef name="SUDA_CATCATEGORYCOUNT" type="dn32" num="32"><alias namespace="SUDA" value=""/>
        <description text="Count of events per category"/></itemDef>
      <itemDef name="SUDA_PROCTIME" type="dn32"><alias namespace="SUDA" value=""/>
        <description text="Spacecraft time of last processing"/></itemDef>
      <!-- CRW TODO, perhaps add params sample count and block index.  All are wonky
           if we reprocess a section of the data, so we either don't store these or
           we don't reprocess or we always reprocess entire AID. -->

      <itemDef name="SUDA_CATHDR_PADDING" type="dn32" num="15"><alias namespace="SUDA" value=""/></itemDef>

      <!-- Science ADC FPGA registers that are lost -->
      <itemDef name="SUDA_HS0PINCTRL" type="dn32"><alias namespace="SUDA" value=""/></itemDef>
      <itemDef name="SUDA_HS0PWRCTRL" type="dn32"><alias namespace="SUDA" value=""/></itemDef>
      <itemDef name="SUDA_HS1PINCTRL" type="dn32"><alias namespace="SUDA" value=""/></itemDef>
      <itemDef name="SUDA_HS1PWRCTRL" type="dn32"><alias namespace="SUDA" value=""/></itemDef>
      <itemDef name="SUDA_FPGATESTPATTERN" type="dn32"><alias namespace="SUDA" value=""/></itemDef>
      <itemDef name="SUDA_DCLKALIGN" type="dn32"><alias namespace="SUDA" value=""/></itemDef>
      <itemDef name="SUDA_EYEPATTERN" type="dn32" num="24"><alias namespace="SUDA" value=""/></itemDef>

      <!-- Science Buffer FPGA registers that are lost -->
      <itemDef name="SUDA_EDACSTAT" type="dn32"><alias namespace="SUDA" value=""/></itemDef>
      <itemDef name="SUDA_ERRSTAT" type="dn32"><alias namespace="SUDA" value=""/></itemDef>
      <itemDef name="SUDA_MIRRORENACAT" type="dn32"><alias namespace="SUDA" value=""/></itemDef>
      <itemDef name="SUDA_STARTBLOCK" type="dn32"><alias namespace="SUDA" value=""/></itemDef>
      <itemDef name="SUDA_CURRENTWR" type="dn32"><alias namespace="SUDA" value=""/></itemDef>
      <itemDef name="SUDA_PROCESSCNT" type="dn32"><alias namespace="SUDA" value=""/></itemDef>
      <itemDef name="SUDA_PROCESSTIMESTAMP" type="dn32"><alias namespace="SUDA" value=""/>
        <description text="Approx time when this data was last processed"/></itemDef>
      <itemDef name="SUDA_ACQDURATION" type="dn32"><alias namespace="SUDA" value=""/>
        <description text="Total duration of science acquisition activity"/></itemDef>

      <itemDef name="SUDA_PARAMTABLE1" type="dn32"><alias namespace="SUDA" value=""/>
        <description text="Contents of PT entry"/></itemDef>
      <itemDef name="SUDA_PARAMTABLE2" type="dn32"><alias namespace="SUDA" value=""/>
        <description text="Contents of PT entry"/></itemDef>
      <itemDef name="SUDA_MEMPARAM1" type="dn32"><alias namespace="SUDA" value=""/>
        <description text="Read from arbitrary address, determined by PT"/></itemDef>
      <itemDef name="SUDA_MEMPARAM2" type="dn32"><alias namespace="SUDA" value=""/>
        <description text="Read from arbitrary address, determined by PT"/></itemDef>

      <itemDef name="SUDA_EVTSTARTMARKER" type="dn32"><alias namespace="SUDA" value=""/>
        <description text="F0F0 from first event"/></itemDef>
        
      <item name="sciEventHeader">
        <description text="FPGA-appended metadata header for first event in dataset"/></item>

      <itemDef name="SUDA_CATHDR_PADDING2" type="dn32" num="675"><alias namespace="SUDA" value=""/>
        <description text="Remainder of first flash page"/></itemDef>
    </field>
  </frameDef>
  <!-- catalogHdr_t -->

  <!-- catalog_t Frame -->
  <frameDef name="CATALOG"><description text="Science pkt contents"/>
    <field>
      <item name="catalogHdr"/>
      <frameCopy name="catalogEntry" suffix="_00" prefix="SUDA_"><alias namespace="SUDA" value="catalogEntry00"/></frameCopy>
      <frameCopy name="catalogEntry" suffix="_01" prefix="SUDA_"><alias namespace="SUDA" value="catalogEntry01"/></frameCopy>
      <frameCopy name="catalogEntry" suffix="_02" prefix="SUDA_"><alias namespace="SUDA" value="catalogEntry02"/></frameCopy>
      <frameCopy name="catalogEntry" suffix="_03" prefix="SUDA_"><alias namespace="SUDA" value="catalogEntry03"/></frameCopy>
      <frameCopy name="catalogEntry" suffix="_04" prefix="SUDA_"><alias namespace="SUDA" value="catalogEntry04"/></frameCopy>
      <frameCopy name="catalogEntry" suffix="_05" prefix="SUDA_"><alias namespace="SUDA" value="catalogEntry05"/></frameCopy>
      <frameCopy name="catalogEntry" suffix="_06" prefix="SUDA_"><alias namespace="SUDA" value="catalogEntry06"/></frameCopy>
      <frameCopy name="catalogEntry" suffix="_07" prefix="SUDA_"><alias namespace="SUDA" value="catalogEntry07"/></frameCopy>
      <frameCopy name="catalogEntry" suffix="_08" prefix="SUDA_"><alias namespace="SUDA" value="catalogEntry08"/></frameCopy>
      <frameCopy name="catalogEntry" suffix="_09" prefix="SUDA_"><alias namespace="SUDA" value="catalogEntry09"/></frameCopy>
      <frameCopy name="catalogEntry" suffix="_10" prefix="SUDA_"><alias namespace="SUDA" value="catalogEntry10"/></frameCopy>
      <frameCopy name="catalogEntry" suffix="_11" prefix="SUDA_"><alias namespace="SUDA" value="catalogEntry11"/></frameCopy>
      <frameCopy name="catalogEntry" suffix="_12" prefix="SUDA_"><alias namespace="SUDA" value="catalogEntry12"/></frameCopy>
      <frameCopy name="catalogEntry" suffix="_13" prefix="SUDA_"><alias namespace="SUDA" value="catalogEntry13"/></frameCopy>
      <frameCopy name="catalogEntry" suffix="_14" prefix="SUDA_"><alias namespace="SUDA" value="catalogEntry14"/></frameCopy>
      <frameCopy name="catalogEntry" suffix="_15" prefix="SUDA_"><alias namespace="SUDA" value="catalogEntry15"/></frameCopy>
      <frameCopy name="catalogEntry" suffix="_16" prefix="SUDA_"><alias namespace="SUDA" value="catalogEntry16"/></frameCopy>
      <frameCopy name="catalogEntry" suffix="_17" prefix="SUDA_"><alias namespace="SUDA" value="catalogEntry17"/></frameCopy>
      <frameCopy name="catalogEntry" suffix="_18" prefix="SUDA_"><alias namespace="SUDA" value="catalogEntry18"/></frameCopy>
      <frameCopy name="catalogEntry" suffix="_19" prefix="SUDA_"><alias namespace="SUDA" value="catalogEntry19"/></frameCopy>
    </field>
  </frameDef>
  <!-- catalog_t -->

  <frameDef name="suda_catalog_frame"><description text="Science Catalog pkt contents"/>
    <field>
      <item name="CATALOG"><description text="Science pkt contents"/></item>
      <itemDef name="SUDA_SYNCCATPKT" type="dn16"><alias namespace="SUDA" value="SYNCCATPKT"/>
        <description text="Synchronization marker"/></itemDef>
      <itemDef name="SUDA_CRCCATPKT" type="dn16"><alias namespace="SUDA" value="CRCCATPKT"/>
        <description text="CRC CCITT-16"/></itemDef>
    </field>
  </frameDef>

  <frameDef name="suda_catalog" id="0x0592"><description text="Science Catalog Packet"/>
    <field>
      <frameCopy name="CCSDSPriHeader" suffix="_catalogHdrPkt"/>
      <frameCopy name="CCSDSSecHeader" suffix="_catalogHdrPkt"/>
      <item name="catalogHdr"><description text="Catalog header"/></item>
    </field>
  </frameDef>

  <frameDef name="suda_catalog2" id="0x0592"><description text="Science Catalog Packet"/>
    <field>
      <frameCopy name="CCSDSPriHeader" suffix="_catalogPkt"/>
      <frameCopy name="CCSDSSecHeader" suffix="_catalogPkt"/>
      <item name="suda_catalog_frame"/>
    </field>
  </frameDef>


   <!-- ====================================== -->
  <!-- Science Packet (APID 0x590)          -->
  <!-- ====================================== -->

  <frameDef name="suda_sci0_hk_frame"><description text="Science pkt contents resulting from Transmit cmd"/>
    <field>
      <!-- science packet metadata -->
      <itemDef name="SUDA_SCI0AID" type="dn32"><alias namespace="SUDA" value="SCI0AID"/>
        <description text="Accountability Identifier"/> </itemDef>

      <itemDef name="SUDA_SCI0TYPE" type="dn8"><alias namespace="SUDA" value="SCI0TYPE"/>
        <description text="Packet Data Content Type"/> </itemDef>
      <itemDef name="SUDA_SCI0CONT" type="dn8"><alias namespace="SUDA" value="SCI0CONT"/>
        <description text="Channels Included in Downlink"/> </itemDef>
      <itemDef name="SUDA_SCI0SPARE1" type="dn13"><alias namespace="SUDA" value=""/>
        <description text=""/> </itemDef>
      <itemDef name="SUDA_SCI0PACK" type="enabled1"><alias namespace="SUDA" value="SCI0PACK"/>
        <description text="Data Packed"/> </itemDef>
      <itemDef name="SUDA_SCI0FRAG" type="enabled1"><alias namespace="SUDA" value="SCI0FRAG"/>
        <description text="Data Fragemented"/> </itemDef>
      <itemDef name="SUDA_SCI0COMP" type="enabled1"><alias namespace="SUDA" value="SCI0COMP"/>
        <description text="Data Compression"/> </itemDef>

      <itemDef name="SUDA_SCI0EVTNUM" type="dn16"><alias namespace="SUDA" value="SCI0EVTNUM"/>
        <description text="Event Time"/> </itemDef>
      <itemDef name="SUDA_SCI0CAT" type="dn8"><alias namespace="SUDA" value="SCI0CAT"/>
        <description text="Category"/> </itemDef>
      <itemDef name="SUDA_SCI0QUAL" type="dn8"><alias namespace="SUDA" value="SCI0QUAL"/>
        <description text="Quality"/> </itemDef>

      <itemDef name="SUDA_SCI0FRAGOFF" type="dn16"><alias namespace="SUDA" value="SCI0FRAGOFF"/>
        <description text="Fragmentation Offset"/> </itemDef>
      <itemDef name="SUDA_SCI0VER" type="dn16"><alias namespace="SUDA" value="SCI0VER"/>
        <description text="Science Version"/> </itemDef>

      <itemDef name="SUDA_SCI0TIME32" type="dn32"><alias namespace="SUDA" value="SCI0TIME32"/>
        <description text="Event Time"/> </itemDef>

      <itemDef name="SUDA_SCI0SPARE2" type="dn32"><alias namespace="SUDA" value=""/>
        <description text=""/> </itemDef>
      <itemDef name="SUDA_SCI0SPARE3" type="dn32"><alias namespace="SUDA" value=""/>
        <description text=""/> </itemDef>
      <itemDef name="SUDA_SCI0SPARE4" type="dn32"><alias namespace="SUDA" value=""/>
        <description text=""/> </itemDef>

      <!-- In reality, the science data is variable length, but this is the maximum -->
      <itemDef name="SUDA_SCI0RAW" type="dn32" num="0x3F0"><alias namespace="SUDA" value="sci0raw"/>
        <description text=""/> </itemDef>

      <itemDef name="SUDA_SYNCSCI0PKT" type="dn16"><alias namespace="SUDA" value="SYNCSCI0PKT"/>
        <description text="Synchronization marker"/></itemDef>
      <itemDef name="SUDA_CRCSCI0PKT" type="dn16"><alias namespace="SUDA" value="CRCSCI0PKT"/>
        <description text="CRC CCITT-16"/></itemDef>
    </field>
  </frameDef>

  <frameDef name="suda_sci0" id="0x0590"><description text="Science Event Packet"/>
    <field>
      <frameCopy name="CCSDSPriHeader" suffix="_sci0Pkt"/>
      <frameCopy name="CCSDSSecHeader" suffix="_sci0Pkt"/>
      <item name="suda_sci0_hk_frame"/>
    </field>
  </frameDef>

  <!-- ====================================== -->
  <!-- Fetch Packet (APID 0x591)          -->
  <!-- ====================================== -->

  <frameDef name="suda_scifetch_hk_frame"><description text="Science pkt contents resulting from Fetch cmd"/>
    <field>
      <!-- science packet metadata -->
      <itemDef name="SUDA_SCIFETCHAID" type="dn32"><alias namespace="SUDA" value="SCIFETCHAID"/>
        <description text="Accountability Identifier"/> </itemDef>

      <itemDef name="SUDA_SCIFETCHTYPE" type="dn8"><alias namespace="SUDA" value="SCIFETCHTYPE"/>
        <description text="Packet Data Content Type"/> </itemDef>
      <itemDef name="SUDA_SCIFETCHCONT" type="dn8"><alias namespace="SUDA" value="SCIFETCHCONT"/>
        <description text="Channels Included in Downlink"/> </itemDef>
      <itemDef name="SUDA_SCIFETCHSPARE1" type="dn13"><alias namespace="SUDA" value=""/>
        <description text=""/> </itemDef>
      <itemDef name="SUDA_SCIFETCHPACK" type="enabled1"><alias namespace="SUDA" value="SCIFETCHPACK"/>
        <description text="Data Packed"/> </itemDef>
      <itemDef name="SUDA_SCIFETCHFRAG" type="enabled1"><alias namespace="SUDA" value="SCIFETCHFRAG"/>
        <description text="Data Fragemented"/> </itemDef>
      <itemDef name="SUDA_SCIFETCHCOMP" type="enabled1"><alias namespace="SUDA" value="SCIFETCHCOMP"/>
        <description text="Data Compression"/> </itemDef>

      <itemDef name="SUDA_SCIFETCHEVTNUM" type="dn16"><alias namespace="SUDA" value="SCIFETCHEVTNUM"/>
        <description text="Event Time"/> </itemDef>
      <itemDef name="SUDA_SCIFETCHCAT" type="dn8"><alias namespace="SUDA" value="SCIFETCHCAT"/>
        <description text="Category"/> </itemDef>
      <itemDef name="SUDA_SCIFETCHQUAL" type="dn8"><alias namespace="SUDA" value="SCIFETCHQUAL"/>
        <description text="Quality"/> </itemDef>

      <itemDef name="SUDA_SCIFETCHFRAGOFF" type="dn16"><alias namespace="SUDA" value="SCIFETCHFRAGOFF"/>
        <description text="Fragmentation Offset"/> </itemDef>
      <itemDef name="SUDA_SCIFETCHVER" type="dn16"><alias namespace="SUDA" value="SCIFETCHVER"/>
        <description text="Science Version"/> </itemDef>

      <itemDef name="SUDA_SCIFETCHTIME32" type="dn32"><alias namespace="SUDA" value="SCIFETCHTIME32"/>
        <description text="Event Time"/> </itemDef>

      <itemDef name="SUDA_SCIFETCHSPARE2" type="dn32"><alias namespace="SUDA" value=""/>
        <description text=""/> </itemDef>
      <itemDef name="SUDA_SCIFETCHSPARE3" type="dn32"><alias namespace="SUDA" value=""/>
        <description text=""/> </itemDef>
      <itemDef name="SUDA_SCIFETCHSPARE4" type="dn32"><alias namespace="SUDA" value=""/>
        <description text=""/> </itemDef>

      <!-- In reality, the science data is variable length, but this is the maximum -->
      <itemDef name="SUDA_SCIFETCHRAW" type="dn32" num="0x3F0"><alias namespace="SUDA" value="sciFETCHraw"/>
        <description text=""/> </itemDef>

      <itemDef name="SUDA_SYNCSCIFETCHPKT" type="dn16"><alias namespace="SUDA" value="SYNCSCIFETCHPKT"/>
        <description text="Synchronization marker"/></itemDef>
      <itemDef name="SUDA_CRCSCIFETCHPKT" type="dn16"><alias namespace="SUDA" value="CRCSCIFETCHPKT"/>
        <description text="CRC CCITT-16"/></itemDef>
    </field>
  </frameDef>

  <frameDef name="suda_scifetch" id="0x0591"><description text="Science Event Packet for fetched events"/>
    <field>
      <frameCopy name="CCSDSPriHeader" suffix="_sciFetchPkt"/>
      <frameCopy name="CCSDSSecHeader" suffix="_sciFetchPkt"/>
      <item name="suda_scifetch_hk_frame"/>
    </field>
  </frameDef>


  <!-- ====================================== -->
  <!-- Catalog List Packet (APID 0x58B)       -->
  <!-- ====================================== -->
  <!-- Entry for each catalog found -->
  <frameDef name="CatalogList">
    <field>
      <itemDef name="AID" type="dn32"/>
      <itemDef name="PROC" type="yesNo"/>
      <itemDef name="BLOCK" type="dn15"/>
      <itemDef name="EVTCNT" type="dn16"/>
      <itemDef name="CFGA" type="dn32"/>
      <itemDef name="CFGB" type="dn32"/>
    </field>
  </frameDef>

  <frameDef name="suda_catlist_hk_frame"><description text="Catalog list summary pkt contents"/>
    <field>
      <itemDef name="SUDA_LISTREGION" type="dn32"><alias namespace="SUDA" value="LISTREGION"/><description text="Commanded dump operation, identifies region"/> </itemDef>
      <itemDef name="SUDA_LISTOFFSET" type="dn32"><alias namespace="SUDA" value="LISTOFFSET"/><description text="Starting offset within region, i.e. block+page"/> </itemDef>
      <itemDef name="SUDA_LISTTOTLEN" type="dn32"><alias namespace="SUDA" value="LISTTOTLEN"/><description text="Total length of this region"/> </itemDef>
      <itemDef name="SUDA_LISTVLDCNT" type="dn32"><alias namespace="SUDA" value="LISTVLDCNT"/><description text="Valid dwords in this pkt (rest is padded)"/> </itemDef>
      <itemDef name="SUDA_LISTFLASHLOC" type="dn32"><alias namespace="SUDA" value="LISTFLASHLOC"/><description text="Holds associated Flash block and page, when applicable"/> </itemDef>
      <itemDef name="SUDA_LISTCFGID1" type="dn32"><alias namespace="SUDA" value="LISTCFGID1"/><description text=""/> </itemDef>
      <itemDef name="SUDA_LISTCFGID2" type="dn32"><alias namespace="SUDA" value="LISTCFGID2"/><description text=""/> </itemDef>
      <itemDef name="SUDA_LISTRESERV" type="dn32"><alias namespace="SUDA" value="LISTRESERV"/><description text="Reserved"/> </itemDef>

      <frameCopy name="CatalogList" prefix="SUDA_CATLIST" suffix="0"><alias namespace="SUDA" value=""/><description text=""/></frameCopy>
      <frameCopy name="CatalogList" prefix="SUDA_CATLIST" suffix="1"><alias namespace="SUDA" value=""/><description text=""/></frameCopy>
      <frameCopy name="CatalogList" prefix="SUDA_CATLIST" suffix="2"><alias namespace="SUDA" value=""/><description text=""/></frameCopy>
      <frameCopy name="CatalogList" prefix="SUDA_CATLIST" suffix="3"><alias namespace="SUDA" value=""/><description text=""/></frameCopy>
      <frameCopy name="CatalogList" prefix="SUDA_CATLIST" suffix="4"><alias namespace="SUDA" value=""/><description text=""/></frameCopy>
      <frameCopy name="CatalogList" prefix="SUDA_CATLIST" suffix="5"><alias namespace="SUDA" value=""/><description text=""/></frameCopy>
      <frameCopy name="CatalogList" prefix="SUDA_CATLIST" suffix="6"><alias namespace="SUDA" value=""/><description text=""/></frameCopy>
      <frameCopy name="CatalogList" prefix="SUDA_CATLIST" suffix="7"><alias namespace="SUDA" value=""/><description text=""/></frameCopy>
      <frameCopy name="CatalogList" prefix="SUDA_CATLIST" suffix="8"><alias namespace="SUDA" value=""/><description text=""/></frameCopy>
      <frameCopy name="CatalogList" prefix="SUDA_CATLIST" suffix="9"><alias namespace="SUDA" value=""/><description text=""/></frameCopy>
      <frameCopy name="CatalogList" prefix="SUDA_CATLIST" suffix="10"><alias namespace="SUDA" value=""/><description text=""/></frameCopy>
      <frameCopy name="CatalogList" prefix="SUDA_CATLIST" suffix="11"><alias namespace="SUDA" value=""/><description text=""/></frameCopy>
      <frameCopy name="CatalogList" prefix="SUDA_CATLIST" suffix="12"><alias namespace="SUDA" value=""/><description text=""/></frameCopy>
      <frameCopy name="CatalogList" prefix="SUDA_CATLIST" suffix="13"><alias namespace="SUDA" value=""/><description text=""/></frameCopy>
      <frameCopy name="CatalogList" prefix="SUDA_CATLIST" suffix="14"><alias namespace="SUDA" value=""/><description text=""/></frameCopy>
      <frameCopy name="CatalogList" prefix="SUDA_CATLIST" suffix="15"><alias namespace="SUDA" value=""/><description text=""/></frameCopy>
      <frameCopy name="CatalogList" prefix="SUDA_CATLIST" suffix="16"><alias namespace="SUDA" value=""/><description text=""/></frameCopy>
      <frameCopy name="CatalogList" prefix="SUDA_CATLIST" suffix="17"><alias namespace="SUDA" value=""/><description text=""/></frameCopy>
      <frameCopy name="CatalogList" prefix="SUDA_CATLIST" suffix="18"><alias namespace="SUDA" value=""/><description text=""/></frameCopy>
      <frameCopy name="CatalogList" prefix="SUDA_CATLIST" suffix="19"><alias namespace="SUDA" value=""/><description text=""/></frameCopy>
      <frameCopy name="CatalogList" prefix="SUDA_CATLIST" suffix="20"><alias namespace="SUDA" value=""/><description text=""/></frameCopy>
      <frameCopy name="CatalogList" prefix="SUDA_CATLIST" suffix="21"><alias namespace="SUDA" value=""/><description text=""/></frameCopy>
      <frameCopy name="CatalogList" prefix="SUDA_CATLIST" suffix="22"><alias namespace="SUDA" value=""/><description text=""/></frameCopy>
      <frameCopy name="CatalogList" prefix="SUDA_CATLIST" suffix="23"><alias namespace="SUDA" value=""/><description text=""/></frameCopy>
      <frameCopy name="CatalogList" prefix="SUDA_CATLIST" suffix="24"><alias namespace="SUDA" value=""/><description text=""/></frameCopy>
      <frameCopy name="CatalogList" prefix="SUDA_CATLIST" suffix="25"><alias namespace="SUDA" value=""/><description text=""/></frameCopy>
      <frameCopy name="CatalogList" prefix="SUDA_CATLIST" suffix="26"><alias namespace="SUDA" value=""/><description text=""/></frameCopy>
      <frameCopy name="CatalogList" prefix="SUDA_CATLIST" suffix="27"><alias namespace="SUDA" value=""/><description text=""/></frameCopy>
      <frameCopy name="CatalogList" prefix="SUDA_CATLIST" suffix="28"><alias namespace="SUDA" value=""/><description text=""/></frameCopy>
      <frameCopy name="CatalogList" prefix="SUDA_CATLIST" suffix="29"><alias namespace="SUDA" value=""/><description text=""/></frameCopy>
      <frameCopy name="CatalogList" prefix="SUDA_CATLIST" suffix="30"><alias namespace="SUDA" value=""/><description text=""/></frameCopy>
      <frameCopy name="CatalogList" prefix="SUDA_CATLIST" suffix="31"><alias namespace="SUDA" value=""/><description text=""/></frameCopy>
      <frameCopy name="CatalogList" prefix="SUDA_CATLIST" suffix="32"><alias namespace="SUDA" value=""/><description text=""/></frameCopy>
      <frameCopy name="CatalogList" prefix="SUDA_CATLIST" suffix="33"><alias namespace="SUDA" value=""/><description text=""/></frameCopy>
      <frameCopy name="CatalogList" prefix="SUDA_CATLIST" suffix="34"><alias namespace="SUDA" value=""/><description text=""/></frameCopy>
      <frameCopy name="CatalogList" prefix="SUDA_CATLIST" suffix="35"><alias namespace="SUDA" value=""/><description text=""/></frameCopy>
      <frameCopy name="CatalogList" prefix="SUDA_CATLIST" suffix="36"><alias namespace="SUDA" value=""/><description text=""/></frameCopy>
      <frameCopy name="CatalogList" prefix="SUDA_CATLIST" suffix="37"><alias namespace="SUDA" value=""/><description text=""/></frameCopy>
      <frameCopy name="CatalogList" prefix="SUDA_CATLIST" suffix="38"><alias namespace="SUDA" value=""/><description text=""/></frameCopy>
      <frameCopy name="CatalogList" prefix="SUDA_CATLIST" suffix="39"><alias namespace="SUDA" value=""/><description text=""/></frameCopy>
      <frameCopy name="CatalogList" prefix="SUDA_CATLIST" suffix="40"><alias namespace="SUDA" value=""/><description text=""/></frameCopy>
      <frameCopy name="CatalogList" prefix="SUDA_CATLIST" suffix="41"><alias namespace="SUDA" value=""/><description text=""/></frameCopy>
      <frameCopy name="CatalogList" prefix="SUDA_CATLIST" suffix="42"><alias namespace="SUDA" value=""/><description text=""/></frameCopy>
      <frameCopy name="CatalogList" prefix="SUDA_CATLIST" suffix="43"><alias namespace="SUDA" value=""/><description text=""/></frameCopy>
      <frameCopy name="CatalogList" prefix="SUDA_CATLIST" suffix="44"><alias namespace="SUDA" value=""/><description text=""/></frameCopy>
      <frameCopy name="CatalogList" prefix="SUDA_CATLIST" suffix="45"><alias namespace="SUDA" value=""/><description text=""/></frameCopy>
      <frameCopy name="CatalogList" prefix="SUDA_CATLIST" suffix="46"><alias namespace="SUDA" value=""/><description text=""/></frameCopy>
      <frameCopy name="CatalogList" prefix="SUDA_CATLIST" suffix="47"><alias namespace="SUDA" value=""/><description text=""/></frameCopy>
      <frameCopy name="CatalogList" prefix="SUDA_CATLIST" suffix="48"><alias namespace="SUDA" value=""/><description text=""/></frameCopy>
      <frameCopy name="CatalogList" prefix="SUDA_CATLIST" suffix="49"><alias namespace="SUDA" value=""/><description text=""/></frameCopy>
      <frameCopy name="CatalogList" prefix="SUDA_CATLIST" suffix="50"><alias namespace="SUDA" value=""/><description text=""/></frameCopy>
      <frameCopy name="CatalogList" prefix="SUDA_CATLIST" suffix="51"><alias namespace="SUDA" value=""/><description text=""/></frameCopy>
      <frameCopy name="CatalogList" prefix="SUDA_CATLIST" suffix="52"><alias namespace="SUDA" value=""/><description text=""/></frameCopy>
      <frameCopy name="CatalogList" prefix="SUDA_CATLIST" suffix="53"><alias namespace="SUDA" value=""/><description text=""/></frameCopy>
      <frameCopy name="CatalogList" prefix="SUDA_CATLIST" suffix="54"><alias namespace="SUDA" value=""/><description text=""/></frameCopy>
      <frameCopy name="CatalogList" prefix="SUDA_CATLIST" suffix="55"><alias namespace="SUDA" value=""/><description text=""/></frameCopy>
      <frameCopy name="CatalogList" prefix="SUDA_CATLIST" suffix="56"><alias namespace="SUDA" value=""/><description text=""/></frameCopy>
      <frameCopy name="CatalogList" prefix="SUDA_CATLIST" suffix="57"><alias namespace="SUDA" value=""/><description text=""/></frameCopy>
      <frameCopy name="CatalogList" prefix="SUDA_CATLIST" suffix="58"><alias namespace="SUDA" value=""/><description text=""/></frameCopy>
      <frameCopy name="CatalogList" prefix="SUDA_CATLIST" suffix="59"><alias namespace="SUDA" value=""/><description text=""/></frameCopy>
      <frameCopy name="CatalogList" prefix="SUDA_CATLIST" suffix="60"><alias namespace="SUDA" value=""/><description text=""/></frameCopy>
      <frameCopy name="CatalogList" prefix="SUDA_CATLIST" suffix="61"><alias namespace="SUDA" value=""/><description text=""/></frameCopy>
      <frameCopy name="CatalogList" prefix="SUDA_CATLIST" suffix="62"><alias namespace="SUDA" value=""/><description text=""/></frameCopy>
      <frameCopy name="CatalogList" prefix="SUDA_CATLIST" suffix="63"><alias namespace="SUDA" value=""/><description text=""/></frameCopy>
      <frameCopy name="CatalogList" prefix="SUDA_CATLIST" suffix="64"><alias namespace="SUDA" value=""/><description text=""/></frameCopy>
      <frameCopy name="CatalogList" prefix="SUDA_CATLIST" suffix="65"><alias namespace="SUDA" value=""/><description text=""/></frameCopy>
      <frameCopy name="CatalogList" prefix="SUDA_CATLIST" suffix="66"><alias namespace="SUDA" value=""/><description text=""/></frameCopy>
      <frameCopy name="CatalogList" prefix="SUDA_CATLIST" suffix="67"><alias namespace="SUDA" value=""/><description text=""/></frameCopy>
      <frameCopy name="CatalogList" prefix="SUDA_CATLIST" suffix="68"><alias namespace="SUDA" value=""/><description text=""/></frameCopy>
      <frameCopy name="CatalogList" prefix="SUDA_CATLIST" suffix="69"><alias namespace="SUDA" value=""/><description text=""/></frameCopy>
      <frameCopy name="CatalogList" prefix="SUDA_CATLIST" suffix="70"><alias namespace="SUDA" value=""/><description text=""/></frameCopy>
      <frameCopy name="CatalogList" prefix="SUDA_CATLIST" suffix="71"><alias namespace="SUDA" value=""/><description text=""/></frameCopy>
      <frameCopy name="CatalogList" prefix="SUDA_CATLIST" suffix="72"><alias namespace="SUDA" value=""/><description text=""/></frameCopy>
      <frameCopy name="CatalogList" prefix="SUDA_CATLIST" suffix="73"><alias namespace="SUDA" value=""/><description text=""/></frameCopy>
      <frameCopy name="CatalogList" prefix="SUDA_CATLIST" suffix="74"><alias namespace="SUDA" value=""/><description text=""/></frameCopy>
      <frameCopy name="CatalogList" prefix="SUDA_CATLIST" suffix="75"><alias namespace="SUDA" value=""/><description text=""/></frameCopy>
      <frameCopy name="CatalogList" prefix="SUDA_CATLIST" suffix="76"><alias namespace="SUDA" value=""/><description text=""/></frameCopy>
      <frameCopy name="CatalogList" prefix="SUDA_CATLIST" suffix="77"><alias namespace="SUDA" value=""/><description text=""/></frameCopy>
      <frameCopy name="CatalogList" prefix="SUDA_CATLIST" suffix="78"><alias namespace="SUDA" value=""/><description text=""/></frameCopy>
      <frameCopy name="CatalogList" prefix="SUDA_CATLIST" suffix="79"><alias namespace="SUDA" value=""/><description text=""/></frameCopy>
      <frameCopy name="CatalogList" prefix="SUDA_CATLIST" suffix="80"><alias namespace="SUDA" value=""/><description text=""/></frameCopy>
      <frameCopy name="CatalogList" prefix="SUDA_CATLIST" suffix="81"><alias namespace="SUDA" value=""/><description text=""/></frameCopy>
      <frameCopy name="CatalogList" prefix="SUDA_CATLIST" suffix="82"><alias namespace="SUDA" value=""/><description text=""/></frameCopy>
      <frameCopy name="CatalogList" prefix="SUDA_CATLIST" suffix="83"><alias namespace="SUDA" value=""/><description text=""/></frameCopy>
      <frameCopy name="CatalogList" prefix="SUDA_CATLIST" suffix="84"><alias namespace="SUDA" value=""/><description text=""/></frameCopy>
      <frameCopy name="CatalogList" prefix="SUDA_CATLIST" suffix="85"><alias namespace="SUDA" value=""/><description text=""/></frameCopy>
      <frameCopy name="CatalogList" prefix="SUDA_CATLIST" suffix="86"><alias namespace="SUDA" value=""/><description text=""/></frameCopy>
      <frameCopy name="CatalogList" prefix="SUDA_CATLIST" suffix="87"><alias namespace="SUDA" value=""/><description text=""/></frameCopy>
      <frameCopy name="CatalogList" prefix="SUDA_CATLIST" suffix="88"><alias namespace="SUDA" value=""/><description text=""/></frameCopy>
      <frameCopy name="CatalogList" prefix="SUDA_CATLIST" suffix="89"><alias namespace="SUDA" value=""/><description text=""/></frameCopy>
      <frameCopy name="CatalogList" prefix="SUDA_CATLIST" suffix="90"><alias namespace="SUDA" value=""/><description text=""/></frameCopy>
      <frameCopy name="CatalogList" prefix="SUDA_CATLIST" suffix="91"><alias namespace="SUDA" value=""/><description text=""/></frameCopy>
      <frameCopy name="CatalogList" prefix="SUDA_CATLIST" suffix="92"><alias namespace="SUDA" value=""/><description text=""/></frameCopy>
      <frameCopy name="CatalogList" prefix="SUDA_CATLIST" suffix="93"><alias namespace="SUDA" value=""/><description text=""/></frameCopy>
      <frameCopy name="CatalogList" prefix="SUDA_CATLIST" suffix="94"><alias namespace="SUDA" value=""/><description text=""/></frameCopy>
      <frameCopy name="CatalogList" prefix="SUDA_CATLIST" suffix="95"><alias namespace="SUDA" value=""/><description text=""/></frameCopy>
      <frameCopy name="CatalogList" prefix="SUDA_CATLIST" suffix="96"><alias namespace="SUDA" value=""/><description text=""/></frameCopy>
      <frameCopy name="CatalogList" prefix="SUDA_CATLIST" suffix="97"><alias namespace="SUDA" value=""/><description text=""/></frameCopy>
      <frameCopy name="CatalogList" prefix="SUDA_CATLIST" suffix="98"><alias namespace="SUDA" value=""/><description text=""/></frameCopy>
      <frameCopy name="CatalogList" prefix="SUDA_CATLIST" suffix="99"><alias namespace="SUDA" value=""/><description text=""/></frameCopy>
      <frameCopy name="CatalogList" prefix="SUDA_CATLIST" suffix="100"><alias namespace="SUDA" value=""/><description text=""/></frameCopy>
      <frameCopy name="CatalogList" prefix="SUDA_CATLIST" suffix="101"><alias namespace="SUDA" value=""/><description text=""/></frameCopy>
      <frameCopy name="CatalogList" prefix="SUDA_CATLIST" suffix="102"><alias namespace="SUDA" value=""/><description text=""/></frameCopy>
      <frameCopy name="CatalogList" prefix="SUDA_CATLIST" suffix="103"><alias namespace="SUDA" value=""/><description text=""/></frameCopy>
      <frameCopy name="CatalogList" prefix="SUDA_CATLIST" suffix="104"><alias namespace="SUDA" value=""/><description text=""/></frameCopy>
      <frameCopy name="CatalogList" prefix="SUDA_CATLIST" suffix="105"><alias namespace="SUDA" value=""/><description text=""/></frameCopy>
      <frameCopy name="CatalogList" prefix="SUDA_CATLIST" suffix="106"><alias namespace="SUDA" value=""/><description text=""/></frameCopy>
      <frameCopy name="CatalogList" prefix="SUDA_CATLIST" suffix="107"><alias namespace="SUDA" value=""/><description text=""/></frameCopy>
      <frameCopy name="CatalogList" prefix="SUDA_CATLIST" suffix="108"><alias namespace="SUDA" value=""/><description text=""/></frameCopy>
      <frameCopy name="CatalogList" prefix="SUDA_CATLIST" suffix="109"><alias namespace="SUDA" value=""/><description text=""/></frameCopy>
      <frameCopy name="CatalogList" prefix="SUDA_CATLIST" suffix="110"><alias namespace="SUDA" value=""/><description text=""/></frameCopy>
      <frameCopy name="CatalogList" prefix="SUDA_CATLIST" suffix="111"><alias namespace="SUDA" value=""/><description text=""/></frameCopy>
      <frameCopy name="CatalogList" prefix="SUDA_CATLIST" suffix="112"><alias namespace="SUDA" value=""/><description text=""/></frameCopy>
      <frameCopy name="CatalogList" prefix="SUDA_CATLIST" suffix="113"><alias namespace="SUDA" value=""/><description text=""/></frameCopy>
      <frameCopy name="CatalogList" prefix="SUDA_CATLIST" suffix="114"><alias namespace="SUDA" value=""/><description text=""/></frameCopy>
      <frameCopy name="CatalogList" prefix="SUDA_CATLIST" suffix="115"><alias namespace="SUDA" value=""/><description text=""/></frameCopy>
      <frameCopy name="CatalogList" prefix="SUDA_CATLIST" suffix="116"><alias namespace="SUDA" value=""/><description text=""/></frameCopy>
      <frameCopy name="CatalogList" prefix="SUDA_CATLIST" suffix="117"><alias namespace="SUDA" value=""/><description text=""/></frameCopy>
      <frameCopy name="CatalogList" prefix="SUDA_CATLIST" suffix="118"><alias namespace="SUDA" value=""/><description text=""/></frameCopy>
      <frameCopy name="CatalogList" prefix="SUDA_CATLIST" suffix="119"><alias namespace="SUDA" value=""/><description text=""/></frameCopy>
      <frameCopy name="CatalogList" prefix="SUDA_CATLIST" suffix="120"><alias namespace="SUDA" value=""/><description text=""/></frameCopy>
      <frameCopy name="CatalogList" prefix="SUDA_CATLIST" suffix="121"><alias namespace="SUDA" value=""/><description text=""/></frameCopy>
      <frameCopy name="CatalogList" prefix="SUDA_CATLIST" suffix="122"><alias namespace="SUDA" value=""/><description text=""/></frameCopy>
      <frameCopy name="CatalogList" prefix="SUDA_CATLIST" suffix="123"><alias namespace="SUDA" value=""/><description text=""/></frameCopy>
      <frameCopy name="CatalogList" prefix="SUDA_CATLIST" suffix="124"><alias namespace="SUDA" value=""/><description text=""/></frameCopy>
      <frameCopy name="CatalogList" prefix="SUDA_CATLIST" suffix="125"><alias namespace="SUDA" value=""/><description text=""/></frameCopy>
      <frameCopy name="CatalogList" prefix="SUDA_CATLIST" suffix="126"><alias namespace="SUDA" value=""/><description text=""/></frameCopy>
      <frameCopy name="CatalogList" prefix="SUDA_CATLIST" suffix="127"><alias namespace="SUDA" value=""/><description text=""/></frameCopy>
      <frameCopy name="CatalogList" prefix="SUDA_CATLIST" suffix="128"><alias namespace="SUDA" value=""/><description text=""/></frameCopy>
      <frameCopy name="CatalogList" prefix="SUDA_CATLIST" suffix="129"><alias namespace="SUDA" value=""/><description text=""/></frameCopy>
      <frameCopy name="CatalogList" prefix="SUDA_CATLIST" suffix="130"><alias namespace="SUDA" value=""/><description text=""/></frameCopy>
      <frameCopy name="CatalogList" prefix="SUDA_CATLIST" suffix="131"><alias namespace="SUDA" value=""/><description text=""/></frameCopy>
      <frameCopy name="CatalogList" prefix="SUDA_CATLIST" suffix="132"><alias namespace="SUDA" value=""/><description text=""/></frameCopy>
      <frameCopy name="CatalogList" prefix="SUDA_CATLIST" suffix="133"><alias namespace="SUDA" value=""/><description text=""/></frameCopy>
      <frameCopy name="CatalogList" prefix="SUDA_CATLIST" suffix="134"><alias namespace="SUDA" value=""/><description text=""/></frameCopy>
      <frameCopy name="CatalogList" prefix="SUDA_CATLIST" suffix="135"><alias namespace="SUDA" value=""/><description text=""/></frameCopy>
      <frameCopy name="CatalogList" prefix="SUDA_CATLIST" suffix="136"><alias namespace="SUDA" value=""/><description text=""/></frameCopy>
      <frameCopy name="CatalogList" prefix="SUDA_CATLIST" suffix="137"><alias namespace="SUDA" value=""/><description text=""/></frameCopy>
      <frameCopy name="CatalogList" prefix="SUDA_CATLIST" suffix="138"><alias namespace="SUDA" value=""/><description text=""/></frameCopy>
      <frameCopy name="CatalogList" prefix="SUDA_CATLIST" suffix="139"><alias namespace="SUDA" value=""/><description text=""/></frameCopy>
      <frameCopy name="CatalogList" prefix="SUDA_CATLIST" suffix="140"><alias namespace="SUDA" value=""/><description text=""/></frameCopy>
      <frameCopy name="CatalogList" prefix="SUDA_CATLIST" suffix="141"><alias namespace="SUDA" value=""/><description text=""/></frameCopy>
      <frameCopy name="CatalogList" prefix="SUDA_CATLIST" suffix="142"><alias namespace="SUDA" value=""/><description text=""/></frameCopy>
      <frameCopy name="CatalogList" prefix="SUDA_CATLIST" suffix="143"><alias namespace="SUDA" value=""/><description text=""/></frameCopy>
      <frameCopy name="CatalogList" prefix="SUDA_CATLIST" suffix="144"><alias namespace="SUDA" value=""/><description text=""/></frameCopy>
      <frameCopy name="CatalogList" prefix="SUDA_CATLIST" suffix="145"><alias namespace="SUDA" value=""/><description text=""/></frameCopy>
      <frameCopy name="CatalogList" prefix="SUDA_CATLIST" suffix="146"><alias namespace="SUDA" value=""/><description text=""/></frameCopy>
      <frameCopy name="CatalogList" prefix="SUDA_CATLIST" suffix="147"><alias namespace="SUDA" value=""/><description text=""/></frameCopy>
      <frameCopy name="CatalogList" prefix="SUDA_CATLIST" suffix="148"><alias namespace="SUDA" value=""/><description text=""/></frameCopy>
      <frameCopy name="CatalogList" prefix="SUDA_CATLIST" suffix="149"><alias namespace="SUDA" value=""/><description text=""/></frameCopy>
      <frameCopy name="CatalogList" prefix="SUDA_CATLIST" suffix="150"><alias namespace="SUDA" value=""/><description text=""/></frameCopy>
      <frameCopy name="CatalogList" prefix="SUDA_CATLIST" suffix="151"><alias namespace="SUDA" value=""/><description text=""/></frameCopy>
      <frameCopy name="CatalogList" prefix="SUDA_CATLIST" suffix="152"><alias namespace="SUDA" value=""/><description text=""/></frameCopy>
      <frameCopy name="CatalogList" prefix="SUDA_CATLIST" suffix="153"><alias namespace="SUDA" value=""/><description text=""/></frameCopy>
      <frameCopy name="CatalogList" prefix="SUDA_CATLIST" suffix="154"><alias namespace="SUDA" value=""/><description text=""/></frameCopy>
      <frameCopy name="CatalogList" prefix="SUDA_CATLIST" suffix="155"><alias namespace="SUDA" value=""/><description text=""/></frameCopy>
      <frameCopy name="CatalogList" prefix="SUDA_CATLIST" suffix="156"><alias namespace="SUDA" value=""/><description text=""/></frameCopy>
      <frameCopy name="CatalogList" prefix="SUDA_CATLIST" suffix="157"><alias namespace="SUDA" value=""/><description text=""/></frameCopy>
      <frameCopy name="CatalogList" prefix="SUDA_CATLIST" suffix="158"><alias namespace="SUDA" value=""/><description text=""/></frameCopy>
      <frameCopy name="CatalogList" prefix="SUDA_CATLIST" suffix="159"><alias namespace="SUDA" value=""/><description text=""/></frameCopy>
      <frameCopy name="CatalogList" prefix="SUDA_CATLIST" suffix="160"><alias namespace="SUDA" value=""/><description text=""/></frameCopy>
      <frameCopy name="CatalogList" prefix="SUDA_CATLIST" suffix="161"><alias namespace="SUDA" value=""/><description text=""/></frameCopy>
      <frameCopy name="CatalogList" prefix="SUDA_CATLIST" suffix="162"><alias namespace="SUDA" value=""/><description text=""/></frameCopy>
      <frameCopy name="CatalogList" prefix="SUDA_CATLIST" suffix="163"><alias namespace="SUDA" value=""/><description text=""/></frameCopy>
      <frameCopy name="CatalogList" prefix="SUDA_CATLIST" suffix="164"><alias namespace="SUDA" value=""/><description text=""/></frameCopy>
      <frameCopy name="CatalogList" prefix="SUDA_CATLIST" suffix="165"><alias namespace="SUDA" value=""/><description text=""/></frameCopy>
      <frameCopy name="CatalogList" prefix="SUDA_CATLIST" suffix="166"><alias namespace="SUDA" value=""/><description text=""/></frameCopy>
      <frameCopy name="CatalogList" prefix="SUDA_CATLIST" suffix="167"><alias namespace="SUDA" value=""/><description text=""/></frameCopy>
      <frameCopy name="CatalogList" prefix="SUDA_CATLIST" suffix="168"><alias namespace="SUDA" value=""/><description text=""/></frameCopy>
      <frameCopy name="CatalogList" prefix="SUDA_CATLIST" suffix="169"><alias namespace="SUDA" value=""/><description text=""/></frameCopy>
      <frameCopy name="CatalogList" prefix="SUDA_CATLIST" suffix="170"><alias namespace="SUDA" value=""/><description text=""/></frameCopy>
      <frameCopy name="CatalogList" prefix="SUDA_CATLIST" suffix="171"><alias namespace="SUDA" value=""/><description text=""/></frameCopy>
      <frameCopy name="CatalogList" prefix="SUDA_CATLIST" suffix="172"><alias namespace="SUDA" value=""/><description text=""/></frameCopy>
      <frameCopy name="CatalogList" prefix="SUDA_CATLIST" suffix="173"><alias namespace="SUDA" value=""/><description text=""/></frameCopy>
      <frameCopy name="CatalogList" prefix="SUDA_CATLIST" suffix="174"><alias namespace="SUDA" value=""/><description text=""/></frameCopy>
      <frameCopy name="CatalogList" prefix="SUDA_CATLIST" suffix="175"><alias namespace="SUDA" value=""/><description text=""/></frameCopy>
      <frameCopy name="CatalogList" prefix="SUDA_CATLIST" suffix="176"><alias namespace="SUDA" value=""/><description text=""/></frameCopy>
      <frameCopy name="CatalogList" prefix="SUDA_CATLIST" suffix="177"><alias namespace="SUDA" value=""/><description text=""/></frameCopy>
      <frameCopy name="CatalogList" prefix="SUDA_CATLIST" suffix="178"><alias namespace="SUDA" value=""/><description text=""/></frameCopy>
      <frameCopy name="CatalogList" prefix="SUDA_CATLIST" suffix="179"><alias namespace="SUDA" value=""/><description text=""/></frameCopy>
      <frameCopy name="CatalogList" prefix="SUDA_CATLIST" suffix="180"><alias namespace="SUDA" value=""/><description text=""/></frameCopy>
      <frameCopy name="CatalogList" prefix="SUDA_CATLIST" suffix="181"><alias namespace="SUDA" value=""/><description text=""/></frameCopy>
      <frameCopy name="CatalogList" prefix="SUDA_CATLIST" suffix="182"><alias namespace="SUDA" value=""/><description text=""/></frameCopy>
      <frameCopy name="CatalogList" prefix="SUDA_CATLIST" suffix="183"><alias namespace="SUDA" value=""/><description text=""/></frameCopy>
      <frameCopy name="CatalogList" prefix="SUDA_CATLIST" suffix="184"><alias namespace="SUDA" value=""/><description text=""/></frameCopy>
      <frameCopy name="CatalogList" prefix="SUDA_CATLIST" suffix="185"><alias namespace="SUDA" value=""/><description text=""/></frameCopy>
      <frameCopy name="CatalogList" prefix="SUDA_CATLIST" suffix="186"><alias namespace="SUDA" value=""/><description text=""/></frameCopy>
      <frameCopy name="CatalogList" prefix="SUDA_CATLIST" suffix="187"><alias namespace="SUDA" value=""/><description text=""/></frameCopy>
      <frameCopy name="CatalogList" prefix="SUDA_CATLIST" suffix="188"><alias namespace="SUDA" value=""/><description text=""/></frameCopy>
      <frameCopy name="CatalogList" prefix="SUDA_CATLIST" suffix="189"><alias namespace="SUDA" value=""/><description text=""/></frameCopy>
      <frameCopy name="CatalogList" prefix="SUDA_CATLIST" suffix="190"><alias namespace="SUDA" value=""/><description text=""/></frameCopy>
      <frameCopy name="CatalogList" prefix="SUDA_CATLIST" suffix="191"><alias namespace="SUDA" value=""/><description text=""/></frameCopy>
      <frameCopy name="CatalogList" prefix="SUDA_CATLIST" suffix="192"><alias namespace="SUDA" value=""/><description text=""/></frameCopy>
      <frameCopy name="CatalogList" prefix="SUDA_CATLIST" suffix="193"><alias namespace="SUDA" value=""/><description text=""/></frameCopy>
      <frameCopy name="CatalogList" prefix="SUDA_CATLIST" suffix="194"><alias namespace="SUDA" value=""/><description text=""/></frameCopy>
      <frameCopy name="CatalogList" prefix="SUDA_CATLIST" suffix="195"><alias namespace="SUDA" value=""/><description text=""/></frameCopy>
      <frameCopy name="CatalogList" prefix="SUDA_CATLIST" suffix="196"><alias namespace="SUDA" value=""/><description text=""/></frameCopy>
      <frameCopy name="CatalogList" prefix="SUDA_CATLIST" suffix="197"><alias namespace="SUDA" value=""/><description text=""/></frameCopy>
      <frameCopy name="CatalogList" prefix="SUDA_CATLIST" suffix="198"><alias namespace="SUDA" value=""/><description text=""/></frameCopy>
      <frameCopy name="CatalogList" prefix="SUDA_CATLIST" suffix="199"><alias namespace="SUDA" value=""/><description text=""/></frameCopy>
      <frameCopy name="CatalogList" prefix="SUDA_CATLIST" suffix="200"><alias namespace="SUDA" value=""/><description text=""/></frameCopy>
      <frameCopy name="CatalogList" prefix="SUDA_CATLIST" suffix="201"><alias namespace="SUDA" value=""/><description text=""/></frameCopy>
      <frameCopy name="CatalogList" prefix="SUDA_CATLIST" suffix="202"><alias namespace="SUDA" value=""/><description text=""/></frameCopy>
      <frameCopy name="CatalogList" prefix="SUDA_CATLIST" suffix="203"><alias namespace="SUDA" value=""/><description text=""/></frameCopy>
      <frameCopy name="CatalogList" prefix="SUDA_CATLIST" suffix="204"><alias namespace="SUDA" value=""/><description text=""/></frameCopy>
      <frameCopy name="CatalogList" prefix="SUDA_CATLIST" suffix="205"><alias namespace="SUDA" value=""/><description text=""/></frameCopy>
      <frameCopy name="CatalogList" prefix="SUDA_CATLIST" suffix="206"><alias namespace="SUDA" value=""/><description text=""/></frameCopy>
      <frameCopy name="CatalogList" prefix="SUDA_CATLIST" suffix="207"><alias namespace="SUDA" value=""/><description text=""/></frameCopy>
      <frameCopy name="CatalogList" prefix="SUDA_CATLIST" suffix="208"><alias namespace="SUDA" value=""/><description text=""/></frameCopy>
      <frameCopy name="CatalogList" prefix="SUDA_CATLIST" suffix="209"><alias namespace="SUDA" value=""/><description text=""/></frameCopy>
      <frameCopy name="CatalogList" prefix="SUDA_CATLIST" suffix="210"><alias namespace="SUDA" value=""/><description text=""/></frameCopy>
      <frameCopy name="CatalogList" prefix="SUDA_CATLIST" suffix="211"><alias namespace="SUDA" value=""/><description text=""/></frameCopy>
      <frameCopy name="CatalogList" prefix="SUDA_CATLIST" suffix="212"><alias namespace="SUDA" value=""/><description text=""/></frameCopy>
      <frameCopy name="CatalogList" prefix="SUDA_CATLIST" suffix="213"><alias namespace="SUDA" value=""/><description text=""/></frameCopy>
      <frameCopy name="CatalogList" prefix="SUDA_CATLIST" suffix="214"><alias namespace="SUDA" value=""/><description text=""/></frameCopy>
      <frameCopy name="CatalogList" prefix="SUDA_CATLIST" suffix="215"><alias namespace="SUDA" value=""/><description text=""/></frameCopy>
      <frameCopy name="CatalogList" prefix="SUDA_CATLIST" suffix="216"><alias namespace="SUDA" value=""/><description text=""/></frameCopy>
      <frameCopy name="CatalogList" prefix="SUDA_CATLIST" suffix="217"><alias namespace="SUDA" value=""/><description text=""/></frameCopy>
      <frameCopy name="CatalogList" prefix="SUDA_CATLIST" suffix="218"><alias namespace="SUDA" value=""/><description text=""/></frameCopy>
      <frameCopy name="CatalogList" prefix="SUDA_CATLIST" suffix="219"><alias namespace="SUDA" value=""/><description text=""/></frameCopy>
      <frameCopy name="CatalogList" prefix="SUDA_CATLIST" suffix="220"><alias namespace="SUDA" value=""/><description text=""/></frameCopy>
      <frameCopy name="CatalogList" prefix="SUDA_CATLIST" suffix="221"><alias namespace="SUDA" value=""/><description text=""/></frameCopy>
      <frameCopy name="CatalogList" prefix="SUDA_CATLIST" suffix="222"><alias namespace="SUDA" value=""/><description text=""/></frameCopy>
      <frameCopy name="CatalogList" prefix="SUDA_CATLIST" suffix="223"><alias namespace="SUDA" value=""/><description text=""/></frameCopy>

      <itemDef name="SUDA_SYNCCATLISTPKT" type="dn16"><alias namespace="SUDA" value="SYNCCATLISTPKT"/>
        <description text="Synchronization marker"/></itemDef>
      <itemDef name="SUDA_CRCCATLISTPKT" type="dn16"><alias namespace="SUDA" value="CRCCATLISTPKT"/>
        <description text="CRC CCITT-16"/></itemDef>
    </field>
  </frameDef>

  <frameDef name="suda_catlist" id="0x058B"><description text="Catalog List Summary Packet"/>
    <field>
      <frameCopy name="CCSDSPriHeader" suffix="_catlistPkt"/>
      <frameCopy name="CCSDSSecHeader" suffix="_catlistPkt"/>
      <item name="suda_catlist_hk_frame"/>
    </field>
  </frameDef>


</hydraDef>





