<!-- CDA-specific file to define types used in CDA telemetry -->

<hydraDef>
    <include>Config\cda_types.xml</include>

    <!-- Include dictionary for these types -->
    <include>Config\cda_dicts.xml</include>

    <!--Number Types not already defined elsewhere -->
    <typeDN name="dn1" size="1"/>
    <typeDN name="dn2" size="2"/>
    <typeDN name="dn3" size="3"/>
    <typeDN name="dn4" size="4"/>
    <typeDN name="dn5" size="5"/>
    <typeDN name="dn6" size="6"/>
    <typeDN name="dn7" size="7"/>
    <typeDN name="dn8" size="8"/>
    <typeDN name="dn9" size="9"/>
    <typeDN name="dn10" size="10"/>
    <typeDN name="dn11" size="11"/>
    <typeDN name="dn12" size="12"/>
    <typeDN name="dn13" size="13"/>
    <typeDN name="dn14" size="14"/>
    <typeDN name="dn15" size="15"/>
    <typeDN name="dn16" size="16"/>

    <typeDN name="articulationState" size="1" dict="articulationStateDictionary"/>
    <typeDN name="qpRamId" size="1" dict="qpRamIdDictionary"/>
    <typeDN name="ramId" size="1" dict="ramIdDictionary"/>
    <typeDN name="cpuSpeed" size="1" dict="cpuSpeedDictionary"/>
    <typeDN name="cpuResetStatus" size="1" dict="cpuResetStatusDictionary"/>
    <typeDN name="sleepId" size="1" dict="sleepIdDictionary"/>
    <typeDN name="watchDogExpired" size="1" dict="watchDogExpiredDictionary"/>
    <typeDN name="error" size="1" dict="errorDictionary"/>
    <typeDN name="okError" size="1" dict="okErrorDictionary"/>
    <typeDN name="interupt" size="1" dict="interuptDictionary"/>
    <typeDN name="ampRange" size="1" dict="ampRangeDictionary"/>
    <typeDN name="onOff" size="1" dict="onOffDictionary"/>
    <typeDN name="cruiseMode" size="1" dict="cruiseModeDictionary"/>
    <typeDN name="hkCruiseMode" size="1" dict="hkCruiseModeDictionary"/>
    <typeDN name="amCurrentSetting" size="2" dict="amCurrentSettingDictionary"/>
    <typeDN name="amDirection" size="1" dict="amDirectionDictionary"/>
    <typeDN name="amDeactivation" size="1" dict="amDeactivationDictionary"/>
    <typeDN name="cmdStatus" size="2" dict="cmdStatusDictionary"/>
    <typeDN name="cmdEnable" size="1" dict="cmdEnableDictionary"/>
    <typeDN name="cmdMotorState" size="1" dict="cmdMotorStateDictionary"/>
    <typeDN name="cmdMotorDirection" size="1" dict="cmdMotorDirectionDictionary"/>
    <typeDN name="cmdMotorSwitchMonitor" size="1" dict="cmdMotorSwitchMonitorDictionary"/>
    <typeDN name="cmdMotorReset" size="1" dict="cmdMotorResetDictionary"/>
    <typeDN name="cmdTurnReference" size="1" dict="cmdTurnReferenceDictionary"/>
    <typeDN name="cmdAutoTurnOn" size="1" dict="cmdAutoTurnOnDictionary"/>
    <typeDN name="cmdAutoTurnOff" size="1" dict="cmdAutoTurnOffDictionary"/>
    <typeDN name="cmdHrdPowerState" size="1" dict="cmdHrdPowerStateDictionary"/>
    <typeDN name="cmdHrdBusState" size="1" dict="cmdHrdBusStateDictionary"/>
    <typeDN name="cmdHrdReset" size="4" dict="cmdHrdResetDictionary"/>
    <typeDN name="cmdHrdRelaySelect" size="4" dict="cmdHrdRelaySelectDictionary"/>
    <typeDN name="cmdHrdCalMode" size="4" dict="cmdHrdCalModeDictionary"/>

</hydraDef>
