<!-- CDA-specific file to correlate value of types (from cda_types.xml) to text -->

<hydraDef>

    <!-- File starts with definitions specific to CDA -->

    <dictionary name="articulationStateDictionary">
        <pair key="1" str="ON"/>
        <pair key="0" str="OFF"/>
    </dictionary>

    <dictionary name="qpRamIdDictionary">
        <pair key="1" str="4k-8k"/>
        <pair key="0" str="0-4k"/>
    </dictionary>

    <dictionary name="ramIdDictionary">
        <pair key="1" str="32k-55k"/>
        <pair key="0" str="0-32k"/>
    </dictionary>

    <dictionary name="cpuSpeedDictionary">
        <pair key="1" str="6MHz"/>
        <pair key="0" str="3MHz"/>
    </dictionary>

    <dictionary name="cpuResetStatusDictionary">
        <pair key="1" str="Reset"/>
        <pair key="0" str=""/>
    </dictionary>

    <dictionary name="sleepIdDictionary">
        <pair key="1" str="Active High"/>
        <pair key="0" str="Sleep"/>
    </dictionary>

    <dictionary name="watchDogExpiredDictionary">
        <pair key="1" str="Expired"/>
        <pair key="0" str=""/>
    </dictionary>

    <dictionary name="errorDictionary">
        <pair key="1" str="Error"/>
        <pair key="0" str=""/>
    </dictionary>

    <dictionary name="okErrorDictionary">
        <pair key="1" str="Error"/>
        <pair key="0" str="OK"/>
    </dictionary>

    <dictionary name="interuptDictionary">
        <pair key="1" str=""/>
        <pair key="0" str="Interupt"/>
    </dictionary>

    <dictionary name="ampRangeDictionary">
        <pair key="1" str="High"/>
        <pair key="0" str="Low"/>
    </dictionary>

    <dictionary name="onOffDictionary">
        <pair key="1" str="ON"/>
        <pair key="0" str="OFF"/>
    </dictionary>

    <dictionary name="cruiseModeDictionary">
        <pair key="1" str="RPC"/>
        <pair key="0" str="NC"/>
    </dictionary>

    <dictionary name="hkCruiseModeDictionary">
        <pair key="1" str="HKIC"/>
        <pair key="0" str="HK"/>
    </dictionary>

    <dictionary name="amCurrentSettingDictionary">
        <pair key="0" str="150mA"/>
        <pair key="1" str="200mA"/>
        <pair key="2" str="250mA"/>
        <pair key="3" str="300mA"/>
    </dictionary>

    <dictionary name="amDirectionDictionary">
        <pair key="1" str="Left"/>
        <pair key="0" str="Right"/>
    </dictionary>

    <dictionary name="amDeactivationDictionary">
        <pair key="0" str="E"/>
        <pair key="1" str="D"/>
    </dictionary>

    <dictionary name="cmdStatusDictionary">
        <pair key="0" str="Rejected"/>
        <pair key="1" str="Accepted"/>
        <pair key="2" str="Executed"/>
        <pair key="3" str="Accepted + Executed"/>
    </dictionary>

    <dictionary name="cmdEnableDictionary">
        <pair key="0" str="Disable"/>
        <pair key="1" str="Enable"/>
    </dictionary>

    <dictionary name="cmdMotorStateDictionary">
        <pair key="0" str="OFF"/>
        <pair key="1" str="ON"/>
    </dictionary>

    <dictionary name="cmdMotorDirectionDictionary">
        <pair key="0" str="Right"/>
        <pair key="1" str="Left"/>
    </dictionary>

    <dictionary name="cmdMotorSwitchMonitorDictionary">
        <pair key="0" str="No"/>
        <pair key="1" str="Yes"/>
    </dictionary>

    <dictionary name="cmdMotorResetDictionary">
        <pair key="0" str="No"/>
        <pair key="1" str="Yes"/>
    </dictionary>

    <dictionary name="cmdTurnReferenceDictionary">
        <pair key="0" str="SW COUNT"/>
        <pair key="1" str="POTI"/>
    </dictionary>

    <dictionary name="cmdAutoTurnOnDictionary">
        <pair key="0" str="No"/>
        <pair key="1" str="Yes"/>
    </dictionary>

    <dictionary name="cmdAutoTurnOffDictionary">
        <pair key="0" str="No"/>
        <pair key="1" str="Yes"/>
    </dictionary>

    <dictionary name="cmdDataDictionary">
        <pair key="0" str="Release"/>
        <pair key="1" str="Reset"/>
    </dictionary>

    <dictionary name="cmdHrdPowerStateDictionary">
        <pair key="0" str="Off"/>
        <pair key="1" str="On"/>
    </dictionary>

    <dictionary name="cmdHrdBusStateDictionary">
        <pair key="0" str="Enable"/>
        <pair key="1" str="Disable"/>
    </dictionary>

    <dictionary name="cmdHrdResetDictionary">
        <pair key="5" str="UPLD_PROG"/>
        <pair key="10" str="PROM_PROG"/>
        <pair key="15" str="RESET_HRD"/>
    </dictionary>

    <dictionary name="cmdHrdRelaySelectDictionary">
        <pair key="5" str="RELAY1_ON"/>
        <pair key="6" str="RELAY1_OFF"/>
        <pair key="7" str="RELAY2_ON"/>
        <pair key="8" str="RELAY2_OFF"/>
    </dictionary>

    <dictionary name="cmdHrdCalModeDictionary">
        <pair key="10" str="ALL_GAIN"/>
        <pair key="11" str="GAIN_1"/>
        <pair key="12" str="GAIN_2"/>
        <pair key="13" str="GAIN_3"/>
        <pair key="14" str="GAIN_4"/>
        <pair key="15" str="INT_1"/>
        <pair key="16" str="INT_2"/>
    </dictionary>
</hydraDef>
