<!-- CDA-specific file to define CDA Housekeeping Telemetry Packet -->

<hydraDef>
    <!-- ====================================== -->
    <!-- HK Packet (APID 0x002)                 -->
    <!-- ====================================== -->

    <frameDef name="CDA_hk_frame"><description text="HK tlm contents"/>

        <field>
            <!-- spare bytes -->
            <itemDef name="CDA_SPARE1" type="dn8"><alias namespace="CDA" value="SPARE1"/>
                <description text="Spare"/></itemDef> <!-- byte 0 -->
            <itemDef name="CDA_SPARE2" type="dn8"><alias namespace="CDA" value="SPARE2"/>
                <description text="Spare"/></itemDef> <!-- byte 1 -->

            <!-- HK channels -->
            <itemDef name="CDA_EXPCURR" type="expCurrent"><units>MA</units><alias namespace="CDA" value="EXPCURR"/>
                <description text="The CDA experiment current"/></itemDef> <!-- byte 2 -->
            <itemDef name="CDA_VCCP5" type="vccP5V"><units>V</units><alias namespace="CDA" value="VCCP5"/>
                <description text="CDA digital voltage VCC +5V"/></itemDef> <!-- byte 3 -->
            <itemDef name="CDA_VAP6" type="vaP6V"><units>V</units><alias namespace="CDA" value="VAP6"/>
                <description text="CDA analog voltage VA +6V"/></itemDef> <!-- byte 4 -->
            <itemDef name="CDA_VAM6" type="vaN6V"><units>V</units><alias namespace="CDA" value="VAM6"/>
                <description text="CDA analog voltage VA -6V"/></itemDef> <!-- byte 5 -->
            <itemDef name="CDA_HVC" type="hvc"><units>V</units><alias namespace="CDA" value="HVC"/>
                <description text="High voltage chemical analyser"/></itemDef> <!-- byte 6 -->
            <itemDef name="CDA_HVI" type="hvi"><units>V</units><alias namespace="CDA" value="HVI"/>
                <description text="High voltage ion grid"/></itemDef> <!-- byte 7 -->
            <itemDef name="CDA_HVM" type="hvm"><units>V</units><alias namespace="CDA" value="HVM"/>
                <description text="High voltage multiplier"/></itemDef> <!-- byte 8 -->
            <itemDef name="CDA_TEMPLVCL" type="tempLVC1"><units>C</units><alias namespace="CDA" value="TEMPLVCL"/>
                <description text="Temperature at LVC1 board"/></itemDef> <!-- byte 9 -->
            <itemDef name="CDA_TEMPDLA" type="tempDLA"><units>C</units><alias namespace="CDA" value="TEMPDLA"/>
                <description text="Temperature at DLA board"/></itemDef> <!-- byte 10 -->
            <itemDef name="CDA_TEMPAMP" type="tempAmplBox"><units>C</units><alias namespace="CDA" value="TEMPAMP"/>
                <description text="Temperature at amplifiers"/></itemDef> <!-- byte 11 -->
            <itemDef name="CDA_TEMPQC" type="tempQC"><units>C</units><alias namespace="CDA" value="TEMPQC"/>
                <description text="Temperature at QC"/></itemDef> <!-- byte 12 -->
            <itemDef name="CDA_AMPOS" type="amPosition"><units>D</units><alias namespace="CDA" value="AMPOS"/>
                <description text="Articulation position"/></itemDef> <!-- byte 13 -->
            <itemDef name="CDA_AMVP30" type="articulationP30V"><units>V</units><alias namespace="CDA" value="AMVP30"/>
                <description text="Articulation voltage +30V"/></itemDef> <!-- byte 14 -->
            <itemDef name="CDA_HRDVCCP5" type="hrdVccP5V"><units>V</units><alias namespace="CDA" value="HRDVCCP5"/>
                <description text="HRD digital voltage VCC +5V"/></itemDef> <!-- byte 15 -->
            <itemDef name="CDA_HRDVA10" type="hrdVa10V"><units>V</units><alias namespace="CDA" value="HRDVA10"/>
                <description text="HRD analog voltage VA +/-10V"/></itemDef> <!-- byte 16 -->
            <itemDef name="CDA_TEMPHRD" type="tempHRD"><units>C</units><alias namespace="CDA" value="TEMPHRD"/>
                <description text="Temperature at HRD"/></itemDef> <!-- byte 17 -->

            <!-- spare bytes -->
            <itemDef name="CDA_SPARE3" type="dn8"><alias namespace="CDA" value="SPARE3"/>
                <description text="Spare"/></itemDef> <!-- byte 18 -->
            <itemDef name="CDA_SPARE4" type="dn8"><alias namespace="CDA" value="SPARE4"/>
                <description text="Spare"/></itemDef> <!-- byte 19 -->
            <itemDef name="CDA_SPARE5" type="dn4"><alias namespace="CDA" value="SPARE5"/>
                <description text="Spare"/></itemDef> <!-- byte 20, bits 8...5 -->

            
            <itemDef name="CDA_THRESQC" type="dn4"><alias namespace="CDA" value="THRESQC"/>
                <description text="QC Threshold"/></itemDef> <!-- byte 20, bits 1...4 -->
            <itemDef name="CDA_THRESQI" type="dn4"><alias namespace="CDA" value="THRESQI"/>
                <description text="QI Threshold"/></itemDef> <!-- byte 21, bits 8...5 -->
            <itemDef name="CDA_THRESQT" type="dn4"><alias namespace="CDA" value="THRESQT"/>
                <description text="QT Threshold"/></itemDef> <!-- byte 21, bits 1...4 -->
            <itemDef name="CDA_THRESMP" type="dn4"><alias namespace="CDA" value="THRESMP"/>
                <description text="MP Threshold"/></itemDef> <!-- byte 22, bits 8...5 -->
            <itemDef name="CDA_THRESQA" type="dn4"><alias namespace="CDA" value="THRESQA"/>
                <description text="QA Threshold"/></itemDef> <!-- byte 22, bits 1...4 -->

            <itemDef name="CDA_SPARE6" type="dn1"><alias namespace="CDA" value="SPARE6"/>
                <description text="Spare"/></itemDef> <!-- byte 23, bits 8 -->
            <itemDef name="CDA_HKCHKIC" type="hkCruiseMode"><alias namespace="CDA" value="HKCHKIC"/>
                <description text="HK Cruise/HK Interplanetary cruise"/></itemDef> <!-- byte 23, bits 7 -->
            <itemDef name="CDA_NCRPC" type="cruiseMode"><alias namespace="CDA" value="NCRPC"/>
                <description text="Normal Cruise/Ring plane crossing"/></itemDef> <!-- byte 23, bits 6 -->
            <itemDef name="CDA_EVDMP" type="onOff"><alias namespace="CDA" value="CDA_EVDMP"/>
                <description text="MP Event definition on/off"/></itemDef> <!-- byte 23, bits 5 -->
            <itemDef name="CDA_EVDQI" type="onOff"><alias namespace="CDA" value="CDA_EVDQI"/>
                <description text="QI Event definition on/off"/></itemDef> <!-- byte 23, bits 4 -->
            <itemDef name="CDA_EVDQA" type="onOff"><alias namespace="CDA" value="EVDQA"/>
                <description text="QA Event definition on/off3"/></itemDef> <!-- byte 23, bits 3 -->
            <itemDef name="CDA_EVDQC" type="onOff"><alias namespace="CDA" value="EVDQC"/>
                <description text="QC Event definition on/off"/></itemDef> <!-- byte 23, bits 2 -->
            <itemDef name="CDA_EVDQT" type="onOff"><alias namespace="CDA" value="EVDQT"/>
                <description text="QT Event definition on/off"/></itemDef> <!-- byte 23, bits 1 -->

            <itemDef name="CDA_AMCURSET" type="amCurrentSetting"><alias namespace="CDA" value="AMCURSET"/>
                <description text="AM motor current setting"/></itemDef> <!-- byte 24, bit 8, 7 -->
            <itemDef name="CDA_AMDIR" type="amDirection"><alias namespace="CDA" value="AMDIR"/>
                <description text="AM motor direction"/></itemDef> <!-- byte 24, bit 6 -->
            <itemDef name="CDA_AMSTATUS" type="amDeactivation"><alias namespace="CDA" value="AMSTATUS"/>
                <description text="AM deactivation E/D"/></itemDef> <!-- byte 24, bit 5 -->
            <itemDef name="CDA_AMLATCH" type="onOff"><alias namespace="CDA" value="AMLATCH"/>
                <description text="AM latch on/off"/></itemDef> <!-- byte 24, bit 4 -->
            <itemDef name="CDA_AMS270" type="dn1"><alias namespace="CDA" value="AMS270"/>
                <description text="AM 270 degree position switch"/></itemDef> <!-- byte 24, bit 3 -->
            <itemDef name="CDA_AMS0" type="dn1"><alias namespace="CDA" value="AMS270"/>
                <description text="AM 270 degree position switch"/></itemDef> <!-- byte 24, bit 2 -->
            <itemDef name="CDA_AMON" type="articulationState"><alias namespace="CDA" value="AMON"/>
                <description text="AM motor electronics on/off"/></itemDef> <!-- byte 24, bit 1 -->

            <itemDef name="CDA_HRDON" type="onOff"><alias namespace="CDA" value="HRDON"/>
                <description text="HRD Power on/off"/></itemDef> <!-- byte 25, bit 8 -->
            <itemDef name="CDA_HRDBUS" type="enabled1"><alias namespace="CDA" value="HRDBUS"/>
                <description text="HRD bus: E/D"/></itemDef> <!-- byte 25, bit 7 -->
            <itemDef name="CDA_AMSMON" type="dn1"><alias namespace="CDA" value="AMSMON"/>
                <description text="AM switch monitor: E/D"/></itemDef> <!-- byte 25, bit 6 -->
            <itemDef name="CDA_RANGEQI" type="ampRange"><alias namespace="CDA" value="RANGEQI"/>
                <description text="Range QI Low/High"/></itemDef> <!-- byte 25, bit 5 -->
            <itemDef name="CDA_RANGEQT" type="ampRange"><alias namespace="CDA" value="RANGEQT"/>
                <description text="Range QT Low/High"/></itemDef> <!-- byte 25, bit 4 -->
            <itemDef name="CDA_RANGEQC" type="ampRange"><alias namespace="CDA" value="RANGEQC"/>
                <description text="Range QC Low/High"/></itemDef> <!-- byte 25, bit 3 -->
            <itemDef name="CDA_DQMSTATUS" type="dn1"><alias namespace="CDA" value="DQMSTATUS"/>
                <description text="dqm disable"/></itemDef> <!-- byte 25, bit 2 -->
            <itemDef name="CDA_QPRAMID" type="qpRamId"><alias namespace="CDA" value="QPRAMID"/>
                <description text="QP RAM ID"/></itemDef> <!-- byte 25, bit 1 -->

            <itemDef name="CDA_RAMSTATUS" type="enabled1"><alias namespace="CDA" value="RAMSTATUS"/>
                <description text="RAM E/D"/></itemDef> <!-- byte 26, bit 8 -->
            <itemDef name="CDA_CPUSP" type="cpuSpeed"><alias namespace="CDA" value="CPUSP"/>
                <description text="CPU Speed 3/6 MHz"/></itemDef> <!-- byte 26, bit 7 -->
            <itemDef name="CDA_BIUUTL" type="dn1"><alias namespace="CDA" value="BIUUTL"/>
                <description text="BIU user table loaded"/></itemDef> <!-- byte 26, bit 6 -->
            <itemDef name="CDA_RAMID" type="ramId"><alias namespace="CDA" value="RAMID"/>
                <description text="RAM ID"/></itemDef><!-- byte 26, bit 5 -->
            <itemDef name="CDA_PROMID" type="dn1"><alias namespace="CDA" value="PROMID"/>
                <description text="PROM ID"/></itemDef> <!-- byte 26, bit 4 -->
            <itemDef name="CDA_SCBUSSTATUS" type="enabled1"><alias namespace="CDA" value="SCBUSSTATUS"/>
                <description text="Science bus E/D"/></itemDef> <!-- byte 26, bit 3 -->
            <itemDef name="CDA_PROMSTATUS" type="enabled1"><alias namespace="CDA" value="PROMSTATUS"/>
                <description text="PROM E/D"/></itemDef> <!-- byte 26, bit 2 -->
            <itemDef name="CDA_SUBIU" type="dn1"><alias namespace="CDA" value="SUBIU"/>
                <description text="Start-up BIU"/></itemDef> <!-- byte 26, bit 1 -->

            <itemDef name="CDA_SLEEPID" type="sleepId"><alias namespace="CDA" value="SLEEPID"/>
                <description text="Sleep ID"/></itemDef> <!-- byte 27, bit 8 -->
            <itemDef name="CDA_AMPID" type="dn1"><alias namespace="CDA" value="AMPID"/>
                <description text="AM Position ID: potentiometer/number of counts"/></itemDef> <!-- byte 27, bit 7 -->
            <itemDef name="CDA_BIUSTDINT" type="interupt"><alias namespace="CDA" value="BIUSTDINT"/>
                <description text="BUI standard interupt"/></itemDef> <!-- byte 27, bit 6 -->
            <itemDef name="CDA_BIUHPINT" type="interupt"><alias namespace="CDA" value="BIUHPINT"/>
                <description text="BUI high priority interupt"/></itemDef> <!-- byte 27, bit 5 -->
            <itemDef name="CDA_CPURS" type="cpuResetStatus"><alias namespace="CDA" value="CPURS"/>
                <description text="CPU Reset Status"/></itemDef> <!-- byte 27, bit 4 -->
            <itemDef name="CDA_BCRTF" type="error"><alias namespace="CDA" value="BCRTF"/>
                <description text="Bus control remote terminal failure"/></itemDef> <!-- byte 27, bit 3 -->
            <itemDef name="CDA_WPVILTN" type="error"><alias namespace="CDA" value="WPVILTN"/>
                <description text="Write protect violation"/></itemDef> <!-- byte 27, bit 2 -->
            <itemDef name="CDA_WDXPIRD" type="watchDogExpired"><alias namespace="CDA" value="WDXPIRD"/>
                <description text="Watch dog timer expired"/></itemDef> <!-- byte 27, bit 1 -->

            <itemDef name="CDA_TRANSCS" type="okError"><alias namespace="CDA" value="TRANSCS"/>
                <description text="Transmit checksum"/></itemDef> <!-- byte 28, bit 8 -->
            <itemDef name="CDA_CPULOG" type="okError"><alias namespace="CDA" value="CPULOG"/>
                <description text="CPU logic test"/></itemDef> <!-- byte 28, bit 7 -->
            <itemDef name="CDA_PROM2CS" type="okError"><alias namespace="CDA" value="PROM2CS"/>
                <description text="PROM 2 checksum"/></itemDef> <!-- byte 28, bit 6 -->
            <itemDef name="CDA_PROM1CS" type="okError"><alias namespace="CDA" value="PROM1CS"/>
                <description text="PROM 1 checksum"/></itemDef> <!-- byte 28, bit 5 -->
            <itemDef name="CDA_RAMCB4" type="okError"><alias namespace="CDA" value="RAMCB4"/>
                <description text="RAM checkerboard test 4"/></itemDef> <!-- byte 28, bit 4 -->
            <itemDef name="CDA_RAMCB3" type="okError"><alias namespace="CDA" value="RAMCB3"/>
                <description text="RAM checkerboard test 3"/></itemDef> <!-- byte 28, bit 3 -->
            <itemDef name="CDA_RAMCB2" type="okError"><alias namespace="CDA" value="RAMCB2"/>
                <description text="RAM checkerboard test 2"/></itemDef> <!-- byte 28, bit 2 -->
            <itemDef name="CDA_RAMCB1" type="okError"><alias namespace="CDA" value="RAMCB2"/>
                <description text="RAM checkerboard test 1"/></itemDef> <!-- byte 28, bit 1 -->

            <itemDef name="CDA_CMDACCEPT" type="dn8"><alias namespace="CDA" value="CMDACCEPT"/>
                <description text="Number of accepted commands"/></itemDef> <!-- byte 29 -->
            <itemDef name="CDA_CMDEXEC" type="dn8"><alias namespace="CDA" value="CMDEXEC"/>
                <description text="Number of executed commands"/></itemDef> <!-- byte 30 -->
            <itemDef name="CDA_CMDREJECT" type="dn8"><alias namespace="CDA" value="CMDREJECT"/>
                <description text="Number of rejected commands"/></itemDef> <!-- byte 31 -->

            <!-- counters -->
            <itemDef name="CDA_COUNTERID" type="dn16"><alias namespace="CDA" value="COUNTERID"/>
                <description text="The difference between the packet time and the time of the counter snapshot divided by 512. 0xFFFF means current."/></itemDef> <!-- 0: byte 32/33 -->

            <itemDef name="CDA_COUNTER0" type="dn8"><alias namespace="CDA" value="COUNTER0"/>
                <description text="Counter 0"/></itemDef> <!-- 2: byte 34 -->
            <itemDef name="CDA_COUNTER1" type="dn8"><alias namespace="CDA" value="COUNTER1"/>
                <description text="Counter 1"/></itemDef> <!-- 3: byte 35 -->
            <itemDef name="CDA_COUNTER2" type="dn8"><alias namespace="CDA" value="COUNTER2"/>
                <description text="Counter 2"/></itemDef> <!-- 4: byte 36 -->
            <itemDef name="CDA_COUNTER3" type="dn8"><alias namespace="CDA" value="COUNTER3"/>
                <description text="Counter 3"/></itemDef> <!-- 5: byte 37 -->
            <itemDef name="CDA_COUNTER4" type="dn8"><alias namespace="CDA" value="COUNTER4"/>
                <description text="Counter 4"/></itemDef> <!-- 6: byte 38 -->
            <itemDef name="CDA_COUNTER5" type="dn8"><alias namespace="CDA" value="COUNTER5"/>
                <description text="Counter 5"/></itemDef> <!-- 7: byte 39 -->
            <itemDef name="CDA_COUNTER6" type="dn8"><alias namespace="CDA" value="COUNTER6"/>
                <description text="Counter 6"/></itemDef> <!-- 8: byte 40 -->
            <itemDef name="CDA_COUNTER7" type="dn8"><alias namespace="CDA" value="COUNTER7"/>
                <description text="Counter 7"/></itemDef> <!-- 9: byte 41 -->
            <itemDef name="CDA_COUNTER8" type="dn8"><alias namespace="CDA" value="COUNTER8"/>
                <description text="Counter 8"/></itemDef> <!-- 10: byte 42 -->
            <itemDef name="CDA_COUNTER9" type="dn8"><alias namespace="CDA" value="COUNTER9"/>
                <description text="Counter 9"/></itemDef> <!-- 11: byte 43 -->
            <itemDef name="CDA_COUNTER10" type="dn8"><alias namespace="CDA" value="COUNTER10"/>
                <description text="Counter 10"/></itemDef> <!-- 12: byte 44 -->
            <itemDef name="CDA_COUNTER11" type="dn8"><alias namespace="CDA" value="COUNTER11"/>
                <description text="Counter 11"/></itemDef> <!-- 13: byte 45 -->
            <itemDef name="CDA_COUNTER12" type="dn8"><alias namespace="CDA" value="COUNTER12"/>
                <description text="Counter 12"/></itemDef> <!-- 14: byte 46 -->
            <itemDef name="CDA_COUNTER13" type="dn8"><alias namespace="CDA" value="COUNTER13"/>
                <description text="Counter 13"/></itemDef> <!-- 15; byte 47 -->
            <itemDef name="CDA_COUNTER14" type="dn8"><alias namespace="CDA" value="COUNTER14"/>
                <description text="Counter 14"/></itemDef> <!-- 16: byte 48 -->
            <itemDef name="CDA_COUNTER15" type="dn8"><alias namespace="CDA" value="COUNTER15"/>
                <description text="Counter 15"/></itemDef> <!-- 17: byte 49 -->
            <itemDef name="CDA_COUNTER16H" type="dn4"><alias namespace="CDA" value="COUNTER16H"/>
                <description text="Counter 16, bits 12...9"/></itemDef> <!-- 18: 50 byte bit 8...5 -->
            <itemDef name="CDA_COUNTER18" type="dn12"><alias namespace="CDA" value="COUNTER18"/>
                <description text="Counter 18"/></itemDef> <!-- 19: byte 50 bit 4...1, 51 -->
            <itemDef name="CDA_COUNTER16M" type="dn4"><alias namespace="CDA" value="COUNTER16M"/>
                <description text="Counter 16, bits 8...5"/></itemDef> <!-- 20: byte 52 bit 8...5 -->
            <itemDef name="CDA_COUNTER19" type="dn12"><alias namespace="CDA" value="COUNTER19"/>
                <description text="Counter 19"/></itemDef> <!-- 21: byte 52 bit 4...1, 53 -->
            <itemDef name="CDA_COUNTER16L" type="dn4"><alias namespace="CDA" value="COUNTER16L"/>
                <description text="Counter 16, bits 4...1"/></itemDef> <!-- 22: byte 54 bit 8...5 -->
            <itemDef name="CDA_COUNTER20" type="dn12"><alias namespace="CDA" value="COUNTER20"/>
                <description text="Counter 20"/></itemDef> <!-- 23: byte 54 bit 4...1, 55 -->
            <itemDef name="CDA_COUNTER17H" type="dn4"><alias namespace="CDA" value="COUNTER17H"/>
                <description text="Counter 17 bit 12...9"/></itemDef> <!-- 24: byte 56 bit 8...5 -->
            <itemDef name="CDA_COUNTER21" type="dn12"><alias namespace="CDA" value="COUNTER21"/>
                <description text="Counter 21"/></itemDef> <!-- 25: byte 56 bit 4...1, 57 -->
            <itemDef name="CDA_COUNTER17M" type="dn4"><alias namespace="CDA" value="COUNTER17M"/>
                <description text="Counter 17 bit 8...5"/></itemDef> <!-- 26: byte 58 bit 8...5 -->
            <itemDef name="CDA_COUNTER22" type="dn12"><alias namespace="CDA" value="COUNTER22"/>
                <description text="Counter 22"/></itemDef> <!-- 27: byte 58 bit 4...1, 59 -->
            <itemDef name="CDA_COUNTER17L" type="dn4"><alias namespace="CDA" value="COUNTER17L"/>
                <description text="Counter 17 bit 4...1"/></itemDef> <!-- 28: byte 60 bit 8...5 -->
            <itemDef name="CDA_COUNTER23" type="dn12"><alias namespace="CDA" value="COUNTER23"/>
                <description text="Counter 23"/></itemDef> <!-- 29: byte 60 bit 4...1, 61 -->
            <itemDef name="CDA_COUNTER25" type="dn4"><alias namespace="CDA" value="COUNTER25"/>
                <description text="Counter 25"/></itemDef> <!-- 30: byte 62, bit 8...5 -->
            <itemDef name="CDA_COUNTER24" type="dn4"><alias namespace="CDA" value="COUNTER24"/>
                <description text="Counter 24"/></itemDef> <!-- 30: byte 62, bit 4...1 -->
            <itemDef name="CDA_COUNTER26" type="dn8"><alias namespace="CDA" value="COUNTER26"/>
                <description text="Counter 26: Interupts"/></itemDef> <!-- 31: byte 63 -->
        </field>

    </frameDef>

    <frameDef name="CDA_hk" id="0x002"><description text="HK packet"/>

        <field>
            <frameCopy name="CCSDSPriHeader" suffix="_hkPkt"/>

            <frameCopy name="CCSDSSecHeader" suffix="_hkPkt"/>

            <item name="CDA_hk_frame"/>

        </field>

    </frameDef>

    <!-- ====================================== -->
    <!-- HK History Packet (APID 0x01D)         -->
    <!-- ====================================== -->

    <frameDef name="CDA_hkhist_frame"><description text="HK History tlm contents"/>

        <field>
            <itemDef name="CDA_QUATERNION1" type="quatertionComponent16"><alias namespace="CDA" value="QUATERNION1"/>
                <description text="Quaterion component 1"/></itemDef> <!-- 0 -->
            <itemDef name="CDA_QUATERNION2" type="quatertionComponent16"><alias namespace="CDA" value="QUATERNION2"/>
                <description text="Quaterion component 2"/></itemDef> <!-- 2 -->
            <itemDef name="CDA_QUATERNION3" type="quatertionComponent16"><alias namespace="CDA" value="QUATERNION3"/>
                <description text="Quaterion component 3"/></itemDef> <!-- 4 -->
            <itemDef name="CDA_QUATERNION4" type="quatertionComponent16"><alias namespace="CDA" value="QUATERNION4"/>
                <description text="Quaterion component 4"/></itemDef> <!-- 6 -->

            <itemDef name="CDA_CMD1TIME" type="dn16"><alias namespace="CDA" value="CMD1TIME"/>
                <description text="Command 1 time"/></itemDef> <!-- 8 -->
            <itemDef name="CDA_CMD1OPCODE" type="dn8"><alias namespace="CDA" value="CMD1OPCODE"/>
                <description text="Command 1 high byte of opcode"/></itemDef> <!-- 10 -->
            <itemDef name="CDA_CMD1SPARE" type="dn1"><alias namespace="CDA" value="CMD1SPARE"/>
                <description text="unused"/></itemDef> <!-- 11 -->
            <itemDef name="CDA_CMD1OVERFLOW" type="dn1"><alias namespace="CDA" value="CMD1OVERFLOW"/>
                <description text="Indicates a time overflow"/></itemDef> <!-- 11 -->
            <itemDef name="CDA_CMD1STATUS" type="cmdStatus"><alias namespace="CDA" value="CMD1STATUS"/>
                <description text="Command 1 status"/></itemDef> <!-- 11 -->
            <itemDef name="CDA_CMD1SEQID" type="dn4"><alias namespace="CDA" value="CMD1SEQID"/>
                <description text="Command 1 status"/></itemDef> <!-- 11 -->

            <itemDef name="CDA_CMD2TIME" type="dn16"><alias namespace="CDA" value="CMD2TIME"/>
                <description text="Command 2 time"/></itemDef> <!-- 12 -->
            <itemDef name="CDA_CMD2OPCODE" type="dn8"><alias namespace="CDA" value="CMD2OPCODE"/>
                <description text="Command 2 high byte of opcode"/></itemDef> <!-- 14 -->
            <itemDef name="CDA_CMD2SPARE" type="dn1"><alias namespace="CDA" value="CMD2SPARE"/>
                <description text="unused"/></itemDef> <!-- 15 -->
            <itemDef name="CDA_CMD2OVERFLOW" type="dn1"><alias namespace="CDA" value="CMD2OVERFLOW"/>
                <description text="Indicates a time overflow"/></itemDef> <!-- 15 -->
            <itemDef name="CDA_CMD2STATUS" type="cmdStatus"><alias namespace="CDA" value="CMD2STATUS"/>
                <description text="Command 2 status"/></itemDef> <!-- 15 -->
            <itemDef name="CDA_CMD2SEQID" type="dn4"><alias namespace="CDA" value="CMD2SEQID"/>
                <description text="Command 2 status"/></itemDef> <!-- 15 -->

            <itemDef name="CDA_CMD3TIME" type="dn16"><alias namespace="CDA" value="CMD3TIME"/>
                <description text="Command 3 time"/></itemDef> <!-- 16 -->
            <itemDef name="CDA_CMD3OPCODE" type="dn8"><alias namespace="CDA" value="CMD3OPCODE"/>
                <description text="Command 3 high byte of opcode"/></itemDef> <!-- 18 -->
            <itemDef name="CDA_CMD3SPARE" type="dn1"><alias namespace="CDA" value="CMD3SPARE"/>
                <description text="unused"/></itemDef> <!-- 19 -->
            <itemDef name="CDA_CMD3OVERFLOW" type="dn1"><alias namespace="CDA" value="CMD3OVERFLOW"/>
                <description text="Indicates a time overflow"/></itemDef> <!-- 19 -->
            <itemDef name="CDA_CMD3STATUS" type="cmdStatus"><alias namespace="CDA" value="CMD3STATUS"/>
                <description text="Command 3 status"/></itemDef> <!-- 19 -->
            <itemDef name="CDA_CMD3SEQID" type="dn4"><alias namespace="CDA" value="CMD3SEQID"/>
                <description text="Command 3 status"/></itemDef> <!-- 19 -->

            <itemDef name="CDA_CMD4TIME" type="dn16"><alias namespace="CDA" value="CMD4TIME"/>
                <description text="Command 4 time"/></itemDef> <!-- 20 -->
            <itemDef name="CDA_CMD4OPCODE" type="dn8"><alias namespace="CDA" value="CMD4OPCODE"/>
                <description text="Command 4 high byte of opcode"/></itemDef> <!-- 22 -->
            <itemDef name="CDA_CMD4SPARE" type="dn1"><alias namespace="CDA" value="CMD4SPARE"/>
                <description text="unused"/></itemDef> <!-- 23 -->
            <itemDef name="CDA_CMD4OVERFLOW" type="dn1"><alias namespace="CDA" value="CMD4OVERFLOW"/>
                <description text="Indicates a time overflow"/></itemDef> <!-- 23 -->
            <itemDef name="CDA_CMD4STATUS" type="cmdStatus"><alias namespace="CDA" value="CMD4STATUS"/>
                <description text="Command 4 status"/></itemDef> <!-- 23 -->
            <itemDef name="CDA_CMD4SEQID" type="dn4"><alias namespace="CDA" value="CMD4SEQID"/>
                <description text="Command 4 status"/></itemDef> <!-- 23 -->

            <itemDef name="CDA_CMD5TIME" type="dn16"><alias namespace="CDA" value="CMD5TIME"/>
                <description text="Command 5 time"/></itemDef> <!-- 24 -->
            <itemDef name="CDA_CMD5OPCODE" type="dn8"><alias namespace="CDA" value="CMD5OPCODE"/>
                <description text="Command 5 high byte of opcode"/></itemDef> <!-- 26  -->
            <itemDef name="CDA_CMD5SPARE" type="dn1"><alias namespace="CDA" value="CMD5SPARE"/>
                <description text="unused"/></itemDef> <!-- 27  -->
            <itemDef name="CDA_CMD5OVERFLOW" type="dn1"><alias namespace="CDA" value="CMD5OVERFLOW"/>
                <description text="Indicates a time overflow"/></itemDef> <!-- 27 -->
            <itemDef name="CDA_CMD5STATUS" type="cmdStatus"><alias namespace="CDA" value="CMD5STATUS"/>
                <description text="Command 5 status"/></itemDef> <!-- 27  -->
            <itemDef name="CDA_CMD5SEQID" type="dn4"><alias namespace="CDA" value="CMD5SEQID"/>
                <description text="Command 5 status"/></itemDef> <!-- 27  -->

            <itemDef name="CDA_CMD6TIME" type="dn16"><alias namespace="CDA" value="CMD6TIME"/>
                <description text="Command 6 time"/></itemDef> <!-- 28 -->
            <itemDef name="CDA_CMD6OPCODE" type="dn8"><alias namespace="CDA" value="CMD6OPCODE"/>
                <description text="Command 6 high byte of opcode"/></itemDef> <!-- 30 -->
            <itemDef name="CDA_CMD6SPARE" type="dn1"><alias namespace="CDA" value="CMD6SPARE"/>
                <description text="unused"/></itemDef> <!-- 31 -->
            <itemDef name="CDA_CMD6OVERFLOW" type="dn1"><alias namespace="CDA" value="CMD6OVERFLOW"/>
                <description text="Indicates a time overflow"/></itemDef> <!-- 31 -->
            <itemDef name="CDA_CMD6STATUS" type="cmdStatus"><alias namespace="CDA" value="CMD6STATUS"/>
                <description text="Command 6 status"/></itemDef> <!-- 31 -->
            <itemDef name="CDA_CMD6SEQID" type="dn4"><alias namespace="CDA" value="CMD6SEQID"/>
                <description text="Command 6 status"/></itemDef> <!-- 31 -->

            <!-- counters -->
            <itemDef name="CDA_COUNTERID" type="dn16"><alias namespace="CDA" value="COUNTERID"/>
                <description text="The difference between the packet time and the time of the counter snapshot divided by 512. 0xFFFF means current."/></itemDef> <!-- 0: byte 32/33 -->

            <itemDef name="CDA_COUNTER0" type="dn8"><alias namespace="CDA" value="COUNTER0"/>
                <description text="Counter 0"/></itemDef> <!-- 2: byte 34 -->
            <itemDef name="CDA_COUNTER1" type="dn8"><alias namespace="CDA" value="COUNTER1"/>
                <description text="Counter 1"/></itemDef> <!-- 3: byte 35 -->
            <itemDef name="CDA_COUNTER2" type="dn8"><alias namespace="CDA" value="COUNTER2"/>
                <description text="Counter 2"/></itemDef> <!-- 4: byte 36 -->
            <itemDef name="CDA_COUNTER3" type="dn8"><alias namespace="CDA" value="COUNTER3"/>
                <description text="Counter 3"/></itemDef> <!-- 5: byte 37 -->
            <itemDef name="CDA_COUNTER4" type="dn8"><alias namespace="CDA" value="COUNTER4"/>
                <description text="Counter 4"/></itemDef> <!-- 6: byte 38 -->
            <itemDef name="CDA_COUNTER5" type="dn8"><alias namespace="CDA" value="COUNTER5"/>
                <description text="Counter 5"/></itemDef> <!-- 7: byte 39 -->
            <itemDef name="CDA_COUNTER6" type="dn8"><alias namespace="CDA" value="COUNTER6"/>
                <description text="Counter 6"/></itemDef> <!-- 8: byte 40 -->
            <itemDef name="CDA_COUNTER7" type="dn8"><alias namespace="CDA" value="COUNTER7"/>
                <description text="Counter 7"/></itemDef> <!-- 9: byte 41 -->
            <itemDef name="CDA_COUNTER8" type="dn8"><alias namespace="CDA" value="COUNTER8"/>
                <description text="Counter 8"/></itemDef> <!-- 10: byte 42 -->
            <itemDef name="CDA_COUNTER9" type="dn8"><alias namespace="CDA" value="COUNTER9"/>
                <description text="Counter 9"/></itemDef> <!-- 11: byte 43 -->
            <itemDef name="CDA_COUNTER10" type="dn8"><alias namespace="CDA" value="COUNTER10"/>
                <description text="Counter 10"/></itemDef> <!-- 12: byte 44 -->
            <itemDef name="CDA_COUNTER11" type="dn8"><alias namespace="CDA" value="COUNTER11"/>
                <description text="Counter 11"/></itemDef> <!-- 13: byte 45 -->
            <itemDef name="CDA_COUNTER12" type="dn8"><alias namespace="CDA" value="COUNTER12"/>
                <description text="Counter 12"/></itemDef> <!-- 14: byte 46 -->
            <itemDef name="CDA_COUNTER13" type="dn8"><alias namespace="CDA" value="COUNTER13"/>
                <description text="Counter 13"/></itemDef> <!-- 15; byte 47 -->
            <itemDef name="CDA_COUNTER14" type="dn8"><alias namespace="CDA" value="COUNTER14"/>
                <description text="Counter 14"/></itemDef> <!-- 16: byte 48 -->
            <itemDef name="CDA_COUNTER15" type="dn8"><alias namespace="CDA" value="COUNTER15"/>
                <description text="Counter 15"/></itemDef> <!-- 17: byte 49 -->
            <itemDef name="CDA_COUNTER16H" type="dn4"><alias namespace="CDA" value="COUNTER16H"/>
                <description text="Counter 16, bits 12...9"/></itemDef> <!-- 18: 50 byte bit 8...5 -->
            <itemDef name="CDA_COUNTER18" type="dn12"><alias namespace="CDA" value="COUNTER18"/>
                <description text="Counter 18"/></itemDef> <!-- 19: byte 50 bit 4...1, 51 -->
            <itemDef name="CDA_COUNTER16M" type="dn4"><alias namespace="CDA" value="COUNTER16M"/>
                <description text="Counter 16, bits 8...5"/></itemDef> <!-- 20: byte 52 bit 8...5 -->
            <itemDef name="CDA_COUNTER19" type="dn12"><alias namespace="CDA" value="COUNTER19"/>
                <description text="Counter 19"/></itemDef> <!-- 21: byte 52 bit 4...1, 53 -->
            <itemDef name="CDA_COUNTER16L" type="dn4"><alias namespace="CDA" value="COUNTER16L"/>
                <description text="Counter 16, bits 4...1"/></itemDef> <!-- 22: byte 54 bit 8...5 -->
            <itemDef name="CDA_COUNTER20" type="dn12"><alias namespace="CDA" value="COUNTER20"/>
                <description text="Counter 20"/></itemDef> <!-- 23: byte 54 bit 4...1, 55 -->
            <itemDef name="CDA_COUNTER17H" type="dn4"><alias namespace="CDA" value="COUNTER17H"/>
                <description text="Counter 17 bit 12...9"/></itemDef> <!-- 24: byte 56 bit 8...5 -->
            <itemDef name="CDA_COUNTER21" type="dn12"><alias namespace="CDA" value="COUNTER21"/>
                <description text="Counter 21"/></itemDef> <!-- 25: byte 56 bit 4...1, 57 -->
            <itemDef name="CDA_COUNTER17M" type="dn4"><alias namespace="CDA" value="COUNTER17M"/>
                <description text="Counter 17 bit 8...5"/></itemDef> <!-- 26: byte 58 bit 8...5 -->
            <itemDef name="CDA_COUNTER22" type="dn12"><alias namespace="CDA" value="COUNTER22"/>
                <description text="Counter 22"/></itemDef> <!-- 27: byte 58 bit 4...1, 59 -->
            <itemDef name="CDA_COUNTER17L" type="dn4"><alias namespace="CDA" value="COUNTER17L"/>
                <description text="Counter 17 bit 4...1"/></itemDef> <!-- 28: byte 60 bit 8...5 -->
            <itemDef name="CDA_COUNTER23" type="dn12"><alias namespace="CDA" value="COUNTER23"/>
                <description text="Counter 23"/></itemDef> <!-- 29: byte 60 bit 4...1, 61 -->
            <itemDef name="CDA_COUNTER25" type="dn4"><alias namespace="CDA" value="COUNTER25"/>
                <description text="Counter 25"/></itemDef> <!-- 30: byte 62, bit 8...5 -->
            <itemDef name="CDA_COUNTER24" type="dn4"><alias namespace="CDA" value="COUNTER24"/>
                <description text="Counter 24"/></itemDef> <!-- 30: byte 62, bit 4...1 -->
            <itemDef name="CDA_COUNTER26" type="dn8"><alias namespace="CDA" value="COUNTER26"/>
                <description text="Counter 26: Interupts"/></itemDef> <!-- 31: byte 63 -->
        </field>

    </frameDef>

    <frameDef name="CDA_hkhist" id="0x01D"><description text="HK History packet"/>

        <field>
            <frameCopy name="CCSDSPriHeader" suffix="_hkHistPkt"/>

            <frameCopy name="CCSDSSecHeader" suffix="_hkHistPkt"/>

            <item name="CDA_hkhist_frame"/>

        </field>

    </frameDef>
</hydraDef>
