<!-- File tells Hydra to include IDEX-specific scripts, types, telemtry, and command definitions -->

<hydraDef>
  
  <!-- IDEX-specific types, conversions, telemetry, and commands -->
  <include>Config\idex_types.xml</include>
  <include>Config\idex_eus.xml</include>
  <include>Config\ana_conv.xml</include>
    <include>Config\cmd_aliases.xml</include>
  
  <!-- IDEX-specific telemetry data flow, decoders, packets -->
  <include>Config\idex_tlm.xml</include>
  <include>Config\idex_tlm_config.xml</include>
  
  <!-- IDEX-specific command data flow, decoders, packets -->
  <include>Config\idex_cmd.xml</include>
  <include>Config\idex_cmd_config.xml</include>
  <include>Config\idex_cmd_timemsg.xml</include>
   
    
  <!-- For unit testing and such -->
  <scriptDir name="C:\SVN\IDEX\trunk\08_Testing\02_FSW"/>
  <scriptDir name="C:\SVN\IDEX\trunk\11_Tools\Hydra\project\Scripts"/>
  <scriptDir name="C:\SVN\IDEX\trunk\11_Tools\Hydra\project\Scripts\Loadmem"/>
  <scriptDir name="C:\SVN\IDEX\trunk\11_Tools\Hydra\project\Scripts\DustTest5"/>
  
  
</hydraDef>



