<!--
    Configuration file for HK ADC settings
 -->

<hydraDef>
  <keyword str="PROC_ADC_IMON_SCALE"  value="0.902925273"/>
  <keyword str="PROC_ADC_VMON_SCALE"  value="0.000805861"/>
  <keyword str="PROC_ADC_V3.3_SCALE"  value="0.001611722"/>
  <keyword str="PROC_ADC_FPGA_SCALE"  value="-0.111300000"/>
  <keyword str="PROC_ADC_FPGA_OFFSET" value="324.23"/>
  <keyword str="PROC_ADC_TMON_SCALE"  value="1"/>

  <keyword str="LVPS_ADC_V3.3_SCALE"  value="0.001611722"/>
  <keyword str="LVPS_ADC_V6_SCALE"    value="0.002417582"/>
  <keyword str="LVPS_ADC_V16_SCALE"   value="0.004827106"/>

  <keyword str="LVPS_ADC_N6V_SCALE"   value="0.008864469"/>
  <keyword str="LVPS_ADC_N6V_OFFSET"  value="-33"/>

  <keyword str="LVPS_ADC_I3.3_SCALE"  value="0.001611722"/>
  <keyword str="LVPS_ADC_I16_SCALE"   value="0.000161172"/>
  <keyword str="LVPS_ADC_I6_SCALE"    value="8.05861E-05"/>
  <keyword str="LVPS_ADC_IN6_SCALE"   value="-8.05861E-05"/>
  <keyword str="LVPS_ADC_I5_SCALE"    value="2.01465E-05"/>
  <keyword str="LVPS_ADC_IN5_SCALE"   value="-2.01465E-05"/>
  <keyword str="LVPS_ADC_IN2_SCALE"   value="4.0293E-05"/>

  <keyword str="LVPS_ADC_V2.5_SCALE"   value="0.001611722"/>
  <keyword str="LVPS_ADC_VN2.5_SCALE"  value="0.008864469"/>
  <keyword str="LVPS_ADC_VN2.5_OFFSET" value="-33"/>

  <keyword str="HVPS_ADC_V_SCALE" value="1.4652"/>
  <keyword str="HVPS_ADC_I_SCALE" value="0.07326"/>

<!--
  Used 6th order polynomial trendlines in Excel, displayed with 6-decimal place
  scientific numbers to get the following polynomial equations for the thermistors:
-->

<!--
  For CSA0, CSA1, & BUFF: (R² = 0.9999451)
  y = +1.458685E-17x6
    -2.355805E-13x5
    +1.547892E-09x4
    -5.248035E-06x3
    +9.535758E-03x2
    -8.510371E+00x
    +2.628480E+03
-->
  <euPoly name="THERM1_eu">
    <coeff index="0" value="+2.628480E+03"/>
    <coeff index="1" value="-8.510371E+00"/>
    <coeff index="2" value="+9.535758E-03"/>
    <coeff index="3" value="-5.248035E-06"/>
    <coeff index="4" value="+1.547892E-09"/>
    <coeff index="5" value="-2.355805E-13"/>
    <coeff index="6" value="+1.458685E-17"/>
  </euPoly>
  <typeFloat name="THERM1_eu_type" size="32" eu="THERM1_eu"/>

<!--
  For LVPS & HVPS: (R² = 0.9991801)
  y = +9.734887E-19x6
    -1.476458E-14x5
    +8.706390E-11x4
    -2.570411E-07x3
    +4.046077E-04x2
    -3.577450E-01x
    +2.378260E+02
-->
  <euPoly name="THERM2_eu">
    <coeff index="0" value="+2.378260E+02"/>
    <coeff index="1" value="-3.577450E-01"/>
    <coeff index="2" value="+4.046077E-04"/>
    <coeff index="3" value="-2.570411E-07"/>
    <coeff index="4" value="+8.706390E-11"/>
    <coeff index="5" value="-1.476458E-14"/>
    <coeff index="6" value="+9.734887E-19"/>
  </euPoly>
  <typeFloat name="THERM2_eu_type" size="32" eu="THERM2_eu"/>


<!--
  For Processor Board Thermistor: (R² = 0.9992658)
    +7.020949E-19x6
    -1.085139E-14x5
    +6.488196E-11x4
    -1.937840E-07x3
    +3.083051E-04x2
    -2.771216E-01x
    +1.693338E+02
-->
  <euPoly name="THERM3_eu">
    <coeff index="0" value="+1.693338E+02"/>
    <coeff index="1" value="-2.771216E-01"/>
    <coeff index="2" value="+3.083051E-04"/>
    <coeff index="3" value="-1.937840E-07"/>
    <coeff index="4" value="+6.488196E-11"/>
    <coeff index="5" value="-1.085139E-14"/>
    <coeff index="6" value="+7.020949E-19"/>
  </euPoly>
  <typeFloat name="THERM3_eu_type" size="32" eu="THERM3_eu"/>

    <!-- Derived voltages from ADC values -->
  <itemDerived name="CURR1V0"        type="float" fact1="SUDA_PROC1V0CURRHI"  fact2="#PROC_ADC_IMON_SCALE"  opcode="*"/>
  <itemDerived name="CURR1V9"        type="float" fact1="SUDA_PROC1V9CURRHI"  fact2="#PROC_ADC_IMON_SCALE"  opcode="*"/>
  <itemDerived name="VOLT1V0"        type="float" fact1="SUDA_PROC1V0VOLT"    fact2="#PROC_ADC_VMON_SCALE"  opcode="*"/>
  <itemDerived name="FPGATEMP_t"     type="float" fact1="SUDA_FPGATEMP"   fact2="#PROC_ADC_FPGA_SCALE"  opcode="*"/>
  <itemDerived name="FPGATEMP"       type="float" fact1="FPGATEMP_t"      fact2="#PROC_ADC_FPGA_OFFSET" opcode="+"/>
  <itemDerived name="VOLT1V9"        type="float" fact1="SUDA_PROC1V9VOLT"    fact2="#PROC_ADC_VMON_SCALE"  opcode="*"/>
  <itemDerived name="VOLT3V3"        type="float" fact1="SUDA_PROC3V3VOLT"    fact2="#PROC_ADC_V3.3_SCALE"  opcode="*"/>

  <itemDerived name="P3.3VREF_HK"    type="float" fact1="SUDA_LVPS3V3REFHKVOLT"    fact2="#LVPS_ADC_V3.3_SCALE"  opcode="*"/>
  <itemDerived name="P3.3VREF_OP"    type="float" fact1="SUDA_LVPS3V3REFOPVOLT"    fact2="#LVPS_ADC_V3.3_SCALE"  opcode="*"/>
  <itemDerived name="N6V_P3.3VREF_t" type="float" fact1="SUDA_LVPSN6V0VOLT"    fact2="#LVPS_ADC_N6V_SCALE"   opcode="*"/>
  <itemDerived name="N6V_P3.3VREF"   type="float" fact1="N6V_P3.3VREF_t"  fact2="#LVPS_ADC_N6V_OFFSET"  opcode="+"/>
  <itemDerived name="P6V_VMON"       type="float" fact1="SUDA_LVPSP6V0VOLT"    fact2="#LVPS_ADC_V6_SCALE"    opcode="*"/>
  <itemDerived name="P16V_VMON"      type="float" fact1="SUDA_LVPS16V0VOLT"    fact2="#LVPS_ADC_V16_SCALE"   opcode="*"/>
  <itemDerived name="P3.3V_VMON"     type="float" fact1="SUDA_LVPS3V3VOLT"    fact2="#LVPS_ADC_V3.3_SCALE"  opcode="*"/>
  <itemDerived name="N5V_P3.3VREF_t" type="float" fact1="SUDA_LVPSN5V0VOLT"    fact2="#LVPS_ADC_N6V_SCALE"   opcode="*"/>
  <itemDerived name="N5V_P3.3VREF"   type="float" fact1="N5V_P3.3VREF_t"  fact2="#LVPS_ADC_N6V_OFFSET"  opcode="+"/>
  <itemDerived name="P5V"            type="float" fact1="SUDA_LVPSP5V0VOLT"    fact2="#LVPS_ADC_V3.3_SCALE"  opcode="*"/>

  <itemDerived name="P3.3V_IMON"     type="float" fact1="SUDA_LVPS3V3CURR"    fact2="#LVPS_ADC_I3.3_SCALE"  opcode="*"/>
  <itemDerived name="P16V_IMON"      type="float" fact1="SUDA_LVPS16V0CURR"    fact2="#LVPS_ADC_I16_SCALE"   opcode="*"/>
  <itemDerived name="P6V_IMON"       type="float" fact1="SUDA_LVPSP6V0CURR"    fact2="#LVPS_ADC_I6_SCALE"    opcode="*"/>
  <itemDerived name="N6V_IMON"       type="float" fact1="SUDA_LVPSN6V0CURR"    fact2="#LVPS_ADC_IN6_SCALE"   opcode="*"/>
  <itemDerived name="P5V_IMON"       type="float" fact1="SUDA_LVPSP5V0CURR"    fact2="#LVPS_ADC_I5_SCALE"    opcode="*"/>
  <itemDerived name="N5V_IMON"       type="float" fact1="SUDA_LVPSN5V0CURR"    fact2="#LVPS_ADC_IN5_SCALE"   opcode="*"/>
  <itemDerived name="P2.5V_IMON"     type="float" fact1="SUDA_LVPSP2V5CURR"    fact2="#LVPS_ADC_I3.3_SCALE"  opcode="*"/>
  <itemDerived name="N2.5V_IMON"     type="float" fact1="SUDA_LVPSN2V5CURR"    fact2="#LVPS_ADC_IN2_SCALE"   opcode="*"/>

  <itemDerived name="THERM_CSA0_HK"  type="THERM1_eu_type" fact1="SUDA_CSA0TEMP"    fact2="0" opcode="+"/>
  <itemDerived name="THERM_CSA1_HK"  type="THERM1_eu_type" fact1="SUDA_CSA1TEMP"    fact2="0" opcode="+"/>
  <itemDerived name="THERM_BUFF_HK"  type="THERM1_eu_type" fact1="SUDA_DETTEMP"    fact2="0" opcode="+"/>
  <itemDerived name="THERM_LVPS_HK"  type="THERM2_eu_type" fact1="SUDA_LVPSBDTEMP"    fact2="0" opcode="+"/>
  <itemDerived name="THERM_HVPS_HK"  type="THERM2_eu_type" fact1="SUDA_HVPSBDTEMP"    fact2="0" opcode="+"/>

  <itemDerived name="PROCTEMP1"      type="THERM3_eu_type" fact1="SUDA_PROCADCTEMP" fact2="0" opcode="+"/>
  <itemDerived name="PROCTEMP2"      type="THERM3_eu_type" fact1="SUDA_PROCBDTEMP" fact2="0" opcode="+"/>

  <itemDerived name="P2.5V_VMON"     type="float" fact1="SUDA_LVPSP2V5VOLT"   fact2="#LVPS_ADC_V2.5_SCALE"   opcode="*"/>
  <itemDerived name="N2.5V_P3.3_t"   type="float" fact1="SUDA_LVPSN2V5VOLT"   fact2="#LVPS_ADC_VN2.5_SCALE"  opcode="*"/>
  <itemDerived name="N2.5V_P3.3VREF" type="float" fact1="N2.5V_P3.3_t"   fact2="#LVPS_ADC_VN2.5_OFFSET" opcode="+"/>
  <itemDerived name="SPARE_HK"       type="float" fact1="SUDA_LVPSSPAREADC"   fact2="0" opcode="*"/>

  <itemDerived name="DETECT_V_ADC"   type="float" fact1="SUDA_HVPSDETVOLT" fact2="#HVPS_ADC_V_SCALE" opcode="*"/>
  <itemDerived name="SENSOR_V_ADC"   type="float" fact1="SUDA_HVPSSENSVOLT" fact2="#HVPS_ADC_V_SCALE" opcode="*"/>
  <itemDerived name="TARGET_V_ADC"   type="float" fact1="SUDA_HVPSTARGETVOLT" fact2="#HVPS_ADC_V_SCALE" opcode="*"/>
  <itemDerived name="REFLECT_V_ADC"  type="float" fact1="SUDA_HVPSREFLCTVOLT" fact2="#HVPS_ADC_V_SCALE" opcode="*"/>
  <itemDerived name="REJECT_V_ADC"   type="float" fact1="SUDA_HVPSREJCTNVOLT" fact2="#HVPS_ADC_V_SCALE" opcode="*"/>
  <itemDerived name="DETECT_I_ADC"   type="float" fact1="SUDA_HVPSDETCURR" fact2="#HVPS_ADC_I_SCALE" opcode="*"/>
  <itemDerived name="SENSOR_IP_ADC"  type="float" fact1="SUDA_HVPSSENSPCURR" fact2="#HVPS_ADC_I_SCALE" opcode="*"/>
  <itemDerived name="SENSOR_IN_ADC"  type="float" fact1="SUDA_HVPSSENSNCURR" fact2="#HVPS_ADC_I_SCALE" opcode="*"/>
</hydraDef>
