<!--

  Configuration for Keysight Technologies N6700C Power Supplies

          Channel | 1           2               3             4
  =============== + ============= =========== =============== ==============
  Power supply #1 | PCU           SUDA        Target Heater   Sensor Heater
  Power supply #2 | Latch Htr     VCSA Htr    Latch A         Latch B

 -->

<hydraDef>

  <!-- power supply hardware clients -->

  <hwClient name="powerSupply1" addr="#PWR1_IP_ADDR" port="#PWR1_IP_PORT"
    mode="duplex">
    <description text="Power supply definition for power supply 1"/>
  </hwClient>

  <hwClient name="powerSupply2" addr="#PWR2_IP_ADDR" port="#PWR2_IP_PORT"
    mode="duplex">
    <description text="Power supply definition for power supply 2"/>
  </hwClient>

  <!-- power supply log files -->

  <hwOutFile name="pwrLog1" prefix="pwrLog1" suffix=".txt"
    timestamp="ois" maxSize="#LOG_FILE_MAX_SIZE"/>
  <hwOutFile name="pwrLog2" prefix="pwrLog2" suffix=".txt"
    timestamp="ois" maxSize="#LOG_FILE_MAX_SIZE"/>

  <!-- power supply decoders -->

  <decoderQuery name="powerDecoder1">
    <description text="Receives responses from power supply 1"/>
    <outBuffer size="1024"/>
    <outputDevice name="pwrLog1" enabled="true"/>
  </decoderQuery>

  <decoderQuery name="powerDecoder2">
    <description text="Receives responses from power supply 2"/>
    <outBuffer size="1024"/>
    <outputDevice name="pwrLog2" enabled="true"/>
  </decoderQuery>

  <!-- windows for showing power supply responses -->

  <alias name="powerWindow1" command="cmd_dec">
    <description text="Show power supply response window"/>
    <argument id="0" value="powerDecoder1"/>
    <argument id="1" value="show_window"/>
  </alias>
  <alias name="powerWindow2" command="cmd_dec">
    <description text="Show power supply response window"/>
    <argument id="0" value="powerDecoder2"/>
    <argument id="1" value="show_window"/>
  </alias>

  <!-- aliases for showing power supply info -->

  <alias name="print_heater_limits" command="start">
    <description text="Print power supply heater control details"/>
    <argument id="0" value="print_htr_limits"/>
  </alias>

  <alias name="print_power_modules" command="start">
    <description text="Print power supply module details"/>
    <argument id="0" value="print_pwr_modules"/>
  </alias>

  <alias name="show_door_latches" command="show_page">
    <description text="Show door latches window"/>
    <argument id="0" value="_SSIM-More/pwrLatches"/>
  </alias>

  <alias name="show_power_modules" command="show_page">
    <description text="Show power supply modules window"/>
    <argument id="0" value="_SSIM-More/pwrModules"/>
  </alias>

  <alias name="print_power_protection" command="start">
    <description text="Print power supply protection details"/>
    <argument id="0" value="print_pwr_protection"/>
  </alias>

  <!-- power supply readers -->

  <readerTCP name="powerReader1" hw="powerSupply1" decoder="powerDecoder1"
    maxSize="1024">
    <description text="Reader to receive responses from power supply 1"/>
  </readerTCP>

  <readerTCP name="powerReader2" hw="powerSupply2" decoder="powerDecoder2"
    maxSize="1024">
    <description text="Reader to receive responses from power supply 2"/>
  </readerTCP>

  <!-- power supply front panel lock states -->

  <dictionary name="lockState">
    <pair key="0" str="LOC"/>
    <pair key="1" str="REM"/>
    <pair key="2" str="RWL"/>
  </dictionary>
  <typeState name="lockState8" size="8" dict="lockState"/>

  <!-- Digital pin functions -->

  <dictionary name="pinFunction">
    <pair key="0" str="DIO"/>
    <pair key="1" str="DINP"/>
    <pair key="2" str="FAUL"/>
    <pair key="3" str="INH"/>
    <pair key="4" str="ONC"/>
    <pair key="5" str="OFFC"/>
    <pair key="6" str="TINP"/>
    <pair key="7" str="TOUT"/>
  </dictionary>
  <typeState name="pinFunction8" size="8" dict="pinFunction"/>

  <!-- Digital pin polarity -->

  <dictionary name="pinPolarity">
    <pair key="0" str="POS"/>
    <pair key="1" str="NEG"/>
  </dictionary>
  <typeState name="pinPolarity8" size="8" dict="pinPolarity"/>

  <!-- Digital pin inhibit mode -->

  <dictionary name="inhibitMode">
    <pair key="0" str="LATC"/>
    <pair key="1" str="LIVE"/>
    <pair key="2" str="OFF"/>
  </dictionary>
  <typeState name="inhibitMode8" size="8" dict="inhibitMode"/>

  <!-- power supply item definitions -->

  <itemDef name="pwr1_id" type="char" num="80">
    <description text="power supply 1 manufacturer's name"/>
  </itemDef>
  <itemDef name="pwr2_id" type="char" num="80">
    <description text="power supply 2 manufacturer's name"/>
  </itemDef>

  <dictionary name="passFail">
    <pair key="0" str="PASS"/>
    <pair key="1" str="FAIL"/>
  </dictionary>
  <typeState name="passFail8" size="8" dict="passFail"/>

  <itemDef name="pwr1_test_result" type="passFail8">
    <description text="Result of power supply 1 self-test"/>
  </itemDef>
  <itemDef name="pwr2_test_result" type="passFail8">
    <description text="Result of power supply 2 self-test"/>
  </itemDef>

  <itemDef name="pwr1_model_number" type="char" num="80">
    <description text="power supply 1 instrument model number"/>
  </itemDef>
  <itemDef name="pwr2_model_number" type="char" num="80">
    <description text="power supply 2 instrument model number"/>
  </itemDef>

  <itemDef name="pwr1_serial_number" type="char" num="80">
    <description text="power supply 1 serial number"/>
  </itemDef>
  <itemDef name="pwr2_serial_number" type="char" num="80">
    <description text="power supply 2 serial number"/>
  </itemDef>

  <itemDef name="pwr1_firmware_revision" type="char" num="80">
    <description text="power supply 1 firmware revision"/>
  </itemDef>
  <itemDef name="pwr2_firmware_revision" type="char" num="80">
    <description text="power supply 2 firmware revision"/>
  </itemDef>

  <itemDef name="pwr1_bytesRecv" type="dn32">
    <description text="holds power supply 1 bytes received"/>
  </itemDef>
  <itemDef name="pwr2_bytesRecv" type="dn32">
    <description text="holds power supply 2 bytes received"/>
  </itemDef>

  <itemDef name="pwr1_bytesSent" type="dn32">
    <description text="holds power supply 1 bytes sent"/>
  </itemDef>
  <itemDef name="pwr2_bytesSent" type="dn32">
    <description text="holds power supply 2 bytes sent"/>
  </itemDef>

  <itemDef name="pwr1_error" type="sn32">
    <description text="power supply 1 error"/>
  </itemDef>
  <itemDef name="pwr2_error" type="sn32">
    <description text="power supply 2 error"/>
  </itemDef>

  <itemDef name="pwr1_digital_input" type="sn8">
    <description text="power supply 1 digital input"/>
  </itemDef>
  <itemDef name="pwr2_digital_input" type="sn8">
    <description text="power supply 2 digital input"/>
  </itemDef>

  <itemDef name="pwr1_status_item" type="closedOpen8">
    <description text="holds power supply 1 status"/>
  </itemDef>
  <itemDef name="pwr2_status_item" type="closedOpen8">
    <description text="holds power supply 2 status"/>
  </itemDef>

  <itemDef name="pwr1_lock_state" type="lockState8">
    <description text="Lock status of front panel 1"/>
  </itemDef>
  <itemDef name="pwr2_lock_state" type="lockState8">
    <description text="Lock status of front panel 2"/>
  </itemDef>

  <itemDef name="pwr1_wdog_state" type="onOff8">
    <description text="power supply 1 Watchdog state"/>
  </itemDef>
  <itemDef name="pwr2_wdog_state" type="onOff8">
    <description text="power supply 2 Watchdog state"/>
  </itemDef>

  <itemDef name="pwr1_wdog_time" type="sn16">
    <description text="power supply 1 Watchdog delay time"/>
  </itemDef>
  <itemDef name="pwr2_wdog_time" type="sn16">
    <description text="power supply 2 Watchdog delay time"/>
  </itemDef>

  <!-- pin1 item definitions -->

  <itemDef name="pwr1_pin1_function" type="pinFunction8">
    <description text="power supply 1 PIN1 function"/>
  </itemDef>
  <itemDef name="pwr2_pin1_function" type="pinFunction8">
    <description text="power supply 2 PIN1 function"/>
  </itemDef>

  <itemDef name="pwr1_pin1_polarity" type="pinPolarity8">
    <description text="power supply 1 PIN1 polarity"/>
  </itemDef>
  <itemDef name="pwr2_pin1_polarity" type="pinPolarity8">
    <description text="power supply 2 PIN1 polarity"/>
  </itemDef>

  <!-- pin2 item definitions -->

  <itemDef name="pwr1_pin2_function" type="pinFunction8">
    <description text="power supply 1 PIN2 function"/>
  </itemDef>
  <itemDef name="pwr2_pin2_function" type="pinFunction8">
    <description text="power supply 2 PIN2 function"/>
  </itemDef>

  <itemDef name="pwr1_pin2_polarity" type="pinPolarity8">
    <description text="power supply 1 PIN2 polarity"/>
  </itemDef>
  <itemDef name="pwr2_pin2_polarity" type="pinPolarity8">
    <description text="power supply 2 PIN2 polarity"/>
  </itemDef>

  <!-- pin3 item definitions -->

  <itemDef name="pwr1_pin3_function" type="pinFunction8">
    <description text="power supply 1 PIN3 function"/>
  </itemDef>
  <itemDef name="pwr2_pin3_function" type="pinFunction8">
    <description text="power supply 2 PIN3 function"/>
  </itemDef>

  <itemDef name="pwr1_pin3_polarity" type="pinPolarity8">
    <description text="power supply 1 PIN3 polarity"/>
  </itemDef>
  <itemDef name="pwr2_pin3_polarity" type="pinPolarity8">
    <description text="power supply 2 PIN3 polarity"/>
  </itemDef>

  <itemDef name="pwr1_inhibit_mode" type="inhibitMode8">
    <description text="power supply 1 inhibit mode"/>
  </itemDef>
  <itemDef name="pwr2_inhibit_mode" type="inhibitMode8">
    <description text="power supply 2 inhibit mode"/>
  </itemDef>

  <!-- channel 1 item definitions -->

  <itemDef name="pwr_ch1_state" type="onOff8">
    <description text="Channel 1 output state"/>
  </itemDef>

  <itemDef name="pwr_ch1_volt" type="float">
    <description text="Channel 1 output voltage"/>
  </itemDef>
  <itemDef name="pwr_ch1_curr" type="float">
    <description text="Channel 1 output current"/>
  </itemDef>

  <itemDef name="pwr_ch1_volt_range" type="float">
    <description text="Channel 1 output voltage range"/>
  </itemDef>
  <itemDef name="pwr_ch1_curr_range" type="float">
    <description text="Channel 1 output current range"/>
  </itemDef>

  <itemDef name="pwr_ch1_ovp_level" type="float">
    <description text="Channel 1 overvoltage level"/>
  </itemDef>
  <itemDef name="pwr_ch1_ocp_state" type="onOff8">
    <description text="Channel 1 overcurrent state"/>
  </itemDef>

  <itemDef name="pwr_ch1_mvolt" type="float">
    <description text="Channel 1 measured voltage"/>
  </itemDef>
  <itemDef name="pwr_ch1_mcurr" type="float">
    <description text="Channel 1 measured current"/>
  </itemDef>

  <itemDef name="pwr_ch1_temp_margin" type="float">
    <description text="Channel 1 Temperature margin (°C)"/>
  </itemDef>

  <itemDef name="pwr_ch1_oper_stat" type="dn16">
    <description text="Channel 1 Operation Status register"/>
  </itemDef>

  <itemDef name="pwr_ch1_ques_stat" type="dn16">
    <description text="Channel 1 Questionable Status register"/>
  </itemDef>

  <itemDef name="pwr_ch1_model" type="char" num="10">
    <description text="Channel 1 Model"/>
  </itemDef>

  <itemDef name="pwr_ch1_serial" type="char" num="15">
    <description text="Channel 1 Serial Number"/>
  </itemDef>

  <itemDef name="pwr_ch1_option" type="char" num="15">
    <description text="Channel 1 Option Number"/>
  </itemDef>

  <!-- channel 2 item definitions -->

  <itemDef name="pwr_ch2_state" type="onOff8">
    <description text="Channel 2 output state"/>
  </itemDef>

  <itemDef name="pwr_ch2_volt" type="float">
    <description text="Channel 2 output voltage"/>
  </itemDef>
  <itemDef name="pwr_ch2_curr" type="float">
    <description text="Channel 2 output current"/>
  </itemDef>

  <itemDef name="pwr_ch2_volt_range" type="float">
    <description text="Channel 2 output voltage range"/>
  </itemDef>
  <itemDef name="pwr_ch2_curr_range" type="float">
    <description text="Channel 2 output current range"/>
  </itemDef>

  <itemDef name="pwr_ch2_ovp_level" type="float">
    <description text="Channel 2 overvoltage level"/>
  </itemDef>
  <itemDef name="pwr_ch2_ocp_state" type="onOff8">
    <description text="Channel 2 overcurrent state"/>
  </itemDef>

  <itemDef name="pwr_ch2_mvolt" type="float">
    <description text="Channel 2 measured voltage"/>
  </itemDef>
  <itemDef name="pwr_ch2_mcurr" type="float">
    <description text="Channel 2 measured current"/>
  </itemDef>

  <itemDef name="pwr_ch2_temp_margin" type="float">
    <description text="Channel 2 Temperature margin (°C)"/>
  </itemDef>

  <itemDef name="pwr_ch2_oper_stat" type="dn16">
    <description text="Channel 2 Operation Status register"/>
  </itemDef>

  <itemDef name="pwr_ch2_ques_stat" type="dn16">
    <description text="Channel 2 Questionable Status register"/>
  </itemDef>

  <itemDef name="pwr_ch2_model" type="char" num="10">
    <description text="Channel 2 Model"/>
  </itemDef>

  <itemDef name="pwr_ch2_serial" type="char" num="15">
    <description text="Channel 2 Serial Number"/>
  </itemDef>

  <itemDef name="pwr_ch2_option" type="char" num="15">
    <description text="Channel 2 Option Number"/>
  </itemDef>

  <!-- channel 3 item definitions -->

  <itemDef name="pwr_ch3_state" type="onOff8">
    <description text="Channel 3 output state"/>
  </itemDef>

  <itemDef name="pwr_ch3_volt" type="float">
    <description text="Channel 3 output voltage"/>
  </itemDef>
  <itemDef name="pwr_ch3_curr" type="float">
    <description text="Channel 3 output current"/>
  </itemDef>

  <itemDef name="pwr_ch3_volt_range" type="float">
    <description text="Channel 3 output voltage range"/>
  </itemDef>
  <itemDef name="pwr_ch3_curr_range" type="float">
    <description text="Channel 3 output current range"/>
  </itemDef>

  <itemDef name="pwr_ch3_ovp_level" type="float">
    <description text="Channel 3 overvoltage level"/>
  </itemDef>
  <itemDef name="pwr_ch3_ocp_state" type="onOff8">
    <description text="Channel 3 overcurrent state"/>
  </itemDef>

  <itemDef name="pwr_ch3_mvolt" type="float">
    <description text="Channel 3 measured voltage"/>
  </itemDef>
  <itemDef name="pwr_ch3_mcurr" type="float">
    <description text="Channel 3 measured current"/>
  </itemDef>

  <itemDef name="pwr_ch3_temp_margin" type="float">
    <description text="Channel 3 Temperature margin (°C)"/>
  </itemDef>

  <itemDef name="pwr_ch3_oper_stat" type="dn16">
    <description text="Channel 3 Operation Status register"/>
  </itemDef>

  <itemDef name="pwr_ch3_ques_stat" type="dn16">
    <description text="Channel 3 Questionable Status register"/>
  </itemDef>

  <itemDef name="pwr_ch3_model" type="char" num="10">
    <description text="Channel 3 Model"/>
  </itemDef>

  <itemDef name="pwr_ch3_serial" type="char" num="15">
    <description text="Channel 3 Serial Number"/>
  </itemDef>

  <itemDef name="pwr_ch3_option" type="char" num="15">
    <description text="Channel 3 Option Number"/>
  </itemDef>

  <!-- channel 4 item definitions -->

  <itemDef name="pwr_ch4_state" type="onOff8">
    <description text="Channel 4 output state"/>
  </itemDef>

  <itemDef name="pwr_ch4_volt" type="float">
    <description text="Channel 4 output voltage"/>
  </itemDef>
  <itemDef name="pwr_ch4_curr" type="float">
    <description text="Channel 4 output current"/>
  </itemDef>

  <itemDef name="pwr_ch4_volt_range" type="float">
    <description text="Channel 4 output voltage range"/>
  </itemDef>
  <itemDef name="pwr_ch4_curr_range" type="float">
    <description text="Channel 4 output current range"/>
  </itemDef>

  <itemDef name="pwr_ch4_ovp_level" type="float">
    <description text="Channel 4 overvoltage level"/>
  </itemDef>
  <itemDef name="pwr_ch4_ocp_state" type="onOff8">
    <description text="Channel 4 overcurrent state"/>
  </itemDef>

  <itemDef name="pwr_ch4_mvolt" type="float">
    <description text="Channel 4 measured voltage"/>
  </itemDef>
  <itemDef name="pwr_ch4_mcurr" type="float">
    <description text="Channel 4 measured current"/>
  </itemDef>

  <itemDef name="pwr_ch4_temp_margin" type="float">
    <description text="Channel 4 Temperature margin (°C)"/>
  </itemDef>

  <itemDef name="pwr_ch4_oper_stat" type="dn16">
    <description text="Channel 4 Operation Status register"/>
  </itemDef>

  <itemDef name="pwr_ch4_ques_stat" type="dn16">
    <description text="Channel 4 Questionable Status register"/>
  </itemDef>

  <itemDef name="pwr_ch4_model" type="char" num="10">
    <description text="Channel 4 Model"/>
  </itemDef>

  <itemDef name="pwr_ch4_serial" type="char" num="15">
    <description text="Channel 4 Serial Number"/>
  </itemDef>

  <itemDef name="pwr_ch4_option" type="char" num="15">
    <description text="Channel 4 Option Number"/>
  </itemDef>

  <!-- channel 5 item definitions -->

  <itemDef name="pwr_ch5_state" type="onOff8">
    <description text="Channel 5 output state"/>
  </itemDef>

  <itemDef name="pwr_ch5_volt" type="float">
    <description text="Channel 5 output voltage"/>
  </itemDef>
  <itemDef name="pwr_ch5_curr" type="float">
    <description text="Channel 5 output current"/>
  </itemDef>

  <itemDef name="pwr_ch5_volt_range" type="float">
    <description text="Channel 5 output voltage range"/>
  </itemDef>
  <itemDef name="pwr_ch5_curr_range" type="float">
    <description text="Channel 5 output current range"/>
  </itemDef>

  <itemDef name="pwr_ch5_ovp_level" type="float">
    <description text="Channel 5 overvoltage level"/>
  </itemDef>
  <itemDef name="pwr_ch5_ocp_state" type="onOff8">
    <description text="Channel 5 overcurrent state"/>
  </itemDef>

  <itemDef name="pwr_ch5_mvolt" type="float">
    <description text="Channel 5 measured voltage"/>
  </itemDef>
  <itemDef name="pwr_ch5_mcurr" type="float">
    <description text="Channel 5 measured current"/>
  </itemDef>

  <itemDef name="pwr_ch5_temp_margin" type="float">
    <description text="Channel 5 Temperature margin (°C)"/>
  </itemDef>

  <itemDef name="pwr_ch5_oper_stat" type="dn16">
    <description text="Channel 5 Operation Status register"/>
  </itemDef>

  <itemDef name="pwr_ch5_ques_stat" type="dn16">
    <description text="Channel 5 Questionable Status register"/>
  </itemDef>

  <itemDef name="pwr_ch5_model" type="char" num="10">
    <description text="Channel 5 Model"/>
  </itemDef>

  <itemDef name="pwr_ch5_serial" type="char" num="15">
    <description text="Channel 5 Serial Number"/>
  </itemDef>

  <itemDef name="pwr_ch5_option" type="char" num="15">
    <description text="Channel 5 Option Number"/>
  </itemDef>

  <!-- channel 6 item definitions -->

  <itemDef name="pwr_ch6_state" type="onOff8">
    <description text="Channel 6 output state"/>
  </itemDef>

  <itemDef name="pwr_ch6_volt" type="float">
    <description text="Channel 6 output voltage"/>
  </itemDef>
  <itemDef name="pwr_ch6_curr" type="float">
    <description text="Channel 6 output current"/>
  </itemDef>

  <itemDef name="pwr_ch6_volt_range" type="float">
    <description text="Channel 6 output voltage range"/>
  </itemDef>
  <itemDef name="pwr_ch6_curr_range" type="float">
    <description text="Channel 6 output current range"/>
  </itemDef>

  <itemDef name="pwr_ch6_ovp_level" type="float">
    <description text="Channel 6 overvoltage level"/>
  </itemDef>
  <itemDef name="pwr_ch6_ocp_state" type="onOff8">
    <description text="Channel 6 overcurrent state"/>
  </itemDef>

  <itemDef name="pwr_ch6_mvolt" type="float">
    <description text="Channel 6 measured voltage"/>
  </itemDef>
  <itemDef name="pwr_ch6_mcurr" type="float">
    <description text="Channel 6 measured current"/>
  </itemDef>

  <itemDef name="pwr_ch6_temp_margin" type="float">
    <description text="Channel 6 Temperature margin (°C)"/>
  </itemDef>

  <itemDef name="pwr_ch6_oper_stat" type="dn16">
    <description text="Channel 6 Operation Status register"/>
  </itemDef>

  <itemDef name="pwr_ch6_ques_stat" type="dn16">
    <description text="Channel 6 Questionable Status register"/>
  </itemDef>

  <itemDef name="pwr_ch6_model" type="char" num="10">
    <description text="Channel 6 Model"/>
  </itemDef>

  <itemDef name="pwr_ch6_serial" type="char" num="15">
    <description text="Channel 6 Serial Number"/>
  </itemDef>

  <itemDef name="pwr_ch6_option" type="char" num="15">
    <description text="Channel 6 Option Number"/>
  </itemDef>

  <!-- channel 7 item definitions -->

  <itemDef name="pwr_ch7_state" type="onOff8">
    <description text="Channel 7 output state"/>
  </itemDef>

  <itemDef name="pwr_ch7_volt" type="float">
    <description text="Channel 7 output voltage"/>
  </itemDef>
  <itemDef name="pwr_ch7_curr" type="float">
    <description text="Channel 7 output current"/>
  </itemDef>

  <itemDef name="pwr_ch7_volt_range" type="float">
    <description text="Channel 7 output voltage range"/>
  </itemDef>
  <itemDef name="pwr_ch7_curr_range" type="float">
    <description text="Channel 7 output current range"/>
  </itemDef>

  <itemDef name="pwr_ch7_ovp_level" type="float">
    <description text="Channel 7 overvoltage level"/>
  </itemDef>
  <itemDef name="pwr_ch7_ocp_state" type="onOff8">
    <description text="Channel 7 overcurrent state"/>
  </itemDef>

  <itemDef name="pwr_ch7_mvolt" type="float">
    <description text="Channel 7 measured voltage"/>
  </itemDef>
  <itemDef name="pwr_ch7_mcurr" type="float">
    <description text="Channel 7 measured current"/>
  </itemDef>

  <itemDef name="pwr_ch7_temp_margin" type="float">
    <description text="Channel 7 Temperature margin (°C)"/>
  </itemDef>

  <itemDef name="pwr_ch7_oper_stat" type="dn16">
    <description text="Channel 7 Operation Status register"/>
  </itemDef>

  <itemDef name="pwr_ch7_ques_stat" type="dn16">
    <description text="Channel 7 Questionable Status register"/>
  </itemDef>

  <itemDef name="pwr_ch7_model" type="char" num="10">
    <description text="Channel 7 Model"/>
  </itemDef>

  <itemDef name="pwr_ch7_serial" type="char" num="15">
    <description text="Channel 7 Serial Number"/>
  </itemDef>

  <itemDef name="pwr_ch7_option" type="char" num="15">
    <description text="Channel 7 Option Number"/>
  </itemDef>

  <!-- channel 8 item definitions -->

  <itemDef name="pwr_ch8_state" type="onOff8">
    <description text="Channel 8 output state"/>
  </itemDef>

  <itemDef name="pwr_ch8_volt" type="float">
    <description text="Channel 8 output voltage"/>
  </itemDef>
  <itemDef name="pwr_ch8_curr" type="float">
    <description text="Channel 8 output current"/>
  </itemDef>

  <itemDef name="pwr_ch8_volt_range" type="float">
    <description text="Channel 8 output voltage range"/>
  </itemDef>
  <itemDef name="pwr_ch8_curr_range" type="float">
    <description text="Channel 8 output current range"/>
  </itemDef>

  <itemDef name="pwr_ch8_ovp_level" type="float">
    <description text="Channel 8 overvoltage level"/>
  </itemDef>
  <itemDef name="pwr_ch8_ocp_state" type="onOff8">
    <description text="Channel 8 overcurrent state"/>
  </itemDef>

  <itemDef name="pwr_ch8_mvolt" type="float">
    <description text="Channel 8 measured voltage"/>
  </itemDef>
  <itemDef name="pwr_ch8_mcurr" type="float">
    <description text="Channel 8 measured current"/>
  </itemDef>

  <itemDef name="pwr_ch8_temp_margin" type="float">
    <description text="Channel 8 Temperature margin (°C)"/>
  </itemDef>

  <itemDef name="pwr_ch8_oper_stat" type="dn16">
    <description text="Channel 8 Operation Status register"/>
  </itemDef>

  <itemDef name="pwr_ch8_ques_stat" type="dn16">
    <description text="Channel 8 Questionable Status register"/>
  </itemDef>

  <itemDef name="pwr_ch8_model" type="char" num="10">
    <description text="Channel 8 Model"/>
  </itemDef>

  <itemDef name="pwr_ch8_serial" type="char" num="15">
    <description text="Channel 8 Serial Number"/>
  </itemDef>

  <itemDef name="pwr_ch8_option" type="char" num="15">
    <description text="Channel 8 Option Number"/>
  </itemDef>

  <!--
    Derived items to calculate each channel's power output from their
    measured voltages and currents.
   -->
  <itemDerived name="pwr_ch1_mpwr" type="float" fact1="pwr_ch1_mvolt" fact2="pwr_ch1_mcurr" opcode="*"/>
  <itemDerived name="pwr_ch2_mpwr" type="float" fact1="pwr_ch2_mvolt" fact2="pwr_ch2_mcurr" opcode="*"/>
  <itemDerived name="pwr_ch3_mpwr" type="float" fact1="pwr_ch3_mvolt" fact2="pwr_ch3_mcurr" opcode="*"/>
  <itemDerived name="pwr_ch4_mpwr" type="float" fact1="pwr_ch4_mvolt" fact2="pwr_ch4_mcurr" opcode="*"/>
  <itemDerived name="pwr_ch5_mpwr" type="float" fact1="pwr_ch5_mvolt" fact2="pwr_ch5_mcurr" opcode="*"/>
  <itemDerived name="pwr_ch6_mpwr" type="float" fact1="pwr_ch6_mvolt" fact2="pwr_ch6_mcurr" opcode="*"/>
  <itemDerived name="pwr_ch7_mpwr" type="float" fact1="pwr_ch7_mvolt" fact2="pwr_ch7_mcurr" opcode="*"/>
  <itemDerived name="pwr_ch8_mpwr" type="float" fact1="pwr_ch8_mvolt" fact2="pwr_ch8_mcurr" opcode="*"/>

  <!-- channel 7 latch A item definitions -->
  <itemDef name="pwr_latcha_voltage" type="float">
    <description text="Channel 7 Door Latch Voltage (V)"/>
  </itemDef>
  <itemDef name="pwr_latcha_current" type="float">
    <description text="Channel 7 Door Latch Current (A)"/>
  </itemDef>
  <itemDef name="pwr_latcha_time" type="float">
    <description text="Channel 7 Door Latch Voltage (s)"/>
  </itemDef>

  <!-- channel 8 latch B item definitions -->
  <itemDef name="pwr_latchb_voltage" type="float">
    <description text="Channel 8 Door Latch Voltage (V)"/>
  </itemDef>
  <itemDef name="pwr_latchb_current" type="float">
    <description text="Channel 8 Door Latch Current (A)"/>
  </itemDef>
  <itemDef name="pwr_latchb_time" type="float">
    <description text="Channel 8 Door Latch Voltage (s)"/>
  </itemDef>

  <!-- channel 8 latch B item definitions -->

  <!-- Power supply gumballs -->

  <gumball name="Power_Status">
    <item name="pwr1_status_item"/>
    <item name="pwr1_test_result"/>
    <item name="pwr1_lock_state"/>
    <item name="pwr1_bytesRecv"/>

    <item name="pwr2_status_item"/>
    <item name="pwr2_test_result"/>
    <item name="pwr2_lock_state"/>
    <item name="pwr2_bytesRecv"/>

    <item name="pwr_ch1_ques_stat"/>
    <item name="pwr_ch2_ques_stat"/>
    <item name="pwr_ch3_ques_stat"/>
    <item name="pwr_ch4_ques_stat"/>
    <item name="pwr_ch5_ques_stat"/>
    <item name="pwr_ch6_ques_stat"/>
    <item name="pwr_ch7_ques_stat"/>
    <item name="pwr_ch8_ques_stat"/>
        <item name="pwr_initialized"/>
  </gumball>

  <gumball name="Pwr1_Status">
    <item name="pwr1_status_item"/>
    <item name="pwr1_test_result"/>
    <item name="pwr1_lock_state"/>
    <item name="pwr1_bytesRecv"/>

    <item name="pwr_ch1_ques_stat"/>
    <item name="pwr_ch2_ques_stat"/>
    <item name="pwr_ch3_ques_stat"/>
    <item name="pwr_ch4_ques_stat"/>
        <item name="pwr_ch1_ocp_state"/>
  </gumball>

  <gumball name="Pwr2_Status">
    <item name="pwr2_status_item"/>
    <item name="pwr2_test_result"/>
    <item name="pwr2_lock_state"/>
    <item name="pwr2_bytesRecv"/>

    <item name="pwr_ch5_ques_stat"/>
    <item name="pwr_ch6_ques_stat"/>
    <item name="pwr_ch7_ques_stat"/>
    <item name="pwr_ch8_ques_stat"/>
        <item name="pwr_ch5_ocp_state"/>
  </gumball>

  <itemDerived name="pwr_initialized" type="bool8" fact1="pwr_ch1_ocp_state" fact2="pwr_ch5_ocp_state" opcode="*"/>
  <monitorValue item="pwr_initialized" enabled="true"
    value="0" operator="==" color="yellow" desire="caution"/>
  
  <monitorValue item="pwr_ch1_ocp_state" enabled="true"
    value="0" operator="==" color="yellow" desire="caution"/>
  <monitorValue item="pwr_ch2_ocp_state" enabled="true"
    value="0" operator="==" color="yellow" desire="caution"/>
  <monitorValue item="pwr_ch3_ocp_state" enabled="true"
    value="0" operator="==" color="yellow" desire="caution"/>
  <monitorValue item="pwr_ch4_ocp_state" enabled="true"
    value="0" operator="==" color="yellow" desire="caution"/>
  <monitorValue item="pwr_ch5_ocp_state" enabled="true"
    value="0" operator="==" color="yellow" desire="caution"/>
  <monitorValue item="pwr_ch6_ocp_state" enabled="true"
    value="0" operator="==" color="yellow" desire="caution"/>
  <monitorValue item="pwr_ch7_ocp_state" enabled="true"
    value="0" operator="==" color="yellow" desire="caution"/>
  <monitorValue item="pwr_ch8_ocp_state" enabled="true"
    value="0" operator="==" color="yellow" desire="caution"/>
  
  <itemDerived name="pwr_ch1_is_on" type="onOff8" fact1="pwr_ch1_state" fact2="0" opcode="+"/>
    <itemDerived name="pwr_ch2_is_on" type="onOff8" fact1="pwr_ch2_state" fact2="0" opcode="+"/>
  <monitorValue item="pwr_ch1_is_on" enabled="true"
    value="0" operator="==" color="red" desire="bad"/>
  <monitorValue item="pwr_ch2_is_on" enabled="true"
    value="0" operator="==" color="red" desire="bad"/>

  <gumball name="Op_Power_Status">
    <item name="pwr1_status_item"/>
    <item name="pwr2_status_item"/>
        <item name="pwr_ch1_is_on"/>
        <item name="pwr_ch2_is_on"/>
        <item name="pwr_initialized"/>
  </gumball>

  <!-- commands -->

  <!-- Self-Test -->
  <query name="self_test_1" string="*TST?" decoder="powerDecoder1" item="pwr1_test_result" hw="powerSupply1"/>
  <alias name="pwr1_self_test" command="send_query">
    <description text="Request self-test of power supply 1"/>
    <argument id="0" value="self_test_1"/>
  </alias>

  <query name="self_test_2" string="*TST?" decoder="powerDecoder2" item="pwr2_test_result" hw="powerSupply2"/>
  <alias name="pwr2_self_test" command="send_query">
    <description text="Request self-test of power supply 2"/>
    <argument id="0" value="self_test_2"/>
  </alias>

  <!-- Selects multiple-channel view on front panel -->
  <query name="pwr1_meter4" string="DISP:VIEW METER4" hw="powerSupply1"/>
  <query name="pwr2_meter4" string="DISP:VIEW METER4" hw="powerSupply2"/>

  <!-- reset commands -->
  <query name="pwr1_rst" string="*RST" hw="powerSupply1"/>
  <alias name="pwr1_reset" command="send_query">
    <description text="reset power supply 1"/>
    <argument id="0" value="pwr1_rst"/>
  </alias>

  <query name="pwr2_rst" string="*RST" hw="powerSupply2"/>
  <alias name="pwr2_reset" command="send_query">
    <description text="reset power supply 2"/>
    <argument id="0" value="pwr2_rst"/>
  </alias>

  <!-- Clear protection: Only clears if offending voltage or current are within range -->

  <query name="pwr1_clear_prot" string="OUTP:PROT:CLE (@1,2,3,4)" hw="powerSupply1"/>
  <query name="pwr2_clear_prot" string="OUTP:PROT:CLE (@1,2,3,4)" hw="powerSupply2"/>

  <cmdBlock name="pwr_clear_protection">
    <description text="Clear protection for both power supplies"/>
    <cmd str="echo *** pwr_clear_protection ***"/>
    <cmd str="send_query pwr1_set_pin3_dinp"/>
    <cmd str="send_query pwr2_set_pin3_dinp"/>
    <cmd str="send_query pwr1_clear_prot"/>
    <cmd str="send_query pwr2_clear_prot"/>
    <cmd str="send_query pwr1_set_pin3_inhibit"/>
    <cmd str="send_query pwr2_set_pin3_inhibit"/>
  </cmdBlock>

  <!-- Connect power supplies -->

  <alias name="Connect_PowerSupplies" command="start">
    <description text="Connect the Power Supplies"/>
    <argument id="0" value="pwr_connect_script"/>
  </alias>

  <!-- Configure power supplies -->

  <alias name="Configure_PowerSupplies" command="start">
    <description text="Configure the Power Supplies"/>
    <argument id="0" value="pwr_configure_script"/>
  </alias>

  <!-- Watchdog timer -->

  <!-- Enable/disable watchdog timer -->
  <query name="pwr1_enable_wdog" string="OUTP:PROT:WDOG ON"
    decoder="powerDecoder1" hw="powerSupply1"/>
  <query name="pwr1_disable_wdog" string="OUTP:PROT:WDOG OFF"
    decoder="powerDecoder1" hw="powerSupply1"/>

  <query name="pwr2_enable_wdog" string="OUTP:PROT:WDOG ON"
    decoder="powerDecoder2" hw="powerSupply2"/>
  <query name="pwr2_disable_wdog" string="OUTP:PROT:WDOG OFF"
    decoder="powerDecoder2" hw="powerSupply2"/>

  <!-- get watchdog timer state -->
  <query name="pwr1_get_wdog_state" string="OUTP:PROT:WDOG?" hw="powerSupply1"
    decoder="powerDecoder1" interpreted="1" item="pwr1_wdog_state"/>
  <query name="pwr2_get_wdog_state" string="OUTP:PROT:WDOG?" hw="powerSupply2"
    decoder="powerDecoder2" interpreted="1" item="pwr2_wdog_state"/>

  <!-- Set timeout to 2 seconds -->
  <query name="pwr1_set_wdog_time_2" string="OUTP:PROT:WDOG:DEL 2"
    decoder="powerDecoder1" hw="powerSupply1"/>
  <query name="pwr2_set_wdog_time_2" string="OUTP:PROT:WDOG:DEL 2"
    decoder="powerDecoder2" hw="powerSupply2"/>

  <!-- Set timeout to 5 seconds -->
  <query name="pwr1_set_wdog_time_5" string="OUTP:PROT:WDOG:DEL 5"
    decoder="powerDecoder1" hw="powerSupply1"/>
  <query name="pwr2_set_wdog_time_5" string="OUTP:PROT:WDOG:DEL 5"
    decoder="powerDecoder2" hw="powerSupply2"/>

  <!-- Set timeout to 10 seconds -->
  <query name="pwr1_set_wdog_time_10" string="OUTP:PROT:WDOG:DEL 10"
    decoder="powerDecoder1" hw="powerSupply1"/>
  <query name="pwr2_set_wdog_time_10" string="OUTP:PROT:WDOG:DEL 10"
    decoder="powerDecoder2" hw="powerSupply2"/>

  <!-- Set timeout to 20 seconds -->
  <query name="pwr1_set_wdog_time_20" string="OUTP:PROT:WDOG:DEL 20"
    decoder="powerDecoder1" hw="powerSupply1"/>
  <query name="pwr2_set_wdog_time_20" string="OUTP:PROT:WDOG:DEL 20"
    decoder="powerDecoder2" hw="powerSupply2"/>

  <!-- Set timeout to 2 minutes -->
  <query name="pwr1_set_wdog_time_120" string="OUTP:PROT:WDOG:DEL 120"
    decoder="powerDecoder1" hw="powerSupply1"/>
  <query name="pwr2_set_wdog_time_120" string="OUTP:PROT:WDOG:DEL 120"
    decoder="powerDecoder2" hw="powerSupply2"/>

  <!-- get watchdog timer delay time -->
  <query name="pwr1_get_wdog_time" string="OUTP:PROT:WDOG:DEL?" hw="powerSupply1"
    decoder="powerDecoder1" interpreted="1" item="pwr1_wdog_time"/>
  <query name="pwr2_get_wdog_time" string="OUTP:PROT:WDOG:DEL?" hw="powerSupply2"
    decoder="powerDecoder2" interpreted="1" item="pwr2_wdog_time"/>

  <!-- Set watchdog timeout command blocks -->
  <cmdBlock name="pwr_set_wdog2">
    <description text="Set watchdog timeout to 2 seconds for both power supplies"/>
    <cmd str="echo *** pwr_set_wdog2 ***"/>
    <cmd str="send_query pwr1_set_wdog_time_2"/>
    <cmd str="send_query pwr2_set_wdog_time_2"/>
  </cmdBlock>

  <cmdBlock name="pwr_set_wdog5">
    <description text="Set watchdog timeout to 5 seconds for both power supplies"/>
    <cmd str="echo *** pwr_set_wdog5 ***"/>
    <cmd str="send_query pwr1_set_wdog_time_5"/>
    <cmd str="send_query pwr2_set_wdog_time_5"/>
  </cmdBlock>

  <cmdBlock name="pwr_set_wdog10">
    <description text="Set watchdog timeout to 10 seconds for both power supplies"/>
    <cmd str="echo *** pwr_set_wdog10 ***"/>
    <cmd str="send_query pwr1_set_wdog_time_10"/>
    <cmd str="send_query pwr2_set_wdog_time_10"/>
  </cmdBlock>

  <cmdBlock name="pwr_set_wdog20">
    <description text="Set watchdog timeout to 20 seconds for both power supplies"/>
    <cmd str="echo *** pwr_set_wdog20 ***"/>
    <cmd str="send_query pwr1_set_wdog_time_20"/>
    <cmd str="send_query pwr2_set_wdog_time_20"/>
  </cmdBlock>

  <cmdBlock name="pwr_set_wdog120">
    <description text="Set watchdog timeout to 120 seconds for both power supplies"/>
    <cmd str="echo *** pwr_set_wdog120 ***"/>
    <cmd str="send_query pwr1_set_wdog_time_120"/>
    <cmd str="send_query pwr2_set_wdog_time_120"/>
  </cmdBlock>

  <!-- Lock/Unlock Front Panel -->

  <!-- Lock Panel -->
  <query name="pwr1_set_lock_panel" string="SYST:COMM:RLST RWL" hw="powerSupply1"/>
  <query name="pwr2_set_lock_panel" string="SYST:COMM:RLST RWL" hw="powerSupply2"/>

  <!-- Unlock Panel -->
  <query name="pwr1_set_unlock_panel" string="SYST:COMM:RLST REM" hw="powerSupply1"/>
  <query name="pwr2_set_unlock_panel" string="SYST:COMM:RLST REM" hw="powerSupply2"/>

  <!-- Get locked/unlocked state of instrument -->
  <query name="pwr1_get_lock_state" string="SYST:COMM:RLST?" hw="powerSupply1"
    decoder="powerDecoder1" interpreted="1" item="pwr1_lock_state"/>
  <query name="pwr2_get_lock_state" string="SYST:COMM:RLST?" hw="powerSupply2"
    decoder="powerDecoder2" interpreted="1" item="pwr2_lock_state"/>

  <alias name="pwr1_lock_panel" command="send_query">
    <description text="Lock power supply 1 front panel"/>
    <argument id="0" value="pwr1_set_lock_panel"/>
  </alias>
  <alias name="pwr2_lock_panel" command="send_query">
    <description text="Lock power supply 2 front panel"/>
    <argument id="0" value="pwr2_set_lock_panel"/>
  </alias>

  <alias name="pwr1_unlock_panel" command="send_query">
    <description text="Unlock power supply 1 front panel"/>
    <argument id="0" value="pwr1_set_unlock_panel"/>
  </alias>
  <alias name="pwr2_unlock_panel" command="send_query">
    <description text="Unlock power supply 2 front panel"/>
    <argument id="0" value="pwr2_set_unlock_panel"/>
  </alias>

  <cmdBlock name="pwr1_lock_front_panel">
    <cmd str="echo *** pwr1_lock_front_panel ***"/>
    <cmd str="send_query pwr1_set_lock_panel"/>
  </cmdBlock>
  <cmdBlock name="pwr2_lock_front_panel">
    <cmd str="echo *** pwr2_lock_front_panel ***"/>
    <cmd str="send_query pwr2_set_lock_panel"/>
  </cmdBlock>

  <cmdBlock name="pwr1_unlock_front_panel">
    <cmd str="echo *** pwr1_unlock_front_panel ***"/>
    <cmd str="send_query pwr1_set_unlock_panel"/>
  </cmdBlock>
  <cmdBlock name="pwr2_unlock_front_panel">
    <cmd str="echo *** pwr2_unlock_front_panel ***"/>
    <cmd str="send_query pwr2_set_unlock_panel"/>
  </cmdBlock>

  <!-- Digital PIN1 Function -->

  <query name="pwr1_set_pin1_dinp" string="DIG:PIN1:FUNC DINP" hw="powerSupply1"/>
  <query name="pwr2_set_pin1_dinp" string="DIG:PIN1:FUNC DINP" hw="powerSupply2"/>

    <query name="pwr1_set_pin1_fault" string="DIG:PIN1:FUNC FAUL" hw="powerSupply1"/>
  <query name="pwr2_set_pin1_fault" string="DIG:PIN1:FUNC FAUL" hw="powerSupply2"/>

  <query name="pwr1_get_pin1_function" string="DIG:PIN1:FUNC?" hw="powerSupply1"
    decoder="powerDecoder1" interpreted="1" item="pwr1_pin1_function"/>
  <query name="pwr2_get_pin1_function" string="DIG:PIN1:FUNC?" hw="powerSupply2"
    decoder="powerDecoder2" interpreted="1" item="pwr2_pin1_function"/>

  <!-- Digital PIN1 Polarity -->

  <query name="pwr1_set_pin1_positive" string="DIG:PIN1:POL POS" hw="powerSupply1"/>
  <query name="pwr2_set_pin1_positive" string="DIG:PIN1:POL POS" hw="powerSupply2"/>

  <query name="pwr1_set_pin1_negative" string="DIG:PIN1:POL NEG" hw="powerSupply1"/>
  <query name="pwr2_set_pin1_negative" string="DIG:PIN1:POL NEG" hw="powerSupply2"/>

  <query name="pwr1_get_pin1_polarity" string="DIG:PIN1:POL?" hw="powerSupply1"
    decoder="powerDecoder1" interpreted="1" item="pwr1_pin1_polarity"/>
  <query name="pwr2_get_pin1_polarity" string="DIG:PIN1:POL?" hw="powerSupply2"
    decoder="powerDecoder2" interpreted="1" item="pwr2_pin1_polarity"/>

  <!-- Digital PIN2 Function -->

  <query name="pwr1_set_pin2_dinp" string="DIG:PIN2:FUNC DINP" hw="powerSupply1"/>
  <query name="pwr2_set_pin2_dinp" string="DIG:PIN2:FUNC DINP" hw="powerSupply2"/>

  <query name="pwr1_set_pin2_fault" string="DIG:PIN2:FUNC FAUL" hw="powerSupply1"/>
  <query name="pwr2_set_pin2_fault" string="DIG:PIN2:FUNC FAUL" hw="powerSupply2"/>

  <query name="pwr1_get_pin2_function" string="DIG:PIN2:FUNC?" hw="powerSupply1"
    decoder="powerDecoder1" interpreted="1" item="pwr1_pin2_function"/>
  <query name="pwr2_get_pin2_function" string="DIG:PIN2:FUNC?" hw="powerSupply2"
    decoder="powerDecoder2" interpreted="1" item="pwr2_pin2_function"/>

  <!-- Digital PIN2 Polarity -->

  <query name="pwr1_set_pin2_positive" string="DIG:PIN2:POL POS" hw="powerSupply1"/>
  <query name="pwr2_set_pin2_positive" string="DIG:PIN2:POL POS" hw="powerSupply2"/>

  <query name="pwr1_set_pin2_negative" string="DIG:PIN2:POL NEG" hw="powerSupply1"/>
  <query name="pwr2_set_pin2_negative" string="DIG:PIN2:POL NEG" hw="powerSupply2"/>

  <query name="pwr1_get_pin2_polarity" string="DIG:PIN2:POL?" hw="powerSupply1"
    decoder="powerDecoder1" interpreted="1" item="pwr1_pin2_polarity"/>
  <query name="pwr2_get_pin2_polarity" string="DIG:PIN2:POL?" hw="powerSupply2"
    decoder="powerDecoder2" interpreted="1" item="pwr2_pin2_polarity"/>

  <!-- Digital PIN3 Function -->

  <query name="pwr1_set_pin3_dinp" string="DIG:PIN3:FUNC DINP" hw="powerSupply1"/>
  <query name="pwr2_set_pin3_dinp" string="DIG:PIN3:FUNC DINP" hw="powerSupply2"/>

  <query name="pwr1_set_pin3_inhibit" string="DIG:PIN3:FUNC INH" hw="powerSupply1"/>
  <query name="pwr2_set_pin3_inhibit" string="DIG:PIN3:FUNC INH" hw="powerSupply2"/>

  <query name="pwr1_get_pin3_function" string="DIG:PIN3:FUNC?" hw="powerSupply1"
    decoder="powerDecoder1" interpreted="1" item="pwr1_pin3_function"/>
  <query name="pwr2_get_pin3_function" string="DIG:PIN3:FUNC?" hw="powerSupply2"
    decoder="powerDecoder2" interpreted="1" item="pwr2_pin3_function"/>

  <!-- Digital PIN3 Polarity -->

  <query name="pwr1_set_pin3_positive" string="DIG:PIN3:POL POS" hw="powerSupply1"/>
  <query name="pwr2_set_pin3_positive" string="DIG:PIN3:POL POS" hw="powerSupply2"/>

  <query name="pwr1_set_pin3_negative" string="DIG:PIN3:POL NEG" hw="powerSupply1"/>
  <query name="pwr2_set_pin3_negative" string="DIG:PIN3:POL NEG" hw="powerSupply2"/>

  <query name="pwr1_get_pin3_polarity" string="DIG:PIN3:POL?" hw="powerSupply1"
    decoder="powerDecoder1" interpreted="1" item="pwr1_pin3_polarity"/>
  <query name="pwr2_get_pin3_polarity" string="DIG:PIN3:POL?" hw="powerSupply2"
    decoder="powerDecoder2" interpreted="1" item="pwr2_pin3_polarity"/>

  <!-- Digital PIN3 Inhibit Mode -->

  <query name="pwr1_set_inhibit_latching" string="OUTP:INH:MODE LATC" hw="powerSupply1"/>
  <query name="pwr2_set_inhibit_latching" string="OUTP:INH:MODE LATC" hw="powerSupply2"/>

  <query name="pwr1_get_inhibit_mode" string="OUTP:INH:MODE?" hw="powerSupply1"
    decoder="powerDecoder1" interpreted="1" item="pwr1_inhibit_mode"/>
  <query name="pwr2_get_inhibit_mode" string="OUTP:INH:MODE?" hw="powerSupply2"
    decoder="powerDecoder2" interpreted="1" item="pwr2_inhibit_mode"/>

  <!-- channel on & off commands -->

  <query name="ch1_set_on" string="OUTP ON,(@1)" hw="powerSupply1"/>
  <query name="ch1_set_off" string="OUTP OFF,(@1)" hw="powerSupply1"/>

  <query name="ch2_set_on" string="OUTP ON,(@2)" hw="powerSupply1"/>
  <query name="ch2_set_off" string="OUTP OFF,(@2)" hw="powerSupply1"/>

  <query name="ch3_set_on" string="OUTP ON,(@3)" hw="powerSupply1"/>
  <query name="ch3_set_off" string="OUTP OFF,(@3)" hw="powerSupply1"/>

  <query name="ch4_set_on" string="OUTP ON,(@4)" hw="powerSupply1"/>
  <query name="ch4_set_off" string="OUTP OFF,(@4)" hw="powerSupply1"/>

  <query name="ch5_set_on" string="OUTP ON,(@1)" hw="powerSupply2"/>
  <query name="ch5_set_off" string="OUTP OFF,(@1)" hw="powerSupply2"/>

  <query name="ch6_set_on" string="OUTP ON,(@2)" hw="powerSupply2"/>
  <query name="ch6_set_off" string="OUTP OFF,(@2)" hw="powerSupply2"/>

  <query name="ch7_set_on" string="OUTP ON,(@3)" hw="powerSupply2"/>
  <query name="ch7_set_off" string="OUTP OFF,(@3)" hw="powerSupply2"/>

  <query name="ch8_set_on" string="OUTP ON,(@4)" hw="powerSupply2"/>
  <query name="ch8_set_off" string="OUTP OFF,(@4)" hw="powerSupply2"/>

  <query name="pwr1_all_off" string="OUTP OFF,(@1:4)" hw="powerSupply1"/>
  <query name="pwr2_all_off" string="OUTP OFF,(@1:4)" hw="powerSupply2"/>

  <alias name="pwr_ch1_set_on" command="start">
    <description text="Turn on channel 1"/>
    <argument id="0" value="turn_on_channel(1)"/>
  </alias>
  <alias name="pwr_ch1_set_off" command="send_query">
    <description text="Turn off channel 1"/>
    <argument id="0" value="ch1_set_off"/>
  </alias>

  <alias name="pwr_ch2_set_on" command="start">
    <description text="Turn on channel 2"/>
    <argument id="0" value="turn_on_channel(2)"/>
  </alias>
  <alias name="pwr_ch2_set_off" command="send_query">
    <description text="Turn off channel 2"/>
    <argument id="0" value="ch2_set_off"/>
  </alias>

  <alias name="pwr_ch3_set_on" command="start">
    <description text="Turn on channel 3"/>
    <argument id="0" value="turn_on_channel(3)"/>
  </alias>
  <alias name="pwr_ch3_set_off" command="send_query">
    <description text="Turn off channel 3"/>
    <argument id="0" value="ch3_set_off"/>
  </alias>

  <alias name="pwr_ch4_set_on" command="start">
    <description text="Turn on channel 4"/>
    <argument id="0" value="turn_on_channel(4)"/>
  </alias>
  <alias name="pwr_ch4_set_off" command="send_query">
    <description text="Turn off channel 4"/>
    <argument id="0" value="ch4_set_off"/>
  </alias>

  <alias name="pwr_ch5_set_on" command="start">
    <description text="Turn on channel 5"/>
    <argument id="0" value="turn_on_channel(5)"/>
  </alias>
  <alias name="pwr_ch5_set_off" command="send_query">
    <description text="Turn off channel 5"/>
    <argument id="0" value="ch5_set_off"/>
  </alias>

  <alias name="pwr_ch6_set_on" command="start">
    <description text="Turn on channel 6"/>
    <argument id="0" value="turn_on_channel(6)"/>
  </alias>
  <alias name="pwr_ch6_set_off" command="send_query">
    <description text="Turn off channel 6"/>
    <argument id="0" value="ch6_set_off"/>
  </alias>

<!-- 7 & 8 are the door latch channels
  <alias name="pwr_ch7_set_on" command="send_query">
    <description text="Turn on channel 7"/>
    <argument id="0" value="ch7_set_on"/>
  </alias>
  <alias name="pwr_ch7_set_off" command="send_query">
    <description text="Turn off channel 7"/>
    <argument id="0" value="ch7_set_off"/>
  </alias>

  <alias name="pwr_ch8_set_on" command="send_query">
    <description text="Turn on channel 8"/>
    <argument id="0" value="ch8_set_on"/>
  </alias>
  <alias name="pwr_ch8_set_off" command="send_query">
    <description text="Turn off channel 8"/>
    <argument id="0" value="ch8_set_off"/>
  </alias>
-->

  <!-- channel voltage commands -->

  <query name="ch1_set_volt_arg" string="VOLT %,(@1)" hw="powerSupply1"/>
  <alias name="pwr_ch1_set_volt" command="send_query">
    <description text="Set output voltage level for channel 1"/>
    <argument id="0" value="ch1_set_volt_arg"/>
  </alias>

  <query name="ch2_set_volt_arg" string="VOLT %,(@2)" hw="powerSupply1"/>
  <alias name="pwr_ch2_set_volt" command="send_query">
    <description text="Set output voltage level for channel 2"/>
    <argument id="0" value="ch2_set_volt_arg"/>
  </alias>

  <query name="ch3_set_volt_arg" string="VOLT %,(@3)" hw="powerSupply1"/>
  <alias name="pwr_ch3_set_volt" command="send_query">
    <description text="Set output voltage level for channel 3"/>
    <argument id="0" value="ch3_set_volt_arg"/>
  </alias>

  <query name="ch4_set_volt_arg" string="VOLT %,(@4)" hw="powerSupply1"/>
  <alias name="pwr_ch4_set_volt" command="send_query">
    <description text="Set output voltage level for channel 4"/>
    <argument id="0" value="ch4_set_volt_arg"/>
  </alias>

  <query name="ch5_set_volt_arg" string="VOLT %,(@1)" hw="powerSupply2"/>
  <alias name="pwr_ch5_set_volt" command="send_query">
    <description text="Set output voltage level for channel 5"/>
    <argument id="0" value="ch5_set_volt_arg"/>
  </alias>

  <query name="ch6_set_volt_arg" string="VOLT %,(@2)" hw="powerSupply2"/>
  <alias name="pwr_ch6_set_volt" command="send_query">
    <description text="Set output voltage level for channel 6"/>
    <argument id="0" value="ch6_set_volt_arg"/>
  </alias>

  <query name="ch7_set_volt_arg" string="VOLT %,(@3)" hw="powerSupply2"/>
  <alias name="pwr_ch7_set_volt" command="send_query">
    <description text="Set output voltage level for channel 7"/>
    <argument id="0" value="ch7_set_volt_arg"/>
  </alias>

  <query name="ch8_set_volt_arg" string="VOLT %,(@4)" hw="powerSupply2"/>
  <alias name="pwr_ch8_set_volt" command="send_query">
    <description text="Set output voltage level for channel 8"/>
    <argument id="0" value="ch8_set_volt_arg"/>
  </alias>

  <!-- channel current commands -->

  <query name="ch1_set_curr_arg" string="CURR %,(@1)" hw="powerSupply1"/>
  <alias name="pwr_ch1_set_curr" command="send_query">
    <description text="Set output current level for channel 1"/>
    <argument id="0" value="ch1_set_curr_arg"/>
  </alias>

  <query name="ch2_set_curr_arg" string="CURR %,(@2)" hw="powerSupply1"/>
  <alias name="pwr_ch2_set_curr" command="send_query">
    <description text="Set output current level for channel 2"/>
    <argument id="0" value="ch2_set_curr_arg"/>
  </alias>

  <query name="ch3_set_curr_arg" string="CURR %,(@3)" hw="powerSupply1"/>
  <alias name="pwr_ch3_set_curr" command="send_query">
    <description text="Set output current level for channel 3"/>
    <argument id="0" value="ch3_set_curr_arg"/>
  </alias>

  <query name="ch4_set_curr_arg" string="CURR %,(@4)" hw="powerSupply1"/>
  <alias name="pwr_ch4_set_curr" command="send_query">
    <description text="Set output current level for channel 4"/>
    <argument id="0" value="ch4_set_curr_arg"/>
  </alias>

  <query name="ch5_set_curr_arg" string="CURR %,(@1)" hw="powerSupply2"/>
  <alias name="pwr_ch5_set_curr" command="send_query">
    <description text="Set output current level for channel 5"/>
    <argument id="0" value="ch5_set_curr_arg"/>
  </alias>

  <query name="ch6_set_curr_arg" string="CURR %,(@2)" hw="powerSupply2"/>
  <alias name="pwr_ch6_set_curr" command="send_query">
    <description text="Set output current level for channel 6"/>
    <argument id="0" value="ch6_set_curr_arg"/>
  </alias>

  <query name="ch7_set_curr_arg" string="CURR %,(@3)" hw="powerSupply2"/>
  <alias name="pwr_ch7_set_curr" command="send_query">
    <description text="Set output current level for channel 7"/>
    <argument id="0" value="ch7_set_curr_arg"/>
  </alias>

  <query name="ch8_set_curr_arg" string="CURR %,(@4)" hw="powerSupply2"/>
  <alias name="pwr_ch8_set_curr" command="send_query">
    <description text="Set output current level for channel 8"/>
    <argument id="0" value="ch8_set_curr_arg"/>
  </alias>

  <!-- channel overvoltage -->

  <query name="ch1_set_ovp_arg" string="VOLT:PROT:LEV %,(@1)" hw="powerSupply1"/>
  <alias name="pwr_ch1_set_ovp" command="send_query">
    <description text="Set output overvoltage level for channel 1"/>
    <argument id="0" value="ch1_set_ovp_arg"/>
  </alias>

  <query name="ch2_set_ovp_arg" string="VOLT:PROT:LEV %,(@2)" hw="powerSupply1"/>
  <alias name="pwr_ch2_set_ovp" command="send_query">
    <description text="Set output overvoltage level for channel 2"/>
    <argument id="0" value="ch2_set_ovp_arg"/>
  </alias>

  <query name="ch3_set_ovp_arg" string="VOLT:PROT:LEV %,(@3)" hw="powerSupply1"/>
  <alias name="pwr_ch3_set_ovp" command="send_query">
    <description text="Set output overvoltage level for channel 3"/>
    <argument id="0" value="ch3_set_ovp_arg"/>
  </alias>

  <query name="ch4_set_ovp_arg" string="VOLT:PROT:LEV %,(@4)" hw="powerSupply1"/>
  <alias name="pwr_ch4_set_ovp" command="send_query">
    <description text="Set output overvoltage level for channel 4"/>
    <argument id="0" value="ch4_set_ovp_arg"/>
  </alias>

  <query name="ch5_set_ovp_arg" string="VOLT:PROT:LEV %,(@1)" hw="powerSupply2"/>
  <alias name="pwr_ch5_set_ovp" command="send_query">
    <description text="Set output overvoltage level for channel 5"/>
    <argument id="0" value="ch5_set_ovp_arg"/>
  </alias>

  <query name="ch6_set_ovp_arg" string="VOLT:PROT:LEV %,(@2)" hw="powerSupply2"/>
  <alias name="pwr_ch6_set_ovp" command="send_query">
    <description text="Set output overvoltage level for channel 6"/>
    <argument id="0" value="ch6_set_ovp_arg"/>
  </alias>

  <query name="ch7_set_ovp_arg" string="VOLT:PROT:LEV %,(@3)" hw="powerSupply2"/>
  <alias name="pwr_ch7_set_ovp" command="send_query">
    <description text="Set output overvoltage level for channel 7"/>
    <argument id="0" value="ch7_set_ovp_arg"/>
  </alias>

  <query name="ch8_set_ovp_arg" string="VOLT:PROT:LEV %,(@4)" hw="powerSupply2"/>
  <alias name="pwr_ch8_set_ovp" command="send_query">
    <description text="Set output overvoltage level for channel 8"/>
    <argument id="0" value="ch8_set_ovp_arg"/>
  </alias>

  <!-- channel overcurrent commands -->

  <query name="ch1_set_ocp_on" string="CURR:PROT:STAT ON,(@1)" hw="powerSupply1"/>
  <alias name="pwr_ch1_set_ocp_on" command="send_query">
    <description text="Turn on overcurrent protection for channel 1"/>
    <argument id="0" value="ch1_set_ocp_on"/>
  </alias>

  <query name="ch2_set_ocp_on" string="CURR:PROT:STAT ON,(@2)" hw="powerSupply1"/>
  <alias name="pwr_ch2_set_ocp_on" command="send_query">
    <description text="Turn on overcurrent protection for channel 2"/>
    <argument id="0" value="ch2_set_ocp_on"/>
  </alias>

  <query name="ch3_set_ocp_on" string="CURR:PROT:STAT ON,(@3)" hw="powerSupply1"/>
  <alias name="pwr_ch3_set_ocp_on" command="send_query">
    <description text="Turn on overcurrent protection for channel 3"/>
    <argument id="0" value="ch3_set_ocp_on"/>
  </alias>

  <query name="ch4_set_ocp_on" string="CURR:PROT:STAT ON,(@4)" hw="powerSupply1"/>
  <alias name="pwr_ch4_set_ocp_on" command="send_query">
    <description text="Turn on overcurrent protection for channel 4"/>
    <argument id="0" value="ch4_set_ocp_on"/>
  </alias>

  <query name="ch5_set_ocp_on" string="CURR:PROT:STAT ON,(@1)" hw="powerSupply2"/>
  <alias name="pwr_ch5_set_ocp_on" command="send_query">
    <description text="Turn on overcurrent protection for channel 5"/>
    <argument id="0" value="ch5_set_ocp_on"/>
  </alias>

  <query name="ch6_set_ocp_on" string="CURR:PROT:STAT ON,(@2)" hw="powerSupply2"/>
  <alias name="pwr_ch6_set_ocp_on" command="send_query">
    <description text="Turn on overcurrent protection for channel 6"/>
    <argument id="0" value="ch6_set_ocp_on"/>
  </alias>

  <query name="ch7_set_ocp_on" string="CURR:PROT:STAT ON,(@3)" hw="powerSupply2"/>
  <alias name="pwr_ch7_set_ocp_on" command="send_query">
    <description text="Turn on overcurrent protection for channel 7"/>
    <argument id="0" value="ch7_set_ocp_on"/>
  </alias>

  <query name="ch8_set_ocp_on" string="CURR:PROT:STAT ON,(@4)" hw="powerSupply2"/>
  <alias name="pwr_ch8_set_ocp_on" command="send_query">
    <description text="Turn on overcurrent protection for channel 8"/>
    <argument id="0" value="ch8_set_ocp_on"/>
  </alias>

  <!--
    Power supply channel 7 & 8 pulse setup and trigger.
    Default pulse outputs are 32.8V, 1.6A, for 0.1 secs.
  -->

  <query name="ch7_setup_pulse" hw="powerSupply2"
    string="VOLT:MODE LIST,(@3);:CURR:MODE LIST,(@3);:LIST:VOLT 32.8,(@3);:LIST:CURR 1.6,(@3);:LIST:DWEL 0.1,(@3)"/>
  <alias name="pwr_ch7_setup_pulse" command="send_query">
    <description text="Set up pulsed output for channel 7"/>
    <argument id="0" value="ch7_setup_pulse"/>
  </alias>

  <query name="ch7_trigger_pulse" hw="powerSupply2"
    string="OUTP ON,(@3);*WAI;:INIT:TRAN (@3);:TRIG:TRAN (@3);*WAI;:OUTP OFF,(@3)"/>
  <alias name="pwr_ch7_trigger_pulse" command="send_query">
    <description text="Trigger pulsed output on channel 7"/>
    <argument id="0" value="ch7_trigger_pulse"/>
  </alias>
  <alias name="FireLatchA" command="send_query">
    <description text="Trigger pulsed output on channel 7"/>
    <argument id="0" value="ch7_trigger_pulse"/>
  </alias>

  <query name="ch8_setup_pulse" hw="powerSupply2"
    string="VOLT:MODE LIST,(@4);:CURR:MODE LIST,(@4);:LIST:VOLT 32.8,(@4);:LIST:CURR 1.6,(@4);:LIST:DWEL 0.1,(@4)"/>
  <alias name="pwr_ch8_setup_pulse" command="send_query">
    <description text="Set up pulsed output for channel 8"/>
    <argument id="0" value="ch8_setup_pulse"/>
  </alias>

  <query name="ch8_trigger_pulse" hw="powerSupply2"
    string="OUTP ON,(@4);*WAI;:INIT:TRAN (@4);:TRIG:TRAN (@4);*WAI;:OUTP OFF,(@4)"/>
  <alias name="pwr_ch8_trigger_pulse" command="send_query">
    <description text="Trigger pulsed output on channel 8"/>
    <argument id="0" value="ch8_trigger_pulse"/>
  </alias>
  <alias name="FireLatchB" command="send_query">
    <description text="Trigger pulsed output on channel 8"/>
    <argument id="0" value="ch8_trigger_pulse"/>
  </alias>

  <cmdBlock name="FireBothLatches">
    <cmd str="echo *** FIRING BOTH DOOR LATCHES ***"/>
    <cmd str="send_query ch7_trigger_pulse"/>
    <cmd str="send_query ch8_trigger_pulse"/>
  </cmdBlock>

  <query name="query_pulses" hw="powerSupply2"
    decoder="powerDecoder2" interpreted="1"
    item="pwr_latcha_voltage,pwr_latchb_voltage,pwr_latcha_current,pwr_latchb_current,pwr_latcha_time,pwr_latchb_time"
    string="LIST:VOLT? (@3:4);:LIST:CURR? (@3:4);:LIST:DWEL? (@3:4)">
    <description text="Query pulsed output values on channels 7 and 8"/>
  </query>
  <alias name="pwr_query_pulses" command="send_query">
    <description text="Query pulsed output values on channels 7 and 8"/>
    <argument id="0" value="query_pulses"/>
  </alias>

  <!-- Power supply error status -->

  <query name="pwr1_get_status" hw="powerSupply1"
    decoder="powerDecoder1" interpreted="1"
    item="pwr1_error"
    string="SYST:ERR?">
    <description text="Queries power supply errors"/>
  </query>

  <query name="pwr2_get_status" hw="powerSupply2"
    decoder="powerDecoder2" interpreted="1"
    item="pwr2_error"
    string="SYST:ERR?">
    <description text="Queries power supply errors"/>
  </query>

  <alias name="pwr1_check_errors" command="send_query">
    <description text="Check power supply 1 for errors"/>
    <argument id="0" value="pwr1_get_status"/>
  </alias>

  <alias name="pwr2_check_errors" command="send_query">
    <description text="Check power supply 2 for errors"/>
    <argument id="0" value="pwr2_get_status"/>
  </alias>

  <!-- digital inputs -->

  <query name="pwr1_get_digital_input" hw="powerSupply1"
    decoder="powerDecoder1" interpreted="1"
    item="pwr1_digital_input"
    string="DIG:INP:DATA?">
    <description text="Queries power supply digital input"/>
  </query>

  <query name="pwr2_get_digital_input" hw="powerSupply2"
    decoder="powerDecoder2" interpreted="1"
    item="pwr2_digital_input"
    string="DIG:INP:DATA?">
    <description text="Queries power supply digital input"/>
  </query>

  <!-- channel measurements -->

  <query name="ch1_get_status" hw="powerSupply1"
    decoder="powerDecoder1" interpreted="1"
    item="pwr_ch1_state,pwr_ch1_volt,pwr_ch1_volt_range,pwr_ch1_mvolt,pwr_ch1_ovp_level,pwr_ch1_curr,pwr_ch1_curr_range,pwr_ch1_mcurr,pwr_ch1_ocp_state,pwr_ch1_oper_stat,pwr_ch1_ques_stat,pwr_ch1_temp_margin"
    string="OUTP? (@1);:VOLT? (@1);:VOLT:RANG? (@1);:MEAS:VOLT? (@1);:VOLT:PROT:LEV? (@1);:CURR? (@1);:CURR:RANG? (@1);:MEAS:CURR? (@1);:CURR:PROT:STAT? (@1);:STAT:OPER:COND? (@1);:STAT:QUES:COND? (@1);:OUTP:PROT:TEMP:MARG? (@1)"/>
  <query name="ch2_get_status" hw="powerSupply1"
    decoder="powerDecoder1" interpreted="1"
    item="pwr_ch2_state,pwr_ch2_volt,pwr_ch2_volt_range,pwr_ch2_mvolt,pwr_ch2_ovp_level,pwr_ch2_curr,pwr_ch2_curr_range,pwr_ch2_mcurr,pwr_ch2_ocp_state,pwr_ch2_oper_stat,pwr_ch2_ques_stat,pwr_ch2_temp_margin"
    string="OUTP? (@2);:VOLT? (@2);:VOLT:RANG? (@2);:MEAS:VOLT? (@2);:VOLT:PROT:LEV? (@2);:CURR? (@2);:CURR:RANG? (@2);:MEAS:CURR? (@2);:CURR:PROT:STAT? (@2);:STAT:OPER:COND? (@2);:STAT:QUES:COND? (@2);:OUTP:PROT:TEMP:MARG? (@2)"/>
  <query name="ch3_get_status" hw="powerSupply1"
    decoder="powerDecoder1" interpreted="1"
    item="pwr_ch3_state,pwr_ch3_volt,pwr_ch3_volt_range,pwr_ch3_mvolt,pwr_ch3_ovp_level,pwr_ch3_curr,pwr_ch3_curr_range,pwr_ch3_mcurr,pwr_ch3_ocp_state,pwr_ch3_oper_stat,pwr_ch3_ques_stat,pwr_ch3_temp_margin"
    string="OUTP? (@3);:VOLT? (@3);:VOLT:RANG? (@3);:MEAS:VOLT? (@3);:VOLT:PROT:LEV? (@3);:CURR? (@3);:CURR:RANG? (@3);:MEAS:CURR? (@3);:CURR:PROT:STAT? (@3);:STAT:OPER:COND? (@3);:STAT:QUES:COND? (@3);:OUTP:PROT:TEMP:MARG? (@3)"/>
  <query name="ch4_get_status" hw="powerSupply1"
    decoder="powerDecoder1" interpreted="1"
    item="pwr_ch4_state,pwr_ch4_volt,pwr_ch4_volt_range,pwr_ch4_mvolt,pwr_ch4_ovp_level,pwr_ch4_curr,pwr_ch4_curr_range,pwr_ch4_mcurr,pwr_ch4_ocp_state,pwr_ch4_oper_stat,pwr_ch4_ques_stat,pwr_ch4_temp_margin"
    string="OUTP? (@4);:VOLT? (@4);:VOLT:RANG? (@4);:MEAS:VOLT? (@4);:VOLT:PROT:LEV? (@4);:CURR? (@4);:CURR:RANG? (@4);:MEAS:CURR? (@4);:CURR:PROT:STAT? (@4);:STAT:OPER:COND? (@4);:STAT:QUES:COND? (@4);:OUTP:PROT:TEMP:MARG? (@4)"/>

  <query name="ch5_get_status" hw="powerSupply2"
    decoder="powerDecoder2" interpreted="1"
    item="pwr_ch5_state,pwr_ch5_volt,pwr_ch5_volt_range,pwr_ch5_mvolt,pwr_ch5_ovp_level,pwr_ch5_curr,pwr_ch5_curr_range,pwr_ch5_mcurr,pwr_ch5_ocp_state,pwr_ch5_oper_stat,pwr_ch5_ques_stat,pwr_ch5_temp_margin"
    string="OUTP? (@1);:VOLT? (@1);:VOLT:RANG? (@1);:MEAS:VOLT? (@1);:VOLT:PROT:LEV? (@1);:CURR? (@1);:CURR:RANG? (@1);:MEAS:CURR? (@1);:CURR:PROT:STAT? (@1);:STAT:OPER:COND? (@1);:STAT:QUES:COND? (@1);:OUTP:PROT:TEMP:MARG? (@1)"/>
  <query name="ch6_get_status" hw="powerSupply2"
    decoder="powerDecoder2" interpreted="1"
    item="pwr_ch6_state,pwr_ch6_volt,pwr_ch6_volt_range,pwr_ch6_mvolt,pwr_ch6_ovp_level,pwr_ch6_curr,pwr_ch6_curr_range,pwr_ch6_mcurr,pwr_ch6_ocp_state,pwr_ch6_oper_stat,pwr_ch6_ques_stat,pwr_ch6_temp_margin"
    string="OUTP? (@2);:VOLT? (@2);:VOLT:RANG? (@2);:MEAS:VOLT? (@2);:VOLT:PROT:LEV? (@2);:CURR? (@2);:CURR:RANG? (@2);:MEAS:CURR? (@2);:CURR:PROT:STAT? (@2);:STAT:OPER:COND? (@2);:STAT:QUES:COND? (@2);:OUTP:PROT:TEMP:MARG? (@2)"/>
  <query name="ch7_get_status" hw="powerSupply2"
    decoder="powerDecoder2" interpreted="1"
    item="pwr_ch7_state,pwr_ch7_volt,pwr_ch7_volt_range,pwr_ch7_mvolt,pwr_ch7_ovp_level,pwr_ch7_curr,pwr_ch7_curr_range,pwr_ch7_mcurr,pwr_ch7_ocp_state,pwr_ch7_oper_stat,pwr_ch7_ques_stat,pwr_ch7_temp_margin"
    string="OUTP? (@3);:VOLT? (@3);:VOLT:RANG? (@3);:MEAS:VOLT? (@3);:VOLT:PROT:LEV? (@3);:CURR? (@3);:CURR:RANG? (@3);:MEAS:CURR? (@3);:CURR:PROT:STAT? (@3);:STAT:OPER:COND? (@3);:STAT:QUES:COND? (@3);:OUTP:PROT:TEMP:MARG? (@3)"/>
  <query name="ch8_get_status" hw="powerSupply2"
    decoder="powerDecoder2" interpreted="1"
    item="pwr_ch8_state,pwr_ch8_volt,pwr_ch8_volt_range,pwr_ch8_mvolt,pwr_ch8_ovp_level,pwr_ch8_curr,pwr_ch8_curr_range,pwr_ch8_mcurr,pwr_ch8_ocp_state,pwr_ch8_oper_stat,pwr_ch8_ques_stat,pwr_ch8_temp_margin"
    string="OUTP? (@4);:VOLT? (@4);:VOLT:RANG? (@4);:MEAS:VOLT? (@4);:VOLT:PROT:LEV? (@4);:CURR? (@4);:CURR:RANG? (@4);:MEAS:CURR? (@4);:CURR:PROT:STAT? (@4);:STAT:OPER:COND? (@4);:STAT:QUES:COND? (@4);:OUTP:PROT:TEMP:MARG? (@4)"/>

  <alias name="pwr_ch1_get_status" command="send_query">
    <description text="Query status for channel 1"/>
    <argument id="0" value="ch1_get_status"/>
  </alias>
  <alias name="pwr_ch2_get_status" command="send_query">
    <description text="Query status for channel 2"/>
    <argument id="0" value="ch2_get_status"/>
  </alias>
  <alias name="pwr_ch3_get_status" command="send_query">
    <description text="Query status for channel 3"/>
    <argument id="0" value="ch3_get_status"/>
  </alias>
  <alias name="pwr_ch4_get_status" command="send_query">
    <description text="Query status for channel 4"/>
    <argument id="0" value="ch4_get_status"/>
  </alias>

  <alias name="pwr_ch5_get_status" command="send_query">
    <description text="Query status for channel 5"/>
    <argument id="0" value="ch5_get_status"/>
  </alias>
  <alias name="pwr_ch6_get_status" command="send_query">
    <description text="Query status for channel 6"/>
    <argument id="0" value="ch6_get_status"/>
  </alias>
  <alias name="pwr_ch7_get_status" command="send_query">
    <description text="Query status for channel 7"/>
    <argument id="0" value="ch7_get_status"/>
  </alias>
  <alias name="pwr_ch8_get_status" command="send_query">
    <description text="Query status for channel 8"/>
    <argument id="0" value="ch8_get_status"/>
  </alias>

  <query name="pwr1_get_ch_status" hw="powerSupply1"
    decoder="powerDecoder1" interpreted="1"
    item="pwr1_digital_input, pwr1_lock_state, pwr1_wdog_state, pwr1_wdog_time,
      pwr_ch1_state,    pwr_ch2_state,    pwr_ch3_state,    pwr_ch4_state,
      pwr_ch1_volt,   pwr_ch2_volt,   pwr_ch3_volt,   pwr_ch4_volt,
      pwr_ch1_volt_range, pwr_ch2_volt_range, pwr_ch3_volt_range, pwr_ch4_volt_range,
      pwr_ch1_mvolt,    pwr_ch2_mvolt,    pwr_ch3_mvolt,    pwr_ch4_mvolt,
      pwr_ch1_ovp_level,  pwr_ch2_ovp_level,  pwr_ch3_ovp_level,  pwr_ch4_ovp_level,
      pwr_ch1_curr,   pwr_ch2_curr,   pwr_ch3_curr,   pwr_ch4_curr,
      pwr_ch1_curr_range, pwr_ch2_curr_range, pwr_ch3_curr_range, pwr_ch4_curr_range,
      pwr_ch1_mcurr,    pwr_ch2_mcurr,    pwr_ch3_mcurr,    pwr_ch4_mcurr,
      pwr_ch1_ocp_state,  pwr_ch2_ocp_state,  pwr_ch3_ocp_state,  pwr_ch4_ocp_state,
      pwr_ch1_oper_stat,  pwr_ch2_oper_stat,  pwr_ch3_oper_stat,  pwr_ch4_oper_stat,
      pwr_ch1_ques_stat,  pwr_ch2_ques_stat,  pwr_ch3_ques_stat,  pwr_ch4_ques_stat,
      pwr_ch1_temp_margin,pwr_ch2_temp_margin,pwr_ch3_temp_margin,pwr_ch4_temp_margin,
      pwr1_error"
    string="DIG:INP:DATA?;:SYST:COMM:RLST?;:OUTP:PROT:WDOG?;:OUTP:PROT:WDOG:DEL?;:OUTP? (@1:4);:VOLT? (@1:4);:VOLT:RANG? (@1:4);:MEAS:VOLT? (@1:4);:VOLT:PROT:LEV? (@1:4);:CURR? (@1:4);:CURR:RANG? (@1:4);:MEAS:CURR? (@1:4);:CURR:PROT:STAT? (@1:4);:STAT:OPER:COND? (@1:4);:STAT:QUES:COND? (@1:4);:OUTP:PROT:TEMP:MARG? (@1:4);:SYST:ERR?"/>

  <query name="pwr2_get_ch_status" hw="powerSupply2"
    decoder="powerDecoder2" interpreted="1"
    item="pwr2_digital_input, pwr2_lock_state, pwr2_wdog_state, pwr2_wdog_time,
      pwr_ch5_state,    pwr_ch6_state,    pwr_ch7_state,    pwr_ch8_state,
      pwr_ch5_volt,   pwr_ch6_volt,   pwr_ch7_volt,   pwr_ch8_volt,
      pwr_ch5_volt_range, pwr_ch6_volt_range, pwr_ch7_volt_range, pwr_ch8_volt_range,
      pwr_ch5_mvolt,    pwr_ch6_mvolt,    pwr_ch7_mvolt,    pwr_ch8_mvolt,
      pwr_ch5_ovp_level,  pwr_ch6_ovp_level,  pwr_ch7_ovp_level,  pwr_ch8_ovp_level,
      pwr_ch5_curr,   pwr_ch6_curr,   pwr_ch7_curr,   pwr_ch8_curr,
      pwr_ch5_curr_range, pwr_ch6_curr_range, pwr_ch7_curr_range, pwr_ch8_curr_range,
      pwr_ch5_mcurr,    pwr_ch6_mcurr,    pwr_ch7_mcurr,    pwr_ch8_mcurr,
      pwr_ch5_ocp_state,  pwr_ch6_ocp_state,  pwr_ch7_ocp_state,  pwr_ch8_ocp_state,
      pwr_ch5_oper_stat,  pwr_ch6_oper_stat,  pwr_ch7_oper_stat,  pwr_ch8_oper_stat,
      pwr_ch5_ques_stat,  pwr_ch6_ques_stat,  pwr_ch7_ques_stat,  pwr_ch8_ques_stat,
      pwr_ch5_temp_margin,pwr_ch6_temp_margin,pwr_ch7_temp_margin,pwr_ch8_temp_margin,
      pwr2_error"
    string="DIG:INP:DATA?;:SYST:COMM:RLST?;:OUTP:PROT:WDOG?;:OUTP:PROT:WDOG:DEL?;:OUTP? (@1:4);:VOLT? (@1:4);:VOLT:RANG? (@1:4);:MEAS:VOLT? (@1:4);:VOLT:PROT:LEV? (@1:4);:CURR? (@1:4);:CURR:RANG? (@1:4);:MEAS:CURR? (@1:4);:CURR:PROT:STAT? (@1:4);:STAT:OPER:COND? (@1:4);:STAT:QUES:COND? (@1:4);:OUTP:PROT:TEMP:MARG? (@1:4);:SYST:ERR?"/>

  <!-- Command block to query all 8 power supply channels -->

  <cmdBlock name="poll_pwr_status" period="#PWR_POLL_PERIOD">
    <cmd str="send_query pwr1_get_ch_status"/>
    <cmd str="send_query pwr2_get_ch_status"/>
  </cmdBlock>

  <!-- Check for installed modules -->

  <query name="pwr1_get_id" string="*IDN?" decoder="powerDecoder1"
    item="pwr1_id,pwr1_model_number,pwr1_serial_number,pwr1_firmware_revision"
    hw="powerSupply1" interpreted="0"/>
  <query name="pwr2_get_id" string="*IDN?" decoder="powerDecoder2"
    item="pwr2_id,pwr2_model_number,pwr2_serial_number,pwr2_firmware_revision"
    hw="powerSupply2" interpreted="0"/>

  <!-- channel models -->

  <query name="pwr_get_ch1_model" string="SYST:CHAN:MOD? (@1)" decoder="powerDecoder1"
    item="pwr_ch1_model" hw="powerSupply1" interpreted="0"/>
  <query name="pwr_get_ch2_model" string="SYST:CHAN:MOD? (@2)" decoder="powerDecoder1"
    item="pwr_ch2_model" hw="powerSupply1" interpreted="0"/>
  <query name="pwr_get_ch3_model" string="SYST:CHAN:MOD? (@3)" decoder="powerDecoder1"
    item="pwr_ch3_model" hw="powerSupply1" interpreted="0"/>
  <query name="pwr_get_ch4_model" string="SYST:CHAN:MOD? (@4)" decoder="powerDecoder1"
    item="pwr_ch4_model" hw="powerSupply1" interpreted="0"/>

  <query name="pwr_get_ch5_model" string="SYST:CHAN:MOD? (@1)" decoder="powerDecoder2"
    item="pwr_ch5_model" hw="powerSupply2" interpreted="0"/>
  <query name="pwr_get_ch6_model" string="SYST:CHAN:MOD? (@2)" decoder="powerDecoder2"
    item="pwr_ch6_model" hw="powerSupply2" interpreted="0"/>
  <query name="pwr_get_ch7_model" string="SYST:CHAN:MOD? (@3)" decoder="powerDecoder2"
    item="pwr_ch7_model" hw="powerSupply2" interpreted="0"/>
  <query name="pwr_get_ch8_model" string="SYST:CHAN:MOD? (@4)" decoder="powerDecoder2"
    item="pwr_ch8_model" hw="powerSupply2" interpreted="0"/>

  <!-- channel serial number -->

  <query name="pwr_get_ch1_serial" string="SYST:CHAN:SER? (@1)" decoder="powerDecoder1"
    item="pwr_ch1_serial" hw="powerSupply1" interpreted="0"/>
  <query name="pwr_get_ch2_serial" string="SYST:CHAN:SER? (@2)" decoder="powerDecoder1"
    item="pwr_ch2_serial" hw="powerSupply1" interpreted="0"/>
  <query name="pwr_get_ch3_serial" string="SYST:CHAN:SER? (@3)" decoder="powerDecoder1"
    item="pwr_ch3_serial" hw="powerSupply1" interpreted="0"/>
  <query name="pwr_get_ch4_serial" string="SYST:CHAN:SER? (@4)" decoder="powerDecoder1"
    item="pwr_ch4_serial" hw="powerSupply1" interpreted="0"/>

  <query name="pwr_get_ch5_serial" string="SYST:CHAN:SER? (@1)" decoder="powerDecoder2"
    item="pwr_ch5_serial" hw="powerSupply2" interpreted="0"/>
  <query name="pwr_get_ch6_serial" string="SYST:CHAN:SER? (@2)" decoder="powerDecoder2"
    item="pwr_ch6_serial" hw="powerSupply2" interpreted="0"/>
  <query name="pwr_get_ch7_serial" string="SYST:CHAN:SER? (@3)" decoder="powerDecoder2"
    item="pwr_ch7_serial" hw="powerSupply2" interpreted="0"/>
  <query name="pwr_get_ch8_serial" string="SYST:CHAN:SER? (@4)" decoder="powerDecoder2"
    item="pwr_ch8_serial" hw="powerSupply2" interpreted="0"/>

  <!-- channel options -->

  <query name="pwr_get_ch1_option" string="SYST:CHAN:OPT? (@1)" decoder="powerDecoder1"
    item="pwr_ch1_option" hw="powerSupply1" interpreted="0"/>
  <query name="pwr_get_ch2_option" string="SYST:CHAN:OPT? (@2)" decoder="powerDecoder1"
    item="pwr_ch2_option" hw="powerSupply1" interpreted="0"/>
  <query name="pwr_get_ch3_option" string="SYST:CHAN:OPT? (@3)" decoder="powerDecoder1"
    item="pwr_ch3_option" hw="powerSupply1" interpreted="0"/>
  <query name="pwr_get_ch4_option" string="SYST:CHAN:OPT? (@4)" decoder="powerDecoder1"
    item="pwr_ch4_option" hw="powerSupply1" interpreted="0"/>

  <query name="pwr_get_ch5_option" string="SYST:CHAN:OPT? (@1)" decoder="powerDecoder2"
    item="pwr_ch5_option" hw="powerSupply2" interpreted="0"/>
  <query name="pwr_get_ch6_option" string="SYST:CHAN:OPT? (@2)" decoder="powerDecoder2"
    item="pwr_ch6_option" hw="powerSupply2" interpreted="0"/>
  <query name="pwr_get_ch7_option" string="SYST:CHAN:OPT? (@3)" decoder="powerDecoder2"
    item="pwr_ch7_option" hw="powerSupply2" interpreted="0"/>
  <query name="pwr_get_ch8_option" string="SYST:CHAN:OPT? (@4)" decoder="powerDecoder2"
    item="pwr_ch8_option" hw="powerSupply2" interpreted="0"/>

  <!-- Queries to get all power supply module info -->

  <query name="get_info_1" string="*IDN?" decoder="powerDecoder1"
    item="pwr1_id,pwr1_model_number,pwr1_serial_number,pwr1_firmware_revision"
    hw="powerSupply1" interpreted="0">
    <description text="Query to get power supply 1 info"/>
  </query>
  <query name="get_info_2" string="*IDN?" decoder="powerDecoder2"
    item="pwr2_id,pwr2_model_number,pwr2_serial_number,pwr2_firmware_revision"
    hw="powerSupply2" interpreted="0">
    <description text="Query to get power supply 2 info"/>
  </query>

  <alias name="pwr1_get_info" command="send_query">
    <description text="Get power supply 1 info"/>
    <argument id="0" value="get_info_1"/>
  </alias>
  <alias name="pwr2_get_info" command="send_query">
    <description text="Get power supply 2 info"/>
    <argument id="0" value="get_info_2"/>
  </alias>

  <query name="get_channel_info_1" string="SYST:CHAN:MOD? (@1:4);:SYST:CHAN:SER? (@1:4);:SYST:CHAN:OPT? (@1:4)" decoder="powerDecoder1"
    item="pwr_ch1_model,pwr_ch2_model,pwr_ch3_model,pwr_ch4_model,pwr_ch1_serial,pwr_ch2_serial,pwr_ch3_serial,pwr_ch4_serial,pwr_ch1_option,pwr_ch2_option,pwr_ch3_option,pwr_ch4_option"
    hw="powerSupply1" interpreted="0">
    <description text="Query to get all power supply 1 module info"/>
  </query>
  <query name="get_channel_info_2" string="SYST:CHAN:MOD? (@1:4);:SYST:CHAN:SER? (@1:4);:SYST:CHAN:OPT? (@1:4)" decoder="powerDecoder2"
    item="pwr_ch5_model,pwr_ch6_model,pwr_ch7_model,pwr_ch8_model,pwr_ch5_serial,pwr_ch6_serial,pwr_ch7_serial,pwr_ch8_serial,pwr_ch5_option,pwr_ch6_option,pwr_ch7_option,pwr_ch8_option"
    hw="powerSupply2" interpreted="0">
    <description text="Query to get all power supply 2 module info"/>
  </query>

  <alias name="pwr1_get_channel_info" command="send_query">
    <description text="Get power supply 1 channel info"/>
    <argument id="0" value="get_channel_info_1"/>
  </alias>
  <alias name="pwr2_get_channel_info" command="send_query">
    <description text="Get power supply 2 channel info"/>
    <argument id="0" value="get_channel_info_2"/>
  </alias>

  <cmdBlock name="get_power_supply_info">
    <description text="Queries to get all module info for both power supplies"/>
    <cmd str="pwr1_get_info"/>
    <cmd str="pwr2_get_info"/>
    <cmd str="pwr1_get_channel_info"/>
    <cmd str="pwr2_get_channel_info"/>
  </cmdBlock>

  <!-- Queries for the margin remaining before the over-temperature trips.
     The temperature margin is the minimum difference between the internal
     temperature sensors and the over-temperature trip level.
     The margin is returned in degrees Celsius. -->

  <query name="get_temp_margins_1" string="OUTP:PROT:TEMP:MARG? (@1:4)" hw="powerSupply1"/>
  <query name="get_temp_margins_2" string="OUTP:PROT:TEMP:MARG? (@1:4)" hw="powerSupply2"/>

  <alias name="pwr1_get_temp_margins" command="send_query">
    <description text="Get power supply 1 temperature margin info"/>
    <argument id="0" value="get_temp_margins_1"/>
  </alias>
  <alias name="pwr2_get_temp_margins" command="send_query">
    <description text="Get power supply 2 temperature margin info"/>
    <argument id="0" value="get_temp_margins_2"/>
  </alias>

  <!-- Commands to allow control of SUDA operational power supply -->

  <query name="set_volt2_query" string="VOLT %,(@2)" hw="powerSupply1"/>
  <alias name="set_suda_ops_volt" command="send_query">
    <description text="Set channel 2 voltage"/>
    <argument id="0" value="set_volt2_query"/>
  </alias>

  <alias name="get_suda_ops_volt" command="send_query">
    <description text="Get channel 2 voltage"/>
    <argument id="0" value="pwr_ch2_get_volt"/>
  </alias>

  <!-- Command to turn off all power supply channels -->

  <cmdBlock name="pwr_disable">
    <description text="Command to turn off all power supply channels"/>
    <cmd str="send_query pwr1_all_off"/>
    <cmd str="send_query pwr2_all_off"/>
  </cmdBlock>

  <!-- Command to turn on PCU and SUDA power supply channels -->

  <cmdBlock name="pwr_enable" gap="100">
    <description text="Command to turn on PCU and SUDA power supply channels"/>
    <cmd str="send_query ch1_set_on"/>
    <cmd str="send_query ch2_set_on"/>
  </cmdBlock>

  <!-- Commands to initialize all power supply channels -->

  <!--
      Power supply #1
      Channel   1     2     3       4
            PCU     SUDA    Target Heater Sensor Heater
      =========== =========== =========== =============== =============
      Voltage   32.8V   32.8V   32.8V     32.8V
      Current   0.85A   0.85A   2.0A      0.85A
      Volt. Prot. 36.5V   36.5V   36.5V     36.5V
      Curr. Prot. ON      ON      ON        ON
    -->
  <query name="pwr1_setup_all_channels" decoder="powerDecoder1"
    string="VOLT 32.8,(@1:2);:VOLT 32.8,(@3:4);:CURR 0.85,(@1,2,4);:CURR 2.0,(@3);:VOLT:PROT:LEV 36.5,(@1:4);:CURR:PROT:STAT ON,(@1:4)"
    hw="powerSupply1" interpreted="0">
    <description text="Query to initialize all power supply 1 channels"/>
  </query>

  <!--
      Power supply #2
      Channel   1     2     3     4
            Latch Htr VCSA Htr  Latch A   Latch B
      =========== =========== =========== =========== ===========
      Voltage   32.8V   32.8V   0V      0V
      Current   0.85A   0.85A
      Volt. Prot. 36.5V   36.5V   36.5V   36.5V
      Curr. Prot. ON      ON      ON      ON
    -->
  <query name="pwr2_setup_all_channels" decoder="powerDecoder2"
    string="VOLT 32.8,(@1:2);:VOLT 0,(@3:4);:CURR 0.85,(@1:2);:VOLT:PROT:LEV 36.5,(@1:4);:CURR:PROT:STAT ON,(@1:4)"
    hw="powerSupply2" interpreted="0">
    <description text="Query to initialize all power supply 2 channels"/>
  </query>

  <cmdBlock name="pwr_setup_all_channels">
    <description text="Command to initialize all power supply channels"/>
    <cmd str="send_query pwr1_setup_all_channels"/>
    <cmd str="send_query pwr2_setup_all_channels"/>
  </cmdBlock>

</hydraDef>
