<hydraDef>

  <dictionary name="enabled">
    <pair key="0" str="DS"/>
    <pair key="1" str="EN"/>
  </dictionary>
  
  <typeState name="enabled1" size="1" dict="enabled"/>
  <typeState name="enabled8" size="8" dict="enabled"/>
  <typeState name="enabled16" size="16" dict="enabled"/>
  <typeState name="enabled32" size="32" dict="enabled"/>
  
  <dictionary name="onOff">
    <pair key="0" str="OFF"/>
    <pair key="1" str="ON"/>
  </dictionary>
  
  <typeState name="onOff8" size="8" dict="onOff"/>

  <dictionary name="onOffActiveLow">
    <pair key="0" str="ON"/>
    <pair key="1" str="OFF"/>
  </dictionary>
  
  <typeState name="onOffActiveLow1" size="1" dict="onOffActiveLow"/>

  <dictionary name="bool">
    <description text="Boolean variable type"/>
    <pair key="0" str="FALSE"/>
    <pair key="1" str="TRUE"/>
  </dictionary>
  
  <typeState name="bool8" size="8" dict="bool"/>

  <dictionary name="closedOpen">
    <pair key="0" str="CLOSED"/>
    <pair key="1" str="OPEN"/>
  </dictionary>
  <typeState name="closedOpen8" size= "8" dict="closedOpen"/>
  <typeState name="closedOpen16" size= "16" dict="closedOpen"/>

  <dictionary name="novacuumVacuum">
    <pair key="0" str="NOVACUUM"/>
    <pair key="1" str="VACUUM"/>
  </dictionary>
  <typeState name="novacuumVacuum16" size= "16" dict="novacuumVacuum"/>

  <dictionary name="hsadc">
    <pair key="0" str="ADC0"/>
    <pair key="1" str="ADC1"/>
  </dictionary>
  
  <typeState name="hsadc32" size="32" dict="hsadc"/>

  <dictionary name="hschan">
    <pair key="0" str="TOF_HG"/>
    <pair key="1" str="TOF_LG"/>
    <pair key="2" str="TOF_MG"/>
 </dictionary>
  
  <typeState name="hschan32" size="32" dict="hschan"/>

  <dictionary name="lspolarity">
    <pair key="0" str="ABOVE"/>
    <pair key="1" str="BELOW"/>
 </dictionary>
  
  <typeState name="lspolarity1" size="1" dict="lspolarity"/>

  <dictionary name="hsTrigMode">
    <pair key="0" str="NO_TRIGGER"/>
    <pair key="1" str="THRESHOLD"/>
    <pair key="2" str="SINGLE_PULSE"/>
    <pair key="3" str="DOUBLE_PULSE"/>
 </dictionary>
  
 <typeState name="hsTrigMode2" size="2" dict="hsTrigMode"/>

  <dictionary name="adcSampleState">
    <pair key="0" str="RESET1"/>
    <pair key="1" str="RESET2"/>
    <pair key="2" str="COLLECT_PRE_TRIG"/>
    <pair key="3" str="AWAITING_TRIGGER"/>
    <pair key="4" str="AWAITING_TRIGGER"/>
    <pair key="5" str="ALIGNING_TRIGGER"/>
    <pair key="6" str="COLLECT_POST_TRG"/>
    <pair key="7" str="BUFFERS_FULL"/>
 </dictionary>

  <typeState name="adcSampleState3" size="3" dict="adcSampleState"/>
 
</hydraDef>
