<!-- SUDA-specific file to define types used in SUDA telemetry and commands -->
<!-- Note: Event log messages split out into suda_dicts_logs.xml -->

<hydraDef>

  <!-- Include dictionary for these types -->
  <include>Config\suda_dicts.xml</include>
  <include>Config\suda_dicts_logs.xml</include>

  <!--Number Types not already defined elsewhere -->
  <typeDN name="dn17" size="17"/>
  <typeDN name="dn18" size="18"/>
  <typeDN name="dn19" size="19"/>
  <typeDN name="dn20" size="20"/>
  <typeDN name="dn21" size="21"/>
  <typeDN name="dn27" size="27"/>
  <typeDN name="dn28" size="28"/>
  <typeDN name="dn29" size="29"/>
  <typeDN name="dn30" size="30"/>
  <typeDN name="dn31" size="31"/>

  <!-- File starts with definitions specific to SUDA -->
  <typeDN name="logEntryId" size="8" dict="logEntryIdDictionary"/>
  <typeDN name="commIntfType" size="1" dict="commIntfTypeDictionary"/>
  <typeDN name="spwSideType" size="1" dict="spwSideTypeDictionary"/>
  <typeDN name="busyStateType" size="1" dict="busyStateTypeDictionary"/>
  <typeDN name="sudaModeType4" size="4" dict="sudaModeDictionary"/>
  <typeDN name="sudaModeType8" size="8" dict="sudaModeDictionary"/>
  <typeDN name="sudaModeType32" size="32" dict="sudaModeDictionary"/>
  <typeDN name="chgModeInputType32" size="32" dict="chgModeInputType32Dictionary"/>
  <typeDN name="ovrflwStateType" size="1" dict="ovrflwStateTypeDictionary"/>
  <typeDN name="cmdHistoryStateType" size="3" dict="cmdHistoryStateTypeDictionary"/>
  <typeDN name="region32" size="32" dict="regionDictionary"/>
  <typeDN name="region16" size="16" dict="regionDictionary"/>
  <typeDN name="region8" size="8" dict="regionDictionary"/>
  <typeDN name="region6" size="6" dict="regionDictionary"/>
  <typeDN name="qbootRegion8" size="8" dict="qbootRegion8Dictionary"/>
  <typeDN name="qbootRegion2" size="2" dict="qbootRegion2Dictionary"/>
  <typeDN name="memRegionDump32" size="32" dict="memRegionDumpDictionary"/>
  <typeDN name="memRegionCksum32" size="32" dict="memRegionCksumDictionary"/>
  <typeDN name="memRegionCopyTo32" size="32" dict="memRegionCopyToDictionary"/>
  <typeDN name="memRegionCopyFrom32" size="32" dict="memRegionCopyFromDictionary"/>
  <typeDN name="memRegionErase32" size="32" dict="memRegionEraseDictionary"/>
  <typeDN name="memRegionRebuild32" size="32" dict="memRegionRebuildDictionary"/>
  <typeDN name="memRegionShuffle32" size="32" dict="memRegionShuffleDictionary"/>
  <typeDN name="memRegionSetHdr32" size="32" dict="memRegionSetHdrDictionary"/>
  <typeDN name="memOp10Type" size="10" dict="memOpDictionary"/>
  <typeDN name="memOp16Type" size="16" dict="memOpDictionary"/>
  <typeDN name="memState6Type" size="6" dict="memStateDictionary"/>
  <typeDN name="memState16Type" size="16" dict="memStateDictionary"/>
  <typeDN name="memCollab8" size="8" dict="memCollabDictionary"/>
  <typeDN name="memCollabCAPS8" size="8" dict="memCollabCapsDictionary"/>
  <typeDN name="adpMetaControl5" size="5" dict="adpMetaControlDictionary"/>
  <typeDN name="setAllocType32" size="32" dict="setAllocType32Dictionary"/>
  

  <typeDN name="logSel8" size="8" dict="logSel8Dictionary"/>
  <typeDN name="catalogSel32" size="32" dict="catalogSelDictionary"/>
  <typeDN name="flagSel32" size="32" dict="flagSel32Dictionary"/>
  <typeDN name="clrCntrSelType6" size="6" dict="clrCntrSelType6Dictionary"/>
  <typeDN name="clrCntrFieldType2" size="2" dict="clrCntrFieldType2Dictionary"/>
  <typeDN name="panicStateType" size="1" dict="panicStateTypeDictionary"/>
  <typeDN name="resetType" size="7" dict="resetTypeDictionary"/>
  <typeDN name="htrSel32" size="32" dict="htrSel32Dictionary"/>
  <typeDN name="htrSelMulti32" size="32" dict="htrSelMulti32Dictionary"/>
  <typeDN name="injectErrType3" size="3" dict="injectingErrorDictionary"/>
  <typeDN name="trigModeType2" size="2" dict="triggerModeDictionary"/>
  <typeDN name="trigPolType1" size="1" dict="triggerPolarityDictionary"/>
  <typeDN name="extTrigType1" size="1" dict="externTriggerDictionary"/>
  <typeDN name="depthSelType1" size="1" dict="depthSelTypeDictionary"/>
  <typeDN name="sciChanOneHot32" size="32" dict="sciChanOneHotDictionary"/>

  <!-- This group prelates to space wire link -->
  <typeDN name="linkStateType" size="3" dict="linkStateDictionary"/>

  <!-- This group relates to commands and command sequence engines -->
  <typeDN name="cmdEngine8" size="8" dict="cmdEngineDictionary"/>
  <typeDN name="cmdEngine16" size="16" dict="cmdEngineDictionary"/>
  <typeDN name="setSeqState" size="32" dict="setSeqStateDictionary"/>
  <typeDN name="seqEngine" size="32" dict="seqEngineDictionary"/>
  <typeDN name="seqBuffer32" size="32" dict="seqBufferDictionary"/>
  <typeDN name="seqBuffer6" size="6" dict="seqBufferDictionary"/>
  <typeDN name="seqEngineState" size="3" dict="seqEngineStateDictionary"/>
  <typeDN name="seqEngStopCode" size="3" dict="seqEngStopCodeDictionary"/>
  <typeDN name="seqEngWaitType" size="2" dict="seqEngWaitTypeDictionary"/>
  <typeDN name="seqSuspendEnd16" size="16" dict="seqSuspendEndDictionary"/>
  <typeDN name="seqState3" size="3" dict="seqState3Dictionary"/>
  <typeDN name="faultType" size="32" dict="faultDictionary"/>
  <typeDN name="cmdStatus" size="8" dict="cmdStatusDictionary"/>

  <!-- This group are the most basic SUDA definitions -->
  <typeDN name="opCode16" size="16" dict="opCodeDictionary"/>
  <typeDN name="qbootState8" size="8" dict="qbootStateDictionary"/>
  <typeDN name="qbootReason8" size="8" dict="qbootReason8Dictionary"/>
  <typeDN name="blockState8" size="8" dict="blockState8Dictionary"/>
  <typeDN name="blockState32" size="32" dict="blockState32Dictionary"/>


  <!-- HVPS-related definitions -->
  <typeDN name="hvOscillator32" size="32" dict="hvOscillatorDictionary"/>
  <typeDN name="hvPolarity32" size="32" dict="hvPolarityDictionary"/>
  <typeDN name="hvPolarity1" size="1" dict="hvPolarityDictionary"/>
  <typeDN name="hvOutput32" size="32" dict="hvOutputDictionary"/>
  <typeDN name="hvOutputOnlyDS32" size="32" dict="hvOutputOnlyDSDictionary"/>
  <typeDN name="hvOutputOnlyTR32" size="32" dict="hvOutputOnlyTRDictionary"/>
  <typeDN name="hvState3" size="3" dict="hvStateDictionary"/>

    <!-- Science-related definitions -->
  <typeDN name="sciState32" size="32" dict="sciState16Dictionary"/>

  <!-- Generic definitions below -->

  <typeDN name="disEna" size="1" dict="disEnaDictionary"/>
  <typeDN name="enaDis" size="1" dict="enaDisDictionary"/>
  <typeDN name="enaDis3" size="3" dict="enaDis3Dictionary"/>
  <typeDN name="enaDis8" size="8" dict="enaDis32Dictionary"/>
  <typeDN name="enaDis32" size="32" dict="enaDis32Dictionary"/>
  <typeDN name="busyIdle" size="1" dict="busyIdleDictionary"/>
  <typeDN name="onOff" size="1" dict="onOffDictionary"/>
  <typeDN name="onOff32" size="32" dict="onOff32Dictionary"/>
  <typeDN name="errOkay" size="1" dict="errOkayDictionary"/>
  <typeDN name="okayErr" size="1" dict="okayErrDictionary"/>
  <typeDN name="yesNo" size="1" dict="yesNoDictionary"/>
  <typeDN name="noYes" size="1" dict="noYesDictionary"/>
  <typeDN name="secPri" size="1" dict="secPriDictionary"/>
  <typeDN name="prSpwMode2" size="2" dict="prSpwModeDictionary"/>

  <!-- FPGA definitions -->
  <typeDN name="board" size="16" dict="boardIdDictionary"/>
  <typeDN name="nandOwn" size="1" dict="nandOwnDictionary"/>
  <typeDN name="hvpsBoardPwr3" size="3" dict="hvpsBoardPwrDictionary"/>
  <typeDN name="hvpsBoardPwr8" size="8" dict="hvpsBoardPwrDictionary"/>


</hydraDef>



