<!-- SUDA-specific file to define SUDA telemetry Memory Dump, Analog Dwell, and Flash Table Dump Packet -->

<hydraDef>
       
     
  <!-- Frame for Unified Message Structure SUDA Commands -->
  <frameDef name="ums_tlm_logical_addr">
    <field>
      <itemDef name="tlm_routing_addr"    type="dn2"/> <!-- NVM only = 0b01, NVM + FSW = 0b10, FSW only = 0b11-->
      <itemDef name="logical_addr_offset" type="dn1"/>
      <itemDef name="msg_hdr_type"        type="dn1"/>
      <itemDef name="Filter_id"           type="dn4"/> <!-- SUDA = 0x8 -->
    </field>
  </frameDef>
  
  <frameDef name="ums_tlm_protocol_id">
    <field>
      <itemDef name="ums_tlm_protocol_ID_val" type="dn8"/>
    </field>  
  </frameDef>
  
  <frameDef name="tlm_UMS_SUDA">
    <field>
      <frameCopy name="ums_tlm_logical_addr" suffix="_SUDAtlm0"/>
      <frameCopy name="ums_tlm_protocol_id" suffix="_SUDAcmd"/>
      <frameCopy name="ums_tlm_logical_addr" suffix="_SUDAtlm1"/>
      <frameCopy name="ums_tlm_logical_addr" suffix="_SUDAtlm2"/>
   </field>
  </frameDef>

  
  <!-- Reference frame for CCSDS tlm headers -->
  <frameDef name="CCSDSPriHeader">
    <description text="ccsds Primary Telemetry Header"/>
    <field>
      <itemDef name="sudaUms" type="dn32"/>
      <itemDef name="ver" type="dn3" value="0"/>
      <itemDef name="type" type="dn1" value="0"/>
      <itemDef name="secHdrFlg" type="dn1" value="1"/>
      <itemDef name="apId" type="dn11"/>
      <itemDef name="segFlg" type="dn2" value="3"/>
      <itemDef name="sourceSeqCnt" type="dn14"/>
      <itemDef name="pktLength" type="dn16"/>
    </field>
  </frameDef>

  <frameDef name="CCSDSSecHeader">
    <description text="ccsds Secondary Telemetry Header"/>
    <field>
      <itemDef name="sec" type="dn32"/>
      <itemDef name="subSec" type="dn16"/>
    </field>
  </frameDef>


  <!-- SUDA-Defined Packets -->                

  <!-- Logs put in their own file, so include it -->
  <include>Config\suda_tlm_logs.xml</include>
  <include>Config\suda_hwpkt.xml</include>
  <include>Config\suda_statuspkt.xml</include>
  <include>Config\suda_swpkt.xml</include>
 

  <!-- ====================================== -->
  <!-- Science Metadata Packet              -->
  <!-- ====================================== -->

  <frameDef name="suda_meta_hk_frame"><description text="Science metadata tlm contents"/>
    <field>
      <!-- Begin: telemetry content and arrangement required by Europa IICD -->
      <itemDef name="SUDA_AIDVAL" type="dn32"><alias namespace="SUDA" value="aidval"/>
        <description text="Accountability identifier"/> </itemDef>
      <itemDef name="SUDA_AIDCTRL" type="dn5"><alias namespace="SUDA" value="aidctrl"/>
        <description text="Indicates start or end of science"/> </itemDef>
      <itemDef name="SUDA_AIDAPID" type="dn11"><alias namespace="SUDA" value="aidapid"/>
        <description text="APID of the packet sequence contained within the ADP"/> </itemDef>
      <itemDef name="SUDA_AIDCOARSE" type="dn32"><alias namespace="SUDA" value="aidcoarse"/>
        <description text="SLCK of the positional pkt in a sequence corresponding to CTRL"/> </itemDef>
      <itemDef name="SUDA_AIDFINE" type="dn16"><alias namespace="SUDA" value="aidfine"/>
        <description text="SLCK of the positional pkt in a sequence corresponding to CTRL"/> </itemDef>
      <itemDef name="SUDA_AIDSRCSEQ" type="dn14"><alias namespace="SUDA" value="aidsrcseq"/>
        <description text="CCSDS src seq cnt of the positional packet corresponding to CTRL"/> </itemDef>
      <itemDef name="SUDA_UNUSEDMETA1" type="dn2"><alias namespace="SUDA" value="unusedmeta1"/>
        <description text="Unused"/> </itemDef>
      <itemDef name="SUDA_AIDNUMPKT" type="dn32"><alias namespace="SUDA" value="aidnumpkt"/>
        <description text="If end, number of packets minus one (zero fill for start)"/> </itemDef>

      <!-- Note: no synchonization marker -->
      <itemDef name="SUDA_CRCMETAPKT" type="dn16"><alias namespace="SUDA" value="CRCMETAPKT"/>
        <description text="CRC CCITT-16"/></itemDef>
    </field>
  </frameDef>

  <frameDef name="suda_meta" id="0x0581"><description text="Science Metadata Packet"/>
    <field>
      <frameCopy name="CCSDSPriHeader" suffix="_metaPkt"/>
      <frameCopy name="CCSDSSecHeader" suffix="_metaPkt"/>
      <item name="suda_meta_hk_frame"/>
    </field>
  </frameDef>

  
  <!-- ====================================== -->
  <!-- Science ADC Register Packet            -->
  <!-- ====================================== -->

  <frameDef name="suda_adcreg_hk_frame"><description text="Science ADC Register pkt contents"/>
    <field>
      <itemDef name="SUDA_ADCREGPWRSTAT" type="dn32"><alias namespace="SUDA" value="ADCREGPWRSTAT"/>
        <description text=""/></itemDef>
      <itemDef name="SUDA_ADCREGSP0" type="dn32"><alias namespace="SUDA" value="ADCREGSP0"/>
        <description text=""/></itemDef>
      <itemDef name="SUDA_ADCREGSP1" type="dn32"><alias namespace="SUDA" value="ADCREGSP1"/>
        <description text=""/></itemDef>
      <itemDef name="SUDA_ADCREGSP2" type="dn32"><alias namespace="SUDA" value="ADCREGSP2"/>
        <description text=""/></itemDef>

      <itemDef name="SUDA_SPI1R0" type="dn16" >
        <alias namespace="SUDA" value="SPI1R0"/>
        <description text="SCI SPI ADC #1 0x0 Configuration 1"/>
      </itemDef>
      <itemDef name="SUDA_SPI0R0" type="dn16" >
        <alias namespace="SUDA" value="SPI0R0"/>
        <description text="SCI SPI ADC #0 0x0 Configuration 1"/>
      </itemDef>
      <itemDef name="SUDA_SPI1R1" type="dn16" >
        <alias namespace="SUDA" value="SPI1R1"/>
        <description text="SCI SPI ADC #1 0x1 Reserved 1"/>
      </itemDef>
      <itemDef name="SUDA_SPI0R1" type="dn16" >
        <alias namespace="SUDA" value="SPI0R1"/>
        <description text="SCI SPI ADC #0 0x1 Reserved 1"/>
      </itemDef>
      <itemDef name="SUDA_SPI1R2" type="dn16" >
        <alias namespace="SUDA" value="SPI1R2"/>
        <description text="SCI SPI ADC #1 0x2 I Offset Adj"/>
      </itemDef>
      <itemDef name="SUDA_SPI0R2" type="dn16" >
        <alias namespace="SUDA" value="SPI0R2"/>
        <description text="SCI SPI ADC #0 0x2 I Offset Adj"/>
      </itemDef>
      <itemDef name="SUDA_SPI1R3" type="dn16" >
        <alias namespace="SUDA" value="SPI1R3"/>
        <description text="SCI SPI ADC #1 0x3 I FSR Adj"/>
      </itemDef>
      <itemDef name="SUDA_SPI0R3" type="dn16" >
        <alias namespace="SUDA" value="SPI0R3"/>
        <description text="SCI SPI ADC #0 0x3 I FSR Adj"/>
      </itemDef>
      <itemDef name="SUDA_SPI1R4" type="dn16" >
        <alias namespace="SUDA" value="SPI1R4"/>
        <description text="SCI SPI ADC #1 0x4 Cal Adj"/>
      </itemDef>
      <itemDef name="SUDA_SPI0R4" type="dn16" >
        <alias namespace="SUDA" value="SPI0R4"/>
        <description text="SCI SPI ADC #0 0x4 Cal Adj"/>
      </itemDef>
      <itemDef name="SUDA_SPI1R5" type="dn16" >
        <alias namespace="SUDA" value="SPI1R5"/>
        <description text="SCI SPI ADC #1 0x5 Cal Val"/>
      </itemDef>
      <itemDef name="SUDA_SPI0R5" type="dn16" >
        <alias namespace="SUDA" value="SPI0R5"/>
        <description text="SCI SPI ADC #0 0x5 Cal Val"/>
      </itemDef>
      <itemDef name="SUDA_SPI1R6" type="dn16" >
        <alias namespace="SUDA" value="SPI1R6"/>
        <description text="SCI SPI ADC #1 0x6 Reserved 2"/>
      </itemDef>
      <itemDef name="SUDA_SPI0R6" type="dn16" >
        <alias namespace="SUDA" value="SPI0R6"/>
        <description text="SCI SPI ADC #0 0x6 Reserved 2"/>
      </itemDef>
      <itemDef name="SUDA_SPI1R7" type="dn16" >
        <alias namespace="SUDA" value="SPI1R7"/>
        <description text="SCI SPI ADC #1 0x7 DES Time Adj"/>
      </itemDef>
      <itemDef name="SUDA_SPI0R7" type="dn16" >
        <alias namespace="SUDA" value="SPI0R7"/>
        <description text="SCI SPI ADC #0 0x7 DES Time Adj"/>
      </itemDef>
      <itemDef name="SUDA_SPI1R8" type="dn16" >
        <alias namespace="SUDA" value="SPI1R8"/>
        <description text="SCI SPI ADC #1 0x8 Reserved 3"/>
      </itemDef>
      <itemDef name="SUDA_SPI0R8" type="dn16" >
        <alias namespace="SUDA" value="SPI0R8"/>
        <description text="SCI SPI ADC #0 0x8 Reserved 3"/>
      </itemDef>
      <itemDef name="SUDA_SPI1R9" type="dn16" >
        <alias namespace="SUDA" value="SPI1R9"/>
        <description text="SCI SPI ADC #1 0x9 Reserved 4"/>
      </itemDef>
      <itemDef name="SUDA_SPI0R9" type="dn16" >
        <alias namespace="SUDA" value="SPI0R9"/>
        <description text="SCI SPI ADC #0 0x9 Reserved 4"/>
      </itemDef>
      <itemDef name="SUDA_SPI1RA" type="dn16" >
        <alias namespace="SUDA" value="SPI1RA"/>
        <description text="SCI SPI ADC #1 0xA Q Offset Adj"/>
      </itemDef>
      <itemDef name="SUDA_SPI0RA" type="dn16" >
        <alias namespace="SUDA" value="SPI0RA"/>
        <description text="SCI SPI ADC #0 0xA Q Offset Adj"/>
      </itemDef>
      <itemDef name="SUDA_SPI1RB" type="dn16" >
        <alias namespace="SUDA" value="SPI1RB"/>
        <description text="SCI SPI ADC #1 0xB Q FSR Adj"/>
      </itemDef>
      <itemDef name="SUDA_SPI0RB" type="dn16" >
        <alias namespace="SUDA" value="SPI0RB"/>
        <description text="SCI SPI ADC #0 0xB Q FSR Adj"/>
      </itemDef>
      <itemDef name="SUDA_SPI1RC" type="dn16" >
        <alias namespace="SUDA" value="SPI1RC"/>
        <description text="SCI SPI ADC #1 0xC AD C Adj"/>
      </itemDef>
      <itemDef name="SUDA_SPI0RC" type="dn16" >
        <alias namespace="SUDA" value="SPI0RC"/>
        <description text="SCI SPI ADC #0 0xC AD C Adj"/>
      </itemDef>
      <itemDef name="SUDA_SPI1RD" type="dn16" >
        <alias namespace="SUDA" value="SPI1RD"/>
        <description text="SCI SPI ADC #1 0xD AD F Adj"/>
      </itemDef>
      <itemDef name="SUDA_SPI0RD" type="dn16" >
        <alias namespace="SUDA" value="SPI0RD"/>
        <description text="SCI SPI ADC #0 0xD AD F Adj"/>
      </itemDef>
      <itemDef name="SUDA_SPI1RE" type="dn16" >
        <alias namespace="SUDA" value="SPI1RE"/>
        <description text="SCI SPI ADC #1 0xE AutoSync"/>
      </itemDef>
      <itemDef name="SUDA_SPI0RE" type="dn16" >
        <alias namespace="SUDA" value="SPI0RE"/>
        <description text="SCI SPI ADC #0 0xE AutoSync"/>
      </itemDef>
      <itemDef name="SUDA_SPI1RF" type="dn16" >
        <alias namespace="SUDA" value="SPI1RF"/>
        <description text="SCI SPI ADC #1 0xF Reserved 5"/>
      </itemDef>
      <itemDef name="SUDA_SPI0RF" type="dn16" >
        <alias namespace="SUDA" value="SPI0RF"/>
        <description text="SCI SPI ADC #0 0xF Reserved 5"/>
      </itemDef>

      <itemDef name="SUDA_SYNCADCREGPKT" type="dn16"><alias namespace="SUDA" value="SYNCADCREGPKT"/>
        <description text="Sync marker"/></itemDef>
      <itemDef name="SUDA_CRCADCREGPKT" type="dn16"><alias namespace="SUDA" value="CRCADCREGPKT"/> 
        <description text="CRC CCITT-16"/></itemDef>
    </field>
  </frameDef>
  
  <frameDef name="suda_adcreg" id="0x058C"><description text="Science ADC Register Packet"/>
    <field>
      <frameCopy name="CCSDSPriHeader" suffix="_adcregPkt"/>
      <frameCopy name="CCSDSSecHeader" suffix="_adcregPkt"/>
      <item name="suda_adcreg_hk_frame"/>
    </field>
  </frameDef>
  
  
  <!-- ====================================== -->
  <!-- Memory Dump Packet                     -->
  <!-- ====================================== -->

  <frameDef name="suda_dump_hk_frame"><description text="Memory dump tlm pkt contents"/>
    <field>
      <itemDef name="SUDA_DUMPREGION" type="dn32"><alias namespace="SUDA" value="dumpregion"/><description text="Commanded dump operation, identifies region"/> </itemDef>
      <itemDef name="SUDA_DUMPOFFSET" type="dn32"><alias namespace="SUDA" value="dumpoffset"/><description text="Starting offset within region, i.e. block+page"/> </itemDef>
      <itemDef name="SUDA_DUMPTOTLEN" type="dn32"><alias namespace="SUDA" value="dumptotlen"/><description text="Total length of this region"/> </itemDef>
      <itemDef name="SUDA_DUMPVLDCNT" type="dn32"><alias namespace="SUDA" value="dumpvalidcnt"/><description text="Valid dwords in this pkt (rest is padded)"/> </itemDef>
      <itemDef name="SUDA_DUMPFLASHBLOCK" type="dn26"><alias namespace="SUDA" value="DUMPFLASHBLOCK"/><description text="Holds associated Flash block and page, when applicable"/> </itemDef>
      <itemDef name="SUDA_DUMPFLASHPAGE" type="dn6"><alias namespace="SUDA" value="DUMPFLASHPAGE"/><description text="Holds associated Flash block and page, when applicable"/> </itemDef>
      <itemDef name="SUDA_DUMPRESERV1" type="dn32"><alias namespace="SUDA" value="dumpreserv1"/><description text="Reserved1"/> </itemDef>
      <itemDef name="SUDA_DUMPRESERV2" type="dn32"><alias namespace="SUDA" value="dumpreserv2"/><description text="Reserved2"/> </itemDef>
      <itemDef name="SUDA_DUMPRESERV3" type="dn32"><alias namespace="SUDA" value="dumpreserv3"/><description text="Reserved3"/> </itemDef>
      <itemDef name="SUDA_DUMPMEM" type="dn32" num="896"><alias namespace="SUDA" value="dumpmem"/><description text="Raw memory dump data"/> </itemDef>

      <itemDef name="SUDA_SYNCDUMPPKT" type="dn16"><alias namespace="SUDA" value="SYNCDUMPPKT"/>
        <description text="Synchronization marker"/></itemDef>
      <itemDef name="SUDA_CRCDUMPPKT" type="dn16"><alias namespace="SUDA" value="CRCDUMPPKT"/>
        <description text="CRC CCITT-16"/></itemDef>
    </field>
  </frameDef>
  
  <frameDef name="suda_dump" id="0x0587"><description text="Memory Dump Packet"/>
    <field>
      <frameCopy name="CCSDSPriHeader" suffix="_dumpPkt"/>
      <frameCopy name="CCSDSSecHeader" suffix="_dumpPkt"/>
      <item name="suda_dump_hk_frame"/>
    </field>
  </frameDef>
  
  
  <!-- ====================================== -->
  <!-- Analog Dwell Packet                    -->
  <!-- ====================================== -->

  <frameDef name="suda_dwell_hk_frame"><description text="Dwell pkt contents"/>
    <field>
      <itemDef name="SUDA_DWELLSTARTSEC" type="dn32"><alias namespace="SUDA" value="DWELLSTARTSEC"/>
        <description text="Time of dwell start, integer seconds"/> </itemDef>
      <itemDef name="SUDA_DWELLSTARTMSEC" type="dn32"><alias namespace="SUDA" value="DWELLSTARTMSEC"/>
        <description text="Time of dwell start, integer milliseconds"/> </itemDef>
      <itemDef name="SUDA_DWELLENDSEC" type="dn32"><alias namespace="SUDA" value="DWELLENDSEC"/>
        <description text="Time of dwell start, integer seconds"/> </itemDef>
      <itemDef name="SUDA_DWELLENDMSEC" type="dn32"><alias namespace="SUDA" value="DWELLENDMSEC"/>
        <description text="Time of dwell start, integer milliseconds"/> </itemDef>
      <itemDef name="SUDA_DWELLADDRCH0" type="dn32"><alias namespace="SUDA" value="DWELLADDRCH0"/>
        <description text="Dwelled on this processor address for channel "/> </itemDef>
      <itemDef name="SUDA_DWELLADDRCH1" type="dn32"><alias namespace="SUDA" value="DWELLADDRCH1"/>
        <description text="Dwelled on this processor address for channel "/> </itemDef>
      <itemDef name="SUDA_DWELLADDRCH2" type="dn32"><alias namespace="SUDA" value="DWELLADDRCH2"/>
        <description text="Dwelled on this processor address for channel "/> </itemDef>
      <itemDef name="SUDA_DWELLADDRCH3" type="dn32"><alias namespace="SUDA" value="DWELLADDRCH3"/>
        <description text="Dwelled on this processor address for channel "/> </itemDef>
      <itemDef name="SUDA_DWELLADDRCH4" type="dn32"><alias namespace="SUDA" value="DWELLADDRCH4"/>
        <description text="Dwelled on this processor address for channel "/> </itemDef>
      <itemDef name="SUDA_DWELLADDRCH5" type="dn32"><alias namespace="SUDA" value="DWELLADDRCH5"/>
        <description text="Dwelled on this processor address for channel "/> </itemDef>
      <itemDef name="SUDA_DWELLADDRCH6" type="dn32"><alias namespace="SUDA" value="DWELLADDRCH6"/>
        <description text="Dwelled on this processor address for channel "/> </itemDef>
      <itemDef name="SUDA_DWELLADDRCH7" type="dn32"><alias namespace="SUDA" value="DWELLADDRCH7"/>
        <description text="Dwelled on this processor address for channel "/> </itemDef>
      <itemDef name="SUDA_DWELLRESERV0" type="dn32"><alias namespace="SUDA" value="DWELLRESERV0"/>
        <description text="Reserved for future use"/> </itemDef>
      <itemDef name="SUDA_DWELLRESERV1" type="dn32"><alias namespace="SUDA" value="DWELLRESERV1"/>
        <description text="Reserved for future use"/> </itemDef>

      <itemDef name="SUDA_DWELLSAMPLE" type="dn32" num="240"><alias namespace="SUDA" value="DWELLSAMP0"/>
        <description text="All samples of all dwell channels"/> </itemDef>

      <itemDef name="SUDA_SYNCDWELLPKT" type="dn16"><alias namespace="SUDA" value="SYNCDWELLPKT"/> 
        <description text="Synchronization marker"/></itemDef>
      <itemDef name="SUDA_CRCDWELLPKT" type="dn16"><alias namespace="SUDA" value="CRCDWELLPKT"/> 
        <description text="CRC CCITT-16"/></itemDef>
    </field>
  </frameDef>    

  <frameDef name="suda_dwell" id="0x0589"><description text="Dwell Packet"/>
    <field>
      <frameCopy name="CCSDSPriHeader" suffix="_dwellPkt"/>
      <frameCopy name="CCSDSSecHeader" suffix="_dwellPkt"/>
      <item name="suda_dwell_hk_frame"/>
    </field>
  </frameDef>


  <!-- ====================================== -->
  <!-- Flash Table Dump Packet                -->
  <!-- ====================================== -->
  <!-- Statistics region for the FT dump pkt -->
  <frameDef name="FTDUMPREGION">
    <field>
      <itemDef name="DIE0" type="dn16"/>
      <itemDef name="DIE1" type="dn16"/>
      <itemDef name="DIE2" type="dn16"/>
      <itemDef name="DIE3" type="dn16"/>
      <itemDef name="DIE4" type="dn16"/>
      <itemDef name="DIE5" type="dn16"/>
      <itemDef name="DIE6" type="dn16"/>
      <itemDef name="DIE7" type="dn16"/>
    </field>
  </frameDef>

  <frameDef name="suda_ftable_hk_frame"><description text="Flash table pkt contents"/>
    <field>
      <itemDef name="SUDA_FTDUMPSP" type="dn16"><alias namespace="SUDA" value="FTDUMPSP"/>
        <description text="Spare field within metadata"/> </itemDef>
      <itemDef name="SUDA_FTDUMPDIESEL" type="dn8"><alias namespace="SUDA" value="FTDUMPDIESEL"/>
        <description text="PT entry showing which die are used/powered"/> </itemDef>
      <itemDef name="SUDA_FTDUMPREGTLMSEL" type="dn8"><alias namespace="SUDA" value="FTDUMPREGIONSEL"/>
        <description text="PT entry for which Flash region is used in this packet's extra list"/> </itemDef>
        
      <frameCopy name="FTDUMPREGION" suffix="SCISTART" prefix="SUDA_FTCNT"><alias namespace="SUDA" value=""/><description text=""/></frameCopy>
      <frameCopy name="FTDUMPREGION" suffix="NVFSW1" prefix="SUDA_FTCNT"><alias namespace="SUDA" value=""/><description text=""/></frameCopy>
      <frameCopy name="FTDUMPREGION" suffix="NVFSW2" prefix="SUDA_FTCNT"><alias namespace="SUDA" value=""/><description text=""/></frameCopy>
      <frameCopy name="FTDUMPREGION" suffix="NVFSW3" prefix="SUDA_FTCNT"><alias namespace="SUDA" value=""/><description text=""/></frameCopy>
      <frameCopy name="FTDUMPREGION" suffix="NVPT" prefix="SUDA_FTCNT"><alias namespace="SUDA" value=""/><description text=""/></frameCopy>
      <frameCopy name="FTDUMPREGION" suffix="SCICONT" prefix="SUDA_FTCNT"><alias namespace="SUDA" value=""/><description text=""/></frameCopy>
      <frameCopy name="FTDUMPREGION" suffix="NVPERST" prefix="SUDA_FTCNT"><alias namespace="SUDA" value=""/><description text=""/></frameCopy>
      <frameCopy name="FTDUMPREGION" suffix="NVFT" prefix="SUDA_FTCNT"><alias namespace="SUDA" value=""/><description text=""/></frameCopy>
      <frameCopy name="FTDUMPREGION" suffix="NVPMLOG" prefix="SUDA_FTCNT"><alias namespace="SUDA" value=""/><description text=""/></frameCopy>
      <frameCopy name="FTDUMPREGION" suffix="NVSCIT" prefix="SUDA_FTCNT"><alias namespace="SUDA" value=""/><description text=""/></frameCopy>
      <frameCopy name="FTDUMPREGION" suffix="SCIRSVD" prefix="SUDA_FTCNT"><alias namespace="SUDA" value=""/><description text=""/></frameCopy>
      <frameCopy name="FTDUMPREGION" suffix="SCIDIV" prefix="SUDA_FTCNT"><alias namespace="SUDA" value=""/><description text=""/></frameCopy>
      <frameCopy name="FTDUMPREGION" suffix="NVSCS" prefix="SUDA_FTCNT"><alias namespace="SUDA" value=""/><description text=""/></frameCopy>
      <frameCopy name="FTDUMPREGION" suffix="REG13" prefix="SUDA_FTCNT"><alias namespace="SUDA" value=""/><description text=""/></frameCopy>
      <frameCopy name="FTDUMPREGION" suffix="REG14" prefix="SUDA_FTCNT"><alias namespace="SUDA" value=""/><description text=""/></frameCopy>
      <frameCopy name="FTDUMPREGION" suffix="USERDEF" prefix="SUDA_FTCNT"><alias namespace="SUDA" value=""/><description text=""/></frameCopy>
      <frameCopy name="FTDUMPREGION" suffix="EMPTY" prefix="SUDA_FTCNT"><alias namespace="SUDA" value=""/><description text=""/></frameCopy>
      <frameCopy name="FTDUMPREGION" suffix="BAD" prefix="SUDA_FTCNT"><alias namespace="SUDA" value=""/><description text=""/></frameCopy>
      <frameCopy name="FTDUMPREGION" suffix="UNKNOWN" prefix="SUDA_FTCNT"><alias namespace="SUDA" value=""/><description text=""/></frameCopy>

      <frameCopy name="FTDUMPREGION" suffix="SCISTART" prefix="SUDA_FTFIRST"><alias namespace="SUDA" value=""/><description text=""/></frameCopy>
      <frameCopy name="FTDUMPREGION" suffix="NVFSW1" prefix="SUDA_FTFIRST"><alias namespace="SUDA" value=""/><description text=""/></frameCopy>
      <frameCopy name="FTDUMPREGION" suffix="NVFSW2" prefix="SUDA_FTFIRST"><alias namespace="SUDA" value=""/><description text=""/></frameCopy>
      <frameCopy name="FTDUMPREGION" suffix="NVFSW3" prefix="SUDA_FTFIRST"><alias namespace="SUDA" value=""/><description text=""/></frameCopy>
      <frameCopy name="FTDUMPREGION" suffix="NVPT" prefix="SUDA_FTFIRST"><alias namespace="SUDA" value=""/><description text=""/></frameCopy>
      <frameCopy name="FTDUMPREGION" suffix="SCICONT" prefix="SUDA_FTFIRST"><alias namespace="SUDA" value=""/><description text=""/></frameCopy>
      <frameCopy name="FTDUMPREGION" suffix="NVPERST" prefix="SUDA_FTFIRST"><alias namespace="SUDA" value=""/><description text=""/></frameCopy>
      <frameCopy name="FTDUMPREGION" suffix="NVFT" prefix="SUDA_FTFIRST"><alias namespace="SUDA" value=""/><description text=""/></frameCopy>
      <frameCopy name="FTDUMPREGION" suffix="NVPMLOG" prefix="SUDA_FTFIRST"><alias namespace="SUDA" value=""/><description text=""/></frameCopy>
      <frameCopy name="FTDUMPREGION" suffix="NVSCIT" prefix="SUDA_FTFIRST"><alias namespace="SUDA" value=""/><description text=""/></frameCopy>
      <frameCopy name="FTDUMPREGION" suffix="SCIRSVD" prefix="SUDA_FTFIRST"><alias namespace="SUDA" value=""/><description text=""/></frameCopy>
      <frameCopy name="FTDUMPREGION" suffix="SCIDIV" prefix="SUDA_FTFIRST"><alias namespace="SUDA" value=""/><description text=""/></frameCopy>
      <frameCopy name="FTDUMPREGION" suffix="NVSCS" prefix="SUDA_FTFIRST"><alias namespace="SUDA" value=""/><description text=""/></frameCopy>
      <frameCopy name="FTDUMPREGION" suffix="REG13" prefix="SUDA_FTFIRST"><alias namespace="SUDA" value=""/><description text=""/></frameCopy>
      <frameCopy name="FTDUMPREGION" suffix="REG14" prefix="SUDA_FTFIRST"><alias namespace="SUDA" value=""/><description text=""/></frameCopy>
      <frameCopy name="FTDUMPREGION" suffix="USERDEF" prefix="SUDA_FTFIRST"><alias namespace="SUDA" value=""/><description text=""/></frameCopy>

      <frameCopy name="FTDUMPREGION" suffix="SCISTART" prefix="SUDA_FTLAST"><alias namespace="SUDA" value=""/><description text=""/></frameCopy>
      <frameCopy name="FTDUMPREGION" suffix="NVFSW1" prefix="SUDA_FTLAST"><alias namespace="SUDA" value=""/><description text=""/></frameCopy>
      <frameCopy name="FTDUMPREGION" suffix="NVFSW2" prefix="SUDA_FTLAST"><alias namespace="SUDA" value=""/><description text=""/></frameCopy>
      <frameCopy name="FTDUMPREGION" suffix="NVFSW3" prefix="SUDA_FTLAST"><alias namespace="SUDA" value=""/><description text=""/></frameCopy>
      <frameCopy name="FTDUMPREGION" suffix="NVPT" prefix="SUDA_FTLAST"><alias namespace="SUDA" value=""/><description text=""/></frameCopy>
      <frameCopy name="FTDUMPREGION" suffix="SCICONT" prefix="SUDA_FTLAST"><alias namespace="SUDA" value=""/><description text=""/></frameCopy>
      <frameCopy name="FTDUMPREGION" suffix="NVPERST" prefix="SUDA_FTLAST"><alias namespace="SUDA" value=""/><description text=""/></frameCopy>
      <frameCopy name="FTDUMPREGION" suffix="NVFT" prefix="SUDA_FTLAST"><alias namespace="SUDA" value=""/><description text=""/></frameCopy>
      <frameCopy name="FTDUMPREGION" suffix="NVPMLOG" prefix="SUDA_FTLAST"><alias namespace="SUDA" value=""/><description text=""/></frameCopy>
      <frameCopy name="FTDUMPREGION" suffix="NVSCIT" prefix="SUDA_FTLAST"><alias namespace="SUDA" value=""/><description text=""/></frameCopy>
      <frameCopy name="FTDUMPREGION" suffix="SCIRSVD" prefix="SUDA_FTLAST"><alias namespace="SUDA" value=""/><description text=""/></frameCopy>
      <frameCopy name="FTDUMPREGION" suffix="SCIDIV" prefix="SUDA_FTLAST"><alias namespace="SUDA" value=""/><description text=""/></frameCopy>
      <frameCopy name="FTDUMPREGION" suffix="NVSCS" prefix="SUDA_FTLAST"><alias namespace="SUDA" value=""/><description text=""/></frameCopy>
      <frameCopy name="FTDUMPREGION" suffix="REG13" prefix="SUDA_FTLAST"><alias namespace="SUDA" value=""/><description text=""/></frameCopy>
      <frameCopy name="FTDUMPREGION" suffix="REG14" prefix="SUDA_FTLAST"><alias namespace="SUDA" value=""/><description text=""/></frameCopy>
      <frameCopy name="FTDUMPREGION" suffix="USERDEF" prefix="SUDA_FTLAST"><alias namespace="SUDA" value=""/><description text=""/></frameCopy>

      <itemDef name="SUDA_FTLISTSCISTART" type="dn16" num="16"><alias namespace="SUDA" value=""/>
        <description text="First 16 blocks for each full Flash region"/> </itemDef>
      <itemDef name="SUDA_FTLISTNVFSW1" type="dn16" num="16"><alias namespace="SUDA" value=""/>
        <description text="First 16 blocks for each full Flash region"/> </itemDef>
      <itemDef name="SUDA_FTLISTNVFSW2" type="dn16" num="16"><alias namespace="SUDA" value=""/>
        <description text="First 16 blocks for each full Flash region"/> </itemDef>
      <itemDef name="SUDA_FTLISTNVFSW3" type="dn16" num="16"><alias namespace="SUDA" value=""/>
        <description text="First 16 blocks for each full Flash region"/> </itemDef>
      <itemDef name="SUDA_FTLISTNVPT" type="dn16" num="16"><alias namespace="SUDA" value=""/>
        <description text="First 16 blocks for each full Flash region"/> </itemDef>
      <itemDef name="SUDA_FTLISTSCICONT" type="dn16" num="16"><alias namespace="SUDA" value=""/>
        <description text="First 16 blocks for each full Flash region"/> </itemDef>
      <itemDef name="SUDA_FTLISTNVPERST" type="dn16" num="16"><alias namespace="SUDA" value=""/>
        <description text="First 16 blocks for each full Flash region"/> </itemDef>
      <itemDef name="SUDA_FTLISTNVFT" type="dn16" num="16"><alias namespace="SUDA" value=""/>
        <description text="First 16 blocks for each full Flash region"/> </itemDef>
      <itemDef name="SUDA_FTLISTNVPMLOG" type="dn16" num="16"><alias namespace="SUDA" value=""/>
        <description text="First 16 blocks for each full Flash region"/> </itemDef>
      <itemDef name="SUDA_FTLISTNVSCIT" type="dn16" num="16"><alias namespace="SUDA" value=""/>
        <description text="First 16 blocks for each full Flash region"/> </itemDef>
      <itemDef name="SUDA_FTLISTSCIRSVD" type="dn16" num="16"><alias namespace="SUDA" value=""/>
        <description text="First 16 blocks for each full Flash region"/> </itemDef>
      <itemDef name="SUDA_FTLISTSCIDIV" type="dn16" num="16"><alias namespace="SUDA" value=""/>
        <description text="First 16 blocks for each full Flash region"/> </itemDef>
      <itemDef name="SUDA_FTLISTNVSCS" type="dn16" num="16"><alias namespace="SUDA" value=""/>
        <description text="First 16 blocks for each full Flash region"/> </itemDef>
      <itemDef name="SUDA_FTLISTREG13" type="dn16" num="16"><alias namespace="SUDA" value=""/>
        <description text="First 16 blocks for each full Flash region"/> </itemDef>
      <itemDef name="SUDA_FTLISTREG14" type="dn16" num="16"><alias namespace="SUDA" value=""/>
        <description text="First 16 blocks for each full Flash region"/> </itemDef>
      <itemDef name="SUDA_FTLISTUSERDEF" type="dn16" num="16"><alias namespace="SUDA" value=""/>
        <description text="First 16 blocks for each full Flash region"/> </itemDef>

      <itemDef name="SUDA_FTLISTEXTRA" type="dn16" num="32"><alias namespace="SUDA" value=""/>
        <description text="Blocks 17-48 for the selected Flash region"/> </itemDef>

      <itemDef name="SUDA_SYNCFTABLEPKT" type="dn16"><alias namespace="SUDA" value="SYNCFTABLEPKT"/>
        <description text="Synchronization marker"/></itemDef>
      <itemDef name="SUDA_CRCFTABLEPKT" type="dn16"><alias namespace="SUDA" value="CRCFTABLEPKT"/>
        <description text="CRC CCITT-16"/></itemDef>
    </field>
  </frameDef>    

  <frameDef name="suda_ftable" id="0x0588"><description text="Flash Table Dump Packet"/>
    <field>
      <frameCopy name="CCSDSPriHeader" suffix="_ftablePkt"/>
      <frameCopy name="CCSDSSecHeader" suffix="_ftablePkt"/>
      <item name="suda_ftable_hk_frame"/>
    </field>
  </frameDef>


  <!-- ====================================== -->
  <!-- Science Packet 0 (APID 0x590)          -->
  <!-- ====================================== -->

  <frameDef name="suda_sci0_hk_frame"><description text="Science pkt contents"/>
    <field>
      <!-- science packet metadata -->
      <itemDef name="SUDA_SCI0AID" type="dn32"><alias namespace="SUDA" value="SCI0AID"/>
        <description text="Accountability Identifier"/> </itemDef>

      <itemDef name="SUDA_SCI0TYPE" type="dn8"><alias namespace="SUDA" value="SCI0TYPE"/>
        <description text="Packet Data Contents"/> </itemDef>
      <itemDef name="SUDA_SCI0INCHAN" type="dn8"><alias namespace="SUDA" value="SCI0INCHAN"/>
        <description text="Channels Included in Downlink"/> </itemDef>
      <itemDef name="SUDA_SCI0SPARE1" type="dn14"><alias namespace="SUDA" value=""/>
        <description text=""/> </itemDef>
      <itemDef name="SUDA_SCI0FRAG" type="enabled1"><alias namespace="SUDA" value="SCI0FRAG"/>
        <description text="Data Fragemented"/> </itemDef>
      <itemDef name="SUDA_SCI0COMP" type="enabled1"><alias namespace="SUDA" value="SCI0COMP"/>
        <description text="Data Compression"/> </itemDef>

      <itemDef name="SUDA_SCI0EVTNUM" type="dn16"><alias namespace="SUDA" value="SCI0EVTNUM"/>
        <description text="Event Time"/> </itemDef>
      <itemDef name="SUDA_SCI0TIME16" type="dn16"><alias namespace="SUDA" value="SCI0TIME16"/>
        <description text="Event Time"/> </itemDef>

      <itemDef name="SUDA_SCI0FRAGOFF" type="dn16"><alias namespace="SUDA" value="SCI0FRAGOFF"/>
        <description text="Fragmentation Offset"/> </itemDef>
      <itemDef name="SUDA_SCI0VER" type="dn16"><alias namespace="SUDA" value="SCI0VER"/>
        <description text="Science Version"/> </itemDef>

      <itemDef name="SUDA_SCI0TIME32" type="dn32"><alias namespace="SUDA" value="SCI0TIME32"/>
        <description text="Event Time"/> </itemDef>

      <itemDef name="SUDA_SCI0SPARE2" type="dn32"><alias namespace="SUDA" value=""/>
        <description text=""/> </itemDef>
      <itemDef name="SUDA_SCI0SPARE3" type="dn32"><alias namespace="SUDA" value=""/>
        <description text=""/> </itemDef>
      <itemDef name="SUDA_SCI0SPARE4" type="dn32"><alias namespace="SUDA" value=""/>
        <description text=""/> </itemDef>
        
      <!-- In reality, the science data is variable length, but this is the maximum -->
      <itemDef name="SUDA_SCI0RAW" type="dn32" num="0x3F0"><alias namespace="SUDA" value="sci0raw"/>
        <description text=""/> </itemDef>

      <itemDef name="SUDA_SYNCSCI0PKT" type="dn16"><alias namespace="SUDA" value="SYNCSCI0PKT"/> 
        <description text="Synchronization marker"/></itemDef>
      <itemDef name="SUDA_CRCSCI0PKT" type="dn16"><alias namespace="SUDA" value="CRCSCI0PKT"/>
        <description text="CRC CCITT-16"/></itemDef>
    </field>
  </frameDef>    

  <frameDef name="suda_sci0" id="0x0590"><description text="Science Event Packet"/>
    <field>
      <frameCopy name="CCSDSPriHeader" suffix="_sci0Pkt"/>
      <frameCopy name="CCSDSSecHeader" suffix="_sci0Pkt"/>
      <item name="suda_sci0_hk_frame"/>
    </field>
  </frameDef>

</hydraDef>



